profile_id,year,month,cycle,has_G,has_E,has_HE
31004_19991001_1200_12,1999,10,12,False,False,True
31004_19991002_1200_12,1999,10,12,False,False,False
31004_19991003_1200_12,1999,10,12,False,False,False
31004_19991004_1200_12,1999,10,12,False,False,False
31004_19991005_1200_12,1999,10,12,True,False,True
31004_19991006_1200_12,1999,10,12,True,False,False
31004_19991007_1200_12,1999,10,12,False,False,True
31004_19991008_1200_12,1999,10,12,True,False,False
31004_19991009_1200_12,1999,10,12,False,False,False
31004_19991010_1200_12,1999,10,12,False,False,False
31004_19991011_1200_12,1999,10,12,False,False,False
31004_19991012_1200_12,1999,10,12,False,False,True
31004_19991013_1200_12,1999,10,12,False,False,True
31004_19991014_1200_12,1999,10,12,False,False,True
31004_19991016_1200_12,1999,10,12,False,False,True
31004_19991017_1200_12,1999,10,12,True,False,True
31004_19991018_1200_12,1999,10,12,False,False,False
31004_19991019_1200_12,1999,10,12,False,False,True
31004_19991020_1200_12,1999,10,12,True,False,False
31004_19991021_1200_12,1999,10,12,False,False,False
31004_19991022_1200_12,1999,10,12,False,False,False
31004_19991113_1200_12,1999,11,12,False,False,True
31004_19991114_1200_12,1999,11,12,False,False,True
31004_19991115_1200_12,1999,11,12,False,False,False
31004_19991116_1200_12,1999,11,12,False,False,True
31004_19991117_1200_12,1999,11,12,False,False,False
31004_19991118_1200_12,1999,11,12,True,False,False
31004_19991119_1200_12,1999,11,12,True,False,False
31004_19991120_1200_12,1999,11,12,True,False,False
31004_19991121_1200_12,1999,11,12,True,False,False
31004_19991122_1200_12,1999,11,12,True,False,False
31004_19991123_1200_12,1999,11,12,False,False,False
31004_19991124_1200_12,1999,11,12,True,False,True
31004_19991125_1200_12,1999,11,12,True,False,False
31004_19991126_1200_12,1999,11,12,False,False,False
31004_19991127_1200_12,1999,11,12,True,False,False
31004_19991128_1200_12,1999,11,12,False,False,True
31004_19991129_1200_12,1999,11,12,False,False,True
31004_19991130_1200_12,1999,11,12,True,False,False
31004_19991201_1200_12,1999,12,12,False,False,True
31004_19991202_1200_12,1999,12,12,False,False,True
31004_19991203_1200_12,1999,12,12,False,False,False
31004_19991204_1200_12,1999,12,12,False,False,False
31004_19991205_1200_12,1999,12,12,False,False,False
31004_19991206_1200_12,1999,12,12,False,False,False
31004_19991207_1200_12,1999,12,12,False,False,False
31004_19991208_1200_12,1999,12,12,False,False,True
31004_19991209_1200_12,1999,12,12,True,False,False
31004_19991210_1200_12,1999,12,12,False,False,True
31004_19991211_1200_12,1999,12,12,False,False,False
31004_19991212_1200_12,1999,12,12,False,False,False
31004_19991224_1200_12,1999,12,12,True,False,True
31004_19991226_1200_12,1999,12,12,True,False,False
31004_19991227_1200_12,1999,12,12,True,False,False
31004_19991228_1200_12,1999,12,12,True,False,False
31004_19991229_1200_12,1999,12,12,False,False,False
31004_19991230_1200_12,1999,12,12,True,False,False
31004_19991231_1200_12,1999,12,12,False,True,False
31004_20000101_1200_12,2000,1,12,False,False,False
31004_20000103_1200_12,2000,1,12,True,False,False
31004_20000104_1200_12,2000,1,12,False,True,False
31004_20000105_1200_12,2000,1,12,False,False,False
31004_20000106_1200_12,2000,1,12,False,True,False
31004_20000108_1200_12,2000,1,12,False,True,False
31004_20000109_1200_12,2000,1,12,False,True,False
31004_20000110_1200_12,2000,1,12,False,False,False
31004_20000111_1200_12,2000,1,12,True,False,True
31004_20000112_1200_12,2000,1,12,False,False,False
31004_20000113_1200_12,2000,1,12,True,False,False
31004_20000114_1200_12,2000,1,12,True,False,False
31004_20000115_1200_12,2000,1,12,True,False,False
31004_20000116_1200_12,2000,1,12,True,False,False
31004_20000117_1200_12,2000,1,12,True,False,False
31004_20000118_1200_12,2000,1,12,True,False,False
31004_20000119_1200_12,2000,1,12,True,False,False
31004_20000120_1200_12,2000,1,12,True,False,False
31004_20000129_1200_12,2000,1,12,False,False,True
31004_20000130_1200_12,2000,1,12,True,False,True
31004_20000131_1200_12,2000,1,12,False,False,True
31004_20000201_1200_12,2000,2,12,True,False,False
31004_20000202_1200_12,2000,2,12,True,False,False
31004_20000203_1200_12,2000,2,12,False,False,False
31004_20000205_1200_12,2000,2,12,False,True,False
31004_20000206_1200_12,2000,2,12,False,False,True
31004_20000207_1200_12,2000,2,12,False,False,True
31004_20000208_1200_12,2000,2,12,True,False,False
31004_20000209_1200_12,2000,2,12,True,False,False
31004_20000210_1200_12,2000,2,12,True,False,False
31004_20000211_1200_12,2000,2,12,False,False,False
31004_20000212_1200_12,2000,2,12,True,False,True
31004_20000213_1200_12,2000,2,12,False,False,True
31004_20000214_1200_12,2000,2,12,False,False,True
31004_20000215_1200_12,2000,2,12,False,False,False
31004_20000216_1200_12,2000,2,12,True,False,True
31004_20000217_1200_12,2000,2,12,False,False,True
31004_20000218_1200_12,2000,2,12,False,False,False
31004_20000219_1200_12,2000,2,12,False,False,True
31004_20000220_1200_12,2000,2,12,False,False,False
31004_20000221_1200_12,2000,2,12,True,False,True
31004_20000222_1200_12,2000,2,12,True,False,True
31004_20000223_1200_12,2000,2,12,False,False,True
31004_20000224_1200_12,2000,2,12,True,False,False
31004_20000225_1200_12,2000,2,12,False,False,False
31004_20000226_1200_12,2000,2,12,True,False,False
31004_20000227_1200_12,2000,2,12,True,False,False
31004_20000228_1200_12,2000,2,12,False,False,False
31004_20000229_1200_12,2000,2,12,True,False,False
31004_20000301_1200_12,2000,3,12,False,False,False
31004_20000302_1200_12,2000,3,12,False,False,False
31004_20000303_1200_12,2000,3,12,True,False,False
31004_20000304_1200_12,2000,3,12,False,False,False
31004_20000305_1200_12,2000,3,12,False,False,False
31004_20000306_1200_12,2000,3,12,True,False,False
31004_20000307_1200_12,2000,3,12,False,False,False
31004_20000308_1200_12,2000,3,12,False,False,False
31004_20000309_1200_12,2000,3,12,False,False,True
31004_20000310_1200_12,2000,3,12,False,False,True
31004_20000311_1200_12,2000,3,12,True,False,True
31004_20000312_1200_12,2000,3,12,True,False,True
31004_20000313_1200_12,2000,3,12,True,False,False
31004_20000314_1200_12,2000,3,12,True,False,True
31004_20000315_1200_12,2000,3,12,False,False,False
31004_20000316_1200_12,2000,3,12,True,False,False
31004_20000317_1200_12,2000,3,12,True,False,False
31004_20000318_1200_12,2000,3,12,True,False,False
31004_20000319_1200_12,2000,3,12,True,False,False
31004_20000320_1200_12,2000,3,12,True,False,False
31004_20000321_1200_12,2000,3,12,False,False,False
31004_20000413_1200_12,2000,4,12,False,False,False
31004_20000414_1200_12,2000,4,12,True,False,False
31004_20000415_1200_12,2000,4,12,False,False,False
31004_20000416_1200_12,2000,4,12,False,False,False
31004_20000417_1200_12,2000,4,12,False,False,False
31004_20000418_1200_12,2000,4,12,False,False,False
31004_20000419_1200_12,2000,4,12,True,False,False
31004_20000420_1200_12,2000,4,12,True,False,False
31004_20000421_1200_12,2000,4,12,False,False,True
31004_20000422_1200_12,2000,4,12,False,False,False
31004_20000423_1200_12,2000,4,12,False,False,True
31004_20000424_1200_12,2000,4,12,True,False,False
31004_20000425_1200_12,2000,4,12,False,False,False
31004_20000426_1200_12,2000,4,12,False,False,False
31004_20000427_1200_12,2000,4,12,False,False,True
31004_20000428_1200_12,2000,4,12,False,False,True
31004_20000429_1200_12,2000,4,12,False,False,True
31004_20000430_1200_12,2000,4,12,False,False,False
31004_20000501_1200_12,2000,5,12,True,False,False
31004_20000502_1200_12,2000,5,12,False,False,False
31004_20000503_1200_12,2000,5,12,False,False,False
31004_20000504_1200_12,2000,5,12,False,False,False
31004_20000505_0000_00,2000,5,00,False,False,True
31004_20000505_1200_12,2000,5,12,False,False,False
31004_20000506_1200_12,2000,5,12,False,False,True
31004_20000507_1200_12,2000,5,12,False,False,False
31004_20000508_1200_12,2000,5,12,False,False,False
31004_20000509_1200_12,2000,5,12,False,False,False
31004_20000510_1200_12,2000,5,12,False,False,False
31004_20000511_1200_12,2000,5,12,False,False,False
31004_20000512_0000_00,2000,5,00,False,False,False
31004_20000512_1200_12,2000,5,12,False,False,False
31004_20000513_1200_12,2000,5,12,False,False,True
31004_20000514_1200_12,2000,5,12,False,False,True
31004_20000515_1200_12,2000,5,12,False,False,True
31004_20000516_1200_12,2000,5,12,False,False,False
31004_20000517_1200_12,2000,5,12,False,False,False
31004_20000518_1200_12,2000,5,12,False,False,False
31004_20000519_0000_00,2000,5,00,False,False,False
31004_20000519_1200_12,2000,5,12,False,False,False
31004_20000520_1200_12,2000,5,12,False,False,False
31004_20000521_0000_00,2000,5,00,False,False,False
31004_20000521_1200_12,2000,5,12,False,True,False
31004_20000522_1200_12,2000,5,12,False,False,False
31004_20000523_1200_12,2000,5,12,False,False,False
31004_20000524_1200_12,2000,5,12,False,False,False
31004_20000525_1200_12,2000,5,12,False,False,True
31004_20000526_1200_12,2000,5,12,False,False,False
31004_20000527_1200_12,2000,5,12,False,False,False
31004_20000528_1200_12,2000,5,12,False,False,False
31004_20000529_1200_12,2000,5,12,False,False,False
31004_20000530_0000_00,2000,5,00,False,False,False
31004_20000530_1200_12,2000,5,12,False,False,False
31004_20000531_0000_00,2000,5,00,False,False,False
31004_20000531_1200_12,2000,5,12,False,False,False
31004_20000601_1200_12,2000,6,12,False,False,False
31004_20000602_1200_12,2000,6,12,False,False,False
31004_20000604_1200_12,2000,6,12,False,False,False
31004_20000605_0000_00,2000,6,00,False,False,False
31004_20000605_1200_12,2000,6,12,False,False,False
31004_20000606_1200_12,2000,6,12,False,False,True
31004_20000607_1200_12,2000,6,12,False,False,False
31004_20000608_1200_12,2000,6,12,True,False,False
31004_20000609_0000_00,2000,6,00,False,False,False
31004_20000609_1200_12,2000,6,12,True,False,False
31004_20000610_1200_12,2000,6,12,False,False,False
31004_20000611_1200_12,2000,6,12,False,False,False
31004_20000612_1200_12,2000,6,12,False,False,True
31004_20000613_1200_12,2000,6,12,False,False,False
31004_20000614_1200_12,2000,6,12,False,False,False
31004_20000615_1200_12,2000,6,12,False,False,False
31004_20000616_0000_00,2000,6,00,False,False,False
31004_20000616_1200_12,2000,6,12,False,False,True
31004_20000617_1200_12,2000,6,12,False,False,False
31004_20000618_1200_12,2000,6,12,False,False,False
31004_20000619_1200_12,2000,6,12,False,False,False
31004_20000620_1200_12,2000,6,12,False,False,True
31004_20000621_1200_12,2000,6,12,False,False,False
31004_20000622_1200_12,2000,6,12,False,False,True
31004_20000623_1200_12,2000,6,12,False,False,True
31004_20000624_1200_12,2000,6,12,False,False,True
31004_20000626_1200_12,2000,6,12,False,False,True
31004_20000627_1200_12,2000,6,12,False,False,False
31004_20000628_1200_12,2000,6,12,False,False,False
31004_20000629_1200_12,2000,6,12,False,False,False
31004_20000630_1200_12,2000,6,12,False,False,False
31004_20000701_1200_12,2000,7,12,False,False,True
31004_20000702_1200_12,2000,7,12,False,False,True
31004_20000703_1200_12,2000,7,12,False,False,False
31004_20000704_1200_12,2000,7,12,False,False,False
31004_20000705_1200_12,2000,7,12,False,False,False
31004_20000706_1200_12,2000,7,12,False,False,False
31004_20000708_1200_12,2000,7,12,True,False,False
31004_20000709_1200_12,2000,7,12,False,False,False
31004_20000710_1200_12,2000,7,12,False,False,True
31004_20000711_1200_12,2000,7,12,False,False,False
31004_20000712_1200_12,2000,7,12,False,False,False
31004_20000713_1200_12,2000,7,12,False,True,False
31004_20000714_1200_12,2000,7,12,False,False,False
31004_20000715_1200_12,2000,7,12,False,False,False
31004_20000716_1200_12,2000,7,12,False,True,False
31004_20000717_1200_12,2000,7,12,False,False,True
31004_20000718_1200_12,2000,7,12,True,False,False
31004_20000719_1200_12,2000,7,12,False,False,False
31004_20000720_1200_12,2000,7,12,True,False,False
31004_20000722_1200_12,2000,7,12,False,False,True
31004_20000723_1200_12,2000,7,12,False,False,True
31004_20000724_1200_12,2000,7,12,False,False,True
31004_20000725_1200_12,2000,7,12,False,False,False
31004_20000726_1200_12,2000,7,12,False,False,False
31004_20000727_1200_12,2000,7,12,False,False,False
31004_20000728_1200_12,2000,7,12,False,False,False
31004_20000729_1200_12,2000,7,12,False,False,False
31004_20000730_1200_12,2000,7,12,False,False,False
31004_20000801_1200_12,2000,8,12,False,False,False
31004_20000802_1200_12,2000,8,12,False,True,False
31004_20000803_1200_12,2000,8,12,False,False,False
31004_20000804_1200_12,2000,8,12,False,False,False
31004_20000805_1200_12,2000,8,12,False,False,False
31004_20000806_1200_12,2000,8,12,False,False,False
31004_20000807_1200_12,2000,8,12,False,False,False
31004_20000808_1200_12,2000,8,12,False,False,False
31004_20000809_1200_12,2000,8,12,False,False,False
31004_20000810_1200_12,2000,8,12,False,False,False
31004_20000811_1200_12,2000,8,12,False,False,False
31004_20000812_1200_12,2000,8,12,False,False,False
31004_20000813_1200_12,2000,8,12,False,False,True
31004_20000815_1200_12,2000,8,12,False,False,True
31004_20000816_1200_12,2000,8,12,False,False,False
31004_20000817_1200_12,2000,8,12,True,False,True
31004_20000819_1200_12,2000,8,12,False,False,True
31004_20000820_1200_12,2000,8,12,False,True,False
31004_20000821_1200_12,2000,8,12,False,False,True
31004_20000822_1200_12,2000,8,12,True,False,False
31004_20000823_1200_12,2000,8,12,False,False,False
31004_20000824_1200_12,2000,8,12,True,False,False
31004_20000825_1200_12,2000,8,12,False,False,True
31004_20000826_1200_12,2000,8,12,False,False,False
31004_20000827_1200_12,2000,8,12,False,False,False
31004_20000830_1200_12,2000,8,12,False,False,False
31004_20000831_1200_12,2000,8,12,True,False,False
31004_20000902_1200_12,2000,9,12,False,False,False
31004_20000903_1200_12,2000,9,12,False,False,False
31004_20000905_1200_12,2000,9,12,False,False,False
31004_20000906_1200_12,2000,9,12,False,False,False
31004_20000907_1200_12,2000,9,12,False,False,False
31004_20000908_1200_12,2000,9,12,False,False,False
31004_20000909_1200_12,2000,9,12,True,False,False
31004_20000910_1200_12,2000,9,12,True,False,False
31004_20000911_1200_12,2000,9,12,False,True,False
31004_20000912_1200_12,2000,9,12,False,False,False
31004_20000913_1200_12,2000,9,12,False,False,False
31004_20000914_1200_12,2000,9,12,True,False,False
31004_20000915_1200_12,2000,9,12,False,False,False
31004_20000916_1200_12,2000,9,12,False,False,True
31004_20000917_1200_12,2000,9,12,True,False,True
31004_20000918_1200_12,2000,9,12,False,False,False
31004_20000919_1200_12,2000,9,12,False,False,False
31004_20000920_1200_12,2000,9,12,False,False,True
31004_20000921_1200_12,2000,9,12,True,False,False
31004_20000922_1200_12,2000,9,12,True,False,True
31004_20000923_1200_12,2000,9,12,False,False,True
31004_20000924_1200_12,2000,9,12,False,False,False
31004_20000925_1200_12,2000,9,12,False,False,False
31004_20000926_1200_12,2000,9,12,True,False,False
31004_20000927_1200_12,2000,9,12,False,False,False
31004_20000928_1200_12,2000,9,12,True,False,False
31004_20000929_1200_12,2000,9,12,False,False,False
31004_20000930_1200_12,2000,9,12,True,False,False
31004_20001001_1200_12,2000,10,12,False,False,False
31004_20001002_1200_12,2000,10,12,True,False,True
31004_20001003_1200_12,2000,10,12,True,False,False
31004_20001004_1200_12,2000,10,12,True,False,False
31004_20001005_1200_12,2000,10,12,False,False,False
31004_20001006_1200_12,2000,10,12,False,False,False
31004_20001007_1200_12,2000,10,12,False,False,True
31004_20001008_1200_12,2000,10,12,False,False,False
31004_20001009_1200_12,2000,10,12,False,False,True
31004_20001010_1200_12,2000,10,12,False,False,True
31004_20001011_1200_12,2000,10,12,False,False,False
31004_20001012_1200_12,2000,10,12,False,False,False
31004_20001013_1200_12,2000,10,12,False,False,False
31004_20001014_1200_12,2000,10,12,False,True,False
31004_20001015_1200_12,2000,10,12,False,False,False
31004_20001016_1200_12,2000,10,12,False,False,False
31004_20001017_1200_12,2000,10,12,True,False,False
31004_20001018_1200_12,2000,10,12,False,False,False
31004_20001019_1200_12,2000,10,12,False,False,False
31004_20001020_1200_12,2000,10,12,False,False,False
31004_20001021_1200_12,2000,10,12,True,False,False
31004_20001022_1200_12,2000,10,12,False,False,True
31004_20001023_1200_12,2000,10,12,True,False,False
31004_20001024_1200_12,2000,10,12,False,False,True
31004_20001025_1200_12,2000,10,12,False,False,True
31004_20001026_1200_12,2000,10,12,False,False,True
31004_20001027_1200_12,2000,10,12,False,False,False
31004_20001028_1200_12,2000,10,12,False,False,False
31004_20001029_1200_12,2000,10,12,False,False,True
31004_20001030_1200_12,2000,10,12,False,False,True
31004_20001031_1200_12,2000,10,12,True,False,False
31004_20001101_1200_12,2000,11,12,True,False,False
31004_20001102_1200_12,2000,11,12,True,False,False
31004_20001103_1200_12,2000,11,12,False,False,True
31004_20001104_1200_12,2000,11,12,False,False,True
31004_20001105_1200_12,2000,11,12,False,False,False
31004_20001106_1200_12,2000,11,12,False,False,True
31004_20001107_1200_12,2000,11,12,False,False,True
31004_20001108_1200_12,2000,11,12,False,False,True
31004_20001109_1200_12,2000,11,12,False,False,True
31004_20001110_1200_12,2000,11,12,False,False,True
31004_20001111_1200_12,2000,11,12,False,False,False
31004_20001112_1200_12,2000,11,12,False,True,False
31004_20001113_1200_12,2000,11,12,False,False,False
31004_20001114_1200_12,2000,11,12,False,False,True
31004_20001115_1200_12,2000,11,12,False,False,False
31004_20001116_1200_12,2000,11,12,False,False,True
31004_20001117_1200_12,2000,11,12,False,False,False
31004_20001118_1200_12,2000,11,12,False,False,True
31004_20001119_1200_12,2000,11,12,False,False,True
31004_20001120_1200_12,2000,11,12,False,False,True
31004_20001121_1200_12,2000,11,12,False,False,True
31004_20001122_1200_12,2000,11,12,False,False,True
31004_20001123_1200_12,2000,11,12,False,False,True
31004_20001124_1200_12,2000,11,12,False,False,False
31004_20001125_1200_12,2000,11,12,False,False,False
31004_20001126_1200_12,2000,11,12,False,False,True
31004_20001127_1200_12,2000,11,12,False,False,False
31004_20001128_1200_12,2000,11,12,True,False,False
31004_20001129_1200_12,2000,11,12,False,True,False
31004_20001130_1200_12,2000,11,12,True,False,True
31004_20001201_1200_12,2000,12,12,False,False,True
31004_20001202_1200_12,2000,12,12,True,False,True
31004_20001203_1200_12,2000,12,12,False,False,True
31004_20001204_1200_12,2000,12,12,False,False,False
31004_20001205_1200_12,2000,12,12,False,False,True
31004_20001206_1200_12,2000,12,12,False,False,True
31004_20001207_1200_12,2000,12,12,False,False,False
31004_20001208_1200_12,2000,12,12,False,False,False
31004_20001209_1200_12,2000,12,12,False,False,True
31004_20001210_1200_12,2000,12,12,False,False,True
31004_20001211_1200_12,2000,12,12,False,False,True
31004_20001212_1200_12,2000,12,12,False,False,False
31004_20001213_1200_12,2000,12,12,False,False,False
31004_20001214_1200_12,2000,12,12,False,False,False
31004_20001215_1200_12,2000,12,12,False,True,False
31004_20001216_1200_12,2000,12,12,False,False,False
31004_20001217_1200_12,2000,12,12,False,False,True
31004_20001219_1200_12,2000,12,12,False,False,False
31004_20001220_1200_12,2000,12,12,True,False,False
31004_20001221_1200_12,2000,12,12,True,False,True
31004_20001222_1200_12,2000,12,12,False,False,False
31004_20001223_1200_12,2000,12,12,False,False,True
31004_20001224_1200_12,2000,12,12,False,False,True
31004_20001225_1200_12,2000,12,12,False,False,False
31004_20001226_1200_12,2000,12,12,False,False,False
31004_20001227_1200_12,2000,12,12,False,True,False
31004_20001228_1200_12,2000,12,12,True,False,False
31004_20001229_1200_12,2000,12,12,False,False,False
31004_20001230_1200_12,2000,12,12,False,False,True
31004_20001231_1200_12,2000,12,12,False,False,False
31004_20010101_1200_12,2001,1,12,False,False,False
31004_20010102_1200_12,2001,1,12,True,False,False
31004_20010103_1200_12,2001,1,12,False,False,True
31004_20010104_1200_12,2001,1,12,False,True,False
31004_20010106_1200_12,2001,1,12,True,False,False
31004_20010107_1200_12,2001,1,12,False,False,False
31004_20010108_1200_12,2001,1,12,False,False,True
31004_20010109_1200_12,2001,1,12,False,False,True
31004_20010110_1200_12,2001,1,12,False,False,False
31004_20010111_1200_12,2001,1,12,False,False,True
31004_20010112_1200_12,2001,1,12,False,False,True
31004_20010113_1200_12,2001,1,12,False,False,True
31004_20010114_1200_12,2001,1,12,False,False,True
31004_20010115_1200_12,2001,1,12,False,False,True
31004_20010116_1200_12,2001,1,12,False,False,False
31004_20010117_1200_12,2001,1,12,False,True,False
31004_20010118_1200_12,2001,1,12,False,False,False
31004_20010119_1200_12,2001,1,12,False,False,False
31004_20010120_1200_12,2001,1,12,False,False,False
31004_20010121_1200_12,2001,1,12,False,False,False
31004_20010122_1200_12,2001,1,12,False,True,False
31004_20010123_1200_12,2001,1,12,True,False,False
31004_20010124_1200_12,2001,1,12,False,False,False
31004_20010125_1200_12,2001,1,12,True,False,False
31004_20010126_1200_12,2001,1,12,False,True,False
31004_20010127_1200_12,2001,1,12,False,False,False
31004_20010128_1200_12,2001,1,12,False,False,False
31004_20010129_1200_12,2001,1,12,True,False,False
31004_20010130_1200_12,2001,1,12,True,False,False
31004_20010131_1200_12,2001,1,12,False,True,False
31004_20010201_1200_12,2001,2,12,False,False,True
31004_20010202_1200_12,2001,2,12,False,False,True
31004_20010203_1200_12,2001,2,12,False,False,True
31004_20010204_1200_12,2001,2,12,False,False,True
31004_20010205_1200_12,2001,2,12,True,False,False
31004_20010206_1200_12,2001,2,12,True,False,True
31004_20010207_1200_12,2001,2,12,True,False,True
31004_20010208_1200_12,2001,2,12,True,False,False
31004_20010209_1200_12,2001,2,12,False,False,True
31004_20010210_1200_12,2001,2,12,False,False,True
31004_20010211_1200_12,2001,2,12,True,False,False
31004_20010213_1200_12,2001,2,12,False,False,True
31004_20010214_1200_12,2001,2,12,False,False,True
31004_20010215_1200_12,2001,2,12,True,False,False
31004_20010216_1200_12,2001,2,12,True,False,False
31004_20010217_1200_12,2001,2,12,False,True,False
31004_20010218_1200_12,2001,2,12,False,False,False
31004_20010219_1200_12,2001,2,12,True,False,False
31004_20010220_1200_12,2001,2,12,False,False,False
31004_20010221_1200_12,2001,2,12,False,False,False
31004_20010222_1200_12,2001,2,12,False,False,True
31004_20010223_1200_12,2001,2,12,True,False,True
31004_20010224_1200_12,2001,2,12,True,False,True
31004_20010225_1200_12,2001,2,12,False,True,False
31004_20010226_1200_12,2001,2,12,False,True,False
31004_20010227_1200_12,2001,2,12,False,False,True
31004_20010228_1200_12,2001,2,12,True,False,False
31004_20010301_1200_12,2001,3,12,True,False,False
31004_20010302_1200_12,2001,3,12,False,False,True
31004_20010303_1200_12,2001,3,12,False,False,True
31004_20010304_1200_12,2001,3,12,False,False,True
31004_20010305_1200_12,2001,3,12,False,False,False
31004_20010306_1200_12,2001,3,12,False,False,True
31004_20010307_1200_12,2001,3,12,False,False,True
31004_20010308_1200_12,2001,3,12,True,False,True
31004_20010309_1200_12,2001,3,12,False,False,False
31004_20010310_1200_12,2001,3,12,True,False,True
31004_20010311_1200_12,2001,3,12,False,False,False
31004_20010312_1200_12,2001,3,12,False,False,False
31004_20010313_1200_12,2001,3,12,True,False,False
31004_20010314_1200_12,2001,3,12,True,False,False
31004_20010315_1200_12,2001,3,12,True,False,False
31004_20010316_1200_12,2001,3,12,True,False,False
31004_20010318_1200_12,2001,3,12,True,False,False
31004_20010319_1200_12,2001,3,12,False,False,False
31004_20010321_1200_12,2001,3,12,False,False,True
31004_20010322_1200_12,2001,3,12,False,False,False
31004_20010324_1200_12,2001,3,12,False,False,True
31004_20010325_1200_12,2001,3,12,False,False,True
31004_20010326_1200_12,2001,3,12,False,False,False
31004_20010329_1200_12,2001,3,12,True,False,False
31004_20010330_1200_12,2001,3,12,True,False,False
31004_20010331_1200_12,2001,3,12,False,False,False
31004_20010401_1200_12,2001,4,12,False,False,True
31004_20010402_1200_12,2001,4,12,False,False,True
31004_20010403_1200_12,2001,4,12,False,False,False
31004_20010404_1200_12,2001,4,12,False,False,False
31004_20010411_1200_12,2001,4,12,True,False,False
31004_20010412_1200_12,2001,4,12,False,False,True
31004_20010413_1200_12,2001,4,12,False,False,False
31004_20010414_1200_12,2001,4,12,False,False,False
31004_20010415_1200_12,2001,4,12,False,False,True
31004_20010416_1200_12,2001,4,12,False,False,False
31004_20010417_1200_12,2001,4,12,False,False,False
31004_20010418_1200_12,2001,4,12,False,True,False
31004_20010419_1200_12,2001,4,12,False,False,False
31004_20010420_1200_12,2001,4,12,False,False,False
31004_20010421_1200_12,2001,4,12,False,False,False
31004_20010422_1200_12,2001,4,12,False,False,True
31004_20010423_1200_12,2001,4,12,False,False,False
31004_20010424_1200_12,2001,4,12,False,True,False
31004_20010425_1200_12,2001,4,12,True,False,False
31004_20010426_0000_00,2001,4,00,False,False,False
31004_20010426_1200_12,2001,4,12,False,False,True
31004_20010427_0000_00,2001,4,00,False,False,False
31004_20010427_1200_12,2001,4,12,False,False,True
31004_20010428_0000_00,2001,4,00,False,False,True
31004_20010428_1200_12,2001,4,12,False,False,True
31004_20010429_0000_00,2001,4,00,False,False,False
31004_20010429_1200_12,2001,4,12,False,False,False
31004_20010430_0000_00,2001,4,00,False,False,False
31004_20010430_1200_12,2001,4,12,False,False,False
31004_20010501_0000_00,2001,5,00,False,False,False
31004_20010501_1200_12,2001,5,12,False,False,False
31004_20010502_0000_00,2001,5,00,False,False,False
31004_20010502_1200_12,2001,5,12,False,False,False
31004_20010503_0000_00,2001,5,00,False,False,False
31004_20010503_1200_12,2001,5,12,False,False,False
31004_20010504_0000_00,2001,5,00,False,False,True
31004_20010504_1200_12,2001,5,12,False,False,True
31004_20010505_0000_00,2001,5,00,False,False,False
31004_20010505_1200_12,2001,5,12,True,False,False
31004_20010506_0000_00,2001,5,00,False,False,False
31004_20010506_1200_12,2001,5,12,True,False,False
31004_20010507_0000_00,2001,5,00,False,True,False
31004_20010507_1200_12,2001,5,12,False,True,False
31004_20010508_0000_00,2001,5,00,False,False,False
31004_20010508_1200_12,2001,5,12,False,False,True
31004_20010509_0000_00,2001,5,00,False,False,False
31004_20010509_1200_12,2001,5,12,False,False,False
31004_20010510_0000_00,2001,5,00,False,False,True
31004_20010510_1200_12,2001,5,12,False,False,False
31004_20010511_0000_00,2001,5,00,False,False,False
31004_20010511_1200_12,2001,5,12,False,False,False
31004_20010512_0000_00,2001,5,00,False,False,False
31004_20010512_1200_12,2001,5,12,False,False,False
31004_20010513_0000_00,2001,5,00,False,False,False
31004_20010513_1200_12,2001,5,12,True,False,True
31004_20010514_1200_12,2001,5,12,False,False,True
31004_20010515_0000_00,2001,5,00,True,False,False
31004_20010515_1200_12,2001,5,12,False,False,False
31004_20010516_0000_00,2001,5,00,False,False,False
31004_20010516_1200_12,2001,5,12,False,False,False
31004_20010517_0000_00,2001,5,00,False,False,False
31004_20010517_1200_12,2001,5,12,False,False,False
31004_20010518_0000_00,2001,5,00,False,False,True
31004_20010518_1200_12,2001,5,12,False,False,False
31004_20010519_0000_00,2001,5,00,False,False,False
31004_20010519_1200_12,2001,5,12,True,False,False
31004_20010520_0000_00,2001,5,00,False,False,False
31004_20010520_1200_12,2001,5,12,False,False,True
31004_20010521_0000_00,2001,5,00,False,False,False
31004_20010521_1200_12,2001,5,12,False,False,False
31004_20010522_0000_00,2001,5,00,False,False,False
31004_20010522_1200_12,2001,5,12,False,False,False
31004_20010523_0000_00,2001,5,00,False,False,True
31004_20010523_1200_12,2001,5,12,False,False,False
31004_20010524_0000_00,2001,5,00,False,False,False
31004_20010524_1200_12,2001,5,12,False,False,False
31004_20010525_0000_00,2001,5,00,False,False,False
31004_20010525_1200_12,2001,5,12,False,False,False
31004_20010526_0000_00,2001,5,00,False,False,False
31004_20010526_1200_12,2001,5,12,False,False,False
31004_20010527_0000_00,2001,5,00,False,False,False
31004_20010527_1200_12,2001,5,12,False,False,False
31004_20010528_0000_00,2001,5,00,False,False,True
31004_20010528_1200_12,2001,5,12,False,False,True
31004_20010529_0000_00,2001,5,00,False,False,True
31004_20010529_1200_12,2001,5,12,False,False,False
31004_20010530_0000_00,2001,5,00,False,False,True
31004_20010530_1200_12,2001,5,12,False,False,False
31004_20010531_0000_00,2001,5,00,False,False,True
31004_20010531_1200_12,2001,5,12,True,False,False
31004_20010601_0000_00,2001,6,00,False,False,True
31004_20010601_1200_12,2001,6,12,False,False,False
31004_20010602_0000_00,2001,6,00,False,False,False
31004_20010602_1200_12,2001,6,12,False,False,False
31004_20010603_0000_00,2001,6,00,False,False,False
31004_20010603_1200_12,2001,6,12,False,False,False
31004_20010604_0000_00,2001,6,00,False,False,False
31004_20010604_1200_12,2001,6,12,False,False,True
31004_20010605_0000_00,2001,6,00,False,False,False
31004_20010605_1200_12,2001,6,12,False,False,False
31004_20010606_0000_00,2001,6,00,False,False,False
31004_20010606_1200_12,2001,6,12,False,False,False
31004_20010607_0000_00,2001,6,00,False,False,False
31004_20010607_1200_12,2001,6,12,False,False,False
31004_20010608_0000_00,2001,6,00,False,False,False
31004_20010608_1200_12,2001,6,12,False,False,True
31004_20010609_0000_00,2001,6,00,False,False,False
31004_20010609_1200_12,2001,6,12,False,False,True
31004_20010610_0000_00,2001,6,00,False,False,False
31004_20010610_1200_12,2001,6,12,False,False,False
31004_20010611_0000_00,2001,6,00,True,False,True
31004_20010611_1200_12,2001,6,12,True,False,False
31004_20010612_0000_00,2001,6,00,False,True,False
31004_20010612_1200_12,2001,6,12,False,False,False
31004_20010613_0000_00,2001,6,00,False,False,False
31004_20010613_1200_12,2001,6,12,False,True,False
31004_20010614_0000_00,2001,6,00,True,False,False
31004_20010614_1200_12,2001,6,12,False,False,False
31004_20010615_0000_00,2001,6,00,False,False,True
31004_20010615_1200_12,2001,6,12,False,False,False
31004_20010616_0000_00,2001,6,00,False,False,False
31004_20010616_1200_12,2001,6,12,False,False,False
31004_20010617_0000_00,2001,6,00,False,False,True
31004_20010617_1200_12,2001,6,12,False,False,False
31004_20010618_0000_00,2001,6,00,False,False,False
31004_20010618_1200_12,2001,6,12,False,False,False
31004_20010619_0000_00,2001,6,00,False,False,False
31004_20010620_0000_00,2001,6,00,True,False,False
31004_20010620_1200_12,2001,6,12,False,False,True
31004_20010621_0000_00,2001,6,00,True,False,False
31004_20010621_1200_12,2001,6,12,False,False,False
31004_20010622_0000_00,2001,6,00,False,False,False
31004_20010622_1200_12,2001,6,12,False,False,False
31004_20010623_0000_00,2001,6,00,False,False,False
31004_20010623_1200_12,2001,6,12,True,False,False
31004_20010624_0000_00,2001,6,00,False,False,False
31004_20010624_1200_12,2001,6,12,False,False,False
31004_20010625_0000_00,2001,6,00,False,False,False
31004_20010625_1200_12,2001,6,12,False,False,False
31004_20010626_0000_00,2001,6,00,False,False,False
31004_20010626_1200_12,2001,6,12,False,False,False
31004_20010627_0000_00,2001,6,00,False,False,True
31004_20010627_1200_12,2001,6,12,False,False,False
31004_20010628_0000_00,2001,6,00,False,False,False
31004_20010628_1200_12,2001,6,12,False,False,False
31004_20010629_1200_12,2001,6,12,False,False,False
31004_20010630_0000_00,2001,6,00,False,False,False
31004_20010630_1200_12,2001,6,12,True,False,True
31004_20010701_0000_00,2001,7,00,False,False,False
31004_20010701_1200_12,2001,7,12,False,False,False
31004_20010702_0000_00,2001,7,00,False,False,False
31004_20010702_1200_12,2001,7,12,False,False,False
31004_20010703_0000_00,2001,7,00,False,False,False
31004_20010703_1200_12,2001,7,12,False,False,False
31004_20010704_0000_00,2001,7,00,False,False,False
31004_20010704_1200_12,2001,7,12,False,False,False
31004_20010705_0000_00,2001,7,00,False,False,False
31004_20010705_1200_12,2001,7,12,False,False,False
31004_20010706_0000_00,2001,7,00,False,False,True
31004_20010706_1200_12,2001,7,12,False,False,False
31004_20010707_0000_00,2001,7,00,True,False,False
31004_20010707_1200_12,2001,7,12,False,False,False
31004_20010708_0000_00,2001,7,00,False,False,True
31004_20010708_1200_12,2001,7,12,False,False,True
31004_20010709_0000_00,2001,7,00,False,False,False
31004_20010709_1200_12,2001,7,12,True,False,True
31004_20010710_0000_00,2001,7,00,False,True,False
31004_20010710_1200_12,2001,7,12,False,False,True
31004_20010711_0000_00,2001,7,00,False,False,False
31004_20010711_1200_12,2001,7,12,True,False,False
31004_20010712_0000_00,2001,7,00,True,False,False
31004_20010712_1200_12,2001,7,12,False,False,False
31004_20010713_0000_00,2001,7,00,False,False,False
31004_20010713_1200_12,2001,7,12,False,False,True
31004_20010714_0000_00,2001,7,00,False,False,False
31004_20010714_1200_12,2001,7,12,False,False,True
31004_20010715_0000_00,2001,7,00,False,False,True
31004_20010715_1200_12,2001,7,12,True,False,False
31004_20010716_0000_00,2001,7,00,False,False,False
31004_20010716_1200_12,2001,7,12,True,False,False
31004_20010717_0000_00,2001,7,00,False,False,False
31004_20010717_1200_12,2001,7,12,True,False,False
31004_20010718_0000_00,2001,7,00,False,False,False
31004_20010718_1200_12,2001,7,12,False,False,False
31004_20010719_0000_00,2001,7,00,False,False,False
31004_20010719_1200_12,2001,7,12,False,False,False
31004_20010720_0000_00,2001,7,00,False,False,False
31004_20010721_0000_00,2001,7,00,False,False,False
31004_20010721_1200_12,2001,7,12,False,False,False
31004_20010722_0000_00,2001,7,00,False,False,False
31004_20010722_1200_12,2001,7,12,True,False,False
31004_20010723_1200_12,2001,7,12,False,False,False
31004_20010724_0000_00,2001,7,00,False,False,True
31004_20010724_1200_12,2001,7,12,False,False,False
31004_20010725_0000_00,2001,7,00,False,False,False
31004_20010725_1200_12,2001,7,12,False,False,False
31004_20010726_0000_00,2001,7,00,False,False,False
31004_20010726_1200_12,2001,7,12,False,False,False
31004_20010727_0000_00,2001,7,00,False,False,False
31004_20010727_1200_12,2001,7,12,False,False,False
31004_20010728_0000_00,2001,7,00,False,False,False
31004_20010729_0000_00,2001,7,00,False,False,False
31004_20010729_1200_12,2001,7,12,True,False,False
31004_20010730_0000_00,2001,7,00,False,True,False
31004_20010730_1200_12,2001,7,12,True,False,False
31004_20010731_0000_00,2001,7,00,False,False,False
31004_20010731_1200_12,2001,7,12,False,True,False
31004_20010801_0000_00,2001,8,00,False,False,False
31004_20010806_1200_12,2001,8,12,False,False,True
31004_20010807_0000_00,2001,8,00,False,False,False
31004_20010807_1200_12,2001,8,12,False,False,True
31004_20010808_0000_00,2001,8,00,False,False,False
31004_20010808_1200_12,2001,8,12,True,False,False
31004_20010809_0000_00,2001,8,00,False,False,True
31004_20010809_1200_12,2001,8,12,False,False,False
31004_20010810_0000_00,2001,8,00,False,False,False
31004_20010810_1200_12,2001,8,12,True,False,False
31004_20010811_1200_12,2001,8,12,False,False,False
31004_20010812_0000_00,2001,8,00,False,False,False
31004_20010813_0000_00,2001,8,00,False,False,False
31004_20010813_1200_12,2001,8,12,False,False,False
31004_20010814_0000_00,2001,8,00,False,False,False
31004_20010814_1200_12,2001,8,12,True,False,True
31004_20010815_0000_00,2001,8,00,False,False,True
31004_20010815_1200_12,2001,8,12,True,False,False
31004_20010816_0000_00,2001,8,00,False,False,True
31004_20010816_1200_12,2001,8,12,False,False,False
31004_20010817_1200_12,2001,8,12,False,False,True
31004_20010818_0000_00,2001,8,00,False,False,True
31004_20010818_1200_12,2001,8,12,False,False,False
31004_20010820_1200_12,2001,8,12,False,False,True
31004_20010821_1200_12,2001,8,12,True,False,False
31004_20010822_0000_00,2001,8,00,False,False,True
31004_20010822_1200_12,2001,8,12,True,False,True
31004_20010823_0000_00,2001,8,00,False,False,True
31004_20010823_1200_12,2001,8,12,True,False,False
31004_20010824_0000_00,2001,8,00,False,False,False
31004_20010824_1200_12,2001,8,12,False,False,False
31004_20010825_0000_00,2001,8,00,False,False,True
31004_20010825_1200_12,2001,8,12,False,False,False
31004_20010826_0000_00,2001,8,00,False,False,True
31004_20010826_1200_12,2001,8,12,False,False,False
31004_20010827_0000_00,2001,8,00,False,False,False
31004_20010827_1200_12,2001,8,12,False,False,False
31004_20010828_0000_00,2001,8,00,False,False,True
31004_20010828_1200_12,2001,8,12,False,False,False
31004_20010829_0000_00,2001,8,00,False,False,False
31004_20010829_1200_12,2001,8,12,False,False,True
31004_20010830_0000_00,2001,8,00,False,False,False
31004_20010830_1200_12,2001,8,12,True,False,True
31004_20010831_0000_00,2001,8,00,False,False,False
31004_20010831_1200_12,2001,8,12,False,True,False
31004_20010901_0000_00,2001,9,00,False,False,True
31004_20010901_1200_12,2001,9,12,True,False,False
31004_20010902_0000_00,2001,9,00,False,False,True
31004_20010902_1200_12,2001,9,12,True,False,False
31004_20010903_0000_00,2001,9,00,False,False,False
31004_20010903_1200_12,2001,9,12,False,False,False
31004_20010904_0000_00,2001,9,00,False,False,True
31004_20010904_1200_12,2001,9,12,True,False,True
31004_20010905_0000_00,2001,9,00,False,False,False
31004_20010905_1200_12,2001,9,12,False,False,True
31004_20010906_0000_00,2001,9,00,False,False,False
31004_20010906_1200_12,2001,9,12,True,False,False
31004_20010907_0000_00,2001,9,00,False,False,False
31004_20010907_1200_12,2001,9,12,True,False,False
31004_20010908_0000_00,2001,9,00,False,False,False
31004_20010908_1200_12,2001,9,12,True,False,False
31004_20010909_0000_00,2001,9,00,False,False,False
31004_20010909_1200_12,2001,9,12,False,False,False
31004_20010910_0000_00,2001,9,00,False,False,False
31004_20010910_1200_12,2001,9,12,False,False,True
31004_20010911_0000_00,2001,9,00,False,False,False
31004_20010911_1200_12,2001,9,12,False,True,False
31004_20010912_0000_00,2001,9,00,False,False,True
31004_20010912_1200_12,2001,9,12,False,False,True
31004_20010913_0000_00,2001,9,00,False,False,False
31004_20010913_1200_12,2001,9,12,False,False,False
31004_20010914_0000_00,2001,9,00,False,False,False
31004_20010914_1200_12,2001,9,12,False,False,False
31004_20010915_0000_00,2001,9,00,False,False,False
31004_20010915_1200_12,2001,9,12,False,False,False
31004_20010916_0000_00,2001,9,00,False,False,True
31004_20010916_1200_12,2001,9,12,False,False,False
31004_20010917_0000_00,2001,9,00,False,False,False
31004_20010917_1200_12,2001,9,12,False,False,False
31004_20010918_0000_00,2001,9,00,False,False,False
31004_20010918_1200_12,2001,9,12,False,False,False
31004_20010919_0000_00,2001,9,00,False,False,False
31004_20010919_1200_12,2001,9,12,False,False,True
31004_20010920_1200_12,2001,9,12,False,False,True
31004_20010921_0000_00,2001,9,00,False,False,False
31004_20010921_1200_12,2001,9,12,False,False,False
31004_20010922_0000_00,2001,9,00,False,False,False
31004_20010922_1200_12,2001,9,12,False,False,False
31004_20010923_0000_00,2001,9,00,False,False,False
31004_20010923_1200_12,2001,9,12,True,False,False
31004_20010924_0000_00,2001,9,00,False,False,False
31004_20010924_1200_12,2001,9,12,False,False,False
31004_20010925_0000_00,2001,9,00,False,False,False
31004_20010925_1200_12,2001,9,12,False,False,False
31004_20010926_0000_00,2001,9,00,False,False,False
31004_20010926_1200_12,2001,9,12,False,False,False
31004_20010927_0000_00,2001,9,00,False,False,False
31004_20010927_1200_12,2001,9,12,False,False,True
31004_20010928_0000_00,2001,9,00,True,False,True
31004_20010928_1200_12,2001,9,12,True,False,False
31004_20010929_0000_00,2001,9,00,False,False,False
31004_20010930_1200_12,2001,9,12,False,False,False
31004_20011001_0000_00,2001,10,00,False,False,False
31004_20011001_1200_12,2001,10,12,False,False,True
31004_20011002_0000_00,2001,10,00,False,False,False
31004_20011002_1200_12,2001,10,12,False,False,False
31004_20011003_0000_00,2001,10,00,False,False,False
31004_20011003_1200_12,2001,10,12,False,False,False
31004_20011004_0000_00,2001,10,00,False,False,False
31004_20011004_1200_12,2001,10,12,False,False,True
31004_20011005_0000_00,2001,10,00,False,False,False
31004_20011005_1200_12,2001,10,12,True,False,True
31004_20011006_0000_00,2001,10,00,True,False,False
31004_20011006_1200_12,2001,10,12,True,False,True
31004_20011007_0000_00,2001,10,00,False,False,False
31004_20011007_1200_12,2001,10,12,True,False,False
31004_20011008_0000_00,2001,10,00,False,False,False
31004_20011008_1200_12,2001,10,12,True,False,False
31004_20011009_0000_00,2001,10,00,False,False,True
31004_20011009_1200_12,2001,10,12,False,False,False
31004_20011010_0000_00,2001,10,00,False,False,False
31004_20011010_1200_12,2001,10,12,False,False,False
31004_20011011_0000_00,2001,10,00,False,False,False
31004_20011011_1200_12,2001,10,12,False,False,False
31004_20011012_0000_00,2001,10,00,False,False,False
31004_20011012_1200_12,2001,10,12,False,False,False
31004_20011013_0000_00,2001,10,00,False,False,False
31004_20011013_1200_12,2001,10,12,False,False,True
31004_20011014_0000_00,2001,10,00,False,False,True
31004_20011014_1200_12,2001,10,12,False,True,False
31004_20011015_0000_00,2001,10,00,False,False,False
31004_20011015_1200_12,2001,10,12,False,False,False
31004_20011016_0000_00,2001,10,00,False,False,False
31004_20011016_1200_12,2001,10,12,True,False,False
31004_20011017_0000_00,2001,10,00,False,False,False
31004_20011017_1200_12,2001,10,12,True,False,False
31004_20011018_0000_00,2001,10,00,False,False,False
31004_20011018_1200_12,2001,10,12,False,False,False
31004_20011019_0000_00,2001,10,00,True,False,True
31004_20011019_1200_12,2001,10,12,False,False,False
31004_20011020_0000_00,2001,10,00,False,False,False
31004_20011020_1200_12,2001,10,12,False,False,True
31004_20011021_0000_00,2001,10,00,False,False,False
31004_20011021_1200_12,2001,10,12,False,False,False
31004_20011022_0000_00,2001,10,00,False,False,False
31004_20011022_1200_12,2001,10,12,False,False,False
31004_20011023_0000_00,2001,10,00,False,False,True
31004_20011023_1200_12,2001,10,12,True,False,False
31004_20011024_0000_00,2001,10,00,False,False,True
31004_20011024_1200_12,2001,10,12,False,False,True
31004_20011025_0000_00,2001,10,00,False,False,False
31004_20011025_1200_12,2001,10,12,False,False,True
31004_20011026_0000_00,2001,10,00,False,False,False
31004_20011026_1200_12,2001,10,12,False,False,False
31004_20011027_0000_00,2001,10,00,False,False,False
31004_20011027_1200_12,2001,10,12,False,False,True
31004_20011028_0100_00,2001,10,00,False,False,False
31004_20011028_1300_12,2001,10,12,False,False,False
31004_20011029_0000_00,2001,10,00,False,False,False
31004_20011029_1200_12,2001,10,12,False,False,True
31004_20011030_0000_00,2001,10,00,False,False,True
31004_20011030_1200_12,2001,10,12,False,False,False
31004_20011031_0000_00,2001,10,00,True,False,False
31004_20011031_1200_12,2001,10,12,True,False,True
31004_20011101_0000_00,2001,11,00,True,False,False
31004_20011101_1200_12,2001,11,12,False,False,False
31004_20011102_0000_00,2001,11,00,False,False,True
31004_20011102_1200_12,2001,11,12,False,False,True
31004_20011103_0000_00,2001,11,00,False,False,True
31004_20011103_1200_12,2001,11,12,False,False,False
31004_20011104_0000_00,2001,11,00,False,False,False
31004_20011104_1200_12,2001,11,12,True,False,True
31004_20011105_0000_00,2001,11,00,False,True,False
31004_20011105_1200_12,2001,11,12,True,False,False
31004_20011106_0000_00,2001,11,00,False,False,False
31004_20011106_1200_12,2001,11,12,False,False,True
31004_20011107_0000_00,2001,11,00,True,False,False
31004_20011107_1200_12,2001,11,12,False,False,False
31004_20011108_0000_00,2001,11,00,False,False,False
31004_20011108_1200_12,2001,11,12,False,False,False
31004_20011109_0000_00,2001,11,00,False,False,False
31004_20011109_1200_12,2001,11,12,False,False,False
31004_20011110_0000_00,2001,11,00,False,False,True
31004_20011110_1200_12,2001,11,12,False,False,True
31004_20011111_0000_00,2001,11,00,False,False,False
31004_20011111_1200_12,2001,11,12,False,False,False
31004_20011112_0000_00,2001,11,00,False,False,False
31004_20011112_1200_12,2001,11,12,True,False,True
31004_20011113_0000_00,2001,11,00,True,False,True
31004_20011113_1200_12,2001,11,12,False,False,True
31004_20011114_0000_00,2001,11,00,False,False,True
31004_20011114_1200_12,2001,11,12,False,False,True
31004_20011115_0000_00,2001,11,00,False,False,True
31004_20011115_1200_12,2001,11,12,False,False,False
31004_20011116_0000_00,2001,11,00,False,False,False
31004_20011116_1200_12,2001,11,12,False,False,True
31004_20011117_0000_00,2001,11,00,False,False,False
31004_20011117_1200_12,2001,11,12,False,False,False
31004_20011118_0000_00,2001,11,00,False,False,False
31004_20011118_1200_12,2001,11,12,False,False,True
31004_20011119_0000_00,2001,11,00,False,False,False
31004_20011119_1200_12,2001,11,12,False,False,True
31004_20011120_0000_00,2001,11,00,False,False,False
31004_20011120_1200_12,2001,11,12,False,False,False
31004_20011121_0000_00,2001,11,00,False,False,True
31004_20011121_1200_12,2001,11,12,True,False,False
31004_20011122_0000_00,2001,11,00,True,False,True
31004_20011122_1200_12,2001,11,12,False,False,False
31004_20011123_0000_00,2001,11,00,False,False,False
31004_20011123_1200_12,2001,11,12,False,False,False
31004_20011124_0000_00,2001,11,00,True,False,True
31004_20011124_1200_12,2001,11,12,False,False,True
31004_20011125_0000_00,2001,11,00,False,False,False
31004_20011125_1200_12,2001,11,12,False,False,True
31004_20011126_0000_00,2001,11,00,True,False,True
31004_20011126_1200_12,2001,11,12,True,False,True
31004_20011127_0000_00,2001,11,00,False,False,False
31004_20011127_1200_12,2001,11,12,False,False,False
31004_20011128_0000_00,2001,11,00,False,False,True
31004_20011128_1200_12,2001,11,12,False,False,False
31004_20011129_0000_00,2001,11,00,False,False,True
31004_20011129_1200_12,2001,11,12,False,False,True
31004_20011130_0000_00,2001,11,00,False,False,False
31004_20011130_1200_12,2001,11,12,False,False,False
31004_20011201_0000_00,2001,12,00,False,False,False
31004_20011201_1200_12,2001,12,12,False,False,False
31004_20011202_0000_00,2001,12,00,False,False,True
31004_20011202_1200_12,2001,12,12,False,False,False
31004_20011203_0000_00,2001,12,00,False,False,True
31004_20011203_1200_12,2001,12,12,True,False,False
31004_20011204_0000_00,2001,12,00,True,False,False
31004_20011204_1200_12,2001,12,12,True,False,False
31004_20011205_0000_00,2001,12,00,False,False,False
31004_20011205_1200_12,2001,12,12,False,False,True
31004_20011206_0000_00,2001,12,00,False,False,True
31004_20011206_1200_12,2001,12,12,True,False,False
31004_20011207_0000_00,2001,12,00,False,False,True
31004_20011207_1200_12,2001,12,12,False,False,True
31004_20011208_0000_00,2001,12,00,False,True,False
31004_20011208_1200_12,2001,12,12,True,False,False
31004_20011208_2300_00,2001,12,00,True,False,False
31004_20011209_0000_00,2001,12,00,False,False,False
31004_20011209_1200_12,2001,12,12,False,False,True
31004_20011210_0000_00,2001,12,00,False,False,False
31004_20011210_1200_12,2001,12,12,False,False,False
31004_20011211_0000_00,2001,12,00,False,False,True
31004_20011211_1200_12,2001,12,12,False,False,False
31004_20011212_0000_00,2001,12,00,False,False,False
31004_20011212_1200_12,2001,12,12,False,False,True
31004_20011213_0000_00,2001,12,00,False,False,False
31004_20011213_1200_12,2001,12,12,False,False,True
31004_20011214_0000_00,2001,12,00,False,False,False
31004_20011214_1200_12,2001,12,12,False,False,False
31004_20011215_0000_00,2001,12,00,False,False,False
31004_20011215_1200_12,2001,12,12,False,False,False
31004_20011216_0000_00,2001,12,00,False,False,True
31004_20011216_1200_12,2001,12,12,False,False,False
31004_20011217_0000_00,2001,12,00,False,False,True
31004_20011217_1200_12,2001,12,12,False,False,True
31004_20011218_0000_00,2001,12,00,False,False,False
31004_20011218_1200_12,2001,12,12,False,False,True
31004_20011219_0000_00,2001,12,00,False,False,True
31004_20011219_1200_12,2001,12,12,False,False,True
31004_20011220_0000_00,2001,12,00,False,False,True
31004_20011220_1200_12,2001,12,12,False,False,True
31004_20011221_0000_00,2001,12,00,False,False,False
31004_20011221_1200_12,2001,12,12,True,False,True
31004_20011222_0000_00,2001,12,00,False,True,True
31004_20011222_1200_12,2001,12,12,False,False,False
31004_20011223_0000_00,2001,12,00,False,False,False
31004_20011223_1200_12,2001,12,12,False,False,True
31004_20011224_0000_00,2001,12,00,False,False,True
31004_20011224_1200_12,2001,12,12,False,False,False
31004_20011225_0000_00,2001,12,00,False,False,False
31004_20011225_1200_12,2001,12,12,False,False,True
31004_20011226_0000_00,2001,12,00,False,False,False
31004_20011226_1200_12,2001,12,12,False,False,True
31004_20011227_0000_00,2001,12,00,False,False,False
31004_20011227_1200_12,2001,12,12,True,False,True
31004_20011228_0000_00,2001,12,00,False,False,True
31004_20011228_1200_12,2001,12,12,False,False,True
31004_20011229_0000_00,2001,12,00,False,False,False
31004_20011229_1200_12,2001,12,12,False,False,True
31004_20011230_0000_00,2001,12,00,True,False,False
31004_20011230_1200_12,2001,12,12,False,False,False
31004_20011231_0000_00,2001,12,00,False,False,True
31004_20011231_1200_12,2001,12,12,False,False,False
31004_20020101_0000_00,2002,1,00,False,False,False
31004_20020101_1200_12,2002,1,12,False,False,True
31004_20020102_0000_00,2002,1,00,False,False,False
31004_20020102_1200_12,2002,1,12,False,False,False
31004_20020103_0000_00,2002,1,00,True,False,False
31004_20020103_1200_12,2002,1,12,False,False,False
31004_20020104_0000_00,2002,1,00,False,False,False
31004_20020104_1200_12,2002,1,12,True,False,True
31004_20020105_0000_00,2002,1,00,False,False,False
31004_20020105_1200_12,2002,1,12,False,False,False
31004_20020106_0000_00,2002,1,00,False,False,False
31004_20020106_1200_12,2002,1,12,False,False,True
31004_20020107_0000_00,2002,1,00,False,False,False
31004_20020107_1200_12,2002,1,12,True,False,False
31004_20020108_0000_00,2002,1,00,True,False,True
31004_20020108_1200_12,2002,1,12,False,False,True
31004_20020109_0000_00,2002,1,00,False,False,False
31004_20020109_1200_12,2002,1,12,False,False,False
31004_20020110_0000_00,2002,1,00,False,False,True
31004_20020110_1200_12,2002,1,12,False,False,False
31004_20020111_0000_00,2002,1,00,False,False,False
31004_20020111_1200_12,2002,1,12,False,False,False
31004_20020112_0000_00,2002,1,00,False,False,False
31004_20020112_1200_12,2002,1,12,True,False,False
31004_20020113_0000_00,2002,1,00,True,False,False
31004_20020113_1200_12,2002,1,12,False,False,False
31004_20020114_0000_00,2002,1,00,False,False,False
31004_20020114_1200_12,2002,1,12,False,False,False
31004_20020115_0000_00,2002,1,00,False,False,True
31004_20020115_1200_12,2002,1,12,True,False,False
31004_20020116_0000_00,2002,1,00,False,False,False
31004_20020116_1200_12,2002,1,12,False,False,False
31004_20020117_0000_00,2002,1,00,False,False,False
31004_20020117_1200_12,2002,1,12,False,False,False
31004_20020118_0000_00,2002,1,00,False,False,True
31004_20020118_1200_12,2002,1,12,False,False,False
31004_20020119_0000_00,2002,1,00,False,False,False
31004_20020119_1200_12,2002,1,12,False,False,False
31004_20020120_0000_00,2002,1,00,False,False,False
31004_20020120_1200_12,2002,1,12,True,False,False
31004_20020121_0000_00,2002,1,00,False,False,True
31004_20020121_1200_12,2002,1,12,False,True,False
31004_20020122_0000_00,2002,1,00,False,False,False
31004_20020122_1200_12,2002,1,12,False,False,False
31004_20020123_0000_00,2002,1,00,False,False,True
31004_20020123_1200_12,2002,1,12,False,False,True
31004_20020124_0000_00,2002,1,00,True,False,False
31004_20020125_0000_00,2002,1,00,False,False,True
31004_20020125_1200_12,2002,1,12,False,False,False
31004_20020126_0000_00,2002,1,00,False,False,False
31004_20020126_1200_12,2002,1,12,False,False,False
31004_20020127_0000_00,2002,1,00,False,False,True
31004_20020127_1200_12,2002,1,12,False,False,True
31004_20020128_0000_00,2002,1,00,False,False,False
31004_20020128_1200_12,2002,1,12,True,False,False
31004_20020129_0000_00,2002,1,00,False,False,True
31004_20020129_1200_12,2002,1,12,False,False,False
31004_20020130_0000_00,2002,1,00,False,False,True
31004_20020130_1200_12,2002,1,12,False,True,True
31004_20020131_0000_00,2002,1,00,False,False,False
31004_20020131_1200_12,2002,1,12,False,False,False
31004_20020201_0000_00,2002,2,00,False,False,True
31004_20020201_1200_12,2002,2,12,True,False,False
31004_20020202_0000_00,2002,2,00,True,False,False
31004_20020203_0000_00,2002,2,00,False,False,True
31004_20020203_1200_12,2002,2,12,False,False,False
31004_20020204_0000_00,2002,2,00,False,False,False
31004_20020204_1200_12,2002,2,12,False,False,False
31004_20020205_0000_00,2002,2,00,False,False,False
31004_20020205_1200_12,2002,2,12,True,False,False
31004_20020206_0000_00,2002,2,00,True,False,False
31004_20020206_1200_12,2002,2,12,True,False,False
31004_20020207_0000_00,2002,2,00,False,False,True
31004_20020207_1200_12,2002,2,12,False,False,True
31004_20020208_0000_00,2002,2,00,False,False,True
31004_20020208_1200_12,2002,2,12,False,False,False
31004_20020209_0000_00,2002,2,00,False,False,True
31004_20020209_1200_12,2002,2,12,True,False,False
31004_20020210_0000_00,2002,2,00,True,False,True
31004_20020210_1200_12,2002,2,12,True,False,False
31004_20020211_0000_00,2002,2,00,False,False,False
31004_20020211_1200_12,2002,2,12,False,False,False
31004_20020212_0000_00,2002,2,00,True,False,False
31004_20020212_1200_12,2002,2,12,False,False,False
31004_20020213_0000_00,2002,2,00,True,False,True
31004_20020213_1200_12,2002,2,12,False,True,False
31004_20020214_0000_00,2002,2,00,False,False,True
31004_20020214_1200_12,2002,2,12,False,False,False
31004_20020215_0000_00,2002,2,00,False,False,True
31004_20020215_1200_12,2002,2,12,False,False,True
31004_20020216_0000_00,2002,2,00,False,False,True
31004_20020216_1200_12,2002,2,12,False,False,False
31004_20020217_0000_00,2002,2,00,False,False,True
31004_20020217_1200_12,2002,2,12,False,True,False
31004_20020218_0000_00,2002,2,00,False,False,False
31004_20020218_1200_12,2002,2,12,False,False,True
31004_20020219_0000_00,2002,2,00,False,False,False
31004_20020219_1200_12,2002,2,12,False,False,False
31004_20020220_0000_00,2002,2,00,False,False,False
31004_20020220_1200_12,2002,2,12,True,False,False
31004_20020221_0000_00,2002,2,00,False,False,False
31004_20020221_1200_12,2002,2,12,False,False,False
31004_20020222_0000_00,2002,2,00,False,False,True
31004_20020222_1200_12,2002,2,12,False,False,False
31004_20020223_0000_00,2002,2,00,False,False,True
31004_20020223_1200_12,2002,2,12,False,False,False
31004_20020224_0000_00,2002,2,00,False,False,False
31004_20020224_1200_12,2002,2,12,False,False,False
31004_20020225_1200_12,2002,2,12,False,False,False
31004_20020226_0000_00,2002,2,00,True,False,False
31004_20020226_1200_12,2002,2,12,False,False,True
31004_20020227_0000_00,2002,2,00,False,False,True
31004_20020227_1200_12,2002,2,12,False,False,True
31004_20020228_0000_00,2002,2,00,False,False,True
31004_20020228_1200_12,2002,2,12,False,False,True
31004_20020301_0000_00,2002,3,00,False,True,False
31004_20020304_1200_12,2002,3,12,True,False,True
31004_20020305_0000_00,2002,3,00,False,False,False
31004_20020305_1200_12,2002,3,12,False,False,False
31004_20020306_0000_00,2002,3,00,False,False,False
31004_20020306_1200_12,2002,3,12,False,False,True
31004_20020307_0000_00,2002,3,00,False,False,False
31004_20020307_1200_12,2002,3,12,False,False,False
31004_20020308_0000_00,2002,3,00,False,False,False
31004_20020308_1200_12,2002,3,12,True,False,False
31004_20020309_0000_00,2002,3,00,False,False,False
31004_20020309_1200_12,2002,3,12,True,False,False
31004_20020310_0000_00,2002,3,00,True,False,False
31004_20020310_1200_12,2002,3,12,False,False,False
31004_20020311_0000_00,2002,3,00,False,False,False
31004_20020311_1200_12,2002,3,12,False,False,False
31004_20020312_0000_00,2002,3,00,True,False,False
31004_20020312_1200_12,2002,3,12,False,False,False
31004_20020313_0000_00,2002,3,00,False,False,False
31004_20020313_1200_12,2002,3,12,False,False,False
31004_20020314_0000_00,2002,3,00,False,False,False
31004_20020315_0000_00,2002,3,00,False,False,True
31004_20020315_1200_12,2002,3,12,True,False,False
31004_20020316_0000_00,2002,3,00,False,False,False
31004_20020317_0000_00,2002,3,00,False,False,False
31004_20020317_1200_12,2002,3,12,False,True,False
31004_20020318_0000_00,2002,3,00,False,True,False
31004_20020318_1200_12,2002,3,12,True,False,False
31004_20020319_0000_00,2002,3,00,False,False,False
31004_20020319_1200_12,2002,3,12,True,False,False
31004_20020320_0000_00,2002,3,00,False,False,False
31004_20020320_1200_12,2002,3,12,True,False,False
31004_20020321_0000_00,2002,3,00,True,False,False
31004_20020321_1200_12,2002,3,12,True,False,False
31004_20020322_0000_00,2002,3,00,True,False,True
31004_20020322_1200_12,2002,3,12,True,False,False
31004_20020323_0000_00,2002,3,00,True,False,True
31004_20020323_1200_12,2002,3,12,True,False,False
31004_20020324_0000_00,2002,3,00,True,False,False
31004_20020324_1200_12,2002,3,12,True,False,True
31004_20020325_0000_00,2002,3,00,True,False,True
31004_20020325_1200_12,2002,3,12,False,False,False
31004_20020326_0000_00,2002,3,00,False,False,True
31004_20020326_1200_12,2002,3,12,False,False,True
31004_20020327_0000_00,2002,3,00,False,False,True
31004_20020327_1200_12,2002,3,12,True,False,False
31004_20020328_0000_00,2002,3,00,False,False,False
31004_20020328_1200_12,2002,3,12,True,False,False
31004_20020329_0000_00,2002,3,00,False,False,True
31004_20020329_1200_12,2002,3,12,False,False,False
31004_20020330_0000_00,2002,3,00,False,False,False
31004_20020330_1200_12,2002,3,12,False,False,False
31004_20020331_0000_00,2002,3,00,False,False,False
31004_20020331_1200_12,2002,3,12,False,False,False
31004_20020401_0000_00,2002,4,00,False,False,False
31004_20020402_0000_00,2002,4,00,True,False,False
31004_20020403_1200_12,2002,4,12,True,False,False
31004_20020404_0000_00,2002,4,00,False,False,False
31004_20020404_1200_12,2002,4,12,True,False,False
31004_20020405_0000_00,2002,4,00,False,False,False
31004_20020405_1200_12,2002,4,12,True,False,True
31004_20020406_0000_00,2002,4,00,False,False,False
31004_20020406_1200_12,2002,4,12,False,False,False
31004_20020407_0000_00,2002,4,00,True,False,False
31004_20020407_1200_12,2002,4,12,True,False,False
31004_20020408_0000_00,2002,4,00,False,False,True
31004_20020408_1200_12,2002,4,12,False,False,False
31004_20020409_0000_00,2002,4,00,False,False,True
31004_20020409_1200_12,2002,4,12,False,False,False
31004_20020410_0000_00,2002,4,00,False,False,False
31004_20020410_1200_12,2002,4,12,False,False,False
31004_20020411_1200_12,2002,4,12,True,False,False
31004_20020412_0000_00,2002,4,00,False,False,False
31004_20020412_1200_12,2002,4,12,True,False,False
31004_20020413_0000_00,2002,4,00,False,False,False
31004_20020413_1200_12,2002,4,12,True,False,False
31004_20020414_0000_00,2002,4,00,True,False,False
31004_20020414_1200_12,2002,4,12,False,False,True
31004_20020415_0000_00,2002,4,00,False,False,False
31004_20020415_1200_12,2002,4,12,False,False,False
31004_20020416_0000_00,2002,4,00,False,False,True
31004_20020416_1200_12,2002,4,12,False,False,False
31004_20020417_0000_00,2002,4,00,False,False,False
31004_20020417_1200_12,2002,4,12,True,False,False
31004_20020418_0000_00,2002,4,00,False,False,False
31004_20020418_1200_12,2002,4,12,False,False,False
31004_20020419_0000_00,2002,4,00,False,False,False
31004_20020419_1200_12,2002,4,12,False,False,False
31004_20020420_0000_00,2002,4,00,False,False,False
31004_20020420_1200_12,2002,4,12,False,False,False
31004_20020421_0000_00,2002,4,00,False,False,False
31004_20020421_1200_12,2002,4,12,False,False,False
31004_20020422_0000_00,2002,4,00,False,False,False
31004_20020422_1200_12,2002,4,12,False,False,False
31004_20020423_0000_00,2002,4,00,True,False,False
31004_20020423_1200_12,2002,4,12,False,False,False
31004_20020424_0000_00,2002,4,00,False,False,False
31004_20020424_1200_12,2002,4,12,False,False,False
31004_20020425_0000_00,2002,4,00,True,False,False
31004_20020425_1200_12,2002,4,12,False,False,False
31004_20020426_0000_00,2002,4,00,False,False,False
31004_20020426_1200_12,2002,4,12,True,False,False
31004_20020427_0000_00,2002,4,00,False,False,False
31004_20020427_1200_12,2002,4,12,True,False,False
31004_20020428_0000_00,2002,4,00,False,False,False
31004_20020428_1200_12,2002,4,12,False,False,False
31004_20020429_1200_12,2002,4,12,False,False,True
31004_20020430_0000_00,2002,4,00,False,False,False
31004_20020430_1200_12,2002,4,12,False,True,False
31004_20020501_0000_00,2002,5,00,False,False,False
31004_20020501_1200_12,2002,5,12,False,False,False
31004_20020502_0000_00,2002,5,00,False,False,False
31004_20020502_1200_12,2002,5,12,False,False,False
31004_20020503_0000_00,2002,5,00,False,False,False
31004_20020503_1200_12,2002,5,12,False,False,False
31004_20020504_0000_00,2002,5,00,False,False,False
31004_20020504_1200_12,2002,5,12,False,False,False
31004_20020505_0000_00,2002,5,00,False,False,False
31004_20020505_1200_12,2002,5,12,False,False,False
31004_20020506_0000_00,2002,5,00,False,False,True
31004_20020506_1200_12,2002,5,12,False,False,False
31004_20020507_0000_00,2002,5,00,False,False,False
31004_20020507_1200_12,2002,5,12,False,False,False
31004_20020508_0000_00,2002,5,00,False,False,False
31004_20020508_1200_12,2002,5,12,False,False,False
31004_20020509_0000_00,2002,5,00,False,False,True
31004_20020509_1200_12,2002,5,12,False,False,False
31004_20020510_0000_00,2002,5,00,False,False,False
31004_20020510_1200_12,2002,5,12,False,True,False
31004_20020511_0000_00,2002,5,00,False,False,False
31004_20020511_1200_12,2002,5,12,False,False,True
31004_20020512_0000_00,2002,5,00,False,False,False
31004_20020512_1200_12,2002,5,12,False,False,False
31004_20020513_0000_00,2002,5,00,False,False,False
31004_20020513_1200_12,2002,5,12,False,False,False
31004_20020514_0000_00,2002,5,00,False,False,False
31004_20020514_1200_12,2002,5,12,False,False,True
31004_20020515_0000_00,2002,5,00,False,False,True
31004_20020515_1200_12,2002,5,12,False,False,False
31004_20020516_0000_00,2002,5,00,False,False,False
31004_20020516_1200_12,2002,5,12,True,False,False
31004_20020517_0000_00,2002,5,00,False,False,False
31004_20020517_1200_12,2002,5,12,False,False,False
31004_20020518_0000_00,2002,5,00,False,False,False
31004_20020518_1200_12,2002,5,12,True,False,True
31004_20020519_0000_00,2002,5,00,False,False,False
31004_20020519_1200_12,2002,5,12,False,False,False
31004_20020520_0000_00,2002,5,00,True,False,False
31004_20020521_0000_00,2002,5,00,False,False,False
31004_20020521_1200_12,2002,5,12,False,False,True
31004_20020522_0000_00,2002,5,00,False,False,False
31004_20020522_1200_12,2002,5,12,False,True,False
31004_20020523_0000_00,2002,5,00,False,False,False
31004_20020523_1200_12,2002,5,12,False,False,False
31004_20020524_0000_00,2002,5,00,False,False,True
31004_20020524_1200_12,2002,5,12,False,False,False
31004_20020525_0000_00,2002,5,00,False,False,False
31004_20020525_1200_12,2002,5,12,False,False,False
31004_20020526_0000_00,2002,5,00,False,False,True
31004_20020526_1200_12,2002,5,12,False,False,False
31004_20020527_0000_00,2002,5,00,False,False,False
31004_20020527_1200_12,2002,5,12,False,False,False
31004_20020528_0000_00,2002,5,00,False,False,False
31004_20020528_1200_12,2002,5,12,False,False,False
31004_20020529_0000_00,2002,5,00,False,False,False
31004_20020529_1200_12,2002,5,12,False,False,False
31004_20020530_0000_00,2002,5,00,False,False,False
31004_20020530_1200_12,2002,5,12,False,False,False
31004_20020531_0000_00,2002,5,00,False,False,False
31004_20020531_1200_12,2002,5,12,False,False,True
31004_20020601_0000_00,2002,6,00,False,False,False
31004_20020601_1200_12,2002,6,12,False,False,False
31004_20020602_0000_00,2002,6,00,False,False,False
31004_20020602_1200_12,2002,6,12,True,False,False
31004_20020603_0000_00,2002,6,00,False,False,False
31004_20020604_0000_00,2002,6,00,False,False,True
31004_20020604_1200_12,2002,6,12,False,False,False
31004_20020605_0000_00,2002,6,00,False,False,False
31004_20020605_1200_12,2002,6,12,False,False,False
31004_20020606_0000_00,2002,6,00,False,False,False
31004_20020606_1200_12,2002,6,12,False,False,False
31004_20020607_0000_00,2002,6,00,False,False,False
31004_20020607_1200_12,2002,6,12,False,False,False
31004_20020608_0000_00,2002,6,00,False,False,False
31004_20020608_1200_12,2002,6,12,False,False,False
31004_20020609_0000_00,2002,6,00,False,False,False
31004_20020609_1200_12,2002,6,12,False,False,False
31004_20020610_0000_00,2002,6,00,False,False,False
31004_20020610_1200_12,2002,6,12,False,False,False
31004_20020611_0000_00,2002,6,00,False,False,False
31004_20020611_1200_12,2002,6,12,False,False,True
31004_20020612_0000_00,2002,6,00,False,False,False
31004_20020612_1200_12,2002,6,12,False,False,False
31004_20020613_0000_00,2002,6,00,False,False,False
31004_20020613_1200_12,2002,6,12,False,False,False
31004_20020614_0000_00,2002,6,00,False,False,False
31004_20020614_1200_12,2002,6,12,True,False,False
31004_20020615_0000_00,2002,6,00,False,False,False
31004_20020615_1200_12,2002,6,12,True,False,False
31004_20020616_0000_00,2002,6,00,False,False,False
31004_20020616_1200_12,2002,6,12,False,False,False
31004_20020617_0000_00,2002,6,00,False,False,True
31004_20020617_1200_12,2002,6,12,False,False,True
31004_20020618_0000_00,2002,6,00,False,False,False
31004_20020618_1200_12,2002,6,12,False,False,False
31004_20020619_0000_00,2002,6,00,False,False,False
31004_20020619_1200_12,2002,6,12,False,False,False
31004_20020620_0000_00,2002,6,00,False,False,False
31004_20020620_1200_12,2002,6,12,False,False,False
31004_20020621_0000_00,2002,6,00,False,False,False
31004_20020621_1200_12,2002,6,12,False,False,False
31004_20020622_0000_00,2002,6,00,False,False,False
31004_20020622_1200_12,2002,6,12,False,False,False
31004_20020623_0000_00,2002,6,00,False,False,False
31004_20020623_1200_12,2002,6,12,True,False,False
31004_20020624_0000_00,2002,6,00,False,False,False
31004_20020624_1200_12,2002,6,12,False,False,False
31004_20020625_0000_00,2002,6,00,False,False,False
31004_20020625_1200_12,2002,6,12,False,False,False
31004_20020626_1200_12,2002,6,12,False,False,False
31004_20020627_0000_00,2002,6,00,False,False,False
31004_20020627_1200_12,2002,6,12,False,False,False
31004_20020628_0000_00,2002,6,00,False,False,False
31004_20020628_1200_12,2002,6,12,False,False,True
31004_20020629_0000_00,2002,6,00,True,False,False
31004_20020629_1200_12,2002,6,12,False,False,False
31004_20020630_0000_00,2002,6,00,False,True,False
31004_20020701_1200_12,2002,7,12,False,False,False
31004_20020702_0000_00,2002,7,00,False,False,False
31004_20020702_1200_12,2002,7,12,False,True,False
31004_20020703_1200_12,2002,7,12,True,False,False
31004_20020704_0000_00,2002,7,00,False,False,False
31004_20020704_1200_12,2002,7,12,False,False,False
31004_20020705_0000_00,2002,7,00,False,False,False
31004_20020705_1200_12,2002,7,12,False,True,False
31004_20020706_0000_00,2002,7,00,False,False,False
31004_20020707_0000_00,2002,7,00,False,False,False
31004_20020708_1200_12,2002,7,12,False,False,False
31004_20020709_0000_00,2002,7,00,False,False,False
31004_20020709_1200_12,2002,7,12,False,False,True
31004_20020710_1200_12,2002,7,12,False,False,False
31004_20020711_0000_00,2002,7,00,False,False,False
31004_20020711_1200_12,2002,7,12,False,False,False
31004_20020712_0000_00,2002,7,00,False,False,True
31004_20020718_0000_00,2002,7,00,False,False,True
31004_20020718_1200_12,2002,7,12,True,False,False
31004_20020719_0000_00,2002,7,00,False,False,False
31004_20020719_1200_12,2002,7,12,True,False,False
31004_20020720_0000_00,2002,7,00,False,False,True
31004_20020720_1200_12,2002,7,12,True,False,False
31004_20020721_0000_00,2002,7,00,False,False,False
31004_20020721_1200_12,2002,7,12,False,False,False
31004_20020722_0000_00,2002,7,00,False,False,False
31004_20020722_1200_12,2002,7,12,True,False,False
31004_20020723_0000_00,2002,7,00,False,False,False
31004_20020723_1200_12,2002,7,12,False,False,False
31004_20020724_0000_00,2002,7,00,False,False,True
31004_20020724_1200_12,2002,7,12,False,False,True
31004_20020725_0000_00,2002,7,00,False,False,True
31004_20020725_1200_12,2002,7,12,False,False,False
31004_20020726_0000_00,2002,7,00,False,False,True
31004_20020726_1200_12,2002,7,12,False,False,True
31004_20020727_0000_00,2002,7,00,False,False,False
31004_20020727_1200_12,2002,7,12,False,False,True
31004_20020728_0000_00,2002,7,00,False,False,False
31004_20020728_1200_12,2002,7,12,False,False,False
31004_20020729_0000_00,2002,7,00,True,False,False
31004_20020729_1200_12,2002,7,12,False,False,False
31004_20020730_0000_00,2002,7,00,False,False,True
31004_20020730_1200_12,2002,7,12,True,False,True
31004_20020731_0000_00,2002,7,00,False,False,False
31004_20020731_1200_12,2002,7,12,False,False,False
31004_20020801_0000_00,2002,8,00,False,False,False
31004_20020801_1200_12,2002,8,12,False,False,True
31004_20020802_0000_00,2002,8,00,False,False,False
31004_20020802_1200_12,2002,8,12,False,False,False
31004_20020803_0000_00,2002,8,00,True,False,False
31004_20020803_1200_12,2002,8,12,False,False,True
31004_20020804_0000_00,2002,8,00,False,False,False
31004_20020804_1200_12,2002,8,12,False,False,True
31004_20020805_0000_00,2002,8,00,False,False,True
31004_20020805_1200_12,2002,8,12,False,False,False
31004_20020806_0000_00,2002,8,00,False,False,True
31004_20020806_1200_12,2002,8,12,False,False,False
31004_20020807_0000_00,2002,8,00,False,False,True
31004_20020808_0000_00,2002,8,00,False,False,True
31004_20020808_1200_12,2002,8,12,False,False,True
31004_20020809_0000_00,2002,8,00,True,False,False
31004_20020809_1200_12,2002,8,12,True,False,False
31004_20020810_0000_00,2002,8,00,False,False,False
31004_20020810_1200_12,2002,8,12,False,True,True
31004_20020811_0000_00,2002,8,00,False,False,False
31004_20020811_1200_12,2002,8,12,True,False,True
31004_20020812_0000_00,2002,8,00,True,False,False
31004_20020812_1200_12,2002,8,12,False,False,False
31004_20020813_0000_00,2002,8,00,False,False,False
31004_20020813_1200_12,2002,8,12,True,False,False
31004_20020814_0000_00,2002,8,00,True,False,True
31004_20020814_1200_12,2002,8,12,True,False,False
31004_20020815_0000_00,2002,8,00,False,False,False
31004_20020815_1200_12,2002,8,12,False,False,False
31004_20020816_0000_00,2002,8,00,False,False,True
31004_20020816_1200_12,2002,8,12,False,False,True
31004_20020817_0000_00,2002,8,00,False,False,False
31004_20020817_1200_12,2002,8,12,True,False,True
31004_20020818_0000_00,2002,8,00,False,False,True
31004_20020818_1200_12,2002,8,12,True,False,True
31004_20020819_0000_00,2002,8,00,True,False,False
31004_20020819_1200_12,2002,8,12,False,False,True
31004_20020820_0000_00,2002,8,00,False,False,False
31004_20020820_1200_12,2002,8,12,True,False,False
31004_20020821_0000_00,2002,8,00,False,False,False
31004_20020821_1200_12,2002,8,12,True,False,False
31004_20020822_0000_00,2002,8,00,False,False,True
31004_20020822_1200_12,2002,8,12,True,False,True
31004_20020823_0000_00,2002,8,00,False,False,False
31004_20020823_1200_12,2002,8,12,False,False,False
31004_20020824_0000_00,2002,8,00,True,False,False
31004_20020824_1200_12,2002,8,12,True,False,False
31004_20020825_0000_00,2002,8,00,True,False,False
31004_20020825_1200_12,2002,8,12,False,False,False
31004_20020826_0000_00,2002,8,00,False,False,True
31004_20020826_1200_12,2002,8,12,True,False,False
31004_20020827_0000_00,2002,8,00,False,False,False
31004_20020827_1200_12,2002,8,12,True,False,False
31004_20020828_0000_00,2002,8,00,True,False,False
31004_20020828_1200_12,2002,8,12,False,False,False
31004_20020829_0000_00,2002,8,00,True,False,True
31004_20020829_1200_12,2002,8,12,True,False,False
31004_20020830_0000_00,2002,8,00,False,False,True
31004_20020830_1200_12,2002,8,12,False,False,True
31004_20020831_0000_00,2002,8,00,True,False,False
31004_20020831_1200_12,2002,8,12,False,False,False
31004_20020901_0000_00,2002,9,00,False,False,False
31004_20020901_1200_12,2002,9,12,False,True,True
31004_20020902_0000_00,2002,9,00,False,False,False
31004_20020902_1200_12,2002,9,12,False,False,False
31004_20020903_0000_00,2002,9,00,False,False,True
31004_20020903_1200_12,2002,9,12,False,False,True
31004_20020904_0000_00,2002,9,00,False,False,True
31004_20020904_1200_12,2002,9,12,False,False,True
31004_20020905_0000_00,2002,9,00,False,False,False
31004_20020905_1200_12,2002,9,12,True,False,True
31004_20020906_0000_00,2002,9,00,False,False,False
31004_20020906_1200_12,2002,9,12,False,False,False
31004_20020907_0000_00,2002,9,00,False,False,False
31004_20020907_1200_12,2002,9,12,True,False,True
31004_20020908_0000_00,2002,9,00,False,False,True
31004_20020908_1200_12,2002,9,12,True,False,True
31004_20020909_0000_00,2002,9,00,False,False,False
31004_20020909_1200_12,2002,9,12,False,False,False
31004_20020910_1200_12,2002,9,12,False,False,True
31004_20020911_0000_00,2002,9,00,False,False,True
31004_20020911_1200_12,2002,9,12,False,False,True
31004_20020912_0000_00,2002,9,00,False,False,True
31004_20020912_1200_12,2002,9,12,False,False,False
31004_20020913_0000_00,2002,9,00,False,False,True
31004_20020913_1200_12,2002,9,12,False,True,False
31004_20020914_0000_00,2002,9,00,True,False,False
31004_20020914_1200_12,2002,9,12,False,True,False
31004_20020915_0000_00,2002,9,00,False,False,True
31004_20020915_1200_12,2002,9,12,True,False,True
31004_20020916_0000_00,2002,9,00,False,False,True
31004_20020916_1200_12,2002,9,12,False,False,True
31004_20020917_0000_00,2002,9,00,False,False,True
31004_20020917_1200_12,2002,9,12,False,False,True
31004_20020918_0000_00,2002,9,00,False,False,False
31004_20020918_1200_12,2002,9,12,False,False,True
31004_20020919_0000_00,2002,9,00,False,False,True
31004_20020919_1200_12,2002,9,12,False,False,False
31004_20020920_0000_00,2002,9,00,False,False,False
31004_20020920_1200_12,2002,9,12,False,False,False
31004_20020921_0000_00,2002,9,00,False,False,False
31004_20020921_1200_12,2002,9,12,False,False,True
31004_20020922_0000_00,2002,9,00,False,False,True
31004_20020922_1200_12,2002,9,12,False,False,False
31004_20020923_0000_00,2002,9,00,False,False,False
31004_20020923_1200_12,2002,9,12,True,False,False
31004_20020924_0000_00,2002,9,00,False,False,False
31004_20020924_1200_12,2002,9,12,True,False,False
31004_20020925_0000_00,2002,9,00,False,False,False
31004_20020925_1200_12,2002,9,12,False,False,False
31004_20020926_0000_00,2002,9,00,False,False,True
31004_20020926_1200_12,2002,9,12,False,False,False
31004_20020927_0000_00,2002,9,00,False,False,False
31004_20020927_1200_12,2002,9,12,False,False,False
31004_20020928_0000_00,2002,9,00,False,False,False
31004_20020928_1200_12,2002,9,12,False,False,False
31004_20020929_0000_00,2002,9,00,False,False,False
31004_20020929_1200_12,2002,9,12,False,False,False
31004_20020930_0000_00,2002,9,00,False,False,True
31004_20020930_1200_12,2002,9,12,True,False,True
31004_20021001_0000_00,2002,10,00,False,False,True
31004_20021001_1200_12,2002,10,12,False,False,True
31004_20021002_0000_00,2002,10,00,False,False,True
31004_20021002_1200_12,2002,10,12,False,False,True
31004_20021003_0000_00,2002,10,00,False,False,True
31004_20021003_1200_12,2002,10,12,False,False,True
31004_20021004_0000_00,2002,10,00,False,False,True
31004_20021004_1200_12,2002,10,12,False,False,False
31004_20021005_0000_00,2002,10,00,False,False,True
31004_20021005_1200_12,2002,10,12,False,False,True
31004_20021006_0000_00,2002,10,00,False,False,True
31004_20021006_1200_12,2002,10,12,False,False,False
31004_20021007_0000_00,2002,10,00,False,False,True
31004_20021007_1200_12,2002,10,12,False,False,False
31004_20021008_0000_00,2002,10,00,False,False,True
31004_20021008_1200_12,2002,10,12,True,False,True
31004_20021009_0000_00,2002,10,00,False,False,False
31004_20021009_1200_12,2002,10,12,False,False,True
31004_20021010_0000_00,2002,10,00,True,False,True
31004_20021010_1200_12,2002,10,12,False,True,True
31004_20021011_0000_00,2002,10,00,False,False,True
31004_20021011_1200_12,2002,10,12,False,False,False
31004_20021012_0000_00,2002,10,00,False,False,False
31004_20021012_1200_12,2002,10,12,False,False,False
31004_20021013_0000_00,2002,10,00,False,False,True
31004_20021013_1200_12,2002,10,12,False,False,True
31004_20021014_0000_00,2002,10,00,False,False,True
31004_20021014_1200_12,2002,10,12,False,False,False
31004_20021015_0000_00,2002,10,00,False,False,False
31004_20021015_1200_12,2002,10,12,False,False,False
31004_20021016_0000_00,2002,10,00,False,False,False
31004_20021016_1200_12,2002,10,12,False,False,False
31004_20021017_0000_00,2002,10,00,False,False,False
31004_20021017_1200_12,2002,10,12,False,False,True
31004_20021018_0000_00,2002,10,00,False,False,True
31004_20021018_1200_12,2002,10,12,True,False,True
31004_20021019_0000_00,2002,10,00,False,False,False
31004_20021019_1200_12,2002,10,12,False,False,True
31004_20021020_0000_00,2002,10,00,False,False,True
31004_20021020_1200_12,2002,10,12,False,False,True
31004_20021021_0000_00,2002,10,00,False,False,False
31004_20021021_1200_12,2002,10,12,False,False,True
31004_20021022_0000_00,2002,10,00,False,False,False
31004_20021022_1200_12,2002,10,12,False,False,False
31004_20021023_0000_00,2002,10,00,False,False,True
31004_20021023_1200_12,2002,10,12,False,False,True
31004_20021024_0000_00,2002,10,00,False,True,False
31004_20021024_1200_12,2002,10,12,False,False,True
31004_20021025_0000_00,2002,10,00,False,False,True
31004_20021025_1200_12,2002,10,12,False,False,False
31004_20021026_0000_00,2002,10,00,False,False,True
31004_20021026_1200_12,2002,10,12,False,False,True
31004_20021027_0000_00,2002,10,00,False,False,False
31004_20021027_1200_12,2002,10,12,False,False,True
31004_20021028_0000_00,2002,10,00,False,False,True
31004_20021028_1200_12,2002,10,12,True,False,True
31004_20021029_0000_00,2002,10,00,False,False,True
31004_20021029_1200_12,2002,10,12,False,False,True
31004_20021030_0000_00,2002,10,00,False,False,True
31004_20021030_1200_12,2002,10,12,False,False,False
31004_20021031_0000_00,2002,10,00,False,False,True
31004_20021031_1200_12,2002,10,12,False,False,True
31004_20021101_0000_00,2002,11,00,False,False,True
31004_20021101_1200_12,2002,11,12,False,False,True
31004_20021102_0000_00,2002,11,00,False,False,True
31004_20021102_1200_12,2002,11,12,False,False,False
31004_20021103_0000_00,2002,11,00,False,False,False
31004_20021103_1200_12,2002,11,12,False,False,True
31004_20021104_0000_00,2002,11,00,False,False,True
31004_20021104_1200_12,2002,11,12,True,False,False
31004_20021105_0000_00,2002,11,00,False,False,True
31004_20021105_1200_12,2002,11,12,True,False,False
31004_20021106_0000_00,2002,11,00,False,False,False
31004_20021106_1200_12,2002,11,12,False,False,False
31004_20021107_0000_00,2002,11,00,False,False,False
31004_20021107_1200_12,2002,11,12,False,False,False
31004_20021108_0000_00,2002,11,00,False,False,False
31004_20021108_1200_12,2002,11,12,True,False,True
31004_20021109_0000_00,2002,11,00,True,False,False
31004_20021109_1200_12,2002,11,12,False,False,True
31004_20021110_0000_00,2002,11,00,True,False,False
31004_20021110_1200_12,2002,11,12,False,False,False
31004_20021111_0000_00,2002,11,00,False,False,True
31004_20021111_1200_12,2002,11,12,False,False,False
31004_20021112_0000_00,2002,11,00,False,False,False
31004_20021112_1200_12,2002,11,12,False,False,False
31004_20021113_0000_00,2002,11,00,False,False,False
31004_20021113_1200_12,2002,11,12,False,False,False
31004_20021114_0000_00,2002,11,00,False,False,True
31004_20021114_1200_12,2002,11,12,False,False,True
31004_20021115_0000_00,2002,11,00,False,False,True
31004_20021115_1200_12,2002,11,12,False,False,True
31004_20021116_0000_00,2002,11,00,False,False,False
31004_20021116_1200_12,2002,11,12,False,False,False
31004_20021117_0000_00,2002,11,00,False,False,False
31004_20021117_1200_12,2002,11,12,False,False,True
31004_20021118_0000_00,2002,11,00,False,False,True
31004_20021118_1200_12,2002,11,12,False,False,True
31004_20021119_0000_00,2002,11,00,True,False,False
31004_20021119_1200_12,2002,11,12,False,False,True
31004_20021120_0000_00,2002,11,00,False,False,True
31004_20021120_1200_12,2002,11,12,False,False,False
31004_20021121_0000_00,2002,11,00,False,False,False
31004_20021121_1200_12,2002,11,12,False,False,True
31004_20021122_0000_00,2002,11,00,True,False,False
31004_20021122_1200_12,2002,11,12,False,False,False
31004_20021123_0000_00,2002,11,00,False,False,True
31004_20021123_1200_12,2002,11,12,False,False,False
31004_20021124_0000_00,2002,11,00,False,False,False
31004_20021124_1200_12,2002,11,12,False,False,False
31004_20021125_0000_00,2002,11,00,False,False,True
31004_20021125_1200_12,2002,11,12,False,False,False
31004_20021126_0000_00,2002,11,00,False,True,False
31004_20021126_1200_12,2002,11,12,False,False,True
31004_20021127_0000_00,2002,11,00,False,False,True
31004_20021127_1200_12,2002,11,12,False,False,True
31004_20021128_0000_00,2002,11,00,False,False,True
31004_20021128_1200_12,2002,11,12,False,False,False
31004_20021129_0000_00,2002,11,00,False,False,False
31004_20021129_1200_12,2002,11,12,True,False,False
31004_20021130_0000_00,2002,11,00,True,False,False
31004_20021130_1200_12,2002,11,12,True,False,False
31004_20021201_0000_00,2002,12,00,False,False,True
31004_20021201_1200_12,2002,12,12,True,False,True
31004_20021202_0000_00,2002,12,00,False,False,True
31004_20021202_1200_12,2002,12,12,True,False,False
31004_20021203_0000_00,2002,12,00,False,False,False
31004_20021203_1200_12,2002,12,12,True,False,False
31004_20021204_0000_00,2002,12,00,True,False,False
31004_20021204_1200_12,2002,12,12,False,False,True
31004_20021205_0000_00,2002,12,00,False,False,True
31004_20021205_1200_12,2002,12,12,True,False,False
31004_20021206_0000_00,2002,12,00,False,False,True
31004_20021206_1200_12,2002,12,12,False,False,False
31004_20021207_0000_00,2002,12,00,True,False,True
31004_20021207_1200_12,2002,12,12,False,False,True
31004_20021208_0000_00,2002,12,00,True,False,False
31004_20021208_1200_12,2002,12,12,False,False,True
31004_20021209_0000_00,2002,12,00,False,False,False
31004_20021209_1200_12,2002,12,12,False,False,True
31004_20021210_0000_00,2002,12,00,False,False,True
31004_20021210_1200_12,2002,12,12,False,False,True
31004_20021211_0000_00,2002,12,00,False,False,True
31004_20021211_1200_12,2002,12,12,False,False,True
31004_20021212_0000_00,2002,12,00,True,False,False
31004_20021212_1200_12,2002,12,12,False,False,True
31004_20021213_0000_00,2002,12,00,False,False,False
31004_20021213_1200_12,2002,12,12,False,False,False
31004_20021214_0000_00,2002,12,00,False,False,False
31004_20021214_1200_12,2002,12,12,False,False,False
31004_20021215_0000_00,2002,12,00,False,False,False
31004_20021215_1200_12,2002,12,12,False,False,False
31004_20021216_0000_00,2002,12,00,True,False,False
31004_20021216_1200_12,2002,12,12,False,False,False
31004_20021217_0000_00,2002,12,00,True,False,False
31004_20021217_1200_12,2002,12,12,True,False,True
31004_20021218_0000_00,2002,12,00,False,False,False
31004_20021218_1200_12,2002,12,12,True,False,False
31004_20021219_0000_00,2002,12,00,False,False,True
31004_20021219_1200_12,2002,12,12,False,True,False
31004_20021220_0000_00,2002,12,00,False,True,False
31004_20021220_1200_12,2002,12,12,False,False,False
31004_20021221_0000_00,2002,12,00,False,False,False
31004_20021221_1200_12,2002,12,12,False,False,True
31004_20021222_0000_00,2002,12,00,False,False,True
31004_20021222_1200_12,2002,12,12,False,False,False
31004_20021223_0000_00,2002,12,00,False,False,True
31004_20021223_1200_12,2002,12,12,False,False,True
31004_20021224_0000_00,2002,12,00,False,False,True
31004_20021224_1200_12,2002,12,12,False,False,False
31004_20021225_0000_00,2002,12,00,False,False,False
31004_20021225_1200_12,2002,12,12,False,False,True
31004_20021226_0000_00,2002,12,00,False,False,True
31004_20021226_1200_12,2002,12,12,False,False,True
31004_20021227_0000_00,2002,12,00,False,False,False
31004_20021227_1200_12,2002,12,12,False,False,True
31004_20021228_0000_00,2002,12,00,False,False,True
31004_20021228_1200_12,2002,12,12,False,False,True
31004_20021229_0000_00,2002,12,00,False,False,True
31004_20021229_1200_12,2002,12,12,True,False,True
31004_20021230_0000_00,2002,12,00,True,False,False
31004_20021230_1200_12,2002,12,12,False,False,False
31004_20021231_0000_00,2002,12,00,False,False,False
31004_20021231_1200_12,2002,12,12,False,False,True
31004_20030101_0000_00,2003,1,00,False,False,True
31004_20030101_1200_12,2003,1,12,False,False,False
31004_20030102_0000_00,2003,1,00,False,False,False
31004_20030102_1200_12,2003,1,12,False,False,True
31004_20030103_0000_00,2003,1,00,False,False,True
31004_20030103_1200_12,2003,1,12,False,False,True
31004_20030104_0000_00,2003,1,00,False,False,True
31004_20030104_1200_12,2003,1,12,False,False,False
31004_20030105_0000_00,2003,1,00,False,False,False
31004_20030105_1200_12,2003,1,12,True,False,False
31004_20030106_0000_00,2003,1,00,False,False,False
31004_20030106_1200_12,2003,1,12,False,False,True
31004_20030107_0000_00,2003,1,00,False,False,False
31004_20030107_1200_12,2003,1,12,False,False,True
31004_20030108_0000_00,2003,1,00,True,False,False
31004_20030108_1200_12,2003,1,12,False,False,True
31004_20030109_0000_00,2003,1,00,False,False,True
31004_20030109_1200_12,2003,1,12,False,False,False
31004_20030110_0000_00,2003,1,00,True,False,False
31004_20030110_1200_12,2003,1,12,False,False,False
31004_20030111_0000_00,2003,1,00,False,False,False
31004_20030111_1200_12,2003,1,12,True,False,False
31004_20030112_0000_00,2003,1,00,False,False,False
31004_20030112_1200_12,2003,1,12,True,False,False
31004_20030113_0000_00,2003,1,00,False,False,True
31004_20030113_1200_12,2003,1,12,False,False,True
31004_20030114_0000_00,2003,1,00,False,False,True
31004_20030114_1200_12,2003,1,12,True,False,True
31004_20030115_0000_00,2003,1,00,False,False,True
31004_20030115_1200_12,2003,1,12,False,False,False
31004_20030116_0000_00,2003,1,00,False,False,True
31004_20030116_1200_12,2003,1,12,False,False,True
31004_20030117_0000_00,2003,1,00,False,False,False
31004_20030117_1200_12,2003,1,12,False,False,False
31004_20030118_0000_00,2003,1,00,False,False,False
31004_20030118_1200_12,2003,1,12,False,False,False
31004_20030119_0000_00,2003,1,00,False,False,False
31004_20030119_1200_12,2003,1,12,False,False,True
31004_20030120_0000_00,2003,1,00,False,False,False
31004_20030120_1200_12,2003,1,12,False,False,False
31004_20030121_0000_00,2003,1,00,False,False,True
31004_20030121_1200_12,2003,1,12,False,False,False
31004_20030122_0000_00,2003,1,00,True,False,False
31004_20030122_1200_12,2003,1,12,False,False,False
31004_20030123_0000_00,2003,1,00,False,False,False
31004_20030123_1200_12,2003,1,12,True,False,False
31004_20030124_0000_00,2003,1,00,False,False,False
31004_20030124_1200_12,2003,1,12,False,False,True
31004_20030125_0000_00,2003,1,00,False,False,True
31004_20030125_1200_12,2003,1,12,False,False,True
31004_20030126_0000_00,2003,1,00,False,False,True
31004_20030126_1200_12,2003,1,12,True,False,True
31004_20030127_0000_00,2003,1,00,False,False,True
31004_20030127_1200_12,2003,1,12,False,False,True
31004_20030128_0000_00,2003,1,00,False,False,False
31004_20030128_1200_12,2003,1,12,False,False,True
31004_20030129_0000_00,2003,1,00,True,False,False
31004_20030129_1200_12,2003,1,12,True,False,True
31004_20030130_0000_00,2003,1,00,True,False,False
31004_20030130_1200_12,2003,1,12,False,False,True
31004_20030131_0000_00,2003,1,00,False,True,True
31004_20030131_1200_12,2003,1,12,False,False,False
31004_20030201_0000_00,2003,2,00,False,False,False
31004_20030201_1200_12,2003,2,12,False,False,True
31004_20030202_0000_00,2003,2,00,False,False,False
31004_20030202_1200_12,2003,2,12,True,False,True
31004_20030203_1200_12,2003,2,12,False,False,False
31004_20030204_0000_00,2003,2,00,False,True,False
31004_20030204_1200_12,2003,2,12,False,False,False
31004_20030205_0000_00,2003,2,00,False,False,False
31004_20030205_1200_12,2003,2,12,False,False,False
31004_20030206_0000_00,2003,2,00,False,False,False
31004_20030206_1200_12,2003,2,12,False,False,False
31004_20030207_0000_00,2003,2,00,True,False,True
31004_20030207_1200_12,2003,2,12,True,False,True
31004_20030208_0000_00,2003,2,00,True,False,False
31004_20030208_1200_12,2003,2,12,True,False,True
31004_20030209_0000_00,2003,2,00,False,False,True
31004_20030209_1200_12,2003,2,12,False,False,False
31004_20030210_0000_00,2003,2,00,True,False,True
31004_20030210_1200_12,2003,2,12,True,False,False
31004_20030211_0000_00,2003,2,00,False,False,True
31004_20030211_1200_12,2003,2,12,False,False,True
31004_20030212_0000_00,2003,2,00,False,False,True
31004_20030212_1200_12,2003,2,12,False,False,True
31004_20030213_0000_00,2003,2,00,True,False,False
31004_20030213_1200_12,2003,2,12,True,False,False
31004_20030214_0000_00,2003,2,00,False,False,False
31004_20030214_1200_12,2003,2,12,False,False,False
31004_20030215_0000_00,2003,2,00,False,False,True
31004_20030215_1200_12,2003,2,12,True,False,False
31004_20030216_0000_00,2003,2,00,False,False,True
31004_20030216_1200_12,2003,2,12,False,False,False
31004_20030217_0000_00,2003,2,00,False,False,False
31004_20030217_1200_12,2003,2,12,True,False,False
31004_20030218_0000_00,2003,2,00,True,False,False
31004_20030218_1200_12,2003,2,12,False,False,False
31004_20030219_0000_00,2003,2,00,True,False,False
31004_20030219_1200_12,2003,2,12,True,False,True
31004_20030220_0000_00,2003,2,00,False,False,True
31004_20030220_1200_12,2003,2,12,True,False,False
31004_20030221_0000_00,2003,2,00,True,False,False
31004_20030221_1200_12,2003,2,12,False,False,False
31004_20030222_0000_00,2003,2,00,True,False,True
31004_20030222_1200_12,2003,2,12,True,False,False
31004_20030223_0000_00,2003,2,00,False,False,True
31004_20030223_1200_12,2003,2,12,True,False,True
31004_20030224_0000_00,2003,2,00,False,True,False
31004_20030224_1200_12,2003,2,12,False,False,True
31004_20030225_0000_00,2003,2,00,False,False,True
31004_20030225_1200_12,2003,2,12,True,False,False
31004_20030226_0000_00,2003,2,00,True,False,False
31004_20030226_1200_12,2003,2,12,True,False,True
31004_20030227_0000_00,2003,2,00,False,False,False
31004_20030227_1200_12,2003,2,12,False,False,False
31004_20030228_0000_00,2003,2,00,True,False,False
31004_20030228_1200_12,2003,2,12,False,False,False
31004_20030301_0000_00,2003,3,00,False,False,False
31004_20030301_1200_12,2003,3,12,False,False,False
31004_20030302_0000_00,2003,3,00,False,False,True
31004_20030302_1200_12,2003,3,12,False,False,False
31004_20030303_0000_00,2003,3,00,True,False,False
31004_20030304_0000_00,2003,3,00,False,False,False
31004_20030304_1200_12,2003,3,12,False,False,False
31004_20030305_0000_00,2003,3,00,True,False,False
31004_20030305_1200_12,2003,3,12,True,False,False
31004_20030306_0000_00,2003,3,00,False,False,False
31004_20030306_1200_12,2003,3,12,False,False,False
31004_20030307_0000_00,2003,3,00,True,False,True
31004_20030307_1200_12,2003,3,12,True,False,False
31004_20030308_0000_00,2003,3,00,True,False,False
31004_20030308_1200_12,2003,3,12,False,False,False
31004_20030309_0000_00,2003,3,00,True,False,False
31004_20030309_1200_12,2003,3,12,True,False,False
31004_20030310_0000_00,2003,3,00,False,False,True
31004_20030310_1200_12,2003,3,12,False,False,False
31004_20030311_0000_00,2003,3,00,False,False,False
31004_20030311_1200_12,2003,3,12,True,False,False
31004_20030312_0000_00,2003,3,00,False,False,False
31004_20030312_1200_12,2003,3,12,False,False,False
31004_20030313_0000_00,2003,3,00,False,False,False
31004_20030313_1200_12,2003,3,12,False,False,False
31004_20030314_0000_00,2003,3,00,False,False,True
31004_20030314_1200_12,2003,3,12,True,False,False
31004_20030315_0000_00,2003,3,00,False,False,True
31004_20030315_1200_12,2003,3,12,False,False,False
31004_20030316_0000_00,2003,3,00,False,False,True
31004_20030316_1200_12,2003,3,12,True,False,False
31004_20030317_0000_00,2003,3,00,False,False,False
31004_20030317_1200_12,2003,3,12,False,False,True
31004_20030318_0000_00,2003,3,00,False,False,False
31004_20030318_1200_12,2003,3,12,False,False,False
31004_20030319_0000_00,2003,3,00,False,False,False
31004_20030319_1200_12,2003,3,12,True,False,False
31004_20030320_0000_00,2003,3,00,True,False,False
31004_20030320_1200_12,2003,3,12,True,False,False
31004_20030321_0000_00,2003,3,00,False,False,False
31004_20030321_1200_12,2003,3,12,False,False,False
31004_20030322_0000_00,2003,3,00,False,False,False
31004_20030322_1200_12,2003,3,12,False,True,False
31004_20030323_0000_00,2003,3,00,False,False,False
31004_20030323_1200_12,2003,3,12,False,False,False
31004_20030324_0000_00,2003,3,00,False,False,False
31004_20030324_1200_12,2003,3,12,True,False,False
31004_20030325_0000_00,2003,3,00,False,False,False
31004_20030325_1200_12,2003,3,12,False,False,False
31004_20030326_0000_00,2003,3,00,False,False,True
31004_20030326_1200_12,2003,3,12,False,False,False
31004_20030327_0000_00,2003,3,00,False,False,True
31004_20030327_1200_12,2003,3,12,True,False,False
31004_20030328_0000_00,2003,3,00,False,False,False
31004_20030328_1200_12,2003,3,12,False,False,False
31004_20030329_0000_00,2003,3,00,False,False,False
31004_20030329_1200_12,2003,3,12,False,False,False
31004_20030330_0000_00,2003,3,00,False,False,False
31004_20030330_1200_12,2003,3,12,True,False,True
31004_20030331_0000_00,2003,3,00,False,False,False
31004_20030331_1200_12,2003,3,12,False,False,False
31004_20030401_0000_00,2003,4,00,False,False,False
31004_20030401_1200_12,2003,4,12,False,False,False
31004_20030402_0000_00,2003,4,00,False,False,False
31004_20030402_1200_12,2003,4,12,False,False,True
31004_20030403_0000_00,2003,4,00,False,False,False
31004_20030403_1200_12,2003,4,12,False,False,False
31004_20030404_0000_00,2003,4,00,False,False,False
31004_20030404_1200_12,2003,4,12,False,False,True
31004_20030405_0000_00,2003,4,00,False,False,False
31004_20030405_1200_12,2003,4,12,False,False,True
31004_20030406_0000_00,2003,4,00,False,False,False
31004_20030407_1200_12,2003,4,12,False,False,False
31004_20030408_0000_00,2003,4,00,False,False,False
31004_20030408_1200_12,2003,4,12,False,False,True
31004_20030409_0000_00,2003,4,00,False,False,False
31004_20030409_1200_12,2003,4,12,True,False,False
31004_20030410_0000_00,2003,4,00,False,False,False
31004_20030410_1200_12,2003,4,12,False,False,False
31004_20030411_0000_00,2003,4,00,False,False,False
31004_20030411_1200_12,2003,4,12,True,False,False
31004_20030412_0000_00,2003,4,00,False,False,False
31004_20030412_1200_12,2003,4,12,True,False,False
31004_20030413_0000_00,2003,4,00,True,False,False
31004_20030413_1200_12,2003,4,12,False,False,False
31004_20030414_1200_12,2003,4,12,True,False,False
31004_20030415_0000_00,2003,4,00,False,False,False
31004_20030415_1200_12,2003,4,12,True,False,False
31004_20030416_0000_00,2003,4,00,False,False,False
31004_20030416_1200_12,2003,4,12,True,False,False
31004_20030417_0000_00,2003,4,00,False,False,False
31004_20030417_1200_12,2003,4,12,False,False,False
31004_20030418_0000_00,2003,4,00,False,False,False
31004_20030418_1200_12,2003,4,12,False,False,False
31004_20030419_0000_00,2003,4,00,False,False,False
31004_20030419_1200_12,2003,4,12,False,False,False
31004_20030420_0000_00,2003,4,00,False,False,False
31004_20030420_1200_12,2003,4,12,True,False,False
31004_20030421_0000_00,2003,4,00,False,False,False
31004_20030423_1200_12,2003,4,12,False,False,False
31004_20030424_0000_00,2003,4,00,True,False,False
31004_20030424_1200_12,2003,4,12,False,False,False
31004_20030425_0000_00,2003,4,00,False,False,False
31004_20030425_1200_12,2003,4,12,False,False,False
31004_20030426_0000_00,2003,4,00,False,False,False
31004_20030426_1200_12,2003,4,12,False,False,False
31004_20030427_1200_12,2003,4,12,False,False,False
31004_20030428_0000_00,2003,4,00,False,False,False
31004_20030428_1200_12,2003,4,12,False,False,False
31004_20030429_0000_00,2003,4,00,False,False,False
31004_20030429_1200_12,2003,4,12,False,False,False
31004_20030430_0000_00,2003,4,00,False,False,False
31004_20030501_0000_00,2003,5,00,False,False,False
31004_20030501_1200_12,2003,5,12,True,False,False
31004_20030502_0000_00,2003,5,00,False,False,False
31004_20030502_1200_12,2003,5,12,False,False,False
31004_20030503_0000_00,2003,5,00,False,False,False
31004_20030503_1200_12,2003,5,12,False,False,False
31004_20030504_0000_00,2003,5,00,False,False,False
31004_20030504_1200_12,2003,5,12,False,False,False
31004_20030505_0000_00,2003,5,00,False,False,False
31004_20030505_1200_12,2003,5,12,False,False,False
31004_20030506_0000_00,2003,5,00,False,False,False
31004_20030506_1200_12,2003,5,12,False,False,False
31004_20030514_1200_12,2003,5,12,True,False,False
31004_20030515_0000_00,2003,5,00,True,False,True
31004_20030515_1200_12,2003,5,12,False,False,True
31004_20030516_0000_00,2003,5,00,False,False,True
31004_20030516_1200_12,2003,5,12,False,False,True
31004_20030517_0000_00,2003,5,00,False,False,False
31004_20030517_1200_12,2003,5,12,False,False,False
31004_20030518_0000_00,2003,5,00,False,False,False
31004_20030518_1200_12,2003,5,12,False,False,False
31004_20030519_0000_00,2003,5,00,False,False,False
31004_20030519_1200_12,2003,5,12,False,False,False
31004_20030520_0000_00,2003,5,00,False,False,False
31004_20030520_1200_12,2003,5,12,False,False,True
31004_20030521_0000_00,2003,5,00,False,False,True
31004_20030521_1200_12,2003,5,12,False,False,False
31004_20030522_0000_00,2003,5,00,False,False,True
31004_20030522_1200_12,2003,5,12,False,False,False
31004_20030523_0000_00,2003,5,00,False,False,False
31004_20030523_1200_12,2003,5,12,False,False,False
31004_20030524_0000_00,2003,5,00,False,True,False
31004_20030524_1200_12,2003,5,12,False,False,False
31004_20030525_0000_00,2003,5,00,False,False,False
31004_20030525_1200_12,2003,5,12,False,False,True
31004_20030526_0000_00,2003,5,00,False,False,True
31004_20030526_1200_12,2003,5,12,False,False,True
31004_20030527_0000_00,2003,5,00,False,False,False
31004_20030527_1200_12,2003,5,12,False,False,False
31004_20030528_0000_00,2003,5,00,False,False,False
31004_20030528_1200_12,2003,5,12,False,False,False
31004_20030529_0000_00,2003,5,00,False,False,True
31004_20030529_1200_12,2003,5,12,False,False,False
31004_20030530_0000_00,2003,5,00,False,False,False
31004_20030530_1200_12,2003,5,12,False,False,False
31004_20030531_0000_00,2003,5,00,False,False,False
31004_20030531_1200_12,2003,5,12,False,False,False
31004_20030601_0000_00,2003,6,00,False,False,False
31004_20030601_1200_12,2003,6,12,False,False,False
31004_20030602_0000_00,2003,6,00,False,False,False
31004_20030602_1200_12,2003,6,12,False,False,True
31004_20030603_0000_00,2003,6,00,False,False,False
31004_20030603_1200_12,2003,6,12,True,False,False
31004_20030604_0000_00,2003,6,00,False,False,True
31004_20030604_1200_12,2003,6,12,False,False,False
31004_20030605_0000_00,2003,6,00,False,False,False
31004_20030606_0000_00,2003,6,00,False,False,False
31004_20030606_1200_12,2003,6,12,False,False,True
31004_20030607_0000_00,2003,6,00,False,False,True
31004_20030607_1200_12,2003,6,12,False,False,True
31004_20030608_0000_00,2003,6,00,False,False,True
31004_20030608_1200_12,2003,6,12,True,False,False
31004_20030609_0000_00,2003,6,00,False,False,True
31004_20030609_1200_12,2003,6,12,False,False,False
31004_20030610_0000_00,2003,6,00,False,False,False
31004_20030610_1200_12,2003,6,12,False,True,False
31004_20030611_0000_00,2003,6,00,False,False,False
31004_20030611_1200_12,2003,6,12,False,False,True
31004_20030612_0000_00,2003,6,00,False,False,False
31004_20030612_1200_12,2003,6,12,False,False,False
31004_20030613_0000_00,2003,6,00,False,False,False
31004_20030613_1200_12,2003,6,12,False,False,False
31004_20030614_0000_00,2003,6,00,False,False,False
31004_20030614_1200_12,2003,6,12,False,False,False
31004_20030615_0000_00,2003,6,00,False,False,False
31004_20030615_1200_12,2003,6,12,True,False,False
31004_20030616_0000_00,2003,6,00,False,False,False
31004_20030616_1200_12,2003,6,12,False,False,False
31004_20030617_0000_00,2003,6,00,False,False,True
31004_20030617_1200_12,2003,6,12,False,False,False
31004_20030618_0000_00,2003,6,00,False,False,False
31004_20030618_1200_12,2003,6,12,False,False,False
31004_20030619_0000_00,2003,6,00,False,False,True
31004_20030619_1200_12,2003,6,12,False,False,False
31004_20030620_0000_00,2003,6,00,False,False,False
31004_20030620_1200_12,2003,6,12,False,False,True
31004_20030621_0000_00,2003,6,00,False,False,True
31004_20030621_1200_12,2003,6,12,False,False,False
31004_20030622_0000_00,2003,6,00,False,False,False
31004_20030622_1200_12,2003,6,12,False,False,False
31004_20030623_0000_00,2003,6,00,False,False,True
31004_20030623_1200_12,2003,6,12,False,False,False
31004_20030624_0000_00,2003,6,00,False,False,False
31004_20030624_1200_12,2003,6,12,False,False,False
31004_20030625_0000_00,2003,6,00,False,False,False
31004_20030625_1200_12,2003,6,12,False,False,True
31004_20030626_0000_00,2003,6,00,False,False,True
31004_20030626_1200_12,2003,6,12,False,False,False
31004_20030627_0000_00,2003,6,00,False,False,True
31004_20030627_1200_12,2003,6,12,False,False,True
31004_20030628_0000_00,2003,6,00,False,False,False
31004_20030628_1200_12,2003,6,12,False,False,False
31004_20030629_0000_00,2003,6,00,False,False,False
31004_20030629_1200_12,2003,6,12,False,False,False
31004_20030630_0000_00,2003,6,00,False,False,False
31004_20030630_1200_12,2003,6,12,False,False,False
31004_20030701_0000_00,2003,7,00,False,False,False
31004_20030701_1200_12,2003,7,12,False,False,False
31004_20030702_0000_00,2003,7,00,False,False,False
31004_20030702_1200_12,2003,7,12,False,False,False
31004_20030703_0000_00,2003,7,00,False,False,True
31004_20030703_1200_12,2003,7,12,False,False,False
31004_20030704_0000_00,2003,7,00,False,False,False
31004_20030704_1200_12,2003,7,12,False,False,False
31004_20030705_1200_12,2003,7,12,False,False,True
31004_20030706_0000_00,2003,7,00,False,False,True
31004_20030706_1200_12,2003,7,12,False,False,True
31004_20030707_0000_00,2003,7,00,False,False,False
31004_20030707_1200_12,2003,7,12,False,False,True
31004_20030708_0000_00,2003,7,00,True,False,True
31004_20030708_1200_12,2003,7,12,False,False,False
31004_20030709_0000_00,2003,7,00,False,False,True
31004_20030709_1200_12,2003,7,12,False,False,False
31004_20030710_0000_00,2003,7,00,False,False,False
31004_20030710_1200_12,2003,7,12,False,True,False
31004_20030711_0000_00,2003,7,00,False,False,False
31004_20030711_1200_12,2003,7,12,False,False,False
31004_20030712_0000_00,2003,7,00,False,False,True
31004_20030712_1200_12,2003,7,12,True,False,False
31004_20030713_0000_00,2003,7,00,False,False,False
31004_20030713_1200_12,2003,7,12,False,False,False
31004_20030714_0000_00,2003,7,00,False,False,False
31004_20030714_1200_12,2003,7,12,False,False,False
31004_20030715_0000_00,2003,7,00,False,False,False
31004_20030715_1200_12,2003,7,12,False,False,False
31004_20030716_0000_00,2003,7,00,False,False,False
31004_20030716_1200_12,2003,7,12,True,False,False
31004_20030717_0000_00,2003,7,00,False,False,False
31004_20030717_1200_12,2003,7,12,False,False,False
31004_20030718_0000_00,2003,7,00,False,False,False
31004_20030718_1200_12,2003,7,12,True,False,False
31004_20030719_0000_00,2003,7,00,False,False,False
31004_20030719_1200_12,2003,7,12,False,False,False
31004_20030720_0000_00,2003,7,00,False,False,False
31004_20030720_1200_12,2003,7,12,False,False,False
31004_20030721_0000_00,2003,7,00,False,False,True
31004_20030721_1200_12,2003,7,12,False,True,False
31004_20030722_0000_00,2003,7,00,False,True,False
31004_20030722_1200_12,2003,7,12,False,False,False
31004_20030723_0000_00,2003,7,00,False,False,False
31004_20030723_1200_12,2003,7,12,False,False,False
31004_20030724_0000_00,2003,7,00,False,False,False
31004_20030724_1200_12,2003,7,12,False,False,True
31004_20030725_0000_00,2003,7,00,False,False,False
31004_20030725_1200_12,2003,7,12,False,False,False
31004_20030726_0000_00,2003,7,00,False,False,False
31004_20030726_1200_12,2003,7,12,False,False,False
31004_20030727_0000_00,2003,7,00,False,False,False
31004_20030727_1200_12,2003,7,12,False,False,False
31004_20030728_0000_00,2003,7,00,False,False,False
31004_20030728_1200_12,2003,7,12,False,False,False
31004_20030729_0000_00,2003,7,00,False,False,True
31004_20030729_1200_12,2003,7,12,False,False,False
31004_20030730_0000_00,2003,7,00,False,False,False
31004_20030730_1200_12,2003,7,12,False,False,True
31004_20030731_0000_00,2003,7,00,False,True,False
31004_20030731_1200_12,2003,7,12,True,False,False
31004_20030801_0000_00,2003,8,00,True,False,False
31004_20030801_1200_12,2003,8,12,False,True,True
31004_20030802_0000_00,2003,8,00,False,False,False
31004_20030802_1200_12,2003,8,12,False,False,False
31004_20030803_0000_00,2003,8,00,False,False,False
31004_20030803_1200_12,2003,8,12,False,False,False
31004_20030804_0000_00,2003,8,00,False,False,False
31004_20030804_1200_12,2003,8,12,False,False,False
31004_20030805_0000_00,2003,8,00,False,False,False
31004_20030805_1200_12,2003,8,12,False,False,False
31004_20030806_0000_00,2003,8,00,False,False,False
31004_20030806_1200_12,2003,8,12,False,False,False
31004_20030807_0000_00,2003,8,00,False,False,True
31004_20030807_1200_12,2003,8,12,True,False,False
31004_20030808_0000_00,2003,8,00,False,False,False
31004_20030808_1200_12,2003,8,12,True,False,False
31004_20030809_0000_00,2003,8,00,False,False,False
31004_20030809_1200_12,2003,8,12,False,False,True
31004_20030810_0000_00,2003,8,00,False,False,True
31004_20030810_1200_12,2003,8,12,False,False,False
31004_20030811_0000_00,2003,8,00,False,False,True
31004_20030811_1200_12,2003,8,12,True,False,False
31004_20030812_0000_00,2003,8,00,False,False,False
31004_20030812_1200_12,2003,8,12,True,False,False
31004_20030813_0000_00,2003,8,00,False,False,False
31004_20030813_1200_12,2003,8,12,False,True,False
31004_20030814_0000_00,2003,8,00,False,False,False
31004_20030815_0000_00,2003,8,00,False,False,False
31004_20030815_1200_12,2003,8,12,True,False,False
31004_20030816_0000_00,2003,8,00,False,False,False
31004_20030816_1200_12,2003,8,12,False,False,True
31004_20030817_0000_00,2003,8,00,False,False,False
31004_20030817_1200_12,2003,8,12,False,False,False
31004_20030818_0000_00,2003,8,00,False,False,False
31004_20030818_1200_12,2003,8,12,False,False,False
31004_20030819_0000_00,2003,8,00,False,False,False
31004_20030819_1200_12,2003,8,12,False,False,False
31004_20030820_0000_00,2003,8,00,False,False,True
31004_20030820_1200_12,2003,8,12,False,False,False
31004_20030821_0000_00,2003,8,00,False,False,True
31004_20030821_1200_12,2003,8,12,True,False,False
31004_20030822_0000_00,2003,8,00,False,False,False
31004_20030822_1200_12,2003,8,12,True,False,False
31004_20030823_0000_00,2003,8,00,False,False,False
31004_20030823_1200_12,2003,8,12,False,False,False
31004_20030824_0000_00,2003,8,00,False,False,False
31004_20030824_1200_12,2003,8,12,False,False,False
31004_20030825_0000_00,2003,8,00,False,False,False
31004_20030825_1200_12,2003,8,12,False,False,True
31004_20030826_0000_00,2003,8,00,True,False,False
31004_20030826_1200_12,2003,8,12,False,True,False
31004_20030827_0000_00,2003,8,00,False,False,False
31004_20030827_1200_12,2003,8,12,True,False,False
31004_20030830_0000_00,2003,8,00,False,False,False
31004_20030830_1200_12,2003,8,12,False,False,True
31004_20030831_0000_00,2003,8,00,False,False,True
31004_20030831_1200_12,2003,8,12,False,False,False
31004_20030901_0000_00,2003,9,00,False,False,False
31004_20030901_1200_12,2003,9,12,False,False,False
31004_20030902_0000_00,2003,9,00,True,False,True
31004_20030902_1200_12,2003,9,12,False,False,False
31004_20030903_0000_00,2003,9,00,False,False,True
31004_20030903_1200_12,2003,9,12,False,True,True
31004_20030904_0000_00,2003,9,00,True,False,False
31004_20030904_1200_12,2003,9,12,True,False,False
31004_20030905_0000_00,2003,9,00,False,False,True
31004_20030905_1200_12,2003,9,12,True,False,True
31004_20030906_0000_00,2003,9,00,True,False,True
31004_20030907_0000_00,2003,9,00,False,False,False
31004_20030907_1200_12,2003,9,12,False,True,False
31004_20030908_0000_00,2003,9,00,False,False,False
31004_20030908_1200_12,2003,9,12,False,False,True
31004_20030909_0000_00,2003,9,00,False,False,True
31004_20030909_1200_12,2003,9,12,False,False,False
31004_20030910_0000_00,2003,9,00,False,False,True
31004_20030910_1200_12,2003,9,12,False,False,False
31004_20030911_0000_00,2003,9,00,False,False,True
31004_20030911_1200_12,2003,9,12,False,False,False
31004_20030912_0000_00,2003,9,00,False,False,True
31004_20030913_0000_00,2003,9,00,False,False,False
31004_20030914_0000_00,2003,9,00,False,False,True
31004_20030914_1200_12,2003,9,12,True,False,True
31004_20030915_0000_00,2003,9,00,False,False,False
31004_20030915_1200_12,2003,9,12,True,False,False
31004_20030916_0000_00,2003,9,00,False,False,False
31004_20030917_0000_00,2003,9,00,False,False,False
31004_20030917_1200_12,2003,9,12,False,False,False
31004_20030918_0000_00,2003,9,00,False,False,False
31004_20030918_1200_12,2003,9,12,False,False,False
31004_20030919_0000_00,2003,9,00,False,False,False
31004_20030919_1200_12,2003,9,12,True,False,True
31004_20030920_0000_00,2003,9,00,False,False,False
31004_20030920_1200_12,2003,9,12,False,False,False
31004_20030921_0000_00,2003,9,00,False,False,False
31004_20030921_1200_12,2003,9,12,False,False,False
31004_20030922_0000_00,2003,9,00,False,False,False
31004_20030922_1200_12,2003,9,12,False,False,False
31004_20030923_0000_00,2003,9,00,False,False,False
31004_20030923_1200_12,2003,9,12,False,False,True
31004_20030924_0000_00,2003,9,00,True,False,False
31004_20030924_1200_12,2003,9,12,False,False,False
31004_20030925_0000_00,2003,9,00,True,False,False
31004_20030925_1200_12,2003,9,12,True,False,False
31004_20030926_0000_00,2003,9,00,False,False,False
31004_20030926_1200_12,2003,9,12,False,False,False
31004_20030927_0000_00,2003,9,00,False,False,False
31004_20030927_1200_12,2003,9,12,False,False,False
31004_20030928_0000_00,2003,9,00,False,False,False
31004_20030928_1200_12,2003,9,12,False,False,False
31004_20030929_0000_00,2003,9,00,False,False,True
31004_20030929_1200_12,2003,9,12,False,False,True
31004_20030930_0000_00,2003,9,00,False,True,False
31004_20030930_1200_12,2003,9,12,False,False,False
31004_20031001_0000_00,2003,10,00,False,False,False
31004_20031001_1200_12,2003,10,12,False,False,True
31004_20031002_0000_00,2003,10,00,False,False,True
31004_20031002_1200_12,2003,10,12,True,False,True
31004_20031003_0000_00,2003,10,00,False,False,True
31004_20031003_1200_12,2003,10,12,False,False,False
31004_20031004_0000_00,2003,10,00,False,False,False
31004_20031004_1200_12,2003,10,12,False,False,False
31004_20031005_0000_00,2003,10,00,False,False,True
31004_20031005_1200_12,2003,10,12,False,False,False
31004_20031006_0000_00,2003,10,00,False,False,False
31004_20031007_0000_00,2003,10,00,False,False,True
31004_20031008_0000_00,2003,10,00,False,False,False
31004_20031009_0000_00,2003,10,00,False,False,False
31004_20031010_0000_00,2003,10,00,False,False,False
31004_20031011_0000_00,2003,10,00,False,False,True
31004_20031012_0000_00,2003,10,00,False,False,True
31004_20031013_0000_00,2003,10,00,False,False,True
31004_20031014_0000_00,2003,10,00,False,False,False
31004_20031015_0000_00,2003,10,00,False,False,False
31004_20031016_0000_00,2003,10,00,True,False,False
31004_20031017_0000_00,2003,10,00,False,False,False
31004_20031018_0000_00,2003,10,00,False,False,True
31004_20031019_0000_00,2003,10,00,False,False,True
31004_20031020_0000_00,2003,10,00,False,False,False
31004_20031021_0000_00,2003,10,00,False,False,False
31004_20031022_0000_00,2003,10,00,True,False,False
31004_20031023_0000_00,2003,10,00,True,False,False
31004_20031024_0000_00,2003,10,00,True,False,False
31004_20031025_0000_00,2003,10,00,False,False,True
31004_20031026_0000_00,2003,10,00,False,False,True
31004_20031027_0000_00,2003,10,00,False,False,True
31004_20031028_0000_00,2003,10,00,False,False,True
31004_20031029_0000_00,2003,10,00,False,False,False
31004_20031030_0000_00,2003,10,00,False,False,True
31004_20031031_0000_00,2003,10,00,True,False,False
31004_20031101_0000_00,2003,11,00,True,False,False
31004_20031102_0000_00,2003,11,00,False,False,False
31004_20031103_0000_00,2003,11,00,False,False,True
31004_20031104_0000_00,2003,11,00,False,False,False
31004_20031105_0000_00,2003,11,00,False,False,False
31004_20031106_0000_00,2003,11,00,False,False,True
31004_20031107_0000_00,2003,11,00,False,False,True
31004_20031108_0000_00,2003,11,00,False,False,True
31004_20031109_0000_00,2003,11,00,True,False,True
31004_20031110_0000_00,2003,11,00,False,False,True
31004_20031111_0000_00,2003,11,00,False,False,False
31004_20031112_0000_00,2003,11,00,False,False,False
31004_20031113_0000_00,2003,11,00,False,False,False
31004_20031114_0000_00,2003,11,00,False,False,True
31004_20031115_0000_00,2003,11,00,False,False,False
31004_20031116_0000_00,2003,11,00,False,False,True
31004_20031117_0000_00,2003,11,00,False,False,False
31004_20031118_0000_00,2003,11,00,False,False,False
31004_20031119_0000_00,2003,11,00,False,False,False
31004_20031120_0000_00,2003,11,00,False,False,True
31004_20031121_0000_00,2003,11,00,True,False,False
31004_20031122_0000_00,2003,11,00,False,False,False
31004_20031123_0000_00,2003,11,00,True,False,False
31004_20031124_0000_00,2003,11,00,True,False,False
31004_20031125_0000_00,2003,11,00,False,False,False
31004_20031126_0000_00,2003,11,00,True,False,False
31004_20031127_0000_00,2003,11,00,False,False,False
31004_20031128_0000_00,2003,11,00,False,False,False
31004_20031129_0000_00,2003,11,00,False,False,False
31004_20031130_0000_00,2003,11,00,False,False,False
31004_20031201_0000_00,2003,12,00,True,False,False
31004_20031202_0000_00,2003,12,00,False,False,False
31004_20031203_0000_00,2003,12,00,False,False,True
31004_20031204_0000_00,2003,12,00,False,False,True
31004_20031205_0000_00,2003,12,00,False,False,False
31004_20031206_0000_00,2003,12,00,False,False,False
31004_20031207_0000_00,2003,12,00,False,False,False
31004_20031208_0000_00,2003,12,00,False,False,True
31004_20031209_0000_00,2003,12,00,False,False,False
31004_20031210_0000_00,2003,12,00,False,False,True
31004_20031211_0000_00,2003,12,00,False,False,True
31004_20031212_0000_00,2003,12,00,False,False,False
31004_20031213_0000_00,2003,12,00,False,False,False
31004_20031214_0000_00,2003,12,00,False,False,True
31004_20031215_0000_00,2003,12,00,False,False,True
31004_20031216_0000_00,2003,12,00,False,False,True
31004_20031217_0000_00,2003,12,00,True,False,True
31004_20031218_0000_00,2003,12,00,True,False,True
31004_20031219_0000_00,2003,12,00,False,False,True
31004_20031220_0000_00,2003,12,00,False,False,False
31004_20031221_0000_00,2003,12,00,False,False,False
31004_20031222_0000_00,2003,12,00,True,False,False
31004_20031223_0000_00,2003,12,00,False,False,False
31004_20031224_0000_00,2003,12,00,True,False,False
31004_20031225_0000_00,2003,12,00,False,False,False
31004_20031226_0000_00,2003,12,00,False,False,False
31004_20031227_0000_00,2003,12,00,False,False,False
31004_20031228_0000_00,2003,12,00,False,False,False
31004_20031229_0000_00,2003,12,00,False,False,True
31004_20031230_0000_00,2003,12,00,False,False,False
31004_20031231_0000_00,2003,12,00,False,False,False
31004_20040101_0000_00,2004,1,00,False,False,True
31004_20040102_0000_00,2004,1,00,False,False,False
31004_20040103_0000_00,2004,1,00,False,False,False
31004_20040104_0000_00,2004,1,00,False,False,False
31004_20040105_0000_00,2004,1,00,True,False,False
31004_20040106_0000_00,2004,1,00,False,False,False
31004_20040107_0000_00,2004,1,00,False,False,False
31004_20040108_0000_00,2004,1,00,False,False,False
31004_20040109_0000_00,2004,1,00,False,False,False
31004_20040110_0000_00,2004,1,00,False,False,False
31004_20040111_0000_00,2004,1,00,False,False,False
31004_20040112_0000_00,2004,1,00,False,False,True
31004_20040113_0000_00,2004,1,00,False,False,True
31004_20040114_0000_00,2004,1,00,True,False,False
31004_20040115_0000_00,2004,1,00,False,False,True
31004_20040116_0000_00,2004,1,00,False,False,False
31004_20040117_0000_00,2004,1,00,False,False,False
31004_20040118_0000_00,2004,1,00,True,False,False
31004_20040119_0000_00,2004,1,00,False,False,False
31004_20040120_0000_00,2004,1,00,False,False,False
31004_20040121_0000_00,2004,1,00,False,False,False
31004_20040122_0000_00,2004,1,00,False,False,False
31004_20040123_0000_00,2004,1,00,False,False,True
31004_20040124_0000_00,2004,1,00,False,False,True
31004_20040125_0000_00,2004,1,00,False,False,True
31004_20040126_0000_00,2004,1,00,False,True,False
31004_20040127_0000_00,2004,1,00,False,False,True
31004_20040128_0000_00,2004,1,00,True,False,False
31004_20040129_0000_00,2004,1,00,False,False,True
31004_20040131_0000_00,2004,1,00,False,False,True
31004_20040201_0000_00,2004,2,00,False,False,False
31004_20040202_0000_00,2004,2,00,False,False,False
31004_20040203_0000_00,2004,2,00,False,False,True
31004_20040204_0000_00,2004,2,00,True,False,False
31004_20040205_0000_00,2004,2,00,True,False,False
31004_20040206_0000_00,2004,2,00,False,False,True
31004_20040207_0000_00,2004,2,00,True,False,False
31004_20040208_0000_00,2004,2,00,False,False,False
31004_20040209_0000_00,2004,2,00,False,False,False
31004_20040210_0000_00,2004,2,00,False,False,True
31004_20040211_0000_00,2004,2,00,True,False,False
31004_20040213_0000_00,2004,2,00,False,False,False
31004_20040214_0000_00,2004,2,00,True,False,False
31004_20040215_0000_00,2004,2,00,True,False,False
31004_20040216_0000_00,2004,2,00,False,False,False
31004_20040217_0000_00,2004,2,00,True,False,False
31004_20040218_0000_00,2004,2,00,False,False,False
31004_20040219_0000_00,2004,2,00,False,False,False
31004_20040221_0000_00,2004,2,00,False,False,True
31004_20040222_0000_00,2004,2,00,True,False,False
31004_20040223_0000_00,2004,2,00,True,False,False
31004_20040224_0000_00,2004,2,00,True,False,False
31004_20040225_0000_00,2004,2,00,False,False,False
31004_20040226_0000_00,2004,2,00,False,False,False
31004_20040227_0000_00,2004,2,00,False,False,False
31004_20040228_0000_00,2004,2,00,False,False,True
31004_20040301_0000_00,2004,3,00,True,False,False
31004_20040302_0000_00,2004,3,00,True,False,True
31004_20040303_0000_00,2004,3,00,False,False,True
31004_20040304_0000_00,2004,3,00,False,False,False
31004_20040305_0000_00,2004,3,00,False,False,False
31004_20040306_0000_00,2004,3,00,False,False,True
31004_20040307_0000_00,2004,3,00,False,False,False
31004_20040308_0000_00,2004,3,00,False,False,False
31004_20040309_0000_00,2004,3,00,False,False,True
31004_20040310_0000_00,2004,3,00,False,False,False
31004_20040311_0000_00,2004,3,00,False,False,False
31004_20040312_0000_00,2004,3,00,True,False,False
31004_20040313_0000_00,2004,3,00,True,False,False
31004_20040314_0000_00,2004,3,00,True,False,False
31004_20040315_0000_00,2004,3,00,False,False,False
31004_20040316_0000_00,2004,3,00,False,False,False
31004_20040317_0000_00,2004,3,00,False,False,False
31004_20040318_0000_00,2004,3,00,True,False,False
31004_20040319_0000_00,2004,3,00,False,False,False
31004_20040320_0000_00,2004,3,00,False,False,False
31004_20040321_0000_00,2004,3,00,False,False,False
31004_20040322_0000_00,2004,3,00,False,False,False
31004_20040323_0000_00,2004,3,00,False,False,False
31004_20040325_0000_00,2004,3,00,False,False,False
31004_20040326_0000_00,2004,3,00,False,False,True
31004_20040327_0000_00,2004,3,00,False,False,False
31004_20040328_0000_00,2004,3,00,True,False,False
31004_20040329_0000_00,2004,3,00,False,False,True
31004_20040330_0000_00,2004,3,00,False,False,True
31004_20040331_0000_00,2004,3,00,False,True,True
31004_20040401_0000_00,2004,4,00,False,False,False
31004_20040402_0000_00,2004,4,00,False,False,False
31004_20040403_0000_00,2004,4,00,True,False,False
31004_20040404_0000_00,2004,4,00,False,False,False
31004_20040405_0000_00,2004,4,00,False,False,False
31004_20040406_0000_00,2004,4,00,False,False,False
31004_20040407_0000_00,2004,4,00,False,False,False
31004_20040408_0000_00,2004,4,00,False,False,False
31004_20040409_0000_00,2004,4,00,True,False,False
31004_20040410_0000_00,2004,4,00,False,False,True
31004_20040411_0000_00,2004,4,00,False,False,True
31004_20040412_0000_00,2004,4,00,False,False,False
31004_20040413_0000_00,2004,4,00,False,False,False
31004_20040414_0000_00,2004,4,00,False,False,True
31004_20040415_0000_00,2004,4,00,False,False,True
31004_20040416_0000_00,2004,4,00,False,False,False
31004_20040417_0000_00,2004,4,00,False,False,True
31004_20040418_0000_00,2004,4,00,False,False,True
31004_20040419_0000_00,2004,4,00,False,False,False
31004_20040420_0000_00,2004,4,00,False,False,False
31004_20040421_0000_00,2004,4,00,False,False,False
31004_20040422_0000_00,2004,4,00,False,False,False
31004_20040423_0000_00,2004,4,00,False,False,False
31004_20040424_0000_00,2004,4,00,False,False,False
31004_20040425_0000_00,2004,4,00,False,False,False
31004_20040426_0000_00,2004,4,00,False,False,False
31004_20040427_0000_00,2004,4,00,False,False,False
31004_20040429_0000_00,2004,4,00,False,False,False
31004_20040430_0000_00,2004,4,00,False,False,False
31004_20040501_0000_00,2004,5,00,False,False,False
31004_20040502_0000_00,2004,5,00,False,False,False
31004_20040503_0000_00,2004,5,00,False,False,True
31004_20040504_0000_00,2004,5,00,False,False,False
31004_20040505_0000_00,2004,5,00,False,False,False
31004_20040506_0000_00,2004,5,00,False,False,True
31004_20040507_0000_00,2004,5,00,False,False,False
31004_20040508_0000_00,2004,5,00,False,False,True
31004_20040509_0000_00,2004,5,00,False,False,False
31004_20040510_0000_00,2004,5,00,True,False,False
31004_20040511_0000_00,2004,5,00,False,False,False
31004_20040512_0000_00,2004,5,00,False,False,True
31004_20040513_0000_00,2004,5,00,False,False,False
31004_20040514_0000_00,2004,5,00,False,False,False
31004_20040515_0000_00,2004,5,00,False,False,False
31004_20040516_0000_00,2004,5,00,False,False,False
31004_20040517_0000_00,2004,5,00,False,False,False
31004_20040518_0000_00,2004,5,00,False,False,False
31004_20040519_0000_00,2004,5,00,False,False,False
31004_20040520_0000_00,2004,5,00,False,False,False
31004_20040521_0000_00,2004,5,00,False,False,False
31004_20040522_0000_00,2004,5,00,False,False,False
31004_20040523_0000_00,2004,5,00,False,False,False
31004_20040524_0000_00,2004,5,00,False,False,False
31004_20040525_0000_00,2004,5,00,False,False,False
31004_20040526_0000_00,2004,5,00,False,False,False
31004_20040527_0000_00,2004,5,00,False,False,True
31004_20040528_0000_00,2004,5,00,False,False,False
31004_20040529_0000_00,2004,5,00,False,False,True
31004_20040530_0000_00,2004,5,00,False,False,False
31004_20040531_0000_00,2004,5,00,False,False,False
31004_20040601_0000_00,2004,6,00,False,False,False
31004_20040602_0000_00,2004,6,00,False,False,False
31004_20040603_0000_00,2004,6,00,False,False,True
31004_20040604_0000_00,2004,6,00,False,False,False
31004_20040605_0000_00,2004,6,00,False,False,False
31004_20040606_0000_00,2004,6,00,True,False,False
31004_20040607_0000_00,2004,6,00,False,False,False
31004_20040608_0000_00,2004,6,00,False,False,False
31004_20040609_0000_00,2004,6,00,False,False,False
31004_20040611_0000_00,2004,6,00,False,False,False
31004_20040612_0000_00,2004,6,00,True,False,False
31004_20040613_0000_00,2004,6,00,False,False,True
31004_20040614_0000_00,2004,6,00,False,False,False
31004_20040615_0000_00,2004,6,00,False,False,False
31004_20040616_0000_00,2004,6,00,False,True,False
31004_20040617_0000_00,2004,6,00,False,False,False
31004_20040618_0000_00,2004,6,00,False,False,False
31004_20040619_0000_00,2004,6,00,False,False,False
31004_20040620_0000_00,2004,6,00,False,False,False
31004_20040622_0000_00,2004,6,00,True,False,True
31004_20040623_0000_00,2004,6,00,False,False,True
31004_20040624_0000_00,2004,6,00,False,False,True
31004_20040625_0000_00,2004,6,00,False,False,False
31004_20040626_0000_00,2004,6,00,False,False,False
31004_20040627_0000_00,2004,6,00,True,False,False
31004_20040628_0000_00,2004,6,00,False,False,False
31004_20040629_0000_00,2004,6,00,False,False,True
31004_20040630_0000_00,2004,6,00,False,False,False
31004_20040701_0000_00,2004,7,00,False,False,True
31004_20040702_0000_00,2004,7,00,False,False,True
31004_20040703_0000_00,2004,7,00,False,False,False
31004_20040704_0000_00,2004,7,00,False,False,False
31004_20040705_0000_00,2004,7,00,False,False,False
31004_20040706_0000_00,2004,7,00,False,False,False
31004_20040707_0000_00,2004,7,00,False,False,True
31004_20040708_0000_00,2004,7,00,False,False,False
31004_20040709_0000_00,2004,7,00,False,False,False
31004_20040710_0000_00,2004,7,00,False,False,False
31004_20040711_0000_00,2004,7,00,False,False,False
31004_20040712_0000_00,2004,7,00,False,False,False
31004_20040713_0000_00,2004,7,00,False,False,True
31004_20040715_0000_00,2004,7,00,False,False,False
31004_20040716_0000_00,2004,7,00,False,False,False
31004_20040717_0000_00,2004,7,00,False,False,True
31004_20040718_0000_00,2004,7,00,False,False,False
31004_20040719_0000_00,2004,7,00,False,False,False
31004_20040720_0000_00,2004,7,00,True,False,False
31004_20040721_0000_00,2004,7,00,False,False,False
31004_20040722_0000_00,2004,7,00,False,False,False
31004_20040723_0000_00,2004,7,00,False,False,False
31004_20040724_0000_00,2004,7,00,False,False,False
31004_20040725_0000_00,2004,7,00,False,False,False
31004_20040726_0000_00,2004,7,00,False,False,False
31004_20040727_0000_00,2004,7,00,False,False,True
31004_20040728_0000_00,2004,7,00,True,False,False
31004_20040729_0000_00,2004,7,00,False,False,True
31004_20040730_0000_00,2004,7,00,False,False,True
31004_20040731_0000_00,2004,7,00,False,False,True
31004_20040801_0000_00,2004,8,00,False,False,False
31004_20040802_0000_00,2004,8,00,False,False,True
31004_20040803_0000_00,2004,8,00,False,False,False
31004_20040804_0000_00,2004,8,00,False,False,False
31004_20040805_0000_00,2004,8,00,False,False,False
31004_20040806_0000_00,2004,8,00,False,False,False
31004_20040807_0000_00,2004,8,00,False,False,False
31004_20040808_0000_00,2004,8,00,True,False,False
31004_20040809_0000_00,2004,8,00,False,False,False
31004_20040810_0000_00,2004,8,00,False,False,True
31004_20040811_0000_00,2004,8,00,False,False,False
31004_20040812_0000_00,2004,8,00,False,False,True
31004_20040813_0000_00,2004,8,00,False,False,False
31004_20040814_0000_00,2004,8,00,False,False,False
31004_20040815_0000_00,2004,8,00,False,False,True
31004_20040816_0000_00,2004,8,00,False,False,False
31004_20040817_0000_00,2004,8,00,False,False,True
31004_20040818_0000_00,2004,8,00,False,False,True
31004_20040819_0000_00,2004,8,00,True,False,True
31004_20040820_0000_00,2004,8,00,False,False,False
31004_20040821_0000_00,2004,8,00,False,False,False
31004_20040822_0000_00,2004,8,00,False,False,True
31004_20040823_0000_00,2004,8,00,False,False,False
31004_20040824_0000_00,2004,8,00,True,False,False
31004_20040825_0000_00,2004,8,00,False,False,False
31004_20040826_0000_00,2004,8,00,False,False,False
31004_20040827_0000_00,2004,8,00,False,True,False
31004_20040828_0000_00,2004,8,00,False,False,False
31004_20040829_0000_00,2004,8,00,False,False,False
31004_20040830_0000_00,2004,8,00,False,False,False
31004_20040831_0000_00,2004,8,00,True,False,True
31004_20040901_0000_00,2004,9,00,False,False,True
31004_20040902_0000_00,2004,9,00,False,True,False
31004_20040903_0000_00,2004,9,00,True,False,False
31004_20040904_0000_00,2004,9,00,False,True,True
31004_20040905_0000_00,2004,9,00,False,False,False
31004_20040906_0000_00,2004,9,00,False,False,False
31004_20040907_0000_00,2004,9,00,False,True,False
31004_20040908_0000_00,2004,9,00,True,False,False
31004_20040909_0000_00,2004,9,00,False,False,False
31004_20040910_0000_00,2004,9,00,False,False,False
31004_20040911_0000_00,2004,9,00,False,False,False
31004_20040912_0000_00,2004,9,00,True,False,False
31004_20040913_0000_00,2004,9,00,False,False,False
31004_20040914_0000_00,2004,9,00,False,False,False
31004_20040915_0000_00,2004,9,00,True,False,False
31004_20040917_0000_00,2004,9,00,True,False,False
31004_20040918_0000_00,2004,9,00,False,False,False
31004_20040919_0000_00,2004,9,00,False,False,True
31004_20040920_0000_00,2004,9,00,False,False,False
31004_20040922_0000_00,2004,9,00,False,False,False
31004_20040923_0000_00,2004,9,00,False,True,False
31004_20040924_0000_00,2004,9,00,False,False,False
31004_20040925_0000_00,2004,9,00,False,False,True
31004_20040926_0000_00,2004,9,00,False,False,True
31004_20040927_0000_00,2004,9,00,False,False,True
31004_20040928_0000_00,2004,9,00,False,False,True
31004_20040929_0000_00,2004,9,00,False,False,False
31004_20040930_0000_00,2004,9,00,False,False,False
31004_20041001_0000_00,2004,10,00,False,False,False
31004_20041002_0000_00,2004,10,00,False,False,False
31004_20041003_0000_00,2004,10,00,True,False,False
31004_20041004_0000_00,2004,10,00,True,False,True
31004_20041005_0000_00,2004,10,00,False,False,True
31004_20041006_0000_00,2004,10,00,True,False,True
31004_20041007_0000_00,2004,10,00,False,False,False
31004_20041008_0000_00,2004,10,00,False,False,True
31004_20041009_0000_00,2004,10,00,False,False,False
31004_20041010_0000_00,2004,10,00,False,False,False
31004_20041012_0000_00,2004,10,00,False,False,False
31004_20041014_0000_00,2004,10,00,False,False,False
31004_20041015_0000_00,2004,10,00,False,False,True
31004_20041016_0000_00,2004,10,00,True,False,True
31004_20041017_0000_00,2004,10,00,False,False,False
31004_20041018_0000_00,2004,10,00,False,False,True
31004_20041019_0000_00,2004,10,00,True,False,False
31004_20041020_0000_00,2004,10,00,False,False,True
31004_20041021_0000_00,2004,10,00,True,False,True
31004_20041022_0000_00,2004,10,00,False,False,False
31004_20041023_0000_00,2004,10,00,True,False,False
31004_20041024_0000_00,2004,10,00,False,False,True
31004_20041025_0000_00,2004,10,00,True,False,False
31004_20041026_0000_00,2004,10,00,False,False,False
31004_20041027_0000_00,2004,10,00,False,False,False
31004_20041028_0000_00,2004,10,00,True,False,True
31004_20041029_0000_00,2004,10,00,False,False,False
31004_20041030_0000_00,2004,10,00,False,False,False
31004_20041031_0000_00,2004,10,00,False,False,True
31004_20041101_0000_00,2004,11,00,False,False,False
31004_20041102_0000_00,2004,11,00,False,False,False
31004_20041103_0000_00,2004,11,00,False,False,False
31004_20041104_0000_00,2004,11,00,False,False,True
31004_20041105_0000_00,2004,11,00,False,False,True
31004_20041106_0000_00,2004,11,00,False,False,True
31004_20041107_0000_00,2004,11,00,False,False,True
31004_20041108_0000_00,2004,11,00,False,False,True
31004_20041109_0000_00,2004,11,00,False,False,False
31004_20041110_0000_00,2004,11,00,False,False,True
31004_20041111_0000_00,2004,11,00,False,False,True
31004_20041112_0000_00,2004,11,00,False,False,False
31004_20041113_0000_00,2004,11,00,False,False,False
31004_20041114_0000_00,2004,11,00,False,False,False
31004_20041115_0000_00,2004,11,00,False,False,False
31004_20041116_0000_00,2004,11,00,False,False,False
31004_20041117_0000_00,2004,11,00,False,False,True
31004_20041119_0000_00,2004,11,00,False,False,False
31004_20041120_0000_00,2004,11,00,False,False,True
31004_20041121_0000_00,2004,11,00,False,False,False
31004_20041122_0000_00,2004,11,00,False,False,False
31004_20041123_0000_00,2004,11,00,False,False,True
31004_20041124_0000_00,2004,11,00,False,False,True
31004_20041125_0000_00,2004,11,00,False,False,True
31004_20041126_0000_00,2004,11,00,False,False,False
31004_20041127_0000_00,2004,11,00,False,False,True
31004_20041128_0000_00,2004,11,00,False,False,True
31004_20041129_0000_00,2004,11,00,False,False,False
31004_20041130_0000_00,2004,11,00,False,False,True
31004_20041201_0000_00,2004,12,00,True,False,True
31004_20041202_0000_00,2004,12,00,False,False,False
31004_20041203_0000_00,2004,12,00,False,False,False
31004_20041204_0000_00,2004,12,00,False,False,True
31004_20041205_0000_00,2004,12,00,True,False,False
31004_20041206_0000_00,2004,12,00,True,False,False
31004_20041207_0000_00,2004,12,00,False,False,True
31004_20041208_0000_00,2004,12,00,False,False,True
31004_20041209_0000_00,2004,12,00,True,False,False
31004_20041210_0000_00,2004,12,00,False,False,False
31004_20041211_0000_00,2004,12,00,False,False,False
31004_20041212_0000_00,2004,12,00,False,False,True
31004_20041213_0000_00,2004,12,00,True,False,False
31004_20041214_0000_00,2004,12,00,True,False,False
31004_20041215_0000_00,2004,12,00,True,False,False
31004_20041216_0000_00,2004,12,00,False,False,False
31004_20041217_0000_00,2004,12,00,False,False,False
31004_20041218_0000_00,2004,12,00,False,False,False
31004_20041219_0000_00,2004,12,00,False,False,True
31004_20041220_0000_00,2004,12,00,False,False,False
31004_20041221_0000_00,2004,12,00,False,False,True
31004_20041222_0000_00,2004,12,00,False,False,False
31004_20041223_0000_00,2004,12,00,False,False,False
31004_20041224_0000_00,2004,12,00,False,False,True
31004_20041225_0000_00,2004,12,00,False,False,True
31004_20041226_0000_00,2004,12,00,False,False,False
31004_20041227_0000_00,2004,12,00,False,False,True
31004_20041228_0000_00,2004,12,00,False,False,True
31004_20041229_0000_00,2004,12,00,False,False,True
31004_20041230_0000_00,2004,12,00,False,False,True
31004_20041231_0000_00,2004,12,00,False,False,False
31004_20041231_1200_12,2004,12,12,False,False,True
31004_20050101_0000_00,2005,1,00,False,False,True
31004_20050101_1200_12,2005,1,12,True,False,False
31004_20050102_0000_00,2005,1,00,True,False,False
31004_20050102_1200_12,2005,1,12,False,False,True
31004_20050103_0000_00,2005,1,00,False,False,True
31004_20050103_1200_12,2005,1,12,False,False,True
31004_20050104_0000_00,2005,1,00,False,False,True
31004_20050105_0000_00,2005,1,00,False,False,False
31004_20050105_1200_12,2005,1,12,False,False,False
31004_20050106_0000_00,2005,1,00,False,False,False
31004_20050106_1200_12,2005,1,12,False,False,False
31004_20050107_0000_00,2005,1,00,False,False,True
31004_20050107_1200_12,2005,1,12,False,False,True
31004_20050108_0000_00,2005,1,00,False,False,False
31004_20050108_1200_12,2005,1,12,False,False,True
31004_20050109_0000_00,2005,1,00,False,False,True
31004_20050109_1200_12,2005,1,12,False,False,False
31004_20050110_0000_00,2005,1,00,True,False,False
31004_20050110_1200_12,2005,1,12,True,False,False
31004_20050111_0000_00,2005,1,00,False,False,True
31004_20050111_1200_12,2005,1,12,False,False,True
31004_20050112_0000_00,2005,1,00,False,False,True
31004_20050112_1200_12,2005,1,12,False,False,True
31004_20050113_0000_00,2005,1,00,False,False,False
31004_20050113_1200_12,2005,1,12,False,False,True
31004_20050114_0000_00,2005,1,00,False,False,False
31004_20050114_1200_12,2005,1,12,False,False,False
31004_20050115_0000_00,2005,1,00,False,False,False
31004_20050115_1200_12,2005,1,12,False,False,True
31004_20050116_0000_00,2005,1,00,False,False,False
31004_20050116_1200_12,2005,1,12,True,False,False
31004_20050117_0000_00,2005,1,00,False,False,False
31004_20050117_1200_12,2005,1,12,False,False,True
31004_20050118_0000_00,2005,1,00,False,False,False
31004_20050118_1200_12,2005,1,12,False,False,True
31004_20050119_0000_00,2005,1,00,False,False,True
31004_20050119_1200_12,2005,1,12,True,False,False
31004_20050120_0000_00,2005,1,00,False,False,True
31004_20050120_1200_12,2005,1,12,False,False,True
31004_20050121_0000_00,2005,1,00,False,False,False
31004_20050121_1200_12,2005,1,12,True,False,False
31004_20050122_0000_00,2005,1,00,False,False,False
31004_20050122_1200_12,2005,1,12,False,False,False
31004_20050123_0000_00,2005,1,00,True,False,False
31004_20050123_1200_12,2005,1,12,True,False,False
31004_20050124_0000_00,2005,1,00,False,False,True
31004_20050124_1200_12,2005,1,12,True,False,False
31004_20050125_0000_00,2005,1,00,False,False,False
31004_20050125_1200_12,2005,1,12,False,False,True
31004_20050126_0000_00,2005,1,00,False,False,True
31004_20050126_1200_12,2005,1,12,False,False,True
31004_20050127_0000_00,2005,1,00,False,False,False
31004_20050127_1200_12,2005,1,12,False,False,True
31004_20050128_0000_00,2005,1,00,True,False,False
31004_20050128_1200_12,2005,1,12,False,False,False
31004_20050129_0000_00,2005,1,00,False,False,True
31004_20050129_1200_12,2005,1,12,True,False,False
31004_20050130_0000_00,2005,1,00,False,False,False
31004_20050130_1200_12,2005,1,12,False,False,True
31004_20050131_0000_00,2005,1,00,False,False,True
31004_20050131_1200_12,2005,1,12,False,False,True
31004_20050201_0000_00,2005,2,00,False,False,True
31004_20050201_1200_12,2005,2,12,False,False,True
31004_20050202_0000_00,2005,2,00,False,False,True
31004_20050202_1200_12,2005,2,12,False,False,True
31004_20050203_0000_00,2005,2,00,False,False,False
31004_20050203_1200_12,2005,2,12,False,False,False
31004_20050204_0000_00,2005,2,00,True,False,False
31004_20050204_1200_12,2005,2,12,False,False,True
31004_20050205_0000_00,2005,2,00,False,False,True
31004_20050205_1200_12,2005,2,12,False,False,True
31004_20050206_0000_00,2005,2,00,False,False,True
31004_20050206_1200_12,2005,2,12,False,False,True
31004_20050207_0000_00,2005,2,00,False,False,False
31004_20050207_1200_12,2005,2,12,True,False,False
31004_20050208_0000_00,2005,2,00,False,False,True
31004_20050208_1200_12,2005,2,12,False,False,True
31004_20050209_0000_00,2005,2,00,False,False,True
31004_20050209_1200_12,2005,2,12,False,False,True
31004_20050210_0000_00,2005,2,00,False,False,True
31004_20050210_1200_12,2005,2,12,False,True,True
31004_20050211_0000_00,2005,2,00,True,False,False
31004_20050211_1200_12,2005,2,12,True,False,True
31004_20050212_0000_00,2005,2,00,False,False,True
31004_20050212_1200_12,2005,2,12,False,False,False
31004_20050213_0000_00,2005,2,00,False,False,False
31004_20050213_1200_12,2005,2,12,False,False,True
31004_20050214_0000_00,2005,2,00,False,False,False
31004_20050214_1200_12,2005,2,12,False,False,True
31004_20050215_0000_00,2005,2,00,False,False,True
31004_20050215_1200_12,2005,2,12,False,False,False
31004_20050216_0000_00,2005,2,00,False,False,True
31004_20050216_1200_12,2005,2,12,False,False,True
31004_20050217_0000_00,2005,2,00,False,False,True
31004_20050217_1200_12,2005,2,12,False,False,False
31004_20050218_0000_00,2005,2,00,False,False,True
31004_20050218_1200_12,2005,2,12,False,False,True
31004_20050219_1200_12,2005,2,12,False,False,True
31004_20050220_0000_00,2005,2,00,False,False,True
31004_20050220_0100_00,2005,2,00,False,False,True
31004_20050220_1200_12,2005,2,12,False,False,False
31004_20050221_0000_00,2005,2,00,False,False,False
31004_20050221_1200_12,2005,2,12,True,False,False
31004_20050222_0000_00,2005,2,00,False,False,True
31004_20050222_1200_12,2005,2,12,True,False,False
31004_20050223_0000_00,2005,2,00,True,False,False
31004_20050223_1200_12,2005,2,12,False,False,True
31004_20050224_0000_00,2005,2,00,False,False,True
31004_20050224_1200_12,2005,2,12,False,False,False
31004_20050225_0000_00,2005,2,00,False,False,False
31004_20050225_1200_12,2005,2,12,False,False,True
31004_20050226_0000_00,2005,2,00,True,False,False
31004_20050226_1200_12,2005,2,12,False,True,False
31004_20050227_0000_00,2005,2,00,False,False,False
31004_20050227_1200_12,2005,2,12,True,False,False
31004_20050228_0000_00,2005,2,00,False,False,True
31004_20050228_1200_12,2005,2,12,True,False,False
31004_20050301_0000_00,2005,3,00,False,True,False
31004_20050301_1200_12,2005,3,12,False,False,False
31004_20050302_0000_00,2005,3,00,False,False,False
31004_20050302_1200_12,2005,3,12,False,False,False
31004_20050303_0000_00,2005,3,00,False,True,False
31004_20050303_1200_12,2005,3,12,False,False,True
31004_20050304_0000_00,2005,3,00,False,False,True
31004_20050304_1200_12,2005,3,12,True,False,False
31004_20050305_0000_00,2005,3,00,False,False,False
31004_20050305_1200_12,2005,3,12,False,False,False
31004_20050306_0000_00,2005,3,00,False,False,False
31004_20050306_1200_12,2005,3,12,False,False,False
31004_20050307_0000_00,2005,3,00,False,False,False
31004_20050307_1200_12,2005,3,12,False,False,False
31004_20050308_0000_00,2005,3,00,False,False,False
31004_20050308_1200_12,2005,3,12,True,False,False
31004_20050309_0000_00,2005,3,00,False,False,True
31004_20050309_1200_12,2005,3,12,False,False,True
31004_20050310_0000_00,2005,3,00,False,False,False
31004_20050310_1200_12,2005,3,12,False,False,False
31004_20050311_0000_00,2005,3,00,True,False,False
31004_20050311_1200_12,2005,3,12,False,False,True
31004_20050312_0000_00,2005,3,00,True,False,True
31004_20050312_1200_12,2005,3,12,False,False,True
31004_20050313_0000_00,2005,3,00,True,False,True
31004_20050313_1200_12,2005,3,12,True,False,False
31004_20050314_0000_00,2005,3,00,False,False,False
31004_20050314_1200_12,2005,3,12,False,False,False
31004_20050315_0000_00,2005,3,00,False,False,True
31004_20050316_0000_00,2005,3,00,False,False,False
31004_20050316_1200_12,2005,3,12,False,False,False
31004_20050317_0000_00,2005,3,00,False,False,False
31004_20050317_1200_12,2005,3,12,True,False,False
31004_20050318_1200_12,2005,3,12,False,False,False
31004_20050319_0000_00,2005,3,00,False,False,True
31004_20050319_1200_12,2005,3,12,True,False,False
31004_20050320_0000_00,2005,3,00,False,False,False
31004_20050320_1200_12,2005,3,12,True,False,False
31004_20050321_0000_00,2005,3,00,False,False,False
31004_20050321_1200_12,2005,3,12,True,False,False
31004_20050322_0000_00,2005,3,00,False,False,False
31004_20050322_1200_12,2005,3,12,True,False,False
31004_20050323_0000_00,2005,3,00,False,False,True
31004_20050323_1200_12,2005,3,12,True,False,False
31004_20050324_1200_12,2005,3,12,True,False,False
31004_20050325_0000_00,2005,3,00,False,False,False
31004_20050325_1200_12,2005,3,12,True,False,False
31004_20050326_0000_00,2005,3,00,True,False,True
31004_20050326_1200_12,2005,3,12,True,False,False
31004_20050327_0000_00,2005,3,00,True,False,True
31004_20050327_1200_12,2005,3,12,False,False,True
31004_20050328_0000_00,2005,3,00,True,False,False
31004_20050328_1200_12,2005,3,12,True,False,False
31004_20050329_0000_00,2005,3,00,False,False,False
31004_20050329_1200_12,2005,3,12,False,False,False
31004_20050330_0000_00,2005,3,00,False,False,False
31004_20050330_1200_12,2005,3,12,False,True,True
31004_20050331_0000_00,2005,3,00,False,False,False
31004_20050331_1200_12,2005,3,12,False,False,False
31004_20050401_0000_00,2005,4,00,False,False,False
31004_20050401_1200_12,2005,4,12,True,False,False
31004_20050402_0000_00,2005,4,00,False,False,True
31004_20050402_1200_12,2005,4,12,True,False,False
31004_20050403_0000_00,2005,4,00,False,False,True
31004_20050403_1200_12,2005,4,12,False,False,True
31004_20050404_0000_00,2005,4,00,False,False,False
31004_20050404_1200_12,2005,4,12,False,False,False
31004_20050405_0000_00,2005,4,00,False,False,False
31004_20050405_1200_12,2005,4,12,False,True,False
31004_20050406_0000_00,2005,4,00,False,False,True
31004_20050406_1200_12,2005,4,12,True,False,False
31004_20050407_0000_00,2005,4,00,False,False,True
31004_20050407_1200_12,2005,4,12,True,False,False
31004_20050408_0000_00,2005,4,00,False,False,False
31004_20050408_1200_12,2005,4,12,True,False,False
31004_20050409_0000_00,2005,4,00,False,False,False
31004_20050409_1200_12,2005,4,12,False,False,False
31004_20050410_0000_00,2005,4,00,False,False,False
31004_20050410_1200_12,2005,4,12,False,False,False
31004_20050411_0000_00,2005,4,00,False,False,False
31004_20050411_1200_12,2005,4,12,False,False,True
31004_20050412_0000_00,2005,4,00,False,False,False
31004_20050412_1200_12,2005,4,12,False,False,False
31004_20050413_0000_00,2005,4,00,False,False,True
31004_20050413_1200_12,2005,4,12,False,False,False
31004_20050414_0000_00,2005,4,00,False,False,False
31004_20050414_1200_12,2005,4,12,False,False,False
31004_20050415_0000_00,2005,4,00,False,False,False
31004_20050415_1200_12,2005,4,12,True,False,False
31004_20050416_0000_00,2005,4,00,False,False,False
31004_20050416_1200_12,2005,4,12,True,False,False
31004_20050417_0000_00,2005,4,00,False,False,True
31004_20050417_1200_12,2005,4,12,False,False,False
31004_20050418_0000_00,2005,4,00,False,False,False
31004_20050418_1200_12,2005,4,12,False,True,False
31004_20050419_0000_00,2005,4,00,False,False,False
31004_20050420_0000_00,2005,4,00,False,False,False
31004_20050420_1200_12,2005,4,12,False,True,False
31004_20050421_0000_00,2005,4,00,False,False,False
31004_20050421_1200_12,2005,4,12,False,False,False
31004_20050422_0000_00,2005,4,00,False,False,False
31004_20050422_1200_12,2005,4,12,False,True,True
31004_20050423_0000_00,2005,4,00,False,True,False
31004_20050423_1200_12,2005,4,12,False,False,False
31004_20050424_0000_00,2005,4,00,False,False,False
31004_20050424_1200_12,2005,4,12,False,False,True
31004_20050425_0000_00,2005,4,00,False,False,True
31004_20050425_1200_12,2005,4,12,False,False,False
31004_20050426_0000_00,2005,4,00,False,False,False
31004_20050426_1200_12,2005,4,12,False,False,False
31004_20050427_0000_00,2005,4,00,False,False,False
31004_20050427_1200_12,2005,4,12,True,False,False
31004_20050428_0000_00,2005,4,00,False,False,False
31004_20050428_1200_12,2005,4,12,False,False,False
31004_20050429_0000_00,2005,4,00,True,False,True
31004_20050429_1200_12,2005,4,12,False,False,False
31004_20050430_0000_00,2005,4,00,False,False,False
31004_20050501_0000_00,2005,5,00,False,False,False
31004_20050501_1200_12,2005,5,12,False,False,False
31004_20050502_0000_00,2005,5,00,False,False,False
31004_20050502_1200_12,2005,5,12,False,False,False
31004_20050503_0000_00,2005,5,00,False,False,False
31004_20050503_1200_12,2005,5,12,False,False,False
31004_20050504_0000_00,2005,5,00,False,False,True
31004_20050504_1200_12,2005,5,12,False,False,True
31004_20050505_0000_00,2005,5,00,False,False,False
31004_20050505_1200_12,2005,5,12,False,False,True
31004_20050506_0000_00,2005,5,00,False,False,False
31004_20050506_1200_12,2005,5,12,False,False,False
31004_20050507_0000_00,2005,5,00,False,False,False
31004_20050507_1200_12,2005,5,12,False,False,False
31004_20050508_0000_00,2005,5,00,False,False,False
31004_20050508_1200_12,2005,5,12,False,True,False
31004_20050509_0000_00,2005,5,00,False,False,False
31004_20050509_1200_12,2005,5,12,False,False,False
31004_20050510_0000_00,2005,5,00,False,False,False
31004_20050510_1200_12,2005,5,12,False,False,False
31004_20050511_0000_00,2005,5,00,False,False,False
31004_20050511_1200_12,2005,5,12,False,False,False
31004_20050512_0000_00,2005,5,00,False,False,False
31004_20050512_1200_12,2005,5,12,False,False,False
31004_20050513_0000_00,2005,5,00,False,False,False
31004_20050513_1200_12,2005,5,12,False,True,False
31004_20050514_0000_00,2005,5,00,False,False,False
31004_20050514_1200_12,2005,5,12,False,False,False
31004_20050515_0000_00,2005,5,00,False,False,False
31004_20050515_1200_12,2005,5,12,True,False,False
31004_20050516_0000_00,2005,5,00,False,False,False
31004_20050516_1200_12,2005,5,12,False,False,False
31004_20050517_1200_12,2005,5,12,False,False,False
31004_20050518_0000_00,2005,5,00,False,False,False
31004_20050518_1200_12,2005,5,12,False,False,False
31004_20050519_1200_12,2005,5,12,False,False,False
31004_20050520_0000_00,2005,5,00,False,False,False
31004_20050520_1200_12,2005,5,12,False,False,False
31004_20050521_0000_00,2005,5,00,False,False,False
31004_20050521_1200_12,2005,5,12,False,False,True
31004_20050522_0000_00,2005,5,00,False,False,False
31004_20050522_1200_12,2005,5,12,False,False,True
31004_20050523_0000_00,2005,5,00,False,False,False
31004_20050523_1200_12,2005,5,12,False,False,False
31004_20050524_0000_00,2005,5,00,False,False,True
31004_20050524_1200_12,2005,5,12,False,False,True
31004_20050525_0000_00,2005,5,00,False,False,False
31004_20050525_1200_12,2005,5,12,False,False,False
31004_20050526_0000_00,2005,5,00,False,False,False
31004_20050526_1200_12,2005,5,12,False,False,False
31004_20050527_0000_00,2005,5,00,False,False,False
31004_20050527_1200_12,2005,5,12,False,False,False
31004_20050528_0000_00,2005,5,00,False,False,False
31004_20050528_1200_12,2005,5,12,False,False,False
31004_20050529_0000_00,2005,5,00,False,False,False
31004_20050529_1200_12,2005,5,12,False,False,False
31004_20050530_0000_00,2005,5,00,False,True,False
31004_20050530_1200_12,2005,5,12,False,False,True
31004_20050531_0000_00,2005,5,00,False,False,True
31004_20050531_1200_12,2005,5,12,False,False,False
31004_20050601_0000_00,2005,6,00,False,False,False
31004_20050601_1200_12,2005,6,12,False,False,False
31004_20050602_0000_00,2005,6,00,False,False,False
31004_20050602_1200_12,2005,6,12,False,False,False
31004_20050603_0000_00,2005,6,00,False,False,True
31004_20050603_1200_12,2005,6,12,False,False,False
31004_20050604_0000_00,2005,6,00,False,False,False
31004_20050604_1200_12,2005,6,12,False,False,True
31004_20050605_0000_00,2005,6,00,False,False,False
31004_20050605_1200_12,2005,6,12,False,False,False
31004_20050606_0000_00,2005,6,00,False,False,True
31004_20050606_1200_12,2005,6,12,False,False,False
31004_20050607_0000_00,2005,6,00,False,False,False
31004_20050608_1200_12,2005,6,12,False,False,False
31004_20050609_0000_00,2005,6,00,False,False,False
31004_20050609_1200_12,2005,6,12,False,False,False
31004_20050610_0000_00,2005,6,00,False,False,False
31004_20050610_1200_12,2005,6,12,False,False,False
31004_20050611_0000_00,2005,6,00,True,False,False
31004_20050611_1200_12,2005,6,12,True,False,False
31004_20050612_0000_00,2005,6,00,False,False,False
31004_20050612_1200_12,2005,6,12,False,False,False
31004_20050613_0000_00,2005,6,00,False,False,False
31004_20050613_1200_12,2005,6,12,False,False,False
31004_20050614_0000_00,2005,6,00,False,False,True
31004_20050614_1200_12,2005,6,12,False,False,False
31004_20050615_0000_00,2005,6,00,False,False,False
31004_20050615_1200_12,2005,6,12,False,False,False
31004_20050616_0000_00,2005,6,00,True,False,False
31004_20050616_1200_12,2005,6,12,False,False,False
31004_20050617_0000_00,2005,6,00,True,False,False
31004_20050618_0000_00,2005,6,00,False,False,False
31004_20050618_1200_12,2005,6,12,True,False,False
31004_20050619_0000_00,2005,6,00,False,False,False
31004_20050619_1200_12,2005,6,12,False,False,False
31004_20050620_0000_00,2005,6,00,False,False,False
31004_20050620_1200_12,2005,6,12,False,False,False
31004_20050621_0000_00,2005,6,00,False,False,False
31004_20050621_1200_12,2005,6,12,False,False,False
31004_20050622_0000_00,2005,6,00,False,False,False
31004_20050622_1200_12,2005,6,12,False,False,False
31004_20050623_0000_00,2005,6,00,False,False,True
31004_20050623_1200_12,2005,6,12,False,False,False
31004_20050624_0000_00,2005,6,00,False,False,False
31004_20050625_0000_00,2005,6,00,False,False,False
31004_20050625_1200_12,2005,6,12,False,False,False
31004_20050626_0000_00,2005,6,00,False,False,False
31004_20050626_1200_12,2005,6,12,False,False,False
31004_20050627_0000_00,2005,6,00,False,False,False
31004_20050627_1200_12,2005,6,12,False,False,False
31004_20050628_0000_00,2005,6,00,False,False,False
31004_20050628_1200_12,2005,6,12,False,False,False
31004_20050629_0000_00,2005,6,00,False,False,False
31004_20050629_1200_12,2005,6,12,False,False,False
31004_20050630_0000_00,2005,6,00,False,False,False
31004_20050630_1200_12,2005,6,12,False,False,False
31004_20050701_0000_00,2005,7,00,False,False,False
31004_20050702_0000_00,2005,7,00,False,False,False
31004_20050702_1200_12,2005,7,12,False,False,False
31004_20050703_0000_00,2005,7,00,False,False,False
31004_20050703_1200_12,2005,7,12,False,False,False
31004_20050704_0000_00,2005,7,00,False,False,True
31004_20050704_1200_12,2005,7,12,False,False,False
31004_20050705_0000_00,2005,7,00,False,False,False
31004_20050705_1200_12,2005,7,12,False,False,False
31004_20050707_0000_00,2005,7,00,False,False,False
31004_20050714_1200_12,2005,7,12,True,False,False
31004_20050715_0000_00,2005,7,00,False,False,False
31004_20050716_0000_00,2005,7,00,False,False,True
31004_20050716_1200_12,2005,7,12,False,False,False
31004_20050717_0000_00,2005,7,00,False,False,False
31004_20050717_1200_12,2005,7,12,False,False,False
31004_20050718_0000_00,2005,7,00,False,False,False
31004_20050718_1200_12,2005,7,12,False,False,False
31004_20050719_1200_12,2005,7,12,False,False,False
31004_20050720_0000_00,2005,7,00,False,False,False
31004_20050720_1200_12,2005,7,12,False,False,False
31004_20050721_0000_00,2005,7,00,False,False,False
31004_20050721_1200_12,2005,7,12,False,False,False
31004_20050722_1200_12,2005,7,12,True,False,False
31004_20050723_0000_00,2005,7,00,False,False,True
31004_20050723_1200_12,2005,7,12,False,False,False
31004_20050724_0000_00,2005,7,00,False,False,False
31004_20050724_1200_12,2005,7,12,False,False,False
31004_20050725_0000_00,2005,7,00,False,False,False
31004_20050725_1200_12,2005,7,12,False,False,False
31004_20050726_0000_00,2005,7,00,False,False,False
31004_20050726_1200_12,2005,7,12,False,True,True
31004_20050727_0000_00,2005,7,00,False,False,False
31004_20050727_1200_12,2005,7,12,False,False,False
31004_20050728_0000_00,2005,7,00,False,False,False
31004_20050728_1200_12,2005,7,12,True,False,True
31004_20050729_0000_00,2005,7,00,False,False,False
31004_20050729_1200_12,2005,7,12,False,False,True
31004_20050730_0000_00,2005,7,00,False,False,True
31004_20050730_1200_12,2005,7,12,False,False,False
31004_20050731_0000_00,2005,7,00,True,False,False
31004_20050731_1200_12,2005,7,12,False,False,False
31004_20050801_0000_00,2005,8,00,False,False,False
31004_20050801_1200_12,2005,8,12,False,False,False
31004_20050802_0000_00,2005,8,00,False,False,False
31004_20050802_1200_12,2005,8,12,False,False,True
31004_20050803_0000_00,2005,8,00,False,False,False
31004_20050803_1200_12,2005,8,12,False,False,True
31004_20050804_0000_00,2005,8,00,False,False,False
31004_20050804_1200_12,2005,8,12,False,False,False
31004_20050805_0000_00,2005,8,00,False,False,False
31004_20050805_1200_12,2005,8,12,False,False,False
31004_20050806_0000_00,2005,8,00,False,False,True
31004_20050806_1200_12,2005,8,12,True,False,False
31004_20050807_0000_00,2005,8,00,False,False,True
31004_20050808_0000_00,2005,8,00,False,False,False
31004_20050808_1200_12,2005,8,12,False,False,False
31004_20050809_0000_00,2005,8,00,False,False,True
31004_20050809_1200_12,2005,8,12,False,False,False
31004_20050810_0000_00,2005,8,00,False,False,False
31004_20050810_1200_12,2005,8,12,True,False,False
31004_20050811_0000_00,2005,8,00,False,False,False
31004_20050811_1200_12,2005,8,12,False,False,False
31004_20050812_0000_00,2005,8,00,False,False,True
31004_20050812_1200_12,2005,8,12,False,False,False
31004_20050813_0000_00,2005,8,00,False,False,False
31004_20050813_1200_12,2005,8,12,False,False,True
31004_20050814_0000_00,2005,8,00,False,False,True
31004_20050814_1200_12,2005,8,12,False,False,True
31004_20050815_0000_00,2005,8,00,False,False,False
31004_20050815_1200_12,2005,8,12,False,False,False
31004_20050816_0000_00,2005,8,00,False,False,False
31004_20050816_1200_12,2005,8,12,False,False,False
31004_20050817_0000_00,2005,8,00,False,False,False
31004_20050817_1200_12,2005,8,12,False,False,False
31004_20050818_0000_00,2005,8,00,False,False,False
31004_20050818_1200_12,2005,8,12,False,False,False
31004_20050819_0000_00,2005,8,00,False,False,False
31004_20050819_1200_12,2005,8,12,False,False,False
31004_20050820_0000_00,2005,8,00,False,False,True
31004_20050820_1200_12,2005,8,12,True,False,False
31004_20050821_0000_00,2005,8,00,False,False,False
31004_20050821_1200_12,2005,8,12,True,False,False
31004_20050822_0000_00,2005,8,00,False,False,False
31004_20050822_1200_12,2005,8,12,True,False,False
31004_20050823_0000_00,2005,8,00,False,False,False
31004_20050823_1200_12,2005,8,12,True,False,True
31004_20050824_0000_00,2005,8,00,True,False,False
31004_20050824_1200_12,2005,8,12,True,False,False
31004_20050825_0000_00,2005,8,00,False,False,False
31004_20050825_1200_12,2005,8,12,True,False,False
31004_20050826_0000_00,2005,8,00,False,False,False
31004_20050826_1200_12,2005,8,12,False,False,False
31004_20050827_0000_00,2005,8,00,False,False,True
31004_20050827_1200_12,2005,8,12,False,False,False
31004_20050828_0000_00,2005,8,00,False,False,False
31004_20050828_1200_12,2005,8,12,False,False,False
31004_20050829_0000_00,2005,8,00,False,False,True
31004_20050830_1200_12,2005,8,12,False,False,True
31004_20050831_0000_00,2005,8,00,False,True,False
31004_20050831_1200_12,2005,8,12,False,False,True
31004_20050901_0000_00,2005,9,00,False,False,False
31004_20050901_1200_12,2005,9,12,False,False,True
31004_20050902_0000_00,2005,9,00,False,False,True
31004_20050902_1200_12,2005,9,12,True,False,False
31004_20050903_0000_00,2005,9,00,False,True,False
31004_20050903_1200_12,2005,9,12,True,False,False
31004_20050904_0000_00,2005,9,00,False,True,False
31004_20050904_1200_12,2005,9,12,True,False,False
31004_20050905_0000_00,2005,9,00,True,False,False
31004_20050905_1200_12,2005,9,12,False,True,False
31004_20050906_0000_00,2005,9,00,False,True,False
31004_20050906_1200_12,2005,9,12,False,False,False
31004_20050907_0000_00,2005,9,00,False,False,False
31004_20050907_1200_12,2005,9,12,False,False,True
31004_20050908_0000_00,2005,9,00,True,False,True
31004_20050908_1200_12,2005,9,12,True,False,True
31004_20050909_0000_00,2005,9,00,True,False,False
31004_20050909_1200_12,2005,9,12,True,False,True
31004_20050910_0000_00,2005,9,00,False,False,True
31004_20050910_1200_12,2005,9,12,False,False,True
31004_20050911_0000_00,2005,9,00,False,False,False
31004_20050911_1200_12,2005,9,12,True,False,False
31004_20050912_0000_00,2005,9,00,False,False,False
31004_20050912_1200_12,2005,9,12,True,False,False
31004_20050913_0000_00,2005,9,00,False,True,True
31004_20050913_1200_12,2005,9,12,False,False,False
31004_20050914_0000_00,2005,9,00,False,False,False
31004_20050914_1200_12,2005,9,12,False,False,False
31004_20050915_0000_00,2005,9,00,False,False,False
31004_20050915_1200_12,2005,9,12,True,False,True
31004_20050916_0000_00,2005,9,00,False,True,False
31004_20050916_1200_12,2005,9,12,False,False,False
31004_20050917_0000_00,2005,9,00,False,False,False
31004_20050917_1200_12,2005,9,12,True,False,True
31004_20050918_0000_00,2005,9,00,True,False,False
31004_20050918_1200_12,2005,9,12,True,False,True
31004_20050919_0000_00,2005,9,00,False,False,True
31004_20050919_1200_12,2005,9,12,False,False,False
31004_20050920_0000_00,2005,9,00,False,False,True
31004_20050920_1200_12,2005,9,12,False,False,True
31004_20050921_0000_00,2005,9,00,False,False,False
31004_20050921_1200_12,2005,9,12,True,False,False
31004_20050922_0000_00,2005,9,00,False,False,False
31004_20050922_1200_12,2005,9,12,True,False,False
31004_20050923_0000_00,2005,9,00,True,False,False
31004_20050923_1200_12,2005,9,12,True,False,False
31004_20050924_0000_00,2005,9,00,True,False,False
31004_20050924_1200_12,2005,9,12,True,False,False
31004_20050925_0000_00,2005,9,00,True,False,False
31004_20050925_1200_12,2005,9,12,False,False,False
31004_20050926_0000_00,2005,9,00,False,False,False
31004_20050926_1200_12,2005,9,12,True,False,False
31004_20050927_0000_00,2005,9,00,False,False,False
31004_20050927_1200_12,2005,9,12,False,False,False
31004_20050928_0000_00,2005,9,00,False,False,False
31004_20050928_1200_12,2005,9,12,False,False,False
31004_20050929_0000_00,2005,9,00,False,False,True
31004_20050929_1200_12,2005,9,12,True,False,True
31004_20050930_0000_00,2005,9,00,False,False,False
31004_20050930_1200_12,2005,9,12,False,False,False
31004_20051001_0000_00,2005,10,00,False,False,False
31004_20051001_1200_12,2005,10,12,False,False,False
31004_20051002_0000_00,2005,10,00,False,False,False
31004_20051002_1200_12,2005,10,12,False,False,True
31004_20051003_0000_00,2005,10,00,False,False,False
31004_20051003_1200_12,2005,10,12,False,False,True
31004_20051004_1200_12,2005,10,12,False,False,True
31004_20051005_0000_00,2005,10,00,False,False,True
31004_20051005_1200_12,2005,10,12,True,False,False
31004_20051006_0000_00,2005,10,00,False,False,False
31004_20051006_1200_12,2005,10,12,True,False,False
31004_20051007_0000_00,2005,10,00,False,False,False
31004_20051007_1200_12,2005,10,12,False,False,False
31004_20051008_0000_00,2005,10,00,False,False,False
31004_20051008_1200_12,2005,10,12,True,False,True
31004_20051009_0000_00,2005,10,00,True,False,False
31004_20051009_1200_12,2005,10,12,False,False,False
31004_20051010_0000_00,2005,10,00,False,False,False
31004_20051010_1200_12,2005,10,12,True,False,False
31004_20051011_0000_00,2005,10,00,True,False,False
31004_20051011_1200_12,2005,10,12,False,False,False
31004_20051012_0000_00,2005,10,00,False,False,False
31004_20051012_1200_12,2005,10,12,False,False,False
31004_20051013_0000_00,2005,10,00,False,False,True
31004_20051013_1200_12,2005,10,12,False,False,False
31004_20051014_0000_00,2005,10,00,False,False,True
31004_20051015_0000_00,2005,10,00,False,False,False
31004_20051015_1200_12,2005,10,12,True,False,False
31004_20051016_0000_00,2005,10,00,False,False,False
31004_20051016_1200_12,2005,10,12,True,False,True
31004_20051017_0000_00,2005,10,00,False,False,False
31004_20051017_1200_12,2005,10,12,True,False,False
31004_20051018_0000_00,2005,10,00,False,False,False
31004_20051018_1200_12,2005,10,12,False,False,False
31004_20051019_0000_00,2005,10,00,False,False,False
31004_20051019_1200_12,2005,10,12,False,False,True
31004_20051020_0000_00,2005,10,00,False,False,True
31004_20051020_1200_12,2005,10,12,False,False,False
31004_20051021_0000_00,2005,10,00,False,False,True
31004_20051021_1200_12,2005,10,12,False,False,False
31004_20051022_0000_00,2005,10,00,True,False,False
31004_20051022_1200_12,2005,10,12,False,False,False
31004_20051023_0000_00,2005,10,00,False,False,False
31004_20051023_1200_12,2005,10,12,True,False,False
31004_20051024_0000_00,2005,10,00,False,False,False
31004_20051025_0000_00,2005,10,00,False,False,True
31004_20051025_1200_12,2005,10,12,False,False,True
31004_20051026_0000_00,2005,10,00,False,False,True
31004_20051026_1200_12,2005,10,12,False,False,False
31004_20051027_0000_00,2005,10,00,False,False,False
31004_20051027_1200_12,2005,10,12,False,False,False
31004_20051028_0000_00,2005,10,00,False,False,False
31004_20051028_1200_12,2005,10,12,False,False,False
31004_20051029_0000_00,2005,10,00,False,False,False
31004_20051029_1200_12,2005,10,12,True,False,False
31004_20051030_0000_00,2005,10,00,False,False,False
31004_20051030_1200_12,2005,10,12,False,False,False
31004_20051031_0000_00,2005,10,00,False,False,False
31004_20051031_1200_12,2005,10,12,False,False,False
31004_20051101_0000_00,2005,11,00,False,False,False
31004_20051101_1200_12,2005,11,12,True,False,False
31004_20051102_0000_00,2005,11,00,True,False,False
31004_20051102_1200_12,2005,11,12,False,False,True
31004_20051103_0000_00,2005,11,00,False,False,False
31004_20051103_1200_12,2005,11,12,False,False,False
31004_20051104_1200_12,2005,11,12,False,False,False
31004_20051105_1200_12,2005,11,12,False,False,False
31004_20051106_0000_00,2005,11,00,True,False,True
31004_20051106_1200_12,2005,11,12,False,False,False
31004_20051107_0000_00,2005,11,00,False,False,True
31004_20051107_1200_12,2005,11,12,False,False,True
31004_20051108_0000_00,2005,11,00,False,False,False
31004_20051108_1200_12,2005,11,12,False,False,False
31004_20051109_0000_00,2005,11,00,False,False,True
31004_20051109_1200_12,2005,11,12,False,False,True
31004_20051110_0000_00,2005,11,00,False,False,True
31004_20051110_1200_12,2005,11,12,False,False,True
31004_20051111_0000_00,2005,11,00,False,False,False
31004_20051111_1200_12,2005,11,12,False,False,True
31004_20051112_0000_00,2005,11,00,False,False,True
31004_20051112_1200_12,2005,11,12,False,False,True
31004_20051113_0000_00,2005,11,00,False,False,True
31004_20051113_1200_12,2005,11,12,True,False,True
31004_20051114_0000_00,2005,11,00,False,False,True
31004_20051114_1200_12,2005,11,12,False,False,True
31004_20051115_0000_00,2005,11,00,False,False,False
31004_20051115_1200_12,2005,11,12,False,False,True
31004_20051116_0000_00,2005,11,00,False,False,True
31004_20051116_1200_12,2005,11,12,True,False,False
31004_20051117_0000_00,2005,11,00,True,False,False
31004_20051117_1200_12,2005,11,12,True,False,False
31004_20051118_0000_00,2005,11,00,True,False,False
31004_20051118_1200_12,2005,11,12,True,False,False
31004_20051119_0000_00,2005,11,00,True,False,False
31004_20051119_1200_12,2005,11,12,False,False,False
31004_20051120_0000_00,2005,11,00,True,False,False
31004_20051120_1200_12,2005,11,12,False,True,False
31004_20051121_0000_00,2005,11,00,True,False,False
31004_20051121_1200_12,2005,11,12,True,False,False
31004_20051122_0000_00,2005,11,00,True,False,False
31004_20051122_1200_12,2005,11,12,False,False,False
31004_20051123_0000_00,2005,11,00,False,False,False
31004_20051123_1200_12,2005,11,12,False,False,False
31004_20051124_0000_00,2005,11,00,True,False,False
31004_20051124_1200_12,2005,11,12,False,False,False
31004_20051125_0000_00,2005,11,00,False,False,False
31004_20051125_1200_12,2005,11,12,True,False,True
31004_20051126_0000_00,2005,11,00,False,False,True
31004_20051126_1200_12,2005,11,12,True,False,False
31004_20051127_0000_00,2005,11,00,False,False,True
31004_20051127_1200_12,2005,11,12,True,False,False
31004_20051128_0000_00,2005,11,00,True,False,True
31004_20051128_1200_12,2005,11,12,True,False,True
31004_20051129_0000_00,2005,11,00,True,False,False
31004_20051129_1200_12,2005,11,12,False,False,False
31004_20051130_0000_00,2005,11,00,False,False,False
31004_20051130_1200_12,2005,11,12,False,False,False
31004_20051201_0000_00,2005,12,00,False,False,True
31004_20051201_1200_12,2005,12,12,True,False,False
31004_20051202_0000_00,2005,12,00,False,False,False
31004_20051202_1200_12,2005,12,12,False,False,False
31004_20051203_0000_00,2005,12,00,False,False,True
31004_20051205_0000_00,2005,12,00,False,False,False
31004_20051205_1200_12,2005,12,12,False,False,False
31004_20051206_0000_00,2005,12,00,False,False,True
31004_20051206_1200_12,2005,12,12,False,False,True
31004_20051207_0000_00,2005,12,00,True,False,False
31004_20051207_1200_12,2005,12,12,False,False,False
31004_20051208_0000_00,2005,12,00,False,False,False
31004_20051208_1200_12,2005,12,12,False,False,True
31004_20051209_0000_00,2005,12,00,False,False,True
31004_20051209_1200_12,2005,12,12,False,False,True
31004_20051210_0000_00,2005,12,00,False,False,True
31004_20051210_1200_12,2005,12,12,False,False,True
31004_20051211_0000_00,2005,12,00,False,False,True
31004_20051211_1200_12,2005,12,12,False,False,True
31004_20051212_0000_00,2005,12,00,False,False,True
31004_20051212_1200_12,2005,12,12,True,False,True
31004_20051213_0000_00,2005,12,00,False,False,True
31004_20051213_1200_12,2005,12,12,False,False,True
31004_20051214_0000_00,2005,12,00,False,False,False
31004_20051214_1200_12,2005,12,12,False,False,True
31004_20051215_0000_00,2005,12,00,False,False,False
31004_20051215_1200_12,2005,12,12,False,False,True
31004_20051216_0000_00,2005,12,00,False,False,True
31004_20051216_1200_12,2005,12,12,False,False,True
31004_20051217_0000_00,2005,12,00,False,False,True
31004_20051217_1200_12,2005,12,12,False,False,True
31004_20051218_0000_00,2005,12,00,False,False,True
31004_20051218_1200_12,2005,12,12,False,False,False
31004_20051219_0000_00,2005,12,00,False,False,False
31004_20051219_1200_12,2005,12,12,False,False,True
31004_20051220_1200_12,2005,12,12,False,True,True
31004_20051221_0000_00,2005,12,00,False,False,False
31004_20051221_1200_12,2005,12,12,False,False,True
31004_20051222_0000_00,2005,12,00,True,False,True
31004_20051222_1200_12,2005,12,12,False,False,True
31004_20051223_0000_00,2005,12,00,True,False,False
31004_20051223_1200_12,2005,12,12,True,False,False
31004_20051224_0000_00,2005,12,00,True,False,False
31004_20051224_1200_12,2005,12,12,False,False,True
31004_20051225_0000_00,2005,12,00,False,False,True
31004_20051225_1200_12,2005,12,12,False,False,False
31004_20051226_0000_00,2005,12,00,False,False,True
31004_20051226_1200_12,2005,12,12,False,False,True
31004_20051227_0000_00,2005,12,00,False,False,False
31004_20051227_1200_12,2005,12,12,False,False,True
31004_20051228_0000_00,2005,12,00,True,False,False
31004_20051228_1200_12,2005,12,12,True,False,False
31004_20051229_0000_00,2005,12,00,True,False,False
31004_20051229_1200_12,2005,12,12,False,False,True
31004_20051230_0000_00,2005,12,00,False,False,False
31004_20051230_1200_12,2005,12,12,True,False,False
31004_20051231_0000_00,2005,12,00,False,False,False
31004_20051231_1200_12,2005,12,12,True,False,False
31004_20060101_0000_00,2006,1,00,True,False,True
31004_20060101_1200_12,2006,1,12,False,False,False
31004_20060102_0000_00,2006,1,00,True,False,False
31004_20060102_1200_12,2006,1,12,False,False,True
31004_20060103_0000_00,2006,1,00,False,False,False
31004_20060103_1200_12,2006,1,12,False,False,False
31004_20060104_0000_00,2006,1,00,False,False,True
31004_20060104_1200_12,2006,1,12,True,False,False
31004_20060105_0000_00,2006,1,00,False,False,False
31004_20060105_1200_12,2006,1,12,False,False,False
31004_20060106_0000_00,2006,1,00,True,False,False
31004_20060106_1200_12,2006,1,12,False,False,True
31004_20060107_0000_00,2006,1,00,True,False,False
31004_20060107_1200_12,2006,1,12,True,False,False
31004_20060108_0000_00,2006,1,00,True,False,False
31004_20060108_1200_12,2006,1,12,True,False,False
31004_20060109_0000_00,2006,1,00,False,False,False
31004_20060109_1200_12,2006,1,12,False,False,False
31004_20060110_0000_00,2006,1,00,False,False,False
31004_20060110_1200_12,2006,1,12,False,False,False
31004_20060111_0000_00,2006,1,00,False,False,False
31004_20060111_1200_12,2006,1,12,False,False,False
31004_20060112_0000_00,2006,1,00,True,False,False
31004_20060112_1200_12,2006,1,12,True,False,False
31004_20060113_0000_00,2006,1,00,True,False,False
31004_20060113_1200_12,2006,1,12,True,False,False
31004_20060114_0000_00,2006,1,00,False,False,True
31004_20060114_1200_12,2006,1,12,True,False,False
31004_20060115_0000_00,2006,1,00,False,False,False
31004_20060115_1200_12,2006,1,12,False,False,True
31004_20060116_0000_00,2006,1,00,True,False,False
31004_20060116_1200_12,2006,1,12,True,False,False
31004_20060117_0000_00,2006,1,00,True,False,False
31004_20060117_1200_12,2006,1,12,True,False,False
31004_20060118_0000_00,2006,1,00,False,False,True
31004_20060118_1200_12,2006,1,12,True,False,False
31004_20060119_0000_00,2006,1,00,True,False,False
31004_20060119_1200_12,2006,1,12,True,False,False
31004_20060120_0000_00,2006,1,00,False,False,False
31004_20060120_1200_12,2006,1,12,False,True,False
31004_20060121_0000_00,2006,1,00,False,False,False
31004_20060121_1200_12,2006,1,12,True,False,False
31004_20060122_0000_00,2006,1,00,True,False,False
31004_20060122_1200_12,2006,1,12,True,False,False
31004_20060123_0000_00,2006,1,00,False,False,False
31004_20060123_1200_12,2006,1,12,True,False,False
31004_20060124_0000_00,2006,1,00,True,False,True
31004_20060124_1200_12,2006,1,12,True,False,True
31004_20060125_0000_00,2006,1,00,True,False,False
31004_20060125_1200_12,2006,1,12,False,False,False
31004_20060126_0000_00,2006,1,00,False,False,False
31004_20060126_1200_12,2006,1,12,False,False,False
31004_20060127_0000_00,2006,1,00,True,False,False
31004_20060127_1200_12,2006,1,12,True,False,False
31004_20060128_0000_00,2006,1,00,False,False,False
31004_20060128_1200_12,2006,1,12,True,False,True
31004_20060129_0000_00,2006,1,00,False,False,True
31004_20060129_1200_12,2006,1,12,False,False,True
31004_20060130_0000_00,2006,1,00,False,False,False
31004_20060130_1200_12,2006,1,12,True,False,False
31004_20060131_0000_00,2006,1,00,False,False,False
31004_20060131_1200_12,2006,1,12,False,False,True
31004_20060201_0000_00,2006,2,00,False,False,False
31004_20060201_1200_12,2006,2,12,False,False,True
31004_20060202_0000_00,2006,2,00,False,False,True
31004_20060202_1200_12,2006,2,12,False,False,False
31004_20060203_0000_00,2006,2,00,False,False,False
31004_20060203_1200_12,2006,2,12,False,False,True
31004_20060204_0000_00,2006,2,00,False,False,True
31004_20060204_1200_12,2006,2,12,False,False,True
31004_20060205_0000_00,2006,2,00,False,False,False
31004_20060205_1200_12,2006,2,12,False,False,True
31004_20060206_0000_00,2006,2,00,False,False,True
31004_20060206_1200_12,2006,2,12,False,False,True
31004_20060207_0000_00,2006,2,00,False,False,True
31004_20060207_1200_12,2006,2,12,False,False,False
31004_20060208_0000_00,2006,2,00,False,False,False
31004_20060208_1200_12,2006,2,12,False,False,False
31004_20060209_0000_00,2006,2,00,False,False,True
31004_20060209_1200_12,2006,2,12,False,False,True
31004_20060210_0000_00,2006,2,00,False,False,True
31004_20060210_1200_12,2006,2,12,False,False,True
31004_20060211_0000_00,2006,2,00,False,False,True
31004_20060211_1200_12,2006,2,12,False,False,False
31004_20060212_0000_00,2006,2,00,False,False,True
31004_20060212_1200_12,2006,2,12,False,False,False
31004_20060213_0000_00,2006,2,00,True,False,False
31004_20060213_1200_12,2006,2,12,True,False,False
31004_20060214_0000_00,2006,2,00,True,False,True
31004_20060214_1200_12,2006,2,12,True,False,False
31004_20060215_0000_00,2006,2,00,False,False,True
31004_20060215_1200_12,2006,2,12,False,False,False
31004_20060216_0000_00,2006,2,00,True,False,True
31004_20060216_1200_12,2006,2,12,False,False,True
31004_20060217_0000_00,2006,2,00,True,False,True
31004_20060217_1200_12,2006,2,12,True,False,False
31004_20060218_0000_00,2006,2,00,True,False,False
31004_20060219_0000_00,2006,2,00,True,False,False
31004_20060219_1200_12,2006,2,12,True,False,False
31004_20060220_0000_00,2006,2,00,False,False,True
31004_20060221_0000_00,2006,2,00,False,False,True
31004_20060221_1200_12,2006,2,12,False,False,True
31004_20060222_0000_00,2006,2,00,True,False,False
31004_20060222_1200_12,2006,2,12,False,False,True
31004_20060223_0000_00,2006,2,00,False,False,True
31004_20060223_1200_12,2006,2,12,True,False,False
31004_20060224_0000_00,2006,2,00,False,False,False
31004_20060224_1200_12,2006,2,12,False,False,False
31004_20060225_0000_00,2006,2,00,False,False,True
31004_20060225_1200_12,2006,2,12,False,False,False
31004_20060226_0000_00,2006,2,00,False,False,True
31004_20060226_1200_12,2006,2,12,False,False,False
31004_20060227_0000_00,2006,2,00,True,False,True
31004_20060227_1200_12,2006,2,12,False,False,False
31004_20060228_0000_00,2006,2,00,True,False,True
31004_20060228_1200_12,2006,2,12,True,False,True
31004_20060301_0000_00,2006,3,00,False,True,False
31004_20060301_1200_12,2006,3,12,True,False,False
31004_20060302_0000_00,2006,3,00,True,False,False
31004_20060302_1200_12,2006,3,12,True,False,False
31004_20060303_0000_00,2006,3,00,True,False,False
31004_20060303_1200_12,2006,3,12,False,False,False
31004_20060304_0000_00,2006,3,00,True,False,False
31004_20060304_1200_12,2006,3,12,False,False,False
31004_20060305_0000_00,2006,3,00,True,False,False
31004_20060305_1200_12,2006,3,12,True,False,False
31004_20060306_0000_00,2006,3,00,True,False,False
31004_20060306_1200_12,2006,3,12,False,False,False
31004_20060307_1200_12,2006,3,12,True,False,False
31004_20060308_0000_00,2006,3,00,True,False,False
31004_20060308_1200_12,2006,3,12,False,False,False
31004_20060309_0000_00,2006,3,00,True,False,False
31004_20060309_1200_12,2006,3,12,False,False,False
31004_20060310_0000_00,2006,3,00,True,False,False
31004_20060310_1200_12,2006,3,12,True,False,True
31004_20060311_0000_00,2006,3,00,False,False,True
31004_20060311_1200_12,2006,3,12,True,False,True
31004_20060312_0000_00,2006,3,00,False,False,True
31004_20060312_1200_12,2006,3,12,True,False,False
31004_20060313_0000_00,2006,3,00,True,False,False
31004_20060313_1200_12,2006,3,12,True,False,True
31004_20060314_0000_00,2006,3,00,False,False,True
31004_20060314_1200_12,2006,3,12,False,False,False
31004_20060315_1200_12,2006,3,12,False,False,False
31004_20060316_0000_00,2006,3,00,False,False,False
31004_20060316_1200_12,2006,3,12,True,False,False
31004_20060317_0000_00,2006,3,00,False,False,False
31004_20060317_1200_12,2006,3,12,True,False,False
31004_20060318_0000_00,2006,3,00,False,False,False
31004_20060319_1200_12,2006,3,12,False,False,False
31004_20060320_0000_00,2006,3,00,False,False,False
31004_20060320_1200_12,2006,3,12,True,False,False
31004_20060321_0000_00,2006,3,00,True,False,False
31004_20060321_1200_12,2006,3,12,True,False,False
31004_20060322_0000_00,2006,3,00,True,False,False
31004_20060322_1200_12,2006,3,12,True,False,False
31004_20060323_0000_00,2006,3,00,True,False,False
31004_20060323_1200_12,2006,3,12,True,False,False
31004_20060324_0000_00,2006,3,00,True,False,False
31004_20060324_1200_12,2006,3,12,False,False,False
31004_20060325_0000_00,2006,3,00,True,False,False
31004_20060325_1200_12,2006,3,12,True,False,False
31004_20060326_0000_00,2006,3,00,False,False,False
31004_20060326_1200_12,2006,3,12,True,False,False
31004_20060327_0000_00,2006,3,00,True,False,False
31004_20060327_1200_12,2006,3,12,True,False,False
31004_20060328_0000_00,2006,3,00,True,False,False
31004_20060329_0000_00,2006,3,00,False,False,False
31004_20060329_1200_12,2006,3,12,True,False,False
31004_20060330_0000_00,2006,3,00,False,False,False
31004_20060330_1200_12,2006,3,12,True,False,False
31004_20060331_0000_00,2006,3,00,True,False,False
31004_20060331_1200_12,2006,3,12,False,False,False
31004_20060401_0000_00,2006,4,00,False,False,False
31004_20060401_1200_12,2006,4,12,False,False,False
31004_20060402_0000_00,2006,4,00,False,False,False
31004_20060403_0000_00,2006,4,00,False,False,False
31004_20060403_1200_12,2006,4,12,False,False,False
31004_20060404_0000_00,2006,4,00,False,False,False
31004_20060404_1200_12,2006,4,12,True,False,False
31004_20060405_0000_00,2006,4,00,False,False,False
31004_20060405_1200_12,2006,4,12,True,False,False
31004_20060406_0000_00,2006,4,00,False,False,False
31004_20060406_1200_12,2006,4,12,True,False,False
31004_20060407_0000_00,2006,4,00,False,False,True
31004_20060407_1200_12,2006,4,12,False,False,False
31004_20060408_0000_00,2006,4,00,False,False,False
31004_20060408_1200_12,2006,4,12,False,True,False
31004_20060409_0000_00,2006,4,00,True,False,False
31004_20060409_1200_12,2006,4,12,False,False,False
31004_20060410_0000_00,2006,4,00,False,False,False
31004_20060410_1200_12,2006,4,12,False,False,False
31004_20060411_0000_00,2006,4,00,False,False,True
31004_20060411_1200_12,2006,4,12,False,False,False
31004_20060412_0000_00,2006,4,00,False,False,True
31004_20060412_1200_12,2006,4,12,True,False,True
31004_20060413_1200_12,2006,4,12,False,True,False
31004_20060414_0000_00,2006,4,00,False,False,False
31004_20060414_1200_12,2006,4,12,False,False,False
31004_20060415_0000_00,2006,4,00,False,False,False
31004_20060415_1200_12,2006,4,12,True,False,False
31004_20060416_0000_00,2006,4,00,False,False,False
31004_20060416_1200_12,2006,4,12,False,True,False
31004_20060417_0000_00,2006,4,00,False,False,False
31004_20060417_1200_12,2006,4,12,False,False,True
31004_20060418_0000_00,2006,4,00,False,False,False
31004_20060419_0000_00,2006,4,00,False,False,False
31004_20060419_1200_12,2006,4,12,False,False,False
31004_20060420_0000_00,2006,4,00,False,False,True
31004_20060420_1200_12,2006,4,12,False,False,True
31004_20060421_0000_00,2006,4,00,False,False,False
31004_20060421_1200_12,2006,4,12,False,False,False
31004_20060422_0000_00,2006,4,00,False,False,False
31004_20060422_1200_12,2006,4,12,False,False,True
31004_20060423_0000_00,2006,4,00,False,False,False
31004_20060423_1200_12,2006,4,12,False,False,False
31004_20060424_0000_00,2006,4,00,False,False,False
31004_20060424_1200_12,2006,4,12,False,False,False
31004_20060425_0000_00,2006,4,00,False,False,False
31004_20060425_1200_12,2006,4,12,True,False,False
31004_20060426_0000_00,2006,4,00,False,False,False
31004_20060426_1200_12,2006,4,12,False,False,False
31004_20060427_0000_00,2006,4,00,False,False,True
31004_20060427_1200_12,2006,4,12,False,False,True
31004_20060428_0000_00,2006,4,00,False,False,False
31004_20060428_1200_12,2006,4,12,False,False,False
31004_20060429_0000_00,2006,4,00,False,False,False
31004_20060429_1200_12,2006,4,12,False,False,False
31004_20060430_0000_00,2006,4,00,False,False,True
31004_20060430_1200_12,2006,4,12,False,False,False
31004_20060501_0000_00,2006,5,00,False,False,False
31004_20060501_1200_12,2006,5,12,False,False,False
31004_20060502_0000_00,2006,5,00,False,False,False
31004_20060502_1200_12,2006,5,12,False,False,False
31004_20060503_0000_00,2006,5,00,False,False,False
31004_20060503_1200_12,2006,5,12,False,False,False
31004_20060504_0000_00,2006,5,00,True,False,False
31004_20060504_1200_12,2006,5,12,False,False,False
31004_20060505_0000_00,2006,5,00,False,False,False
31004_20060505_1200_12,2006,5,12,False,False,False
31004_20060506_0000_00,2006,5,00,False,False,False
31004_20060506_1200_12,2006,5,12,False,False,False
31004_20060507_0000_00,2006,5,00,False,False,False
31004_20060507_1200_12,2006,5,12,False,False,False
31004_20060508_0000_00,2006,5,00,False,False,False
31004_20060508_1200_12,2006,5,12,False,False,False
31004_20060509_1200_12,2006,5,12,False,False,False
31004_20060510_0000_00,2006,5,00,False,False,False
31004_20060510_1200_12,2006,5,12,False,False,False
31004_20060511_0000_00,2006,5,00,False,False,False
31004_20060511_1200_12,2006,5,12,False,False,False
31004_20060512_0000_00,2006,5,00,False,False,True
31004_20060512_1200_12,2006,5,12,False,False,False
31004_20060513_0000_00,2006,5,00,False,False,False
31004_20060513_1200_12,2006,5,12,False,False,False
31004_20060514_0000_00,2006,5,00,False,False,False
31004_20060514_1200_12,2006,5,12,False,False,False
31004_20060515_0000_00,2006,5,00,False,False,False
31004_20060515_1200_12,2006,5,12,False,False,False
31004_20060516_0000_00,2006,5,00,False,False,True
31004_20060516_1200_12,2006,5,12,False,False,False
31004_20060517_0000_00,2006,5,00,False,False,True
31004_20060517_1200_12,2006,5,12,False,False,True
31004_20060518_0000_00,2006,5,00,False,False,False
31004_20060519_0000_00,2006,5,00,False,False,False
31004_20060519_1200_12,2006,5,12,False,False,False
31004_20060520_0000_00,2006,5,00,False,False,False
31004_20060520_1200_12,2006,5,12,False,False,False
31004_20060521_0000_00,2006,5,00,False,False,False
31004_20060521_1200_12,2006,5,12,False,False,False
31004_20060522_0000_00,2006,5,00,False,False,False
31004_20060522_1200_12,2006,5,12,False,False,False
31004_20060523_0000_00,2006,5,00,False,False,False
31004_20060523_1200_12,2006,5,12,False,False,True
31004_20060524_0000_00,2006,5,00,False,False,True
31004_20060524_1200_12,2006,5,12,False,False,True
31004_20060525_0000_00,2006,5,00,False,False,False
31004_20060525_1200_12,2006,5,12,False,False,False
31004_20060526_0000_00,2006,5,00,False,False,False
31004_20060526_1200_12,2006,5,12,False,False,False
31004_20060527_0000_00,2006,5,00,False,False,False
31004_20060527_1200_12,2006,5,12,False,False,True
31004_20060528_0000_00,2006,5,00,False,False,False
31004_20060528_1200_12,2006,5,12,False,False,False
31004_20060529_0000_00,2006,5,00,False,False,False
31004_20060529_1200_12,2006,5,12,False,False,False
31004_20060530_1200_12,2006,5,12,False,False,False
31004_20060531_0000_00,2006,5,00,False,False,False
31004_20060531_1200_12,2006,5,12,False,False,True
31004_20060601_0000_00,2006,6,00,False,True,False
31004_20060601_1200_12,2006,6,12,True,False,False
31004_20060602_0000_00,2006,6,00,False,False,False
31004_20060602_1200_12,2006,6,12,False,False,False
31004_20060603_0000_00,2006,6,00,False,False,False
31004_20060603_1200_12,2006,6,12,True,False,True
31004_20060604_1200_12,2006,6,12,False,False,False
31004_20060605_0000_00,2006,6,00,False,False,False
31004_20060605_1200_12,2006,6,12,False,False,False
31004_20060606_0000_00,2006,6,00,False,True,False
31004_20060606_1200_12,2006,6,12,False,False,False
31004_20060607_0000_00,2006,6,00,False,False,True
31004_20060607_1200_12,2006,6,12,False,False,False
31004_20060608_0000_00,2006,6,00,False,False,False
31004_20060608_1200_12,2006,6,12,True,False,True
31004_20060609_0000_00,2006,6,00,False,False,True
31004_20060609_1200_12,2006,6,12,False,False,False
31004_20060610_0000_00,2006,6,00,False,False,False
31004_20060610_1200_12,2006,6,12,False,False,False
31004_20060611_0000_00,2006,6,00,False,False,False
31004_20060611_1200_12,2006,6,12,False,False,False
31004_20060612_0000_00,2006,6,00,False,False,False
31004_20060612_1200_12,2006,6,12,False,False,False
31004_20060613_0000_00,2006,6,00,False,False,False
31004_20060613_1200_12,2006,6,12,False,False,False
31004_20060614_0000_00,2006,6,00,False,False,True
31004_20060614_1200_12,2006,6,12,False,False,False
31004_20060615_0000_00,2006,6,00,False,False,False
31004_20060615_0100_00,2006,6,00,False,False,False
31004_20060615_1200_12,2006,6,12,False,False,False
31004_20060616_0000_00,2006,6,00,False,False,False
31004_20060616_1200_12,2006,6,12,False,False,True
31004_20060617_0000_00,2006,6,00,False,False,False
31004_20060617_1200_12,2006,6,12,False,False,False
31004_20060618_0000_00,2006,6,00,False,False,False
31004_20060618_1200_12,2006,6,12,False,False,True
31004_20060619_0000_00,2006,6,00,False,False,False
31004_20060619_1200_12,2006,6,12,True,False,False
31004_20060620_0000_00,2006,6,00,False,False,True
31004_20060620_1200_12,2006,6,12,False,False,False
31004_20060621_0000_00,2006,6,00,False,False,False
31004_20060621_1200_12,2006,6,12,True,False,False
31004_20060622_0000_00,2006,6,00,False,False,True
31004_20060622_1200_12,2006,6,12,False,False,False
31004_20060623_0000_00,2006,6,00,False,False,False
31004_20060623_1200_12,2006,6,12,False,False,False
31004_20060624_0000_00,2006,6,00,False,False,False
31004_20060624_1200_12,2006,6,12,False,False,False
31004_20060625_0000_00,2006,6,00,False,False,False
31004_20060625_1200_12,2006,6,12,False,False,False
31004_20060626_0000_00,2006,6,00,False,False,False
31004_20060626_1200_12,2006,6,12,False,False,True
31004_20060627_0000_00,2006,6,00,False,False,True
31004_20060627_1200_12,2006,6,12,False,False,False
31004_20060628_0000_00,2006,6,00,True,False,False
31004_20060628_1200_12,2006,6,12,True,False,False
31004_20060629_0000_00,2006,6,00,False,False,False
31004_20060629_1200_12,2006,6,12,False,False,False
31004_20060630_0000_00,2006,6,00,False,False,True
31004_20060630_1200_12,2006,6,12,False,False,False
31004_20060701_0000_00,2006,7,00,False,False,False
31004_20060701_1200_12,2006,7,12,False,False,False
31004_20060702_0000_00,2006,7,00,True,False,False
31004_20060702_1200_12,2006,7,12,False,False,False
31004_20060703_1200_12,2006,7,12,False,False,True
31004_20060704_0000_00,2006,7,00,False,False,False
31004_20060704_1200_12,2006,7,12,False,False,False
31004_20060705_0000_00,2006,7,00,False,False,False
31004_20060705_1200_12,2006,7,12,False,False,True
31004_20060706_0000_00,2006,7,00,False,False,True
31004_20060706_1200_12,2006,7,12,False,False,False
31004_20060707_0000_00,2006,7,00,False,False,False
31004_20060707_1200_12,2006,7,12,False,False,False
31004_20060708_0000_00,2006,7,00,False,False,False
31004_20060708_1200_12,2006,7,12,False,False,False
31004_20060709_0000_00,2006,7,00,False,True,False
31004_20060709_1200_12,2006,7,12,True,False,False
31004_20060710_0000_00,2006,7,00,True,False,False
31004_20060710_1200_12,2006,7,12,True,False,False
31004_20060711_0000_00,2006,7,00,False,False,False
31004_20060711_1200_12,2006,7,12,True,False,False
31004_20060712_0000_00,2006,7,00,False,False,False
31004_20060712_1200_12,2006,7,12,True,False,False
31004_20060713_0000_00,2006,7,00,False,False,False
31004_20060713_1200_12,2006,7,12,False,False,False
31004_20060714_0000_00,2006,7,00,False,False,True
31004_20060714_1200_12,2006,7,12,False,False,False
31004_20060715_0000_00,2006,7,00,False,False,False
31004_20060715_1200_12,2006,7,12,True,False,False
31004_20060716_0000_00,2006,7,00,False,False,False
31004_20060716_1200_12,2006,7,12,False,False,False
31004_20060717_0000_00,2006,7,00,False,False,False
31004_20060717_1200_12,2006,7,12,False,False,True
31004_20060718_0000_00,2006,7,00,False,False,False
31004_20060718_1200_12,2006,7,12,False,True,True
31004_20060719_0000_00,2006,7,00,False,False,False
31004_20060719_1200_12,2006,7,12,False,False,False
31004_20060720_0000_00,2006,7,00,True,False,True
31004_20060720_1200_12,2006,7,12,False,False,True
31004_20060721_0000_00,2006,7,00,True,False,True
31004_20060721_1200_12,2006,7,12,False,False,False
31004_20060722_0000_00,2006,7,00,False,False,False
31004_20060722_1200_12,2006,7,12,False,False,True
31004_20060723_0000_00,2006,7,00,False,False,True
31004_20060723_1200_12,2006,7,12,False,False,False
31004_20060724_0000_00,2006,7,00,True,False,False
31004_20060724_1200_12,2006,7,12,True,False,False
31004_20060725_0000_00,2006,7,00,False,False,False
31004_20060725_1200_12,2006,7,12,True,False,False
31004_20060726_0000_00,2006,7,00,False,False,False
31004_20060726_1200_12,2006,7,12,True,False,False
31004_20060727_0000_00,2006,7,00,False,False,False
31004_20060727_1200_12,2006,7,12,False,False,False
31004_20060728_0000_00,2006,7,00,False,True,False
31004_20060728_1200_12,2006,7,12,True,False,False
31004_20060729_0000_00,2006,7,00,True,False,True
31004_20060729_1200_12,2006,7,12,True,False,False
31004_20060730_0000_00,2006,7,00,False,False,False
31004_20060730_1200_12,2006,7,12,True,False,False
31004_20060731_0000_00,2006,7,00,False,False,False
31004_20060731_1200_12,2006,7,12,False,False,False
31004_20060801_0000_00,2006,8,00,False,False,True
31004_20060801_1200_12,2006,8,12,True,False,True
31004_20060802_0000_00,2006,8,00,False,False,False
31004_20060802_1200_12,2006,8,12,True,False,False
31004_20060803_0000_00,2006,8,00,True,False,False
31004_20060803_1200_12,2006,8,12,True,False,False
31004_20060804_0000_00,2006,8,00,False,False,True
31004_20060804_1200_12,2006,8,12,False,False,False
31004_20060805_0000_00,2006,8,00,True,False,True
31004_20060805_1200_12,2006,8,12,True,False,True
31004_20060806_0000_00,2006,8,00,False,False,False
31004_20060807_0000_00,2006,8,00,False,False,False
31004_20060807_1200_12,2006,8,12,True,False,False
31004_20060808_0000_00,2006,8,00,True,False,False
31004_20060808_1200_12,2006,8,12,True,False,False
31004_20060809_0000_00,2006,8,00,True,False,False
31004_20060809_1200_12,2006,8,12,True,False,False
31004_20060810_0000_00,2006,8,00,False,False,True
31004_20060810_1200_12,2006,8,12,True,False,False
31004_20060811_0000_00,2006,8,00,True,False,False
31004_20060811_1200_12,2006,8,12,True,False,False
31004_20060812_0000_00,2006,8,00,False,False,False
31004_20060812_1200_12,2006,8,12,False,False,True
31004_20060813_0000_00,2006,8,00,False,False,False
31004_20060813_1200_12,2006,8,12,False,False,True
31004_20060814_0000_00,2006,8,00,True,False,False
31004_20060814_1200_12,2006,8,12,False,False,True
31004_20060815_0000_00,2006,8,00,False,False,True
31004_20060815_1200_12,2006,8,12,False,False,True
31004_20060816_0000_00,2006,8,00,True,False,False
31004_20060816_1200_12,2006,8,12,False,True,False
31004_20060817_0000_00,2006,8,00,False,False,True
31004_20060817_1200_12,2006,8,12,True,False,False
31004_20060818_0000_00,2006,8,00,True,False,False
31004_20060818_1200_12,2006,8,12,True,False,False
31004_20060819_0000_00,2006,8,00,False,False,False
31004_20060819_1200_12,2006,8,12,True,False,False
31004_20060820_0000_00,2006,8,00,True,False,False
31004_20060820_1200_12,2006,8,12,True,False,False
31004_20060821_0000_00,2006,8,00,True,False,False
31004_20060821_1200_12,2006,8,12,False,False,False
31004_20060822_0000_00,2006,8,00,False,False,True
31004_20060822_1200_12,2006,8,12,False,False,False
31004_20060823_0000_00,2006,8,00,True,False,False
31004_20060823_1200_12,2006,8,12,True,False,False
31004_20060824_0000_00,2006,8,00,False,True,False
31004_20060824_1200_12,2006,8,12,True,False,False
31004_20060825_0000_00,2006,8,00,True,False,False
31004_20060825_1200_12,2006,8,12,True,False,False
31004_20060826_0000_00,2006,8,00,True,False,False
31004_20060826_1200_12,2006,8,12,False,False,False
31004_20060827_0000_00,2006,8,00,False,False,False
31004_20060827_1200_12,2006,8,12,False,False,True
31004_20060828_0000_00,2006,8,00,False,False,False
31004_20060828_1200_12,2006,8,12,False,False,False
31004_20060829_0000_00,2006,8,00,False,False,False
31004_20060829_1200_12,2006,8,12,False,False,False
31004_20060830_0000_00,2006,8,00,False,False,False
31004_20060830_1200_12,2006,8,12,False,True,False
31004_20060831_0000_00,2006,8,00,True,False,False
31004_20060831_1200_12,2006,8,12,True,False,False
31004_20060901_0000_00,2006,9,00,False,True,False
31004_20060901_1200_12,2006,9,12,False,False,False
31004_20060902_0000_00,2006,9,00,False,False,False
31004_20060902_1200_12,2006,9,12,False,False,False
31004_20060903_0000_00,2006,9,00,False,False,True
31004_20060903_1200_12,2006,9,12,True,False,False
31004_20060904_0000_00,2006,9,00,False,False,True
31004_20060904_1200_12,2006,9,12,False,False,False
31004_20060905_0000_00,2006,9,00,True,False,False
31004_20060905_1200_12,2006,9,12,True,False,False
31004_20060906_0000_00,2006,9,00,True,False,False
31004_20060906_1200_12,2006,9,12,False,False,False
31004_20060907_0000_00,2006,9,00,True,False,False
31004_20060907_1200_12,2006,9,12,False,True,False
31004_20060908_0000_00,2006,9,00,False,False,True
31004_20060908_1200_12,2006,9,12,True,False,True
31004_20060909_0000_00,2006,9,00,False,False,False
31004_20060909_1200_12,2006,9,12,False,False,False
31004_20060910_0000_00,2006,9,00,False,False,True
31004_20060910_1200_12,2006,9,12,False,False,True
31004_20060911_0000_00,2006,9,00,False,False,False
31004_20060911_1200_12,2006,9,12,False,False,True
31004_20060912_0000_00,2006,9,00,True,False,False
31004_20060912_1200_12,2006,9,12,False,False,False
31004_20060913_0000_00,2006,9,00,True,False,False
31004_20060913_1200_12,2006,9,12,True,False,False
31004_20060914_0000_00,2006,9,00,False,False,True
31004_20060914_1200_12,2006,9,12,True,False,False
31004_20060915_0000_00,2006,9,00,False,False,False
31004_20060915_1200_12,2006,9,12,True,False,True
31004_20060916_0000_00,2006,9,00,False,False,False
31004_20060916_1200_12,2006,9,12,True,False,False
31004_20060917_0000_00,2006,9,00,True,False,False
31004_20060917_1200_12,2006,9,12,True,False,False
31004_20060918_0000_00,2006,9,00,False,False,False
31004_20060918_1200_12,2006,9,12,False,False,False
31004_20060919_0000_00,2006,9,00,False,False,False
31004_20060919_1200_12,2006,9,12,False,False,True
31004_20060920_0000_00,2006,9,00,False,False,False
31004_20060920_1200_12,2006,9,12,True,False,False
31004_20060921_0000_00,2006,9,00,False,False,True
31004_20060921_1200_12,2006,9,12,False,False,True
31004_20060922_0000_00,2006,9,00,False,False,True
31004_20060922_1200_12,2006,9,12,False,False,True
31004_20060923_0000_00,2006,9,00,True,False,True
31004_20060923_1200_12,2006,9,12,True,False,False
31004_20060924_0000_00,2006,9,00,False,False,False
31004_20060924_1200_12,2006,9,12,False,False,True
31004_20060925_0000_00,2006,9,00,False,False,True
31004_20060925_1200_12,2006,9,12,False,False,False
31004_20060926_0000_00,2006,9,00,False,False,False
31004_20060926_1200_12,2006,9,12,False,False,False
31004_20060927_0000_00,2006,9,00,False,False,False
31004_20060927_1200_12,2006,9,12,True,False,False
31004_20060928_0000_00,2006,9,00,False,False,True
31004_20060928_1200_12,2006,9,12,False,False,True
31004_20060929_0000_00,2006,9,00,True,False,True
31004_20060929_1200_12,2006,9,12,False,False,True
31004_20060930_0000_00,2006,9,00,True,False,False
31004_20060930_1200_12,2006,9,12,False,False,False
31004_20061001_0000_00,2006,10,00,False,False,True
31004_20061001_1200_12,2006,10,12,True,False,True
31004_20061002_0000_00,2006,10,00,False,False,False
31004_20061002_1200_12,2006,10,12,True,False,False
31004_20061003_0000_00,2006,10,00,False,False,True
31004_20061003_1200_12,2006,10,12,False,True,True
31004_20061004_0000_00,2006,10,00,False,False,False
31004_20061004_1200_12,2006,10,12,False,False,False
31004_20061005_0000_00,2006,10,00,False,False,False
31004_20061005_1200_12,2006,10,12,False,False,False
31004_20061006_0000_00,2006,10,00,True,False,False
31004_20061006_1200_12,2006,10,12,False,False,True
31004_20061007_0000_00,2006,10,00,True,False,False
31004_20061007_1200_12,2006,10,12,False,False,True
31004_20061008_0000_00,2006,10,00,False,False,True
31004_20061008_1200_12,2006,10,12,False,False,False
31004_20061009_1200_12,2006,10,12,False,False,False
31004_20061010_0000_00,2006,10,00,False,False,False
31004_20061010_1200_12,2006,10,12,False,False,True
31004_20061011_0000_00,2006,10,00,False,False,False
31004_20061011_1200_12,2006,10,12,False,False,False
31004_20061012_0000_00,2006,10,00,False,False,True
31004_20061012_1200_12,2006,10,12,False,False,True
31004_20061013_0000_00,2006,10,00,False,False,True
31004_20061013_1200_12,2006,10,12,False,False,False
31004_20061014_0000_00,2006,10,00,True,False,True
31004_20061014_1200_12,2006,10,12,True,False,False
31004_20061015_0000_00,2006,10,00,True,False,False
31004_20061015_1200_12,2006,10,12,True,False,False
31004_20061016_0000_00,2006,10,00,False,False,True
31004_20061016_1200_12,2006,10,12,True,False,False
31004_20061017_1200_12,2006,10,12,False,False,False
31004_20061018_0000_00,2006,10,00,False,False,False
31004_20061018_1200_12,2006,10,12,True,False,False
31004_20061019_1200_12,2006,10,12,False,False,False
31004_20061020_0000_00,2006,10,00,False,False,False
31004_20061020_1200_12,2006,10,12,False,False,False
31004_20061021_0000_00,2006,10,00,True,False,True
31004_20061021_1200_12,2006,10,12,False,False,True
31004_20061022_0000_00,2006,10,00,False,False,False
31004_20061022_1200_12,2006,10,12,False,True,False
31004_20061023_0000_00,2006,10,00,False,False,True
31004_20061023_1200_12,2006,10,12,False,False,False
31004_20061024_0000_00,2006,10,00,False,False,True
31004_20061024_1200_12,2006,10,12,True,False,False
31004_20061025_0000_00,2006,10,00,False,False,False
31004_20061025_1200_12,2006,10,12,True,False,False
31004_20061026_0000_00,2006,10,00,False,False,True
31004_20061026_1200_12,2006,10,12,True,False,False
31004_20061027_0000_00,2006,10,00,True,False,False
31004_20061027_1200_12,2006,10,12,False,False,True
31004_20061028_0000_00,2006,10,00,True,False,False
31004_20061028_1200_12,2006,10,12,True,False,False
31004_20061029_0000_00,2006,10,00,False,False,False
31004_20061029_1200_12,2006,10,12,False,False,False
31004_20061030_0000_00,2006,10,00,False,False,False
31004_20061030_1200_12,2006,10,12,False,False,False
31004_20061031_0000_00,2006,10,00,False,False,False
31004_20061031_1200_12,2006,10,12,False,False,False
31004_20061101_0000_00,2006,11,00,False,False,False
31004_20061101_1200_12,2006,11,12,True,False,False
31004_20061102_0000_00,2006,11,00,False,False,False
31004_20061102_1200_12,2006,11,12,False,True,False
31004_20061103_0000_00,2006,11,00,True,False,True
31004_20061103_1200_12,2006,11,12,True,False,True
31004_20061104_0000_00,2006,11,00,False,False,True
31004_20061104_1200_12,2006,11,12,False,False,True
31004_20061105_0000_00,2006,11,00,False,False,True
31004_20061105_1200_12,2006,11,12,False,False,True
31004_20061106_0000_00,2006,11,00,False,False,True
31004_20061106_1200_12,2006,11,12,False,False,True
31004_20061107_0000_00,2006,11,00,True,False,False
31004_20061107_1200_12,2006,11,12,False,False,True
31004_20061108_0000_00,2006,11,00,False,False,True
31004_20061108_1200_12,2006,11,12,False,False,True
31004_20061109_0000_00,2006,11,00,False,False,False
31004_20061109_1200_12,2006,11,12,False,False,True
31004_20061110_0000_00,2006,11,00,False,False,True
31004_20061110_1200_12,2006,11,12,False,False,True
31004_20061111_0000_00,2006,11,00,False,False,True
31004_20061111_1200_12,2006,11,12,False,False,True
31004_20061112_0000_00,2006,11,00,True,False,False
31004_20061112_1200_12,2006,11,12,False,False,False
31004_20061113_0000_00,2006,11,00,False,False,True
31004_20061113_1200_12,2006,11,12,False,False,True
31004_20061114_0000_00,2006,11,00,False,False,False
31004_20061114_1200_12,2006,11,12,False,False,False
31004_20061115_0000_00,2006,11,00,False,False,True
31004_20061115_1200_12,2006,11,12,False,False,True
31004_20061116_0000_00,2006,11,00,False,False,False
31004_20061116_1200_12,2006,11,12,True,False,True
31004_20061117_0000_00,2006,11,00,False,False,False
31004_20061117_1200_12,2006,11,12,False,False,True
31004_20061118_0000_00,2006,11,00,False,False,True
31004_20061118_1200_12,2006,11,12,True,False,False
31004_20061119_0000_00,2006,11,00,False,False,True
31004_20061119_1200_12,2006,11,12,False,False,False
31004_20061120_0000_00,2006,11,00,False,False,False
31004_20061120_1200_12,2006,11,12,False,False,False
31004_20061121_0000_00,2006,11,00,False,False,True
31004_20061121_1200_12,2006,11,12,False,False,False
31004_20061122_0000_00,2006,11,00,False,False,True
31004_20061122_1200_12,2006,11,12,False,False,True
31004_20061123_0000_00,2006,11,00,False,False,True
31004_20061123_1200_12,2006,11,12,True,False,False
31004_20061124_0000_00,2006,11,00,False,False,True
31004_20061124_1200_12,2006,11,12,False,False,True
31004_20061125_0000_00,2006,11,00,False,False,False
31004_20061125_1200_12,2006,11,12,False,False,False
31004_20061126_0000_00,2006,11,00,False,False,True
31004_20061126_1200_12,2006,11,12,False,False,False
31004_20061127_0000_00,2006,11,00,False,False,False
31004_20061127_1200_12,2006,11,12,False,False,False
31004_20061128_0000_00,2006,11,00,False,False,True
31004_20061128_1200_12,2006,11,12,True,False,False
31004_20061129_0000_00,2006,11,00,False,False,False
31004_20061129_1200_12,2006,11,12,False,False,False
31004_20061130_0000_00,2006,11,00,False,False,True
31004_20061130_1200_12,2006,11,12,False,False,True
31004_20061201_0000_00,2006,12,00,False,False,False
31004_20061201_1200_12,2006,12,12,False,False,False
31004_20061202_0000_00,2006,12,00,False,False,True
31004_20061202_1200_12,2006,12,12,False,False,False
31004_20061203_0000_00,2006,12,00,False,False,True
31004_20061203_1200_12,2006,12,12,False,False,True
31004_20061204_0000_00,2006,12,00,False,False,False
31004_20061204_1200_12,2006,12,12,False,False,True
31004_20061205_0000_00,2006,12,00,True,False,True
31004_20061205_1200_12,2006,12,12,False,False,True
31004_20061206_0000_00,2006,12,00,False,True,True
31004_20061206_1200_12,2006,12,12,False,False,False
31004_20061207_0000_00,2006,12,00,False,False,False
31004_20061207_1200_12,2006,12,12,False,False,True
31004_20061208_0000_00,2006,12,00,False,False,False
31004_20061208_1200_12,2006,12,12,True,False,False
31004_20061209_0000_00,2006,12,00,True,False,False
31004_20061209_1200_12,2006,12,12,False,False,False
31004_20061210_0000_00,2006,12,00,False,False,True
31004_20061210_1200_12,2006,12,12,False,False,True
31004_20061211_0000_00,2006,12,00,False,False,False
31004_20061211_1200_12,2006,12,12,False,False,True
31004_20061212_0000_00,2006,12,00,False,False,False
31004_20061212_1200_12,2006,12,12,True,False,False
31004_20061213_1200_12,2006,12,12,False,False,True
31004_20061214_0000_00,2006,12,00,False,False,False
31004_20061214_1200_12,2006,12,12,False,False,False
31004_20061215_0000_00,2006,12,00,False,False,False
31004_20061215_1200_12,2006,12,12,False,False,False
31004_20061216_0000_00,2006,12,00,False,False,True
31004_20061216_1200_12,2006,12,12,True,False,False
31004_20061217_0000_00,2006,12,00,False,True,False
31004_20061217_1200_12,2006,12,12,False,True,True
31004_20061218_0000_00,2006,12,00,False,False,True
31004_20061218_1200_12,2006,12,12,True,False,True
31004_20061219_0000_00,2006,12,00,False,False,True
31004_20061219_1200_12,2006,12,12,False,False,False
31004_20061220_0000_00,2006,12,00,False,False,False
31004_20061220_1200_12,2006,12,12,False,False,True
31004_20061221_0000_00,2006,12,00,False,False,False
31004_20061221_1200_12,2006,12,12,False,False,False
31004_20061222_0000_00,2006,12,00,False,False,False
31004_20061222_1200_12,2006,12,12,False,False,False
31004_20061223_0000_00,2006,12,00,False,False,True
31004_20061223_1200_12,2006,12,12,True,False,True
31004_20061224_0000_00,2006,12,00,False,False,False
31004_20061224_1200_12,2006,12,12,False,False,True
31004_20061225_0000_00,2006,12,00,False,False,True
31004_20061225_1200_12,2006,12,12,False,False,True
31004_20061226_0000_00,2006,12,00,False,False,True
31004_20061226_1200_12,2006,12,12,False,False,True
31004_20061227_0000_00,2006,12,00,False,False,True
31004_20061227_1200_12,2006,12,12,True,False,True
31004_20061228_0000_00,2006,12,00,False,False,True
31004_20061228_1200_12,2006,12,12,False,False,True
31004_20061229_0000_00,2006,12,00,False,False,False
31004_20061229_1200_12,2006,12,12,False,False,False
31004_20061230_0000_00,2006,12,00,False,False,False
31004_20061230_1200_12,2006,12,12,False,False,True
31004_20061231_0000_00,2006,12,00,False,False,False
31004_20061231_1200_12,2006,12,12,False,False,False
31004_20070101_0000_00,2007,1,00,False,False,False
31004_20070101_1200_12,2007,1,12,False,False,False
31004_20070102_0000_00,2007,1,00,True,False,False
31004_20070102_1200_12,2007,1,12,False,False,False
31004_20070103_0000_00,2007,1,00,False,False,False
31004_20070103_1200_12,2007,1,12,False,False,True
31004_20070104_0000_00,2007,1,00,False,False,True
31004_20070104_1200_12,2007,1,12,False,False,True
31004_20070105_0000_00,2007,1,00,False,False,False
31004_20070105_1200_12,2007,1,12,False,False,True
31004_20070106_0000_00,2007,1,00,False,False,False
31004_20070106_1200_12,2007,1,12,False,False,False
31004_20070107_0000_00,2007,1,00,False,False,False
31004_20070107_1200_12,2007,1,12,False,False,False
31004_20070108_0000_00,2007,1,00,False,False,False
31004_20070108_1200_12,2007,1,12,False,True,False
31004_20070109_0000_00,2007,1,00,False,False,True
31004_20070109_1200_12,2007,1,12,False,False,True
31004_20070110_0000_00,2007,1,00,False,False,False
31004_20070110_1200_12,2007,1,12,False,False,False
31004_20070111_0000_00,2007,1,00,False,False,True
31004_20070111_1200_12,2007,1,12,False,False,True
31004_20070112_0000_00,2007,1,00,False,False,True
31004_20070112_1200_12,2007,1,12,False,False,True
31004_20070113_0000_00,2007,1,00,False,False,False
31004_20070113_1200_12,2007,1,12,False,False,True
31004_20070114_0000_00,2007,1,00,False,False,True
31004_20070114_1200_12,2007,1,12,True,False,False
31004_20070115_0000_00,2007,1,00,False,False,True
31004_20070115_1200_12,2007,1,12,False,False,False
31004_20070116_0000_00,2007,1,00,False,False,False
31004_20070116_1200_12,2007,1,12,False,False,False
31004_20070117_0000_00,2007,1,00,False,False,True
31004_20070117_1200_12,2007,1,12,False,False,False
31004_20070118_0000_00,2007,1,00,False,False,False
31004_20070118_1200_12,2007,1,12,True,False,True
31004_20070119_0000_00,2007,1,00,True,False,False
31004_20070119_1200_12,2007,1,12,False,False,False
31004_20070120_0000_00,2007,1,00,True,False,False
31004_20070120_1200_12,2007,1,12,False,False,False
31004_20070121_0000_00,2007,1,00,False,False,True
31004_20070121_1200_12,2007,1,12,True,False,False
31004_20070122_0000_00,2007,1,00,False,False,True
31004_20070122_1200_12,2007,1,12,False,False,False
31004_20070123_0000_00,2007,1,00,True,False,True
31004_20070123_1200_12,2007,1,12,True,False,True
31004_20070124_0000_00,2007,1,00,False,False,True
31004_20070124_1200_12,2007,1,12,True,False,True
31004_20070125_0000_00,2007,1,00,False,False,False
31004_20070125_1200_12,2007,1,12,False,False,True
31004_20070126_0000_00,2007,1,00,True,False,True
31004_20070126_1200_12,2007,1,12,False,False,False
31004_20070127_0000_00,2007,1,00,True,False,True
31004_20070127_1200_12,2007,1,12,True,False,False
31004_20070128_0000_00,2007,1,00,False,False,True
31004_20070128_1200_12,2007,1,12,True,False,True
31004_20070129_0000_00,2007,1,00,False,False,False
31004_20070129_1200_12,2007,1,12,True,False,True
31004_20070130_0000_00,2007,1,00,False,False,True
31004_20070130_1200_12,2007,1,12,False,False,True
31004_20070131_0000_00,2007,1,00,True,False,True
31004_20070131_1200_12,2007,1,12,False,False,True
31004_20070201_0000_00,2007,2,00,False,False,True
31004_20070201_1200_12,2007,2,12,False,False,True
31004_20070202_0000_00,2007,2,00,False,False,True
31004_20070202_1200_12,2007,2,12,False,False,False
31004_20070203_0000_00,2007,2,00,False,False,False
31004_20070203_1200_12,2007,2,12,True,False,True
31004_20070204_0000_00,2007,2,00,True,False,False
31004_20070204_1200_12,2007,2,12,True,False,False
31004_20070205_0000_00,2007,2,00,False,False,False
31004_20070205_1200_12,2007,2,12,False,False,False
31004_20070206_0000_00,2007,2,00,True,False,False
31004_20070206_1200_12,2007,2,12,True,False,False
31004_20070207_0000_00,2007,2,00,True,False,False
31004_20070207_1200_12,2007,2,12,True,False,False
31004_20070208_0000_00,2007,2,00,False,False,True
31004_20070208_1200_12,2007,2,12,False,False,False
31004_20070209_0000_00,2007,2,00,False,False,False
31004_20070209_1200_12,2007,2,12,False,False,True
31004_20070210_0000_00,2007,2,00,False,False,False
31004_20070210_1200_12,2007,2,12,True,False,False
31004_20070211_0000_00,2007,2,00,True,False,False
31004_20070211_1200_12,2007,2,12,True,False,False
31004_20070212_0000_00,2007,2,00,True,False,False
31004_20070212_1200_12,2007,2,12,False,False,True
31004_20070213_0000_00,2007,2,00,False,False,False
31004_20070213_1200_12,2007,2,12,False,False,True
31004_20070214_0000_00,2007,2,00,True,False,False
31004_20070214_1200_12,2007,2,12,False,False,False
31004_20070215_0000_00,2007,2,00,False,False,False
31004_20070215_1200_12,2007,2,12,False,False,True
31004_20070216_0000_00,2007,2,00,True,False,False
31004_20070216_1200_12,2007,2,12,True,False,True
31004_20070217_0000_00,2007,2,00,True,False,True
31004_20070217_1200_12,2007,2,12,True,False,False
31004_20070218_0000_00,2007,2,00,True,False,False
31004_20070218_1200_12,2007,2,12,True,False,False
31004_20070219_0000_00,2007,2,00,True,False,True
31004_20070219_1200_12,2007,2,12,True,False,False
31004_20070220_0000_00,2007,2,00,False,False,False
31004_20070220_1200_12,2007,2,12,True,False,False
31004_20070221_0000_00,2007,2,00,True,False,False
31004_20070221_1200_12,2007,2,12,True,False,False
31004_20070222_0000_00,2007,2,00,True,False,False
31004_20070222_1200_12,2007,2,12,True,False,False
31004_20070223_0000_00,2007,2,00,True,False,False
31004_20070223_1200_12,2007,2,12,True,False,False
31004_20070224_0000_00,2007,2,00,True,False,False
31004_20070224_1200_12,2007,2,12,False,False,False
31004_20070225_0000_00,2007,2,00,False,False,False
31004_20070225_1200_12,2007,2,12,False,False,True
31004_20070226_0000_00,2007,2,00,False,False,True
31004_20070226_1200_12,2007,2,12,True,False,False
31004_20070227_0000_00,2007,2,00,False,False,False
31004_20070227_1200_12,2007,2,12,False,False,True
31004_20070228_0000_00,2007,2,00,False,False,False
31004_20070228_1200_12,2007,2,12,True,False,False
31004_20070301_0000_00,2007,3,00,True,False,True
31004_20070301_1200_12,2007,3,12,False,False,False
31004_20070302_0000_00,2007,3,00,True,False,False
31004_20070302_1200_12,2007,3,12,True,False,False
31004_20070303_0000_00,2007,3,00,False,True,False
31004_20070303_1200_12,2007,3,12,False,False,False
31004_20070304_0000_00,2007,3,00,False,False,False
31004_20070304_1200_12,2007,3,12,False,False,True
31004_20070305_0000_00,2007,3,00,False,False,True
31004_20070305_1200_12,2007,3,12,False,False,False
31004_20070306_0000_00,2007,3,00,True,False,True
31004_20070307_0000_00,2007,3,00,True,False,True
31004_20070307_1200_12,2007,3,12,True,False,True
31004_20070308_0000_00,2007,3,00,False,False,False
31004_20070308_1200_12,2007,3,12,False,False,False
31004_20070309_0000_00,2007,3,00,False,False,False
31004_20070309_1200_12,2007,3,12,False,False,False
31004_20070310_0000_00,2007,3,00,True,False,False
31004_20070310_1200_12,2007,3,12,True,False,False
31004_20070311_0000_00,2007,3,00,True,False,False
31004_20070311_1200_12,2007,3,12,True,False,False
31004_20070312_0000_00,2007,3,00,True,False,True
31004_20070312_1200_12,2007,3,12,True,False,False
31004_20070313_0000_00,2007,3,00,False,False,False
31004_20070313_1200_12,2007,3,12,True,False,False
31004_20070314_0000_00,2007,3,00,True,False,False
31004_20070314_1200_12,2007,3,12,True,False,False
31004_20070315_0000_00,2007,3,00,True,False,False
31004_20070315_1200_12,2007,3,12,False,False,False
31004_20070316_0000_00,2007,3,00,True,False,False
31004_20070316_1200_12,2007,3,12,True,False,False
31004_20070317_0000_00,2007,3,00,True,False,False
31004_20070317_1200_12,2007,3,12,False,False,True
31004_20070318_0000_00,2007,3,00,False,False,False
31004_20070318_1200_12,2007,3,12,False,False,False
31004_20070319_0000_00,2007,3,00,True,False,False
31004_20070319_1200_12,2007,3,12,True,False,False
31004_20070320_0000_00,2007,3,00,True,False,False
31004_20070320_1200_12,2007,3,12,False,False,False
31004_20070321_0000_00,2007,3,00,True,False,False
31004_20070321_1200_12,2007,3,12,False,False,False
31004_20070322_0000_00,2007,3,00,False,False,False
31004_20070322_1200_12,2007,3,12,False,False,False
31004_20070323_0000_00,2007,3,00,False,False,False
31004_20070323_1200_12,2007,3,12,True,False,False
31004_20070324_0000_00,2007,3,00,False,False,False
31004_20070324_1200_12,2007,3,12,False,True,False
31004_20070325_0000_00,2007,3,00,True,False,False
31004_20070325_1200_12,2007,3,12,True,False,False
31004_20070326_0000_00,2007,3,00,True,False,False
31004_20070326_1200_12,2007,3,12,False,True,False
31004_20070327_0000_00,2007,3,00,False,False,False
31004_20070327_1200_12,2007,3,12,True,False,False
31004_20070328_0000_00,2007,3,00,False,False,False
31004_20070328_1200_12,2007,3,12,True,False,False
31004_20070329_0000_00,2007,3,00,True,False,False
31004_20070329_1200_12,2007,3,12,True,False,False
31004_20070330_0000_00,2007,3,00,False,False,False
31004_20070330_1200_12,2007,3,12,True,False,True
31004_20070331_0000_00,2007,3,00,False,False,False
31004_20070331_1200_12,2007,3,12,False,False,True
31004_20070401_0000_00,2007,4,00,False,False,True
31004_20070401_1200_12,2007,4,12,False,False,False
31004_20070402_0000_00,2007,4,00,False,False,False
31004_20070402_1200_12,2007,4,12,False,False,False
31004_20070403_0000_00,2007,4,00,False,False,False
31004_20070403_1200_12,2007,4,12,True,False,False
31004_20070404_0000_00,2007,4,00,False,False,False
31004_20070404_1200_12,2007,4,12,True,False,False
31004_20070405_0000_00,2007,4,00,False,False,False
31004_20070405_1200_12,2007,4,12,True,False,True
31004_20070406_0000_00,2007,4,00,False,False,True
31004_20070406_1200_12,2007,4,12,False,False,False
31004_20070407_0000_00,2007,4,00,False,False,False
31004_20070407_1200_12,2007,4,12,True,False,False
31004_20070408_0000_00,2007,4,00,True,False,False
31004_20070408_1200_12,2007,4,12,False,False,False
31004_20070409_0000_00,2007,4,00,True,False,False
31004_20070409_1200_12,2007,4,12,False,False,True
31004_20070410_0000_00,2007,4,00,False,False,True
31004_20070410_1200_12,2007,4,12,True,False,False
31004_20070411_0000_00,2007,4,00,False,False,True
31004_20070411_1200_12,2007,4,12,False,False,True
31004_20070423_1200_12,2007,4,12,False,False,False
31004_20070424_0000_00,2007,4,00,False,False,False
31004_20070424_1200_12,2007,4,12,False,False,False
31004_20070425_0000_00,2007,4,00,True,False,True
31004_20070425_1200_12,2007,4,12,False,False,False
31004_20070426_0000_00,2007,4,00,False,False,False
31004_20070426_1200_12,2007,4,12,False,False,False
31004_20070427_0000_00,2007,4,00,True,False,False
31004_20070427_1200_12,2007,4,12,True,False,False
31004_20070428_0000_00,2007,4,00,False,False,False
31004_20070428_1200_12,2007,4,12,True,False,False
31004_20070429_0000_00,2007,4,00,False,False,False
31004_20070429_1200_12,2007,4,12,False,False,False
31004_20070430_0000_00,2007,4,00,False,False,False
31004_20070430_1200_12,2007,4,12,False,False,True
31004_20070501_0000_00,2007,5,00,True,False,False
31004_20070501_1200_12,2007,5,12,False,False,False
31004_20070502_0000_00,2007,5,00,False,False,False
31004_20070502_1200_12,2007,5,12,True,False,False
31004_20070503_0000_00,2007,5,00,False,False,False
31004_20070503_1200_12,2007,5,12,False,False,False
31004_20070504_0000_00,2007,5,00,False,False,False
31004_20070504_1200_12,2007,5,12,False,False,False
31004_20070505_0000_00,2007,5,00,False,False,False
31004_20070505_1200_12,2007,5,12,False,False,False
31004_20070506_0000_00,2007,5,00,False,False,False
31004_20070506_1200_12,2007,5,12,False,False,False
31004_20070507_0000_00,2007,5,00,False,False,False
31004_20070507_1200_12,2007,5,12,False,False,True
31004_20070508_0000_00,2007,5,00,False,False,False
31004_20070508_1200_12,2007,5,12,False,False,False
31004_20070509_0000_00,2007,5,00,True,False,False
31004_20070509_1200_12,2007,5,12,False,False,True
31004_20070510_0000_00,2007,5,00,False,False,False
31004_20070510_1200_12,2007,5,12,True,False,False
31004_20070511_0000_00,2007,5,00,False,False,False
31004_20070512_0000_00,2007,5,00,False,False,False
31004_20070512_1200_12,2007,5,12,False,False,False
31004_20070513_0000_00,2007,5,00,False,False,False
31004_20070513_1200_12,2007,5,12,False,False,False
31004_20070514_0000_00,2007,5,00,False,False,False
31004_20070514_1200_12,2007,5,12,False,False,False
31004_20070515_0000_00,2007,5,00,False,False,False
31004_20070515_1200_12,2007,5,12,False,False,True
31004_20070516_0000_00,2007,5,00,False,False,True
31004_20070516_1200_12,2007,5,12,False,True,False
31004_20070517_0000_00,2007,5,00,False,False,True
31004_20070517_1200_12,2007,5,12,False,False,False
31004_20070518_0000_00,2007,5,00,False,False,False
31004_20070519_0000_00,2007,5,00,False,False,False
31004_20070519_1200_12,2007,5,12,False,False,False
31004_20070520_0000_00,2007,5,00,False,False,False
31004_20070520_1200_12,2007,5,12,False,False,False
31004_20070521_0000_00,2007,5,00,False,False,False
31004_20070521_1200_12,2007,5,12,False,False,True
31004_20070522_0000_00,2007,5,00,False,False,False
31004_20070522_1200_12,2007,5,12,False,False,False
31004_20070523_0000_00,2007,5,00,False,False,False
31004_20070523_1200_12,2007,5,12,False,False,True
31004_20070524_0000_00,2007,5,00,False,False,True
31004_20070524_1200_12,2007,5,12,False,False,False
31004_20070525_0000_00,2007,5,00,False,False,False
31004_20070525_1200_12,2007,5,12,False,False,False
31004_20070526_0000_00,2007,5,00,True,False,False
31004_20070526_1200_12,2007,5,12,False,False,False
31004_20070527_0000_00,2007,5,00,False,False,False
31004_20070527_1200_12,2007,5,12,False,False,True
31004_20070528_0000_00,2007,5,00,True,False,False
31004_20070528_1200_12,2007,5,12,True,False,False
31004_20070529_0000_00,2007,5,00,True,False,True
31004_20070529_1200_12,2007,5,12,True,False,False
31004_20070530_0000_00,2007,5,00,False,False,False
31004_20070530_1200_12,2007,5,12,False,False,False
31004_20070531_0000_00,2007,5,00,False,False,False
31004_20070601_0000_00,2007,6,00,False,False,False
31004_20070601_1200_12,2007,6,12,True,False,False
31004_20070602_0000_00,2007,6,00,True,False,True
31004_20070602_1200_12,2007,6,12,True,False,False
31004_20070603_0000_00,2007,6,00,False,False,False
31004_20070603_1200_12,2007,6,12,True,False,True
31004_20070604_0000_00,2007,6,00,False,False,False
31004_20070604_1200_12,2007,6,12,False,False,True
31004_20070605_0000_00,2007,6,00,False,True,False
31004_20070605_1200_12,2007,6,12,False,False,True
31004_20070606_0000_00,2007,6,00,False,False,False
31004_20070606_1200_12,2007,6,12,True,False,False
31004_20070607_0000_00,2007,6,00,False,False,True
31004_20070607_1200_12,2007,6,12,False,True,False
31004_20070608_0000_00,2007,6,00,False,False,False
31004_20070608_1200_12,2007,6,12,False,False,False
31004_20070609_0000_00,2007,6,00,False,False,False
31004_20070609_1200_12,2007,6,12,False,False,False
31004_20070610_0000_00,2007,6,00,False,False,False
31004_20070610_1200_12,2007,6,12,False,False,False
31004_20070611_0000_00,2007,6,00,False,False,True
31004_20070611_1200_12,2007,6,12,False,False,False
31004_20070612_0000_00,2007,6,00,False,False,False
31004_20070612_1200_12,2007,6,12,False,False,False
31004_20070613_0000_00,2007,6,00,False,False,False
31004_20070613_1200_12,2007,6,12,False,False,False
31004_20070614_0000_00,2007,6,00,False,True,False
31004_20070614_1200_12,2007,6,12,False,False,False
31004_20070615_0000_00,2007,6,00,False,False,False
31004_20070615_1200_12,2007,6,12,False,False,False
31004_20070616_0000_00,2007,6,00,False,False,True
31004_20070616_1200_12,2007,6,12,False,True,False
31004_20070617_0000_00,2007,6,00,False,False,True
31004_20070617_1200_12,2007,6,12,False,False,False
31004_20070618_0000_00,2007,6,00,False,False,False
31004_20070618_1200_12,2007,6,12,False,False,True
31004_20070619_0000_00,2007,6,00,False,False,True
31004_20070619_1200_12,2007,6,12,False,False,False
31004_20070620_0000_00,2007,6,00,False,False,False
31004_20070620_1200_12,2007,6,12,False,False,True
31004_20070621_0000_00,2007,6,00,False,False,False
31004_20070621_1200_12,2007,6,12,False,False,False
31004_20070622_0000_00,2007,6,00,False,False,False
31004_20070622_1200_12,2007,6,12,False,False,False
31004_20070623_0000_00,2007,6,00,False,False,False
31004_20070623_1200_12,2007,6,12,False,True,False
31004_20070624_0000_00,2007,6,00,False,False,False
31004_20070624_1200_12,2007,6,12,False,False,False
31004_20070625_0000_00,2007,6,00,False,False,False
31004_20070625_1200_12,2007,6,12,False,False,False
31004_20070626_0000_00,2007,6,00,False,False,False
31004_20070626_1200_12,2007,6,12,False,False,False
31004_20070627_0000_00,2007,6,00,False,False,False
31004_20070627_1200_12,2007,6,12,False,False,False
31004_20070628_0000_00,2007,6,00,False,False,False
31004_20070628_1200_12,2007,6,12,False,False,False
31004_20070629_0000_00,2007,6,00,False,False,False
31004_20070629_1200_12,2007,6,12,False,False,True
31004_20070630_0000_00,2007,6,00,False,False,False
31004_20070630_1200_12,2007,6,12,False,False,False
31004_20070701_0000_00,2007,7,00,False,False,True
31004_20070701_1200_12,2007,7,12,False,False,False
31004_20070702_0000_00,2007,7,00,False,False,True
31004_20070702_1200_12,2007,7,12,False,False,False
31004_20070703_0000_00,2007,7,00,False,False,True
31004_20070703_1200_12,2007,7,12,False,False,True
31004_20070704_0000_00,2007,7,00,False,False,True
31004_20070704_1200_12,2007,7,12,False,False,False
31004_20070705_0000_00,2007,7,00,False,False,False
31004_20070705_1200_12,2007,7,12,False,False,False
31004_20070706_0000_00,2007,7,00,False,False,False
31004_20070706_1200_12,2007,7,12,True,False,False
31004_20070707_0000_00,2007,7,00,False,False,True
31004_20070707_1200_12,2007,7,12,False,False,False
31004_20070708_0000_00,2007,7,00,False,False,False
31004_20070708_1200_12,2007,7,12,False,False,False
31004_20070709_0000_00,2007,7,00,True,False,False
31004_20070709_1200_12,2007,7,12,False,False,False
31004_20070710_0000_00,2007,7,00,False,False,False
31004_20070710_1200_12,2007,7,12,False,False,False
31004_20070711_0000_00,2007,7,00,False,False,True
31004_20070711_1200_12,2007,7,12,False,False,True
31004_20070712_0000_00,2007,7,00,False,False,True
31004_20070712_1200_12,2007,7,12,True,False,False
31004_20070713_0000_00,2007,7,00,False,False,False
31004_20070713_1200_12,2007,7,12,False,False,True
31004_20070714_0000_00,2007,7,00,False,False,True
31004_20070714_1200_12,2007,7,12,False,False,False
31004_20070715_0000_00,2007,7,00,False,False,True
31004_20070715_1200_12,2007,7,12,False,False,False
31004_20070716_0000_00,2007,7,00,False,False,False
31004_20070716_1200_12,2007,7,12,False,False,True
31004_20070717_0000_00,2007,7,00,False,False,False
31004_20070717_1200_12,2007,7,12,False,False,True
31004_20070718_0000_00,2007,7,00,False,True,False
31004_20070718_1200_12,2007,7,12,False,False,True
31004_20070719_0000_00,2007,7,00,False,False,False
31004_20070719_1200_12,2007,7,12,False,False,False
31004_20070720_0000_00,2007,7,00,False,False,False
31004_20070720_1200_12,2007,7,12,False,False,False
31004_20070721_0000_00,2007,7,00,False,False,True
31004_20070721_1200_12,2007,7,12,True,False,True
31004_20070722_0000_00,2007,7,00,False,False,False
31004_20070722_1200_12,2007,7,12,False,False,False
31004_20070723_0000_00,2007,7,00,False,False,False
31004_20070723_1200_12,2007,7,12,True,False,False
31004_20070724_0000_00,2007,7,00,False,False,False
31004_20070724_1200_12,2007,7,12,False,False,False
31004_20070725_0000_00,2007,7,00,False,False,False
31004_20070725_1200_12,2007,7,12,True,False,False
31004_20070726_0000_00,2007,7,00,False,False,False
31004_20070726_1200_12,2007,7,12,False,False,False
31004_20070727_0000_00,2007,7,00,False,False,False
31004_20070727_1200_12,2007,7,12,False,False,True
31004_20070728_0000_00,2007,7,00,False,False,True
31004_20070728_1200_12,2007,7,12,True,False,False
31004_20070729_0000_00,2007,7,00,False,False,False
31004_20070729_1200_12,2007,7,12,False,False,False
31004_20070730_0000_00,2007,7,00,True,False,False
31004_20070730_1200_12,2007,7,12,False,False,False
31004_20070731_0000_00,2007,7,00,False,False,False
31004_20070731_1200_12,2007,7,12,False,False,True
31004_20070801_0000_00,2007,8,00,False,False,True
31004_20070801_1200_12,2007,8,12,False,False,False
31004_20070802_0000_00,2007,8,00,False,False,False
31004_20070802_1200_12,2007,8,12,True,False,False
31004_20070803_0000_00,2007,8,00,False,False,False
31004_20070803_1200_12,2007,8,12,False,False,True
31004_20070804_0000_00,2007,8,00,False,False,False
31004_20070804_1200_12,2007,8,12,False,False,True
31004_20070805_0000_00,2007,8,00,False,False,False
31004_20070806_0000_00,2007,8,00,False,False,False
31004_20070806_1200_12,2007,8,12,True,False,False
31004_20070807_0000_00,2007,8,00,False,False,False
31004_20070807_1200_12,2007,8,12,True,False,False
31004_20070808_0000_00,2007,8,00,False,False,False
31004_20070808_1200_12,2007,8,12,False,False,False
31004_20070809_0000_00,2007,8,00,True,False,True
31004_20070809_1200_12,2007,8,12,False,False,False
31004_20070810_0000_00,2007,8,00,False,False,False
31004_20070811_0000_00,2007,8,00,False,False,True
31004_20070811_1200_12,2007,8,12,False,False,False
31004_20070812_0000_00,2007,8,00,False,False,True
31004_20070812_1200_12,2007,8,12,False,False,False
31004_20070813_0000_00,2007,8,00,False,False,True
31004_20070813_1200_12,2007,8,12,False,False,False
31004_20070814_0000_00,2007,8,00,True,False,False
31004_20070814_1200_12,2007,8,12,False,True,False
31004_20070815_0000_00,2007,8,00,False,True,False
31004_20070815_1200_12,2007,8,12,False,False,False
31004_20070816_0000_00,2007,8,00,False,False,False
31004_20070816_1200_12,2007,8,12,True,False,False
31004_20070817_0000_00,2007,8,00,False,False,False
31004_20070817_1200_12,2007,8,12,True,False,False
31004_20070818_0000_00,2007,8,00,True,False,False
31004_20070818_1200_12,2007,8,12,False,False,False
31004_20070819_0000_00,2007,8,00,False,False,False
31004_20070819_1200_12,2007,8,12,False,False,False
31004_20070820_0000_00,2007,8,00,False,False,False
31004_20070820_1200_12,2007,8,12,False,False,False
31004_20070821_0000_00,2007,8,00,False,False,False
31004_20070821_1200_12,2007,8,12,False,False,False
31004_20070822_0000_00,2007,8,00,False,False,False
31004_20070822_1200_12,2007,8,12,False,False,False
31004_20070823_0000_00,2007,8,00,False,False,False
31004_20070823_1200_12,2007,8,12,False,False,False
31004_20070824_0000_00,2007,8,00,False,False,False
31004_20070824_1200_12,2007,8,12,True,False,True
31004_20070825_0000_00,2007,8,00,False,False,True
31004_20070825_1200_12,2007,8,12,True,False,True
31004_20070826_0000_00,2007,8,00,True,False,True
31004_20070826_1200_12,2007,8,12,False,False,False
31004_20070827_0000_00,2007,8,00,False,False,True
31004_20070827_1200_12,2007,8,12,True,False,False
31004_20070828_0000_00,2007,8,00,False,False,False
31004_20070828_1200_12,2007,8,12,False,False,False
31004_20070829_0000_00,2007,8,00,False,False,False
31004_20070829_1200_12,2007,8,12,True,False,True
31004_20070830_0000_00,2007,8,00,False,False,False
31004_20070830_1200_12,2007,8,12,False,False,False
31004_20070831_0000_00,2007,8,00,False,False,True
31004_20070831_1200_12,2007,8,12,False,False,False
31004_20070901_0000_00,2007,9,00,False,False,False
31004_20070901_1200_12,2007,9,12,False,False,False
31004_20070902_0000_00,2007,9,00,False,False,False
31004_20070902_1200_12,2007,9,12,False,False,True
31004_20070903_0000_00,2007,9,00,False,True,True
31004_20070903_1200_12,2007,9,12,True,False,False
31004_20070904_0000_00,2007,9,00,False,False,True
31004_20070904_1200_12,2007,9,12,False,False,True
31004_20070905_0000_00,2007,9,00,True,False,True
31004_20070905_1200_12,2007,9,12,False,True,False
31004_20070906_0000_00,2007,9,00,False,False,True
31004_20070906_1200_12,2007,9,12,False,False,False
31004_20070907_0000_00,2007,9,00,True,False,False
31004_20070907_1200_12,2007,9,12,False,False,False
31004_20070908_0000_00,2007,9,00,False,True,False
31004_20070908_1200_12,2007,9,12,True,False,False
31004_20070909_0000_00,2007,9,00,True,False,False
31004_20070909_1200_12,2007,9,12,True,False,False
31004_20070910_0000_00,2007,9,00,False,False,True
31004_20070910_1200_12,2007,9,12,True,False,False
31004_20070911_0000_00,2007,9,00,False,False,True
31004_20070911_1200_12,2007,9,12,False,False,True
31004_20070912_0000_00,2007,9,00,True,False,True
31004_20070912_1200_12,2007,9,12,False,False,True
31004_20070913_0000_00,2007,9,00,False,False,False
31004_20070913_1200_12,2007,9,12,True,False,False
31004_20070914_0000_00,2007,9,00,True,False,False
31004_20070914_1200_12,2007,9,12,False,False,False
31004_20070915_0000_00,2007,9,00,False,False,True
31004_20070915_1200_12,2007,9,12,True,False,False
31004_20070916_0000_00,2007,9,00,False,False,False
31004_20070916_1200_12,2007,9,12,False,False,True
31004_20070917_0000_00,2007,9,00,False,False,True
31004_20070917_1200_12,2007,9,12,True,False,False
31004_20070918_0000_00,2007,9,00,False,False,False
31004_20070918_1200_12,2007,9,12,False,False,False
31004_20070919_0000_00,2007,9,00,False,False,False
31004_20070919_1200_12,2007,9,12,True,False,False
31004_20070920_0000_00,2007,9,00,False,False,True
31004_20070920_1200_12,2007,9,12,False,False,False
31004_20070921_0000_00,2007,9,00,False,False,False
31004_20070921_1200_12,2007,9,12,False,False,False
31004_20070922_0000_00,2007,9,00,False,False,True
31004_20070922_1200_12,2007,9,12,False,False,True
31004_20070923_0000_00,2007,9,00,False,False,True
31004_20070923_1200_12,2007,9,12,True,False,False
31004_20070924_0000_00,2007,9,00,False,False,False
31004_20070924_1200_12,2007,9,12,False,False,True
31004_20070925_0000_00,2007,9,00,True,False,True
31004_20070925_1200_12,2007,9,12,True,False,False
31004_20070926_0000_00,2007,9,00,True,False,False
31004_20070926_1200_12,2007,9,12,False,False,False
31004_20070927_0000_00,2007,9,00,False,True,False
31004_20070927_1200_12,2007,9,12,True,False,False
31004_20070928_0000_00,2007,9,00,False,False,False
31004_20070928_1200_12,2007,9,12,False,False,False
31004_20070929_0000_00,2007,9,00,True,False,False
31004_20070929_1200_12,2007,9,12,False,False,False
31004_20070930_0000_00,2007,9,00,False,False,False
31004_20070930_1200_12,2007,9,12,False,False,False
31004_20071001_0000_00,2007,10,00,False,False,False
31004_20071001_1200_12,2007,10,12,True,False,False
31004_20071002_0000_00,2007,10,00,True,False,False
31004_20071002_1200_12,2007,10,12,False,False,False
31004_20071003_0000_00,2007,10,00,False,False,False
31004_20071003_1200_12,2007,10,12,False,False,False
31004_20071004_0000_00,2007,10,00,True,False,False
31004_20071004_1200_12,2007,10,12,False,False,False
31004_20071005_0000_00,2007,10,00,True,False,False
31004_20071005_1200_12,2007,10,12,False,False,True
31004_20071006_0000_00,2007,10,00,False,False,False
31004_20071006_1200_12,2007,10,12,True,False,True
31004_20071007_0000_00,2007,10,00,False,False,False
31004_20071007_1200_12,2007,10,12,False,False,False
31004_20071008_0000_00,2007,10,00,False,False,False
31004_20071008_1200_12,2007,10,12,False,False,False
31004_20071009_0000_00,2007,10,00,False,False,True
31004_20071009_1200_12,2007,10,12,False,False,False
31004_20071010_0000_00,2007,10,00,False,False,False
31004_20071010_1200_12,2007,10,12,False,False,False
31004_20071011_0000_00,2007,10,00,True,False,False
31004_20071011_1200_12,2007,10,12,False,False,False
31004_20071012_0000_00,2007,10,00,True,False,False
31004_20071012_1200_12,2007,10,12,False,False,False
31004_20071013_0000_00,2007,10,00,False,False,False
31004_20071013_1200_12,2007,10,12,False,False,False
31004_20071014_0000_00,2007,10,00,False,False,True
31004_20071014_1200_12,2007,10,12,False,False,False
31004_20071015_0000_00,2007,10,00,False,True,False
31004_20071015_1200_12,2007,10,12,False,False,False
31004_20071016_0000_00,2007,10,00,False,True,False
31004_20071016_1200_12,2007,10,12,False,True,False
31004_20071017_0000_00,2007,10,00,False,False,False
31004_20071017_1200_12,2007,10,12,False,False,False
31004_20071018_0000_00,2007,10,00,False,False,False
31004_20071018_1200_12,2007,10,12,False,False,False
31004_20071019_0000_00,2007,10,00,False,False,False
31004_20071019_1200_12,2007,10,12,False,False,False
31004_20071020_0000_00,2007,10,00,False,False,True
31004_20071020_1200_12,2007,10,12,False,False,False
31004_20071021_0000_00,2007,10,00,True,False,False
31004_20071021_1200_12,2007,10,12,False,False,False
31004_20071022_0000_00,2007,10,00,False,False,False
31004_20071022_1200_12,2007,10,12,True,False,True
31004_20071023_0000_00,2007,10,00,False,False,False
31004_20071023_1200_12,2007,10,12,False,False,False
31004_20071024_0000_00,2007,10,00,False,False,True
31004_20071024_1200_12,2007,10,12,False,False,True
31004_20071025_0000_00,2007,10,00,False,False,True
31004_20071025_1200_12,2007,10,12,True,False,False
31004_20071026_0000_00,2007,10,00,False,False,False
31004_20071026_1200_12,2007,10,12,False,False,False
31004_20071027_0000_00,2007,10,00,False,False,True
31004_20071027_1200_12,2007,10,12,False,False,True
31004_20071028_0000_00,2007,10,00,False,False,False
31004_20071028_1200_12,2007,10,12,False,True,False
31004_20071029_0000_00,2007,10,00,False,False,False
31004_20071029_1200_12,2007,10,12,False,True,False
31004_20071030_0000_00,2007,10,00,False,False,True
31004_20071030_1200_12,2007,10,12,False,False,False
31004_20071031_0000_00,2007,10,00,False,False,True
31004_20071031_1200_12,2007,10,12,False,True,True
31004_20071101_0000_00,2007,11,00,False,False,False
31004_20071101_1200_12,2007,11,12,False,False,False
31004_20071102_0000_00,2007,11,00,False,False,False
31004_20071102_1200_12,2007,11,12,False,False,False
31004_20071103_0000_00,2007,11,00,False,False,False
31004_20071103_1200_12,2007,11,12,True,False,False
31004_20071104_0000_00,2007,11,00,True,False,False
31004_20071104_1200_12,2007,11,12,False,False,False
31004_20071105_0000_00,2007,11,00,False,False,False
31004_20071105_1200_12,2007,11,12,False,False,False
31004_20071106_0000_00,2007,11,00,False,False,True
31004_20071106_1200_12,2007,11,12,False,False,True
31004_20071107_0000_00,2007,11,00,False,False,False
31004_20071107_1200_12,2007,11,12,True,False,False
31004_20071108_0000_00,2007,11,00,False,False,True
31004_20071108_1200_12,2007,11,12,False,False,True
31004_20071109_0000_00,2007,11,00,False,False,True
31004_20071109_1200_12,2007,11,12,False,False,False
31004_20071110_0000_00,2007,11,00,False,False,False
31004_20071110_1200_12,2007,11,12,False,False,True
31004_20071111_0000_00,2007,11,00,False,False,True
31004_20071111_1200_12,2007,11,12,False,False,True
31004_20071112_0000_00,2007,11,00,False,False,True
31004_20071112_1200_12,2007,11,12,False,False,True
31004_20071113_0000_00,2007,11,00,False,False,True
31004_20071113_1200_12,2007,11,12,False,False,False
31004_20071114_0000_00,2007,11,00,False,False,True
31004_20071114_1200_12,2007,11,12,False,False,False
31004_20071115_0000_00,2007,11,00,False,False,False
31004_20071115_1200_12,2007,11,12,False,False,False
31004_20071116_0000_00,2007,11,00,True,False,False
31004_20071116_1200_12,2007,11,12,False,False,True
31004_20071117_0000_00,2007,11,00,False,False,False
31004_20071117_1200_12,2007,11,12,False,False,False
31004_20071118_0000_00,2007,11,00,False,False,False
31004_20071118_1200_12,2007,11,12,False,False,True
31004_20071119_0000_00,2007,11,00,False,False,False
31004_20071119_1200_12,2007,11,12,False,False,True
31004_20071120_0000_00,2007,11,00,False,False,False
31004_20071120_1200_12,2007,11,12,False,False,True
31004_20071121_0000_00,2007,11,00,True,False,True
31004_20071121_1200_12,2007,11,12,False,False,True
31004_20071122_0000_00,2007,11,00,False,False,True
31004_20071122_1200_12,2007,11,12,True,False,False
31004_20071123_0000_00,2007,11,00,True,False,False
31004_20071123_1200_12,2007,11,12,True,False,True
31004_20071124_0000_00,2007,11,00,False,False,True
31004_20071124_1200_12,2007,11,12,False,False,False
31004_20071125_0000_00,2007,11,00,False,False,False
31004_20071125_1200_12,2007,11,12,False,False,True
31004_20071126_0000_00,2007,11,00,True,False,False
31004_20071126_1200_12,2007,11,12,False,False,True
31004_20071127_0000_00,2007,11,00,True,False,False
31004_20071127_1200_12,2007,11,12,True,False,True
31004_20071128_0000_00,2007,11,00,False,False,True
31004_20071128_1200_12,2007,11,12,False,False,True
31004_20071129_0000_00,2007,11,00,False,True,True
31004_20071129_1200_12,2007,11,12,False,False,False
31004_20071130_0000_00,2007,11,00,False,False,False
31004_20071130_1200_12,2007,11,12,False,False,False
31004_20071201_0000_00,2007,12,00,False,False,True
31004_20071201_1200_12,2007,12,12,False,False,True
31004_20071202_0000_00,2007,12,00,False,False,True
31004_20071202_1200_12,2007,12,12,False,False,True
31004_20071203_0000_00,2007,12,00,False,False,True
31004_20071203_1200_12,2007,12,12,False,False,True
31004_20071204_0000_00,2007,12,00,True,False,True
31004_20071204_1200_12,2007,12,12,False,False,True
31004_20071205_0000_00,2007,12,00,False,False,False
31004_20071205_1200_12,2007,12,12,False,False,False
31004_20071206_0000_00,2007,12,00,False,False,True
31004_20071206_1200_12,2007,12,12,False,False,True
31004_20071207_0000_00,2007,12,00,False,False,True
31004_20071207_1200_12,2007,12,12,False,False,True
31004_20071208_0000_00,2007,12,00,False,False,True
31004_20071208_1200_12,2007,12,12,False,False,True
31004_20071209_0000_00,2007,12,00,False,False,True
31004_20071209_1200_12,2007,12,12,False,False,True
31004_20071210_0000_00,2007,12,00,False,False,False
31004_20071210_1200_12,2007,12,12,False,False,True
31004_20071211_0000_00,2007,12,00,False,False,False
31004_20071211_1200_12,2007,12,12,False,False,True
31004_20071212_0000_00,2007,12,00,False,False,True
31004_20071212_1200_12,2007,12,12,False,False,False
31004_20071213_1200_12,2007,12,12,False,False,False
31004_20071214_0000_00,2007,12,00,True,False,False
31004_20071214_1200_12,2007,12,12,True,False,True
31004_20071215_0000_00,2007,12,00,False,False,False
31004_20071215_1200_12,2007,12,12,True,False,False
31004_20071217_0000_00,2007,12,00,True,False,False
31004_20071217_1200_12,2007,12,12,True,False,False
31004_20071218_0000_00,2007,12,00,True,False,False
31004_20071218_1200_12,2007,12,12,False,False,True
31004_20071219_0000_00,2007,12,00,False,False,False
31004_20071219_1200_12,2007,12,12,False,False,False
31004_20071220_0000_00,2007,12,00,True,False,False
31004_20071220_1200_12,2007,12,12,False,False,False
31004_20071221_0000_00,2007,12,00,False,False,False
31004_20071221_1200_12,2007,12,12,False,False,False
31004_20071222_0000_00,2007,12,00,False,False,True
31004_20071222_1200_12,2007,12,12,False,False,False
31004_20071223_0000_00,2007,12,00,False,False,False
31004_20071223_1200_12,2007,12,12,True,False,False
31004_20071224_0000_00,2007,12,00,False,False,False
31004_20071224_1200_12,2007,12,12,False,True,False
31004_20071225_0000_00,2007,12,00,False,False,False
31004_20071225_1200_12,2007,12,12,False,False,True
31004_20071226_0000_00,2007,12,00,True,False,False
31004_20071226_1200_12,2007,12,12,False,True,False
31004_20071227_0000_00,2007,12,00,False,False,False
31004_20071227_1200_12,2007,12,12,False,False,False
31004_20071228_0000_00,2007,12,00,True,False,False
31004_20071228_1200_12,2007,12,12,True,False,True
31004_20071229_0000_00,2007,12,00,True,False,False
31004_20071229_1200_12,2007,12,12,True,False,False
31004_20071230_0000_00,2007,12,00,True,False,False
31004_20071230_1200_12,2007,12,12,True,False,False
31004_20071231_0000_00,2007,12,00,True,False,True
31004_20071231_1200_12,2007,12,12,True,False,False
31004_20080101_0000_00,2008,1,00,True,False,True
31004_20080101_1200_12,2008,1,12,True,False,True
31004_20080102_0000_00,2008,1,00,False,False,False
31004_20080102_1200_12,2008,1,12,False,False,True
31004_20080103_0000_00,2008,1,00,True,False,False
31004_20080103_1200_12,2008,1,12,True,False,False
31004_20080104_0000_00,2008,1,00,False,False,True
31004_20080104_1200_12,2008,1,12,False,False,True
31004_20080105_1200_12,2008,1,12,True,False,False
31004_20080106_0000_00,2008,1,00,False,False,False
31004_20080106_1200_12,2008,1,12,False,False,True
31004_20080107_0000_00,2008,1,00,True,False,False
31004_20080107_1200_12,2008,1,12,True,False,False
31004_20080108_0000_00,2008,1,00,True,False,False
31004_20080108_1200_12,2008,1,12,True,False,False
31004_20080109_0000_00,2008,1,00,True,False,False
31004_20080109_1200_12,2008,1,12,True,False,True
31004_20080110_0000_00,2008,1,00,True,False,True
31004_20080110_1200_12,2008,1,12,True,False,False
31004_20080111_0000_00,2008,1,00,False,True,False
31004_20080111_1200_12,2008,1,12,False,False,True
31004_20080112_0000_00,2008,1,00,False,False,True
31004_20080112_1200_12,2008,1,12,False,False,False
31004_20080113_0000_00,2008,1,00,False,False,True
31004_20080113_1200_12,2008,1,12,False,False,False
31004_20080114_0000_00,2008,1,00,False,False,True
31004_20080114_1200_12,2008,1,12,False,False,False
31004_20080115_0000_00,2008,1,00,False,False,True
31004_20080115_1200_12,2008,1,12,False,False,False
31004_20080116_0000_00,2008,1,00,False,False,True
31004_20080116_1200_12,2008,1,12,False,False,True
31004_20080117_0000_00,2008,1,00,False,False,True
31004_20080117_1200_12,2008,1,12,False,False,True
31004_20080118_0000_00,2008,1,00,True,False,True
31004_20080118_1200_12,2008,1,12,False,False,True
31004_20080119_0000_00,2008,1,00,False,True,False
31004_20080119_1200_12,2008,1,12,False,False,False
31004_20080120_0000_00,2008,1,00,False,False,False
31004_20080120_1200_12,2008,1,12,False,False,True
31004_20080121_0000_00,2008,1,00,True,False,True
31004_20080121_1200_12,2008,1,12,False,False,False
31004_20080122_0000_00,2008,1,00,False,False,True
31004_20080122_1200_12,2008,1,12,False,False,True
31004_20080123_0000_00,2008,1,00,False,False,True
31004_20080123_1200_12,2008,1,12,False,False,True
31004_20080124_0000_00,2008,1,00,False,True,True
31004_20080124_1200_12,2008,1,12,False,True,True
31004_20080125_0000_00,2008,1,00,False,False,True
31004_20080125_1200_12,2008,1,12,False,False,True
31004_20080126_1200_12,2008,1,12,False,False,False
31004_20080127_0000_00,2008,1,00,False,False,True
31004_20080127_1200_12,2008,1,12,False,False,True
31004_20080128_0000_00,2008,1,00,False,False,True
31004_20080128_1200_12,2008,1,12,False,False,True
31004_20080129_0000_00,2008,1,00,False,False,True
31004_20080129_1200_12,2008,1,12,False,False,True
31004_20080130_0000_00,2008,1,00,False,False,False
31004_20080130_1200_12,2008,1,12,False,False,True
31004_20080131_0000_00,2008,1,00,False,False,False
31004_20080131_1200_12,2008,1,12,False,False,True
31004_20080201_0000_00,2008,2,00,False,False,True
31004_20080201_1200_12,2008,2,12,False,False,True
31004_20080202_0000_00,2008,2,00,False,False,False
31004_20080202_1200_12,2008,2,12,False,False,True
31004_20080203_0000_00,2008,2,00,False,False,True
31004_20080203_1200_12,2008,2,12,False,False,False
31004_20080204_0000_00,2008,2,00,False,False,False
31004_20080204_1200_12,2008,2,12,False,False,False
31004_20080205_0000_00,2008,2,00,False,False,True
31004_20080205_1200_12,2008,2,12,False,False,True
31004_20080206_0000_00,2008,2,00,False,False,False
31004_20080206_1200_12,2008,2,12,False,False,False
31004_20080207_0000_00,2008,2,00,False,False,True
31004_20080207_1200_12,2008,2,12,True,False,False
31004_20080208_0000_00,2008,2,00,False,False,False
31004_20080208_1200_12,2008,2,12,False,False,False
31004_20080209_0000_00,2008,2,00,True,False,False
31004_20080210_0000_00,2008,2,00,False,False,False
31004_20080210_1200_12,2008,2,12,False,False,False
31004_20080211_0000_00,2008,2,00,False,False,False
31004_20080211_1200_12,2008,2,12,False,False,False
31004_20080212_0000_00,2008,2,00,True,False,False
31004_20080212_1200_12,2008,2,12,True,False,True
31004_20080213_0000_00,2008,2,00,True,False,False
31004_20080213_1200_12,2008,2,12,True,False,False
31004_20080214_0000_00,2008,2,00,True,False,False
31004_20080214_1200_12,2008,2,12,False,False,False
31004_20080215_0000_00,2008,2,00,False,False,False
31004_20080215_1200_12,2008,2,12,True,False,False
31004_20080216_0000_00,2008,2,00,True,False,True
31004_20080216_1200_12,2008,2,12,False,False,False
31004_20080217_0000_00,2008,2,00,False,False,True
31004_20080217_1200_12,2008,2,12,False,False,True
31004_20080218_0000_00,2008,2,00,False,False,False
31004_20080218_1200_12,2008,2,12,False,False,False
31004_20080219_0000_00,2008,2,00,False,False,True
31004_20080219_1200_12,2008,2,12,True,False,False
31004_20080220_0000_00,2008,2,00,False,False,True
31004_20080220_1200_12,2008,2,12,False,False,True
31004_20080221_0000_00,2008,2,00,False,False,True
31004_20080221_1200_12,2008,2,12,True,False,True
31004_20080222_0000_00,2008,2,00,False,False,True
31004_20080222_1200_12,2008,2,12,False,False,False
31004_20080223_0000_00,2008,2,00,True,False,False
31004_20080223_1200_12,2008,2,12,False,False,True
31004_20080224_0000_00,2008,2,00,True,False,False
31004_20080224_1200_12,2008,2,12,True,False,False
31004_20080225_0000_00,2008,2,00,False,False,False
31004_20080225_1200_12,2008,2,12,False,True,False
31004_20080226_0000_00,2008,2,00,False,False,False
31004_20080226_1200_12,2008,2,12,False,False,False
31004_20080227_0000_00,2008,2,00,False,False,False
31004_20080227_1200_12,2008,2,12,False,False,False
31004_20080228_0000_00,2008,2,00,True,False,False
31004_20080228_1200_12,2008,2,12,False,False,False
31004_20080229_0000_00,2008,2,00,True,False,False
31004_20080229_1200_12,2008,2,12,True,False,False
31004_20080301_0000_00,2008,3,00,True,False,False
31004_20080301_1200_12,2008,3,12,True,False,False
31004_20080302_0000_00,2008,3,00,True,False,False
31004_20080302_1200_12,2008,3,12,True,False,True
31004_20080303_0000_00,2008,3,00,True,False,False
31004_20080303_1200_12,2008,3,12,True,False,False
31004_20080304_0000_00,2008,3,00,True,False,False
31004_20080304_1200_12,2008,3,12,True,False,True
31004_20080305_0000_00,2008,3,00,False,False,False
31004_20080305_1200_12,2008,3,12,True,False,True
31004_20080306_0000_00,2008,3,00,False,False,True
31004_20080306_1200_12,2008,3,12,False,False,False
31004_20080307_0000_00,2008,3,00,True,False,True
31004_20080307_1200_12,2008,3,12,False,False,False
31004_20080308_0000_00,2008,3,00,False,False,False
31004_20080308_1200_12,2008,3,12,True,False,False
31004_20080309_0000_00,2008,3,00,False,False,False
31004_20080309_1200_12,2008,3,12,True,False,False
31004_20080310_0000_00,2008,3,00,False,False,False
31004_20080310_1200_12,2008,3,12,True,False,False
31004_20080311_0000_00,2008,3,00,True,False,False
31004_20080311_1200_12,2008,3,12,False,False,False
31004_20080312_0000_00,2008,3,00,False,False,False
31004_20080312_1200_12,2008,3,12,False,False,True
31004_20080313_0000_00,2008,3,00,True,False,False
31004_20080313_1200_12,2008,3,12,False,False,False
31004_20080314_0000_00,2008,3,00,True,False,True
31004_20080314_1200_12,2008,3,12,True,False,False
31004_20080315_0000_00,2008,3,00,True,False,False
31004_20080315_1200_12,2008,3,12,False,False,False
31004_20080316_0000_00,2008,3,00,False,False,False
31004_20080316_1200_12,2008,3,12,False,False,True
31004_20080317_0000_00,2008,3,00,False,False,True
31004_20080317_1200_12,2008,3,12,False,False,False
31004_20080318_0000_00,2008,3,00,False,False,True
31004_20080318_1200_12,2008,3,12,False,False,False
31004_20080319_0000_00,2008,3,00,False,False,True
31004_20080319_1200_12,2008,3,12,True,False,False
31004_20080320_0000_00,2008,3,00,True,False,False
31004_20080320_1200_12,2008,3,12,True,False,False
31004_20080321_0000_00,2008,3,00,False,False,False
31004_20080321_1200_12,2008,3,12,False,False,False
31004_20080322_0000_00,2008,3,00,False,False,False
31004_20080322_1200_12,2008,3,12,False,False,False
31004_20080323_0000_00,2008,3,00,False,True,True
31004_20080323_1200_12,2008,3,12,True,False,True
31004_20080324_0000_00,2008,3,00,True,False,False
31004_20080324_1200_12,2008,3,12,True,False,False
31004_20080325_0000_00,2008,3,00,True,False,False
31004_20080325_1200_12,2008,3,12,True,False,True
31004_20080326_0000_00,2008,3,00,False,False,False
31004_20080327_0000_00,2008,3,00,True,False,False
31004_20080327_1200_12,2008,3,12,True,False,False
31004_20080328_0000_00,2008,3,00,False,False,False
31004_20080328_1200_12,2008,3,12,False,True,False
31004_20080329_0000_00,2008,3,00,False,False,False
31004_20080329_1200_12,2008,3,12,False,False,False
31004_20080330_0000_00,2008,3,00,False,False,True
31004_20080330_1200_12,2008,3,12,False,False,True
31004_20080331_0000_00,2008,3,00,False,False,False
31004_20080331_1200_12,2008,3,12,False,False,False
31004_20080401_0000_00,2008,4,00,False,False,False
31004_20080401_1200_12,2008,4,12,False,False,False
31004_20080402_0000_00,2008,4,00,False,True,True
31004_20080402_1200_12,2008,4,12,True,False,False
31004_20080403_0000_00,2008,4,00,True,False,False
31004_20080403_1200_12,2008,4,12,True,False,False
31004_20080404_0000_00,2008,4,00,False,False,False
31004_20080404_1200_12,2008,4,12,True,False,False
31004_20080405_0000_00,2008,4,00,False,False,False
31004_20080405_1200_12,2008,4,12,False,False,False
31004_20080406_0000_00,2008,4,00,False,False,False
31004_20080407_0000_00,2008,4,00,False,False,True
31004_20080407_1200_12,2008,4,12,False,False,True
31004_20080408_0000_00,2008,4,00,False,False,False
31004_20080408_1200_12,2008,4,12,False,False,False
31004_20080409_0000_00,2008,4,00,False,False,False
31004_20080409_1200_12,2008,4,12,False,False,False
31004_20080410_0000_00,2008,4,00,True,False,False
31004_20080410_1200_12,2008,4,12,False,False,False
31004_20080411_0000_00,2008,4,00,False,False,False
31004_20080411_1200_12,2008,4,12,False,False,False
31004_20080412_0000_00,2008,4,00,False,False,False
31004_20080412_1200_12,2008,4,12,False,False,False
31004_20080413_0000_00,2008,4,00,False,False,True
31004_20080413_1200_12,2008,4,12,False,False,False
31004_20080414_0000_00,2008,4,00,False,False,False
31004_20080414_1200_12,2008,4,12,False,False,False
31004_20080415_0000_00,2008,4,00,False,False,False
31004_20080415_1200_12,2008,4,12,True,False,True
31004_20080416_1200_12,2008,4,12,False,False,True
31004_20080417_0000_00,2008,4,00,False,False,False
31004_20080417_1200_12,2008,4,12,False,False,False
31004_20080418_0000_00,2008,4,00,False,False,False
31004_20080418_1200_12,2008,4,12,False,False,False
31004_20080419_0000_00,2008,4,00,False,False,True
31004_20080419_1200_12,2008,4,12,False,False,True
31004_20080420_0000_00,2008,4,00,False,False,True
31004_20080420_1200_12,2008,4,12,False,False,False
31004_20080421_0000_00,2008,4,00,False,False,False
31004_20080421_1200_12,2008,4,12,False,False,False
31004_20080422_0000_00,2008,4,00,False,False,False
31004_20080422_1200_12,2008,4,12,True,False,False
31004_20080423_0000_00,2008,4,00,False,False,False
31004_20080423_1200_12,2008,4,12,False,False,False
31004_20080424_1200_12,2008,4,12,False,True,False
31004_20080425_0000_00,2008,4,00,False,False,True
31004_20080425_1200_12,2008,4,12,False,False,False
31004_20080426_0000_00,2008,4,00,False,False,True
31004_20080426_1200_12,2008,4,12,True,False,False
31004_20080427_0000_00,2008,4,00,False,False,True
31004_20080427_1200_12,2008,4,12,True,False,False
31004_20080428_0000_00,2008,4,00,False,False,False
31004_20080428_1200_12,2008,4,12,True,False,False
31004_20080429_0000_00,2008,4,00,False,False,True
31004_20080429_1200_12,2008,4,12,True,False,False
31004_20080430_0000_00,2008,4,00,False,False,False
31004_20080502_1200_12,2008,5,12,False,True,False
31004_20080503_0000_00,2008,5,00,False,False,False
31004_20080503_1200_12,2008,5,12,False,False,False
31004_20080504_0000_00,2008,5,00,False,False,False
31004_20080504_1200_12,2008,5,12,False,False,False
31004_20080505_0000_00,2008,5,00,False,False,True
31004_20080505_1200_12,2008,5,12,False,False,False
31004_20080506_0000_00,2008,5,00,False,False,False
31004_20080506_1200_12,2008,5,12,False,False,False
31004_20080507_0000_00,2008,5,00,False,False,False
31004_20080507_1200_12,2008,5,12,False,False,False
31004_20080508_0000_00,2008,5,00,False,False,True
31004_20080508_1200_12,2008,5,12,False,False,False
31004_20080509_0000_00,2008,5,00,False,False,False
31004_20080509_1200_12,2008,5,12,False,False,False
31004_20080510_0000_00,2008,5,00,False,False,True
31004_20080510_1200_12,2008,5,12,True,False,False
31004_20080511_0000_00,2008,5,00,False,False,True
31004_20080511_1200_12,2008,5,12,False,False,False
31004_20080512_0000_00,2008,5,00,False,False,False
31004_20080512_1200_12,2008,5,12,False,True,False
31004_20080513_0000_00,2008,5,00,False,False,False
31004_20080513_1200_12,2008,5,12,False,False,False
31004_20080514_0000_00,2008,5,00,False,False,False
31004_20080514_1200_12,2008,5,12,False,False,True
31004_20080515_0000_00,2008,5,00,False,False,False
31004_20080515_1200_12,2008,5,12,False,False,False
31004_20080516_0000_00,2008,5,00,False,False,True
31004_20080516_1200_12,2008,5,12,False,False,False
31004_20080517_0000_00,2008,5,00,False,False,True
31004_20080517_1200_12,2008,5,12,False,False,False
31004_20080518_0000_00,2008,5,00,False,False,False
31004_20080518_1200_12,2008,5,12,False,False,True
31004_20080519_0000_00,2008,5,00,False,False,False
31004_20080519_1200_12,2008,5,12,False,False,True
31004_20080520_0000_00,2008,5,00,False,False,False
31004_20080520_1200_12,2008,5,12,False,False,True
31004_20080521_0000_00,2008,5,00,False,False,False
31004_20080521_1200_12,2008,5,12,False,False,False
31004_20080522_0000_00,2008,5,00,False,False,False
31004_20080522_1200_12,2008,5,12,False,False,False
31004_20080523_0000_00,2008,5,00,False,False,False
31004_20080523_1200_12,2008,5,12,False,False,False
31004_20080524_0000_00,2008,5,00,False,False,True
31004_20080524_1200_12,2008,5,12,False,True,False
31004_20080525_0000_00,2008,5,00,False,False,False
31004_20080525_1200_12,2008,5,12,False,False,True
31004_20080526_0000_00,2008,5,00,False,False,False
31004_20080526_1200_12,2008,5,12,False,False,False
31004_20080527_0000_00,2008,5,00,False,False,True
31004_20080527_1200_12,2008,5,12,False,False,False
31004_20080528_0000_00,2008,5,00,False,False,False
31004_20080528_1200_12,2008,5,12,False,False,True
31004_20080529_0000_00,2008,5,00,False,False,True
31004_20080529_1200_12,2008,5,12,False,False,False
31004_20080530_0000_00,2008,5,00,False,False,False
31004_20080530_1200_12,2008,5,12,False,False,False
31004_20080531_0000_00,2008,5,00,False,False,False
31004_20080531_1200_12,2008,5,12,False,False,False
31004_20080601_0000_00,2008,6,00,False,False,False
31004_20080601_1200_12,2008,6,12,False,False,False
31004_20080602_0000_00,2008,6,00,False,False,False
31004_20080602_1200_12,2008,6,12,False,False,False
31004_20080603_0000_00,2008,6,00,True,False,False
31004_20080603_1200_12,2008,6,12,False,False,False
31004_20080604_0000_00,2008,6,00,False,False,False
31004_20080604_1200_12,2008,6,12,False,False,False
31004_20080605_0000_00,2008,6,00,False,False,False
31004_20080605_1200_12,2008,6,12,False,False,False
31004_20080606_0000_00,2008,6,00,False,False,False
31004_20080606_1200_12,2008,6,12,True,False,False
31004_20080607_0000_00,2008,6,00,False,False,True
31004_20080607_1200_12,2008,6,12,False,False,False
31004_20080608_0000_00,2008,6,00,False,False,False
31004_20080608_1200_12,2008,6,12,False,False,False
31004_20080609_0000_00,2008,6,00,False,False,False
31004_20080609_1200_12,2008,6,12,False,False,True
31004_20080610_0000_00,2008,6,00,False,False,False
31004_20080610_1200_12,2008,6,12,False,False,False
31004_20080611_0000_00,2008,6,00,True,False,False
31004_20080611_1200_12,2008,6,12,False,False,False
31004_20080612_0000_00,2008,6,00,False,False,False
31004_20080612_1200_12,2008,6,12,True,False,False
31004_20080613_0000_00,2008,6,00,False,False,False
31004_20080613_1200_12,2008,6,12,False,False,False
31004_20080614_0000_00,2008,6,00,False,False,False
31004_20080614_1200_12,2008,6,12,False,False,True
31004_20080615_0000_00,2008,6,00,False,False,True
31004_20080615_1200_12,2008,6,12,False,False,False
31004_20080616_0000_00,2008,6,00,False,False,False
31004_20080616_1200_12,2008,6,12,True,False,False
31004_20080617_0000_00,2008,6,00,False,False,False
31004_20080617_1200_12,2008,6,12,False,False,False
31004_20080618_0000_00,2008,6,00,False,False,True
31004_20080618_1200_12,2008,6,12,False,False,False
31004_20080619_0000_00,2008,6,00,False,True,False
31004_20080619_1200_12,2008,6,12,False,False,False
31004_20080620_0000_00,2008,6,00,False,False,False
31004_20080620_1200_12,2008,6,12,False,False,True
31004_20080621_0000_00,2008,6,00,False,False,False
31004_20080621_1200_12,2008,6,12,True,False,False
31004_20080622_0000_00,2008,6,00,False,False,False
31004_20080622_1200_12,2008,6,12,False,False,False
31004_20080623_0000_00,2008,6,00,False,True,False
31004_20080623_1200_12,2008,6,12,False,False,False
31004_20080624_0000_00,2008,6,00,False,False,False
31004_20080624_1200_12,2008,6,12,False,False,False
31004_20080625_0000_00,2008,6,00,False,False,False
31004_20080625_1200_12,2008,6,12,False,False,False
31004_20080626_0000_00,2008,6,00,False,False,False
31004_20080626_1200_12,2008,6,12,False,False,False
31004_20080627_0000_00,2008,6,00,False,False,False
31004_20080627_1200_12,2008,6,12,False,False,False
31004_20080628_0000_00,2008,6,00,False,False,False
31004_20080628_1200_12,2008,6,12,False,False,False
31004_20080629_0000_00,2008,6,00,False,False,False
31004_20080629_1200_12,2008,6,12,True,False,False
31004_20080630_0000_00,2008,6,00,False,True,False
31004_20080630_1200_12,2008,6,12,True,False,False
31004_20080701_0000_00,2008,7,00,False,False,False
31004_20080701_1200_12,2008,7,12,False,False,False
31004_20080702_0000_00,2008,7,00,False,False,False
31004_20080702_1200_12,2008,7,12,True,False,False
31004_20080703_0000_00,2008,7,00,False,False,False
31004_20080703_1200_12,2008,7,12,False,False,False
31004_20080704_0000_00,2008,7,00,False,False,False
31004_20080704_1200_12,2008,7,12,False,False,False
31004_20080705_0000_00,2008,7,00,False,False,False
31004_20080705_1200_12,2008,7,12,False,False,True
31004_20080706_0000_00,2008,7,00,False,False,True
31004_20080706_1200_12,2008,7,12,False,False,True
31004_20080707_0000_00,2008,7,00,False,False,False
31004_20080707_1200_12,2008,7,12,False,False,False
31004_20080708_0000_00,2008,7,00,False,False,False
31004_20080708_1200_12,2008,7,12,False,True,False
31004_20080709_0000_00,2008,7,00,False,False,False
31004_20080709_1200_12,2008,7,12,False,True,False
31004_20080710_0000_00,2008,7,00,False,False,False
31004_20080710_1200_12,2008,7,12,False,False,True
31004_20080711_0000_00,2008,7,00,False,False,False
31004_20080711_1200_12,2008,7,12,False,False,False
31004_20080712_0000_00,2008,7,00,False,False,True
31004_20080712_1200_12,2008,7,12,False,False,False
31004_20080713_0000_00,2008,7,00,False,False,False
31004_20080713_1200_12,2008,7,12,False,False,False
31004_20080714_0000_00,2008,7,00,False,False,True
31004_20080714_1200_12,2008,7,12,False,False,False
31004_20080715_0000_00,2008,7,00,False,False,False
31004_20080715_1200_12,2008,7,12,False,False,False
31004_20080716_0000_00,2008,7,00,False,False,False
31004_20080716_1200_12,2008,7,12,False,False,False
31004_20080717_0000_00,2008,7,00,False,False,False
31004_20080717_1200_12,2008,7,12,False,False,False
31004_20080718_0000_00,2008,7,00,False,False,False
31004_20080718_1200_12,2008,7,12,True,False,False
31004_20080719_0000_00,2008,7,00,True,False,False
31004_20080719_1200_12,2008,7,12,False,False,False
31004_20080720_0000_00,2008,7,00,False,False,False
31004_20080720_1200_12,2008,7,12,False,False,False
31004_20080721_0000_00,2008,7,00,False,False,False
31004_20080721_1200_12,2008,7,12,False,False,False
31004_20080722_0000_00,2008,7,00,False,False,False
31004_20080722_1200_12,2008,7,12,False,False,True
31004_20080723_0000_00,2008,7,00,False,False,False
31004_20080723_1200_12,2008,7,12,False,True,True
31004_20080724_0000_00,2008,7,00,False,False,False
31004_20080724_1200_12,2008,7,12,False,False,False
31004_20080725_0000_00,2008,7,00,False,False,False
31004_20080725_1200_12,2008,7,12,False,False,False
31004_20080726_0000_00,2008,7,00,False,False,False
31004_20080726_1200_12,2008,7,12,False,False,False
31004_20080727_0000_00,2008,7,00,False,False,False
31004_20080727_1200_12,2008,7,12,False,False,False
31004_20080728_0000_00,2008,7,00,False,False,False
31004_20080729_0000_00,2008,7,00,False,False,True
31004_20080729_1200_12,2008,7,12,False,False,False
31004_20080730_1200_12,2008,7,12,False,False,False
31004_20080731_0000_00,2008,7,00,False,True,False
31004_20080731_1200_12,2008,7,12,False,False,False
31004_20080801_0000_00,2008,8,00,False,False,False
31004_20080801_1200_12,2008,8,12,False,False,False
31004_20080802_0000_00,2008,8,00,False,False,True
31004_20080802_1200_12,2008,8,12,False,False,True
31004_20080803_0000_00,2008,8,00,False,False,True
31004_20080803_1200_12,2008,8,12,False,False,False
31004_20080804_0000_00,2008,8,00,False,False,False
31004_20080804_1200_12,2008,8,12,False,False,True
31004_20080805_0000_00,2008,8,00,True,False,False
31004_20080805_1200_12,2008,8,12,False,False,False
31004_20080806_0000_00,2008,8,00,False,False,True
31004_20080806_1200_12,2008,8,12,False,False,True
31004_20080807_0000_00,2008,8,00,False,False,False
31004_20080807_1200_12,2008,8,12,True,False,False
31004_20080808_0000_00,2008,8,00,False,False,False
31004_20080808_1200_12,2008,8,12,True,False,False
31004_20080809_0000_00,2008,8,00,False,False,False
31004_20080809_1200_12,2008,8,12,False,False,False
31004_20080810_0000_00,2008,8,00,False,False,False
31004_20080810_1200_12,2008,8,12,False,False,False
31004_20080811_0000_00,2008,8,00,False,False,False
31004_20080811_1200_12,2008,8,12,False,False,True
31004_20080812_0000_00,2008,8,00,False,False,True
31004_20080812_1200_12,2008,8,12,False,False,False
31004_20080813_0000_00,2008,8,00,False,False,False
31004_20080813_1200_12,2008,8,12,False,False,False
31004_20080814_0000_00,2008,8,00,False,False,False
31004_20080814_1200_12,2008,8,12,True,False,False
31004_20080815_0000_00,2008,8,00,False,False,False
31004_20080815_1200_12,2008,8,12,True,False,False
31004_20080816_0000_00,2008,8,00,False,True,False
31004_20080816_1200_12,2008,8,12,False,False,False
31004_20080817_1200_12,2008,8,12,True,False,False
31004_20080818_0000_00,2008,8,00,False,False,False
31004_20080818_1200_12,2008,8,12,False,False,False
31004_20080819_0000_00,2008,8,00,True,False,False
31004_20080819_1200_12,2008,8,12,False,False,False
31004_20080820_0000_00,2008,8,00,False,False,False
31004_20080820_1200_12,2008,8,12,False,False,False
31004_20080821_0000_00,2008,8,00,False,False,False
31004_20080821_1200_12,2008,8,12,False,False,False
31004_20080822_1200_12,2008,8,12,False,False,False
31004_20080823_0000_00,2008,8,00,False,False,False
31004_20080823_1200_12,2008,8,12,True,False,False
31004_20080824_1200_12,2008,8,12,False,False,True
31004_20080825_0000_00,2008,8,00,False,False,False
31004_20080825_1200_12,2008,8,12,False,False,False
31004_20080826_0000_00,2008,8,00,False,False,True
31004_20080826_1200_12,2008,8,12,True,False,False
31004_20080827_0000_00,2008,8,00,False,False,False
31004_20080827_1200_12,2008,8,12,False,False,False
31004_20080828_0000_00,2008,8,00,False,False,False
31004_20080828_1200_12,2008,8,12,False,False,False
31004_20080829_1200_12,2008,8,12,False,False,False
31004_20080830_0000_00,2008,8,00,False,False,False
31004_20080830_1200_12,2008,8,12,False,False,False
31004_20080831_0000_00,2008,8,00,True,False,False
31004_20080831_1200_12,2008,8,12,True,False,False
31004_20080901_0000_00,2008,9,00,False,False,False
31004_20080901_1200_12,2008,9,12,False,True,False
31004_20080902_0000_00,2008,9,00,False,False,False
31004_20080902_1200_12,2008,9,12,False,False,False
31004_20080903_0000_00,2008,9,00,False,False,True
31004_20080903_1200_12,2008,9,12,False,False,False
31004_20080904_0000_00,2008,9,00,False,False,False
31004_20080904_1200_12,2008,9,12,False,False,True
31004_20080905_0000_00,2008,9,00,False,False,False
31004_20080905_1200_12,2008,9,12,False,False,False
31004_20080906_0000_00,2008,9,00,False,False,True
31004_20080906_1200_12,2008,9,12,False,False,False
31004_20080907_0000_00,2008,9,00,True,False,False
31004_20080907_1200_12,2008,9,12,False,False,True
31004_20080908_0000_00,2008,9,00,False,False,False
31004_20080908_1200_12,2008,9,12,True,False,False
31004_20080909_0000_00,2008,9,00,False,False,False
31004_20080909_1200_12,2008,9,12,True,False,True
31004_20080910_0000_00,2008,9,00,False,False,False
31004_20080910_1200_12,2008,9,12,True,False,True
31004_20080911_0000_00,2008,9,00,False,False,False
31004_20080911_1200_12,2008,9,12,True,False,True
31004_20080912_0000_00,2008,9,00,False,False,False
31004_20080912_1200_12,2008,9,12,True,False,False
31004_20080913_0000_00,2008,9,00,False,False,False
31004_20080913_1200_12,2008,9,12,True,False,False
31004_20080914_0000_00,2008,9,00,False,False,False
31004_20080914_1200_12,2008,9,12,False,False,False
31004_20080915_0000_00,2008,9,00,False,False,False
31004_20080915_1200_12,2008,9,12,False,False,True
31004_20080916_0000_00,2008,9,00,False,False,False
31004_20080916_1200_12,2008,9,12,False,False,True
31004_20080917_0000_00,2008,9,00,True,False,True
31004_20080917_1200_12,2008,9,12,False,False,False
31004_20080918_1200_12,2008,9,12,False,False,False
31004_20080919_0000_00,2008,9,00,False,False,True
31004_20080919_1200_12,2008,9,12,False,False,False
31004_20080920_0000_00,2008,9,00,False,False,False
31004_20080920_1200_12,2008,9,12,False,False,False
31004_20080921_0000_00,2008,9,00,False,False,True
31004_20080921_1200_12,2008,9,12,True,False,True
31004_20080922_0000_00,2008,9,00,False,False,False
31004_20080922_1200_12,2008,9,12,False,False,False
31004_20080923_0000_00,2008,9,00,True,False,False
31004_20080923_1200_12,2008,9,12,True,False,False
31004_20080924_0000_00,2008,9,00,False,False,False
31004_20080924_1200_12,2008,9,12,False,False,False
31004_20080925_0000_00,2008,9,00,False,False,False
31004_20080925_1200_12,2008,9,12,False,False,False
31004_20080926_0000_00,2008,9,00,False,False,False
31004_20080926_1200_12,2008,9,12,False,False,False
31004_20080927_0000_00,2008,9,00,False,False,False
31004_20080927_1200_12,2008,9,12,True,False,False
31004_20080928_0000_00,2008,9,00,True,False,True
31004_20080928_1200_12,2008,9,12,True,False,True
31004_20080929_0000_00,2008,9,00,False,False,False
31004_20080929_1200_12,2008,9,12,True,False,True
31004_20080930_0000_00,2008,9,00,True,False,True
31004_20080930_1200_12,2008,9,12,True,False,False
31004_20081001_0000_00,2008,10,00,False,False,False
31004_20081001_1200_12,2008,10,12,True,False,False
31004_20081002_0000_00,2008,10,00,False,False,False
31004_20081002_1200_12,2008,10,12,False,False,False
31004_20081003_0000_00,2008,10,00,False,False,False
31004_20081003_1200_12,2008,10,12,False,False,True
31004_20081004_0000_00,2008,10,00,False,False,False
31004_20081004_1200_12,2008,10,12,False,False,False
31004_20081005_0000_00,2008,10,00,False,False,True
31004_20081005_1200_12,2008,10,12,False,False,False
31004_20081006_0000_00,2008,10,00,False,False,False
31004_20081006_1200_12,2008,10,12,False,False,False
31004_20081007_0000_00,2008,10,00,True,False,False
31004_20081007_1200_12,2008,10,12,False,False,False
31004_20081008_0000_00,2008,10,00,False,False,False
31004_20081008_1200_12,2008,10,12,False,False,False
31004_20081009_0000_00,2008,10,00,True,False,False
31004_20081009_1200_12,2008,10,12,True,False,False
31004_20081010_0000_00,2008,10,00,False,False,False
31004_20081010_1200_12,2008,10,12,False,False,False
31004_20081011_0000_00,2008,10,00,False,False,False
31004_20081012_0000_00,2008,10,00,False,False,False
31004_20081012_1200_12,2008,10,12,False,False,False
31004_20081013_0000_00,2008,10,00,False,False,False
31004_20081013_1200_12,2008,10,12,True,False,False
31004_20081014_0000_00,2008,10,00,False,False,True
31004_20081014_1200_12,2008,10,12,False,False,False
31004_20081015_0000_00,2008,10,00,True,False,True
31004_20081015_1200_12,2008,10,12,True,False,False
31004_20081016_0000_00,2008,10,00,True,False,False
31004_20081016_1200_12,2008,10,12,True,False,False
31004_20081017_0000_00,2008,10,00,False,False,False
31004_20081017_1200_12,2008,10,12,True,False,False
31004_20081018_0000_00,2008,10,00,True,False,False
31004_20081018_1200_12,2008,10,12,False,False,False
31004_20081019_0000_00,2008,10,00,False,False,False
31004_20081019_1200_12,2008,10,12,False,False,False
31004_20081020_0000_00,2008,10,00,False,True,False
31004_20081020_1200_12,2008,10,12,False,False,False
31004_20081021_0000_00,2008,10,00,False,False,False
31004_20081021_1200_12,2008,10,12,False,False,False
31004_20081022_0000_00,2008,10,00,False,False,False
31004_20081022_1200_12,2008,10,12,False,False,False
31004_20081023_0000_00,2008,10,00,False,False,True
31004_20081023_1200_12,2008,10,12,False,False,True
31004_20081024_0000_00,2008,10,00,False,False,False
31004_20081024_1200_12,2008,10,12,False,False,True
31004_20081025_0000_00,2008,10,00,False,False,True
31004_20081025_1200_12,2008,10,12,False,False,False
31004_20081026_0000_00,2008,10,00,False,False,False
31004_20081026_1200_12,2008,10,12,False,False,True
31004_20081027_0000_00,2008,10,00,False,False,True
31004_20081027_1200_12,2008,10,12,False,False,False
31004_20081028_0000_00,2008,10,00,False,False,True
31004_20081028_1200_12,2008,10,12,True,False,True
31004_20081029_0000_00,2008,10,00,False,False,True
31004_20081029_1200_12,2008,10,12,False,False,False
31004_20081030_0000_00,2008,10,00,False,False,False
31004_20081030_1200_12,2008,10,12,False,False,False
31004_20081031_0000_00,2008,10,00,False,False,False
31004_20081031_1200_12,2008,10,12,False,False,False
31004_20081101_0000_00,2008,11,00,False,False,False
31004_20081101_1200_12,2008,11,12,False,False,False
31004_20081102_0000_00,2008,11,00,False,False,True
31004_20081102_1200_12,2008,11,12,False,False,False
31004_20081103_0000_00,2008,11,00,False,False,True
31004_20081103_1200_12,2008,11,12,False,False,True
31004_20081104_0000_00,2008,11,00,False,False,True
31004_20081104_1200_12,2008,11,12,False,False,True
31004_20081105_0000_00,2008,11,00,False,False,True
31004_20081105_1200_12,2008,11,12,False,False,True
31004_20081106_0000_00,2008,11,00,False,False,False
31004_20081106_1200_12,2008,11,12,False,False,False
31004_20081107_0000_00,2008,11,00,False,False,True
31004_20081107_1200_12,2008,11,12,False,False,True
31004_20081108_0000_00,2008,11,00,False,False,True
31004_20081108_1200_12,2008,11,12,True,False,True
31004_20081109_0000_00,2008,11,00,False,False,False
31004_20081109_1200_12,2008,11,12,False,False,False
31004_20081110_0000_00,2008,11,00,False,False,True
31004_20081110_1200_12,2008,11,12,False,False,True
31004_20081111_0000_00,2008,11,00,False,False,False
31004_20081111_1200_12,2008,11,12,False,False,True
31004_20081112_0000_00,2008,11,00,False,False,False
31004_20081112_1200_12,2008,11,12,False,False,False
31004_20081113_0000_00,2008,11,00,False,False,False
31004_20081113_1200_12,2008,11,12,True,False,False
31004_20081114_0000_00,2008,11,00,True,False,False
31004_20081114_1200_12,2008,11,12,True,False,False
31004_20081115_0000_00,2008,11,00,False,False,False
31004_20081115_1200_12,2008,11,12,False,False,False
31004_20081116_0000_00,2008,11,00,False,False,False
31004_20081116_1200_12,2008,11,12,False,False,True
31004_20081117_0000_00,2008,11,00,False,False,True
31004_20081117_1200_12,2008,11,12,False,False,True
31004_20081118_0000_00,2008,11,00,False,False,True
31004_20081118_1200_12,2008,11,12,False,False,False
31004_20081119_0000_00,2008,11,00,False,False,False
31004_20081119_1200_12,2008,11,12,True,False,False
31004_20081120_0000_00,2008,11,00,False,False,True
31004_20081120_1200_12,2008,11,12,True,False,False
31004_20081121_0000_00,2008,11,00,True,False,False
31004_20081121_1200_12,2008,11,12,False,False,False
31004_20081122_0000_00,2008,11,00,False,False,False
31004_20081122_1200_12,2008,11,12,False,False,False
31004_20081123_0000_00,2008,11,00,False,False,True
31004_20081123_1200_12,2008,11,12,False,False,False
31004_20081124_0000_00,2008,11,00,False,False,False
31004_20081124_1200_12,2008,11,12,True,False,False
31004_20081125_0000_00,2008,11,00,False,False,False
31004_20081125_1200_12,2008,11,12,False,False,True
31004_20081126_0000_00,2008,11,00,False,True,False
31004_20081126_1200_12,2008,11,12,False,False,True
31004_20081127_0000_00,2008,11,00,False,False,True
31004_20081127_1200_12,2008,11,12,False,False,False
31004_20081128_0000_00,2008,11,00,False,False,False
31004_20081128_1200_12,2008,11,12,False,False,True
31004_20081129_0000_00,2008,11,00,False,False,False
31004_20081129_1200_12,2008,11,12,False,False,False
31004_20081130_0000_00,2008,11,00,False,False,True
31004_20081130_1200_12,2008,11,12,False,False,False
31004_20081201_0000_00,2008,12,00,True,False,False
31004_20081201_1200_12,2008,12,12,True,False,False
31004_20081202_0000_00,2008,12,00,True,False,False
31004_20081202_1200_12,2008,12,12,False,False,True
31004_20081203_0000_00,2008,12,00,False,False,True
31004_20081203_1200_12,2008,12,12,True,False,True
31004_20081204_0000_00,2008,12,00,False,False,True
31004_20081204_1200_12,2008,12,12,False,False,True
31004_20081205_0000_00,2008,12,00,False,False,True
31004_20081205_1200_12,2008,12,12,True,False,False
31004_20081206_0000_00,2008,12,00,True,False,False
31004_20081206_1200_12,2008,12,12,False,False,False
31004_20081207_0000_00,2008,12,00,True,False,False
31004_20081207_1200_12,2008,12,12,True,False,False
31004_20081208_0000_00,2008,12,00,False,False,False
31004_20081208_1200_12,2008,12,12,False,False,True
31004_20081209_0000_00,2008,12,00,False,False,False
31004_20081209_1200_12,2008,12,12,False,False,False
31004_20081210_0000_00,2008,12,00,False,False,False
31004_20081210_1200_12,2008,12,12,True,False,False
31004_20081211_0000_00,2008,12,00,True,False,True
31004_20081211_1200_12,2008,12,12,False,False,False
31004_20081212_0000_00,2008,12,00,False,False,False
31004_20081212_1200_12,2008,12,12,False,False,True
31004_20081213_0000_00,2008,12,00,False,False,False
31004_20081213_1200_12,2008,12,12,False,False,False
31004_20081214_0000_00,2008,12,00,False,False,False
31004_20081214_1200_12,2008,12,12,True,False,False
31004_20081215_0000_00,2008,12,00,True,False,False
31004_20081215_1200_12,2008,12,12,True,False,True
31004_20081216_0000_00,2008,12,00,True,False,True
31004_20081216_1200_12,2008,12,12,False,False,True
31004_20081217_0000_00,2008,12,00,True,False,True
31004_20081217_1200_12,2008,12,12,True,False,True
31004_20081218_0000_00,2008,12,00,False,False,False
31004_20081218_1200_12,2008,12,12,False,False,False
31004_20081219_0000_00,2008,12,00,False,False,True
31004_20081219_1200_12,2008,12,12,False,False,True
31004_20081220_0000_00,2008,12,00,False,False,False
31004_20081220_1200_12,2008,12,12,False,False,False
31004_20081221_0000_00,2008,12,00,False,False,False
31004_20081221_1200_12,2008,12,12,False,False,True
31004_20081222_0000_00,2008,12,00,False,False,True
31004_20081222_1200_12,2008,12,12,False,False,True
31004_20081223_0000_00,2008,12,00,False,False,False
31004_20081223_1200_12,2008,12,12,False,False,True
31004_20081224_0000_00,2008,12,00,False,False,True
31004_20081224_1200_12,2008,12,12,False,False,True
31004_20081225_0000_00,2008,12,00,False,False,False
31004_20081225_1200_12,2008,12,12,False,False,True
31004_20081226_0000_00,2008,12,00,False,False,True
31004_20081226_1200_12,2008,12,12,True,False,True
31004_20081227_0000_00,2008,12,00,True,False,True
31004_20081227_1200_12,2008,12,12,True,False,False
31004_20081228_0000_00,2008,12,00,False,False,True
31004_20081228_1200_12,2008,12,12,False,False,True
31004_20081229_1200_12,2008,12,12,False,False,True
31004_20081230_0000_00,2008,12,00,False,True,True
31004_20081230_1200_12,2008,12,12,False,False,True
31004_20081231_0000_00,2008,12,00,True,False,False
31004_20081231_1200_12,2008,12,12,False,False,False
31004_20090101_0000_00,2009,1,00,False,False,False
31004_20090102_0000_00,2009,1,00,True,False,False
31004_20090102_1200_12,2009,1,12,False,False,False
31004_20090103_0000_00,2009,1,00,False,False,True
31004_20090103_1200_12,2009,1,12,False,False,True
31004_20090104_0000_00,2009,1,00,False,False,True
31004_20090104_1200_12,2009,1,12,False,False,True
31004_20090105_0000_00,2009,1,00,False,False,True
31004_20090105_1200_12,2009,1,12,True,False,False
31004_20090106_0000_00,2009,1,00,False,False,False
31004_20090106_1200_12,2009,1,12,True,False,False
31004_20090107_0000_00,2009,1,00,False,False,False
31004_20090107_1200_12,2009,1,12,False,False,False
31004_20090108_0000_00,2009,1,00,False,False,False
31004_20090108_1200_12,2009,1,12,False,False,False
31004_20090109_0000_00,2009,1,00,False,False,True
31004_20090109_1200_12,2009,1,12,False,False,False
31004_20090110_0000_00,2009,1,00,True,False,True
31004_20090110_1200_12,2009,1,12,False,False,False
31004_20090111_0000_00,2009,1,00,True,False,True
31004_20090111_1200_12,2009,1,12,False,False,False
31004_20090112_0000_00,2009,1,00,False,False,True
31004_20090112_1200_12,2009,1,12,False,False,False
31004_20090113_0000_00,2009,1,00,False,False,False
31004_20090113_1200_12,2009,1,12,True,False,False
31004_20090114_0000_00,2009,1,00,False,False,False
31004_20090114_1200_12,2009,1,12,False,False,True
31004_20090115_0000_00,2009,1,00,False,False,False
31004_20090115_1200_12,2009,1,12,False,False,False
31004_20090116_0000_00,2009,1,00,False,False,False
31004_20090116_1200_12,2009,1,12,False,False,True
31004_20090117_0000_00,2009,1,00,True,False,False
31004_20090117_1200_12,2009,1,12,False,True,False
31004_20090118_0000_00,2009,1,00,False,False,False
31004_20090118_1200_12,2009,1,12,True,False,False
31004_20090119_0000_00,2009,1,00,True,False,True
31004_20090119_1200_12,2009,1,12,True,False,False
31004_20090120_0000_00,2009,1,00,False,True,False
31004_20090120_1200_12,2009,1,12,True,False,False
31004_20090121_0000_00,2009,1,00,True,False,False
31004_20090121_1200_12,2009,1,12,False,False,False
31004_20090122_0000_00,2009,1,00,True,False,False
31004_20090122_1200_12,2009,1,12,False,False,True
31004_20090123_0000_00,2009,1,00,True,False,True
31004_20090123_1200_12,2009,1,12,True,False,False
31004_20090124_0000_00,2009,1,00,False,False,False
31004_20090124_1200_12,2009,1,12,False,False,True
31004_20090125_0000_00,2009,1,00,False,False,True
31004_20090125_1200_12,2009,1,12,True,False,False
31004_20090126_0000_00,2009,1,00,False,False,False
31004_20090126_1200_12,2009,1,12,True,False,False
31004_20090127_0000_00,2009,1,00,False,False,True
31004_20090127_1200_12,2009,1,12,False,False,True
31004_20090128_0000_00,2009,1,00,True,False,False
31004_20090128_1200_12,2009,1,12,False,False,False
31004_20090129_0000_00,2009,1,00,True,False,False
31004_20090129_1200_12,2009,1,12,False,False,False
31004_20090130_0000_00,2009,1,00,False,False,True
31004_20090130_1200_12,2009,1,12,True,False,False
31004_20090131_0000_00,2009,1,00,True,False,False
31004_20090131_1200_12,2009,1,12,False,False,True
31004_20090201_0000_00,2009,2,00,False,False,False
31004_20090201_1200_12,2009,2,12,False,False,True
31004_20090202_1200_12,2009,2,12,True,False,False
31004_20090203_0000_00,2009,2,00,False,True,False
31004_20090203_1200_12,2009,2,12,False,False,False
31004_20090204_0000_00,2009,2,00,False,False,True
31004_20090204_1200_12,2009,2,12,False,False,True
31004_20090205_0000_00,2009,2,00,True,False,False
31004_20090205_1200_12,2009,2,12,True,False,False
31004_20090206_0000_00,2009,2,00,True,False,False
31004_20090206_1200_12,2009,2,12,False,False,False
31004_20090207_0000_00,2009,2,00,False,False,False
31004_20090207_1200_12,2009,2,12,False,False,False
31004_20090208_1200_12,2009,2,12,True,False,False
31004_20090209_0000_00,2009,2,00,True,False,False
31004_20090209_1200_12,2009,2,12,True,False,False
31004_20090210_0000_00,2009,2,00,False,False,False
31004_20090210_1200_12,2009,2,12,False,False,False
31004_20090211_0000_00,2009,2,00,True,False,False
31004_20090211_1200_12,2009,2,12,True,False,False
31004_20090212_0000_00,2009,2,00,True,False,False
31004_20090212_1200_12,2009,2,12,False,False,False
31004_20090213_0000_00,2009,2,00,True,False,False
31004_20090213_1200_12,2009,2,12,False,False,False
31004_20090214_0000_00,2009,2,00,False,False,True
31004_20090214_1200_12,2009,2,12,False,False,False
31004_20090215_0000_00,2009,2,00,False,False,True
31004_20090215_1200_12,2009,2,12,True,False,False
31004_20090216_0000_00,2009,2,00,False,False,True
31004_20090216_1200_12,2009,2,12,True,False,True
31004_20090217_0000_00,2009,2,00,False,False,True
31004_20090217_1200_12,2009,2,12,False,False,True
31004_20090218_0000_00,2009,2,00,False,False,True
31004_20090218_1200_12,2009,2,12,True,False,True
31004_20090219_0000_00,2009,2,00,False,False,False
31004_20090219_1200_12,2009,2,12,False,False,False
31004_20090220_0000_00,2009,2,00,True,False,False
31004_20090221_0000_00,2009,2,00,True,False,False
31004_20090221_1200_12,2009,2,12,True,False,False
31004_20090222_0000_00,2009,2,00,True,False,False
31004_20090222_1200_12,2009,2,12,False,False,False
31004_20090223_0000_00,2009,2,00,False,False,False
31004_20090223_1200_12,2009,2,12,False,False,False
31004_20090224_0000_00,2009,2,00,False,False,True
31004_20090224_1200_12,2009,2,12,True,False,True
31004_20090225_0000_00,2009,2,00,True,False,False
31004_20090225_1200_12,2009,2,12,False,False,False
31004_20090226_0000_00,2009,2,00,False,False,False
31004_20090226_1200_12,2009,2,12,False,False,False
31004_20090227_0000_00,2009,2,00,False,False,False
31004_20090227_1200_12,2009,2,12,False,False,True
31004_20090228_0000_00,2009,2,00,False,False,True
31004_20090228_1200_12,2009,2,12,False,False,False
31004_20090301_0000_00,2009,3,00,False,False,False
31004_20090301_1200_12,2009,3,12,False,False,False
31004_20090302_0000_00,2009,3,00,True,False,False
31004_20090302_1200_12,2009,3,12,False,False,False
31004_20090303_1200_12,2009,3,12,False,False,False
31004_20090304_0000_00,2009,3,00,False,False,False
31004_20090304_1200_12,2009,3,12,True,False,False
31004_20090305_0000_00,2009,3,00,False,False,False
31004_20090305_1200_12,2009,3,12,True,False,False
31004_20090306_0000_00,2009,3,00,True,False,False
31004_20090306_1200_12,2009,3,12,False,True,False
31004_20090307_0000_00,2009,3,00,True,False,False
31004_20090307_1200_12,2009,3,12,True,False,False
31004_20090308_0000_00,2009,3,00,False,False,False
31004_20090308_1200_12,2009,3,12,True,False,False
31004_20090309_0000_00,2009,3,00,False,False,True
31004_20090309_1200_12,2009,3,12,True,False,True
31004_20090310_0000_00,2009,3,00,False,False,False
31004_20090310_1200_12,2009,3,12,False,False,False
31004_20090311_0000_00,2009,3,00,True,False,False
31004_20090311_1200_12,2009,3,12,True,False,False
31004_20090312_0000_00,2009,3,00,False,False,False
31004_20090312_1200_12,2009,3,12,True,False,False
31004_20090313_0000_00,2009,3,00,False,False,True
31004_20090313_1200_12,2009,3,12,True,False,True
31004_20090314_0000_00,2009,3,00,True,False,False
31004_20090314_1200_12,2009,3,12,False,False,False
31004_20090315_0000_00,2009,3,00,False,False,False
31004_20090315_1200_12,2009,3,12,False,False,True
31004_20090316_0000_00,2009,3,00,False,False,True
31004_20090316_1200_12,2009,3,12,False,False,True
31004_20090317_0000_00,2009,3,00,True,False,True
31004_20090317_1200_12,2009,3,12,True,False,True
31004_20090318_0000_00,2009,3,00,True,False,False
31004_20090318_1200_12,2009,3,12,True,False,True
31004_20090319_0000_00,2009,3,00,True,False,False
31004_20090319_1200_12,2009,3,12,True,False,False
31004_20090320_0000_00,2009,3,00,True,False,False
31004_20090320_1200_12,2009,3,12,False,False,False
31004_20090321_0000_00,2009,3,00,False,False,False
31004_20090321_1200_12,2009,3,12,False,False,True
31004_20090322_0000_00,2009,3,00,False,False,False
31004_20090322_1200_12,2009,3,12,False,False,True
31004_20090323_0000_00,2009,3,00,True,False,False
31004_20090323_1200_12,2009,3,12,True,False,False
31004_20090324_0000_00,2009,3,00,True,False,True
31004_20090324_1200_12,2009,3,12,True,False,True
31004_20090325_0000_00,2009,3,00,False,False,False
31004_20090325_1200_12,2009,3,12,False,False,False
31004_20090326_0000_00,2009,3,00,False,False,False
31004_20090326_1200_12,2009,3,12,True,False,False
31004_20090327_0000_00,2009,3,00,False,False,False
31004_20090327_1200_12,2009,3,12,False,False,True
31004_20090328_0000_00,2009,3,00,False,False,True
31004_20090328_1200_12,2009,3,12,False,False,True
31004_20090329_0000_00,2009,3,00,True,False,True
31004_20090329_1200_12,2009,3,12,False,False,False
31004_20090330_0000_00,2009,3,00,True,False,True
31004_20090330_1200_12,2009,3,12,False,False,False
31004_20090331_0000_00,2009,3,00,False,False,True
31004_20090331_1200_12,2009,3,12,False,False,True
31004_20090401_0000_00,2009,4,00,False,False,False
31004_20090401_1200_12,2009,4,12,False,False,True
31004_20090402_0000_00,2009,4,00,False,False,False
31004_20090402_1200_12,2009,4,12,True,False,False
31004_20090403_0000_00,2009,4,00,False,False,False
31004_20090403_1200_12,2009,4,12,False,False,False
31004_20090404_0000_00,2009,4,00,False,False,False
31004_20090404_1200_12,2009,4,12,False,False,False
31004_20090405_0000_00,2009,4,00,False,False,False
31004_20090405_1200_12,2009,4,12,True,False,False
31004_20090406_0000_00,2009,4,00,False,False,False
31004_20090406_1200_12,2009,4,12,False,False,False
31004_20090407_0000_00,2009,4,00,False,False,False
31004_20090407_1200_12,2009,4,12,True,False,False
31004_20090408_0000_00,2009,4,00,False,False,False
31004_20090408_1200_12,2009,4,12,False,False,True
31004_20090409_0000_00,2009,4,00,False,False,False
31004_20090409_1200_12,2009,4,12,False,False,True
31004_20090410_0000_00,2009,4,00,False,False,False
31004_20090410_1200_12,2009,4,12,False,False,False
31004_20090411_0000_00,2009,4,00,False,False,False
31004_20090411_1200_12,2009,4,12,True,False,False
31004_20090412_0000_00,2009,4,00,False,False,False
31004_20090412_1200_12,2009,4,12,False,False,False
31004_20090413_1200_12,2009,4,12,False,False,False
31004_20090414_0000_00,2009,4,00,False,False,False
31004_20090414_1200_12,2009,4,12,False,False,False
31004_20090415_0000_00,2009,4,00,False,False,False
31004_20090415_1200_12,2009,4,12,False,False,False
31004_20090416_0000_00,2009,4,00,False,False,False
31004_20090416_1200_12,2009,4,12,True,False,False
31004_20090417_0000_00,2009,4,00,False,False,False
31004_20090417_1200_12,2009,4,12,False,False,False
31004_20090418_0000_00,2009,4,00,False,False,False
31004_20090418_1200_12,2009,4,12,False,False,False
31004_20090419_0000_00,2009,4,00,False,False,True
31004_20090419_1200_12,2009,4,12,False,False,False
31004_20090420_0000_00,2009,4,00,False,False,False
31004_20090420_1200_12,2009,4,12,True,False,False
31004_20090421_0000_00,2009,4,00,False,False,False
31004_20090421_1200_12,2009,4,12,True,False,False
31004_20090422_0000_00,2009,4,00,True,False,False
31004_20090422_1200_12,2009,4,12,False,False,False
31004_20090423_0000_00,2009,4,00,False,False,False
31004_20090423_1200_12,2009,4,12,False,False,False
31004_20090424_0000_00,2009,4,00,False,False,False
31004_20090424_1200_12,2009,4,12,False,False,False
31004_20090425_0000_00,2009,4,00,False,False,False
31004_20090425_1200_12,2009,4,12,False,False,False
31004_20090426_0000_00,2009,4,00,False,False,False
31004_20090426_1200_12,2009,4,12,False,False,False
31004_20090427_0000_00,2009,4,00,False,False,False
31004_20090427_1200_12,2009,4,12,False,False,False
31004_20090428_0000_00,2009,4,00,False,False,False
31004_20090428_1200_12,2009,4,12,True,False,False
31004_20090429_0000_00,2009,4,00,False,False,False
31004_20090429_1200_12,2009,4,12,False,False,False
31004_20090430_0000_00,2009,4,00,False,False,False
31004_20090430_1200_12,2009,4,12,False,False,False
31004_20090501_1200_12,2009,5,12,False,False,False
31004_20090502_1200_12,2009,5,12,False,False,False
31004_20090503_0000_00,2009,5,00,False,False,True
31004_20090503_1200_12,2009,5,12,False,False,False
31004_20090504_0000_00,2009,5,00,False,False,True
31004_20090504_1200_12,2009,5,12,False,False,True
31004_20090505_0000_00,2009,5,00,False,False,False
31004_20090505_1200_12,2009,5,12,False,False,False
31004_20090506_0000_00,2009,5,00,False,False,False
31004_20090506_1200_12,2009,5,12,False,False,True
31004_20090507_0000_00,2009,5,00,False,False,False
31004_20090507_1200_12,2009,5,12,False,False,False
31004_20090508_0000_00,2009,5,00,False,False,True
31004_20090508_1200_12,2009,5,12,False,False,False
31004_20090509_0000_00,2009,5,00,False,False,True
31004_20090509_1200_12,2009,5,12,False,False,False
31004_20090510_0000_00,2009,5,00,False,False,False
31004_20090510_1200_12,2009,5,12,False,False,False
31004_20090511_0000_00,2009,5,00,False,False,False
31004_20090511_1200_12,2009,5,12,True,False,False
31004_20090512_0000_00,2009,5,00,False,False,False
31004_20090512_1200_12,2009,5,12,False,False,True
31004_20090513_0000_00,2009,5,00,False,False,True
31004_20090513_1200_12,2009,5,12,False,False,False
31004_20090514_0000_00,2009,5,00,False,False,False
31004_20090514_1200_12,2009,5,12,True,False,False
31004_20090515_0000_00,2009,5,00,False,False,True
31004_20090515_1200_12,2009,5,12,False,False,False
31004_20090516_0000_00,2009,5,00,False,False,True
31004_20090516_1200_12,2009,5,12,False,False,False
31004_20090517_0000_00,2009,5,00,False,False,False
31004_20090517_1200_12,2009,5,12,False,False,False
31004_20090518_0000_00,2009,5,00,False,False,True
31004_20090518_1200_12,2009,5,12,False,False,False
31004_20090519_0000_00,2009,5,00,False,False,False
31004_20090519_1200_12,2009,5,12,False,False,False
31004_20090520_0000_00,2009,5,00,False,False,True
31004_20090520_1200_12,2009,5,12,False,False,False
31004_20090521_0000_00,2009,5,00,False,False,False
31004_20090521_1200_12,2009,5,12,False,False,True
31004_20090522_0000_00,2009,5,00,False,False,False
31004_20090522_1200_12,2009,5,12,False,False,False
31004_20090523_0000_00,2009,5,00,False,False,True
31004_20090523_1200_12,2009,5,12,False,False,True
31004_20090524_0000_00,2009,5,00,False,False,False
31004_20090524_1200_12,2009,5,12,False,False,False
31004_20090525_0000_00,2009,5,00,False,False,True
31004_20090525_1200_12,2009,5,12,False,False,False
31004_20090526_0000_00,2009,5,00,False,False,False
31004_20090526_1200_12,2009,5,12,False,False,True
31004_20090527_0000_00,2009,5,00,False,False,False
31004_20090527_1200_12,2009,5,12,False,False,True
31004_20090528_0000_00,2009,5,00,False,False,True
31004_20090528_1200_12,2009,5,12,True,False,False
31004_20090529_0000_00,2009,5,00,False,False,False
31004_20090529_1200_12,2009,5,12,False,False,False
31004_20090530_0000_00,2009,5,00,False,False,False
31004_20090530_1200_12,2009,5,12,False,False,False
31004_20090531_0000_00,2009,5,00,True,False,False
31004_20090531_1200_12,2009,5,12,False,False,False
31004_20090601_0000_00,2009,6,00,False,False,False
31004_20090601_1200_12,2009,6,12,False,False,True
31004_20090602_0000_00,2009,6,00,False,True,False
31004_20090602_1200_12,2009,6,12,False,False,False
31004_20090603_0000_00,2009,6,00,False,True,False
31004_20090603_1200_12,2009,6,12,False,False,False
31004_20090604_0000_00,2009,6,00,False,False,True
31004_20090604_1200_12,2009,6,12,False,False,False
31004_20090605_0000_00,2009,6,00,False,False,False
31004_20090605_1200_12,2009,6,12,False,False,False
31004_20090606_0000_00,2009,6,00,False,False,True
31004_20090606_1200_12,2009,6,12,False,False,False
31004_20090607_0000_00,2009,6,00,False,False,False
31004_20090607_1200_12,2009,6,12,False,False,False
31004_20090608_0000_00,2009,6,00,False,False,False
31004_20090608_1200_12,2009,6,12,False,False,False
31004_20090609_0000_00,2009,6,00,False,False,False
31004_20090609_1200_12,2009,6,12,False,False,False
31004_20090610_0000_00,2009,6,00,False,False,True
31004_20090610_1200_12,2009,6,12,False,False,False
31004_20090611_0000_00,2009,6,00,False,False,True
31004_20090611_1200_12,2009,6,12,False,False,False
31004_20090612_0000_00,2009,6,00,True,False,True
31004_20090612_1200_12,2009,6,12,False,False,False
31004_20090613_0000_00,2009,6,00,False,False,False
31004_20090613_1200_12,2009,6,12,False,False,False
31004_20090614_0000_00,2009,6,00,False,False,False
31004_20090614_1200_12,2009,6,12,False,False,False
31004_20090615_0000_00,2009,6,00,False,False,False
31004_20090615_1200_12,2009,6,12,False,False,False
31004_20090616_0000_00,2009,6,00,False,False,False
31004_20090616_1200_12,2009,6,12,False,False,False
31004_20090617_0000_00,2009,6,00,False,False,False
31004_20090617_1200_12,2009,6,12,False,False,False
31004_20090618_0000_00,2009,6,00,False,False,True
31004_20090618_1200_12,2009,6,12,False,False,False
31004_20090619_0000_00,2009,6,00,False,False,False
31004_20090619_1200_12,2009,6,12,False,False,False
31004_20090620_0000_00,2009,6,00,False,False,False
31004_20090620_1200_12,2009,6,12,False,False,False
31004_20090621_0000_00,2009,6,00,False,False,False
31004_20090622_1200_12,2009,6,12,False,False,False
31004_20090623_0000_00,2009,6,00,False,False,False
31004_20090623_1200_12,2009,6,12,False,False,False
31004_20090624_0000_00,2009,6,00,False,False,False
31004_20090624_1200_12,2009,6,12,False,False,False
31004_20090625_0000_00,2009,6,00,False,False,False
31004_20090625_1200_12,2009,6,12,False,False,False
31004_20090626_0000_00,2009,6,00,False,False,False
31004_20090626_1200_12,2009,6,12,False,False,False
31004_20090627_0000_00,2009,6,00,False,False,False
31004_20090627_1200_12,2009,6,12,False,False,False
31004_20090628_0000_00,2009,6,00,False,False,False
31004_20090628_1200_12,2009,6,12,False,False,False
31004_20090629_0000_00,2009,6,00,False,False,False
31004_20090629_1200_12,2009,6,12,True,False,False
31004_20090630_0000_00,2009,6,00,False,False,False
31004_20090630_1200_12,2009,6,12,False,False,False
31004_20090701_0000_00,2009,7,00,False,False,False
31004_20090701_1200_12,2009,7,12,False,False,True
31004_20090702_0000_00,2009,7,00,False,False,True
31004_20090702_1200_12,2009,7,12,False,False,False
31004_20090703_0000_00,2009,7,00,False,False,False
31004_20090703_1200_12,2009,7,12,False,False,False
31004_20090704_0000_00,2009,7,00,False,False,False
31004_20090704_1200_12,2009,7,12,False,False,False
31004_20090705_0000_00,2009,7,00,False,False,False
31004_20090705_1200_12,2009,7,12,False,True,False
31004_20090706_0000_00,2009,7,00,False,False,False
31004_20090706_1200_12,2009,7,12,False,False,False
31004_20090707_0000_00,2009,7,00,False,False,False
31004_20090707_1200_12,2009,7,12,False,False,False
31004_20090708_0000_00,2009,7,00,False,False,False
31004_20090708_1200_12,2009,7,12,False,False,False
31004_20090709_0000_00,2009,7,00,False,False,False
31004_20090709_1200_12,2009,7,12,False,False,False
31004_20090710_0000_00,2009,7,00,False,False,True
31004_20090710_1200_12,2009,7,12,False,False,False
31004_20090711_0000_00,2009,7,00,False,False,False
31004_20090711_1200_12,2009,7,12,False,False,False
31004_20090712_0000_00,2009,7,00,False,False,False
31004_20090712_1200_12,2009,7,12,False,False,True
31004_20090713_0000_00,2009,7,00,False,False,False
31004_20090713_1200_12,2009,7,12,False,False,False
31004_20090714_0000_00,2009,7,00,False,False,True
31004_20090714_1200_12,2009,7,12,False,True,False
31004_20090715_0000_00,2009,7,00,False,False,True
31004_20090715_1200_12,2009,7,12,False,False,False
31004_20090716_0000_00,2009,7,00,False,False,False
31004_20090717_0000_00,2009,7,00,False,False,False
31004_20090717_1200_12,2009,7,12,False,False,False
31004_20090718_0000_00,2009,7,00,False,False,True
31004_20090718_1200_12,2009,7,12,False,False,False
31004_20090719_0000_00,2009,7,00,False,False,False
31004_20090719_1200_12,2009,7,12,False,True,False
31004_20090720_0000_00,2009,7,00,False,False,True
31004_20090720_1200_12,2009,7,12,False,True,False
31004_20090721_0000_00,2009,7,00,False,False,False
31004_20090721_1200_12,2009,7,12,False,False,False
31004_20090722_0000_00,2009,7,00,False,False,False
31004_20090722_1200_12,2009,7,12,True,False,False
31004_20090723_0000_00,2009,7,00,False,False,True
31004_20090723_1200_12,2009,7,12,False,False,False
31004_20090724_0000_00,2009,7,00,False,False,False
31004_20090724_1200_12,2009,7,12,False,False,False
31004_20090725_0000_00,2009,7,00,False,False,False
31004_20090725_1200_12,2009,7,12,True,False,False
31004_20090726_0000_00,2009,7,00,False,False,False
31004_20090726_1200_12,2009,7,12,False,False,False
31004_20090727_0000_00,2009,7,00,False,False,False
31004_20090727_1200_12,2009,7,12,False,False,False
31004_20090728_0000_00,2009,7,00,False,False,False
31004_20090728_1200_12,2009,7,12,False,False,False
31004_20090729_0000_00,2009,7,00,False,False,False
31004_20090729_1200_12,2009,7,12,True,False,False
31004_20090730_0000_00,2009,7,00,False,False,False
31004_20090730_1200_12,2009,7,12,False,False,False
31004_20090731_0000_00,2009,7,00,False,False,False
31004_20090731_1200_12,2009,7,12,False,False,False
31004_20090801_0000_00,2009,8,00,False,False,False
31004_20090801_1200_12,2009,8,12,False,True,True
31004_20090802_0000_00,2009,8,00,False,False,True
31004_20090802_1200_12,2009,8,12,False,False,True
31004_20090803_1200_12,2009,8,12,False,False,True
31004_20090804_0000_00,2009,8,00,False,False,False
31004_20090804_1200_12,2009,8,12,False,False,False
31004_20090805_0000_00,2009,8,00,False,False,True
31004_20090805_1200_12,2009,8,12,True,False,False
31004_20090806_0000_00,2009,8,00,False,False,True
31004_20090806_1200_12,2009,8,12,False,True,True
31004_20090807_0000_00,2009,8,00,False,False,False
31004_20090807_1200_12,2009,8,12,False,False,False
31004_20090808_0000_00,2009,8,00,False,False,False
31004_20090808_1200_12,2009,8,12,True,False,False
31004_20090809_0000_00,2009,8,00,False,False,False
31004_20090809_1200_12,2009,8,12,False,False,True
31004_20090810_0000_00,2009,8,00,False,False,True
31004_20090811_0000_00,2009,8,00,False,False,False
31004_20090811_1200_12,2009,8,12,False,False,False
31004_20090812_0000_00,2009,8,00,False,False,True
31004_20090812_1200_12,2009,8,12,False,False,False
31004_20090813_0000_00,2009,8,00,False,False,True
31004_20090813_1200_12,2009,8,12,False,False,False
31004_20090814_0000_00,2009,8,00,False,False,False
31004_20090814_1200_12,2009,8,12,False,False,True
31004_20090815_0000_00,2009,8,00,False,False,False
31004_20090815_1200_12,2009,8,12,False,False,False
31004_20090816_0000_00,2009,8,00,False,False,True
31004_20090816_1200_12,2009,8,12,False,False,True
31004_20090817_0000_00,2009,8,00,True,False,True
31004_20090817_1200_12,2009,8,12,True,False,False
31004_20090818_0000_00,2009,8,00,False,False,False
31004_20090818_1200_12,2009,8,12,False,False,False
31004_20090819_1200_12,2009,8,12,False,True,False
31004_20090820_0000_00,2009,8,00,False,True,False
31004_20090820_1200_12,2009,8,12,True,False,False
31004_20090821_0000_00,2009,8,00,False,True,False
31004_20090821_1200_12,2009,8,12,True,False,False
31004_20090822_0000_00,2009,8,00,True,False,False
31004_20090822_1200_12,2009,8,12,True,False,False
31004_20090823_0000_00,2009,8,00,True,False,False
31004_20090823_1200_12,2009,8,12,True,False,False
31004_20090824_0000_00,2009,8,00,True,False,False
31004_20090824_1200_12,2009,8,12,True,False,False
31004_20090825_0000_00,2009,8,00,False,False,False
31004_20090825_1200_12,2009,8,12,False,False,False
31004_20090826_0000_00,2009,8,00,False,False,False
31004_20090826_1200_12,2009,8,12,False,False,False
31004_20090827_0000_00,2009,8,00,False,False,True
31004_20090827_1200_12,2009,8,12,False,False,False
31004_20090828_0000_00,2009,8,00,False,False,False
31004_20090828_1200_12,2009,8,12,True,False,False
31004_20090829_0000_00,2009,8,00,False,False,False
31004_20090829_1200_12,2009,8,12,False,False,False
31004_20090830_0000_00,2009,8,00,True,False,False
31004_20090830_1200_12,2009,8,12,True,False,False
31004_20090831_0000_00,2009,8,00,False,False,False
31004_20090831_1200_12,2009,8,12,False,True,False
31004_20090901_0000_00,2009,9,00,False,True,False
31004_20090901_1200_12,2009,9,12,True,False,False
31004_20090902_0000_00,2009,9,00,True,False,False
31004_20090902_1200_12,2009,9,12,True,False,False
31004_20090903_0000_00,2009,9,00,True,False,False
31004_20090903_1200_12,2009,9,12,True,False,False
31004_20090904_0000_00,2009,9,00,True,False,False
31004_20090904_1200_12,2009,9,12,True,False,False
31004_20090905_0000_00,2009,9,00,False,False,True
31004_20090905_1200_12,2009,9,12,True,False,False
31004_20090906_0000_00,2009,9,00,False,False,False
31004_20090906_1200_12,2009,9,12,False,False,True
31004_20090907_0000_00,2009,9,00,False,False,False
31004_20090907_1200_12,2009,9,12,False,False,False
31004_20090908_0000_00,2009,9,00,False,False,False
31004_20090908_1200_12,2009,9,12,False,False,False
31004_20090909_0000_00,2009,9,00,True,False,False
31004_20090909_1200_12,2009,9,12,False,False,False
31004_20090910_0000_00,2009,9,00,False,False,False
31004_20090910_1200_12,2009,9,12,False,False,False
31004_20090911_0000_00,2009,9,00,False,False,False
31004_20090911_1200_12,2009,9,12,True,False,False
31004_20090912_0000_00,2009,9,00,False,False,False
31004_20090912_1200_12,2009,9,12,False,False,False
31004_20090913_0000_00,2009,9,00,False,False,False
31004_20090913_1200_12,2009,9,12,True,False,False
31004_20090914_0000_00,2009,9,00,True,False,False
31004_20090914_1200_12,2009,9,12,True,False,False
31004_20090915_0000_00,2009,9,00,True,False,True
31004_20090915_1200_12,2009,9,12,False,False,False
31004_20090916_0000_00,2009,9,00,False,False,False
31004_20090916_1200_12,2009,9,12,False,False,False
31004_20090917_0000_00,2009,9,00,False,False,False
31004_20090917_1200_12,2009,9,12,True,False,False
31004_20090918_0000_00,2009,9,00,True,False,False
31004_20090918_1200_12,2009,9,12,True,False,False
31004_20090919_0000_00,2009,9,00,True,False,False
31004_20090919_1200_12,2009,9,12,True,False,False
31004_20090920_0000_00,2009,9,00,False,False,True
31004_20090920_1200_12,2009,9,12,True,False,False
31004_20090921_0000_00,2009,9,00,False,False,False
31004_20090921_1200_12,2009,9,12,False,False,True
31004_20090922_0000_00,2009,9,00,False,False,False
31004_20090922_1200_12,2009,9,12,False,False,True
31004_20090923_0000_00,2009,9,00,False,False,False
31004_20090923_1200_12,2009,9,12,False,True,True
31004_20090924_0000_00,2009,9,00,False,False,False
31004_20090924_1200_12,2009,9,12,False,False,False
31004_20090925_0000_00,2009,9,00,True,False,False
31004_20090925_1200_12,2009,9,12,False,False,True
31004_20090926_0000_00,2009,9,00,False,False,False
31004_20090926_1200_12,2009,9,12,True,False,True
31004_20090927_0000_00,2009,9,00,True,False,False
31004_20090927_1200_12,2009,9,12,False,False,False
31004_20090928_0000_00,2009,9,00,False,False,True
31004_20090928_1200_12,2009,9,12,False,False,False
31004_20090929_0000_00,2009,9,00,False,False,False
31004_20090929_1200_12,2009,9,12,True,False,False
31004_20090930_0000_00,2009,9,00,False,True,False
31004_20090930_1200_12,2009,9,12,True,False,False
31004_20091001_0000_00,2009,10,00,False,False,False
31004_20091001_1200_12,2009,10,12,False,False,False
31004_20091002_0000_00,2009,10,00,False,False,False
31004_20091002_1200_12,2009,10,12,False,False,True
31004_20091003_0000_00,2009,10,00,False,False,False
31004_20091003_1200_12,2009,10,12,False,False,False
31004_20091004_0000_00,2009,10,00,False,False,False
31004_20091004_1200_12,2009,10,12,False,False,True
31004_20091005_0000_00,2009,10,00,True,False,True
31004_20091005_1200_12,2009,10,12,False,False,True
31004_20091006_0000_00,2009,10,00,True,False,False
31004_20091006_1200_12,2009,10,12,False,False,True
31004_20091007_0000_00,2009,10,00,True,False,True
31004_20091007_1200_12,2009,10,12,True,False,False
31004_20091008_0000_00,2009,10,00,False,False,False
31004_20091008_1200_12,2009,10,12,False,False,False
31004_20091009_0000_00,2009,10,00,False,False,False
31004_20091009_1200_12,2009,10,12,True,False,True
31004_20091010_0000_00,2009,10,00,False,False,True
31004_20091010_1200_12,2009,10,12,True,False,False
31004_20091011_0000_00,2009,10,00,False,False,False
31004_20091011_1200_12,2009,10,12,False,False,False
31004_20091012_0000_00,2009,10,00,False,False,True
31004_20091012_1200_12,2009,10,12,True,False,False
31004_20091013_0000_00,2009,10,00,False,False,False
31004_20091013_1200_12,2009,10,12,False,False,False
31004_20091014_0000_00,2009,10,00,False,False,False
31004_20091014_1200_12,2009,10,12,False,False,False
31004_20091015_0000_00,2009,10,00,False,False,False
31004_20091015_1200_12,2009,10,12,False,False,False
31004_20091016_0000_00,2009,10,00,False,False,False
31004_20091016_1200_12,2009,10,12,False,False,False
31004_20091017_0000_00,2009,10,00,False,True,False
31004_20091017_1200_12,2009,10,12,False,False,False
31004_20091018_0000_00,2009,10,00,False,False,True
31004_20091018_1200_12,2009,10,12,True,False,False
31004_20091019_0000_00,2009,10,00,False,True,False
31004_20091019_1200_12,2009,10,12,True,False,True
31004_20091020_0000_00,2009,10,00,False,False,False
31004_20091020_1200_12,2009,10,12,False,False,False
31004_20091021_0000_00,2009,10,00,False,False,True
31004_20091021_1200_12,2009,10,12,False,False,True
31004_20091022_0000_00,2009,10,00,True,False,False
31004_20091022_1200_12,2009,10,12,True,False,False
31004_20091023_0000_00,2009,10,00,False,False,False
31004_20091023_1200_12,2009,10,12,False,False,False
31004_20091024_0000_00,2009,10,00,False,False,False
31004_20091024_1200_12,2009,10,12,True,False,False
31004_20091025_0000_00,2009,10,00,False,False,False
31004_20091025_1200_12,2009,10,12,False,False,False
31004_20091026_0000_00,2009,10,00,False,False,True
31004_20091026_1200_12,2009,10,12,True,False,True
31004_20091027_0000_00,2009,10,00,True,False,True
31004_20091027_1200_12,2009,10,12,False,False,True
31004_20091028_0000_00,2009,10,00,False,False,False
31004_20091028_1200_12,2009,10,12,False,False,False
31004_20091029_0000_00,2009,10,00,False,False,False
31004_20091029_1200_12,2009,10,12,False,False,False
31004_20091030_0000_00,2009,10,00,False,False,False
31004_20091030_1200_12,2009,10,12,False,False,False
31004_20091031_0000_00,2009,10,00,False,False,False
31004_20091031_1200_12,2009,10,12,False,False,True
31004_20091101_0000_00,2009,11,00,False,False,True
31004_20091101_1200_12,2009,11,12,True,False,True
31004_20091102_0000_00,2009,11,00,False,False,True
31004_20091102_1200_12,2009,11,12,False,False,False
31004_20091103_0000_00,2009,11,00,False,False,False
31004_20091103_1200_12,2009,11,12,False,False,True
31004_20091104_0000_00,2009,11,00,False,False,False
31004_20091104_1200_12,2009,11,12,False,False,False
31004_20091105_0000_00,2009,11,00,False,False,False
31004_20091105_1200_12,2009,11,12,False,False,False
31004_20091106_0000_00,2009,11,00,False,False,False
31004_20091106_1200_12,2009,11,12,False,False,True
31004_20091107_0000_00,2009,11,00,False,False,True
31004_20091107_1200_12,2009,11,12,False,False,False
31004_20091108_0000_00,2009,11,00,True,False,True
31004_20091108_1200_12,2009,11,12,False,True,True
31004_20091109_0000_00,2009,11,00,False,False,True
31004_20091109_1200_12,2009,11,12,False,False,True
31004_20091110_0000_00,2009,11,00,False,False,False
31004_20091110_1200_12,2009,11,12,False,False,True
31004_20091111_0000_00,2009,11,00,False,False,False
31004_20091111_1200_12,2009,11,12,False,False,False
31004_20091112_0000_00,2009,11,00,False,False,True
31004_20091112_1200_12,2009,11,12,False,False,True
31004_20091113_0000_00,2009,11,00,False,False,True
31004_20091113_1200_12,2009,11,12,False,False,False
31004_20091114_0000_00,2009,11,00,False,False,True
31004_20091114_1200_12,2009,11,12,False,False,True
31004_20091115_0000_00,2009,11,00,False,False,True
31004_20091115_1200_12,2009,11,12,False,False,True
31004_20091116_0000_00,2009,11,00,False,False,False
31004_20091116_1200_12,2009,11,12,False,False,True
31004_20091117_0000_00,2009,11,00,True,False,True
31004_20091117_1200_12,2009,11,12,True,False,True
31004_20091118_0000_00,2009,11,00,True,False,False
31004_20091118_1200_12,2009,11,12,True,False,True
31004_20091119_0000_00,2009,11,00,False,False,False
31004_20091119_1200_12,2009,11,12,False,False,False
31004_20091120_0000_00,2009,11,00,False,False,False
31004_20091120_1200_12,2009,11,12,True,False,False
31004_20091121_0000_00,2009,11,00,True,False,False
31004_20091121_1200_12,2009,11,12,False,False,False
31004_20091122_0000_00,2009,11,00,False,False,True
31004_20091122_1200_12,2009,11,12,False,False,True
31004_20091123_0000_00,2009,11,00,False,False,True
31004_20091123_1200_12,2009,11,12,False,False,True
31004_20091124_0000_00,2009,11,00,True,False,False
31004_20091124_1200_12,2009,11,12,False,False,True
31004_20091125_0000_00,2009,11,00,False,False,True
31004_20091125_1200_12,2009,11,12,True,False,True
31004_20091126_0000_00,2009,11,00,False,False,True
31004_20091126_1200_12,2009,11,12,False,False,True
31004_20091127_0000_00,2009,11,00,True,False,True
31004_20091127_1200_12,2009,11,12,False,False,True
31004_20091128_0000_00,2009,11,00,False,False,True
31004_20091128_1200_12,2009,11,12,False,False,False
31004_20091129_0000_00,2009,11,00,False,False,False
31004_20091129_1200_12,2009,11,12,False,False,False
31004_20091130_0000_00,2009,11,00,False,False,True
31004_20091130_1200_12,2009,11,12,False,False,True
31004_20091201_0000_00,2009,12,00,True,False,False
31004_20091201_1200_12,2009,12,12,False,False,True
31004_20091202_0000_00,2009,12,00,True,False,False
31004_20091202_1200_12,2009,12,12,True,False,False
31004_20091203_0000_00,2009,12,00,False,False,True
31004_20091203_1200_12,2009,12,12,False,False,True
31004_20091204_0000_00,2009,12,00,False,False,False
31004_20091204_1200_12,2009,12,12,False,False,True
31004_20091205_0000_00,2009,12,00,True,False,True
31004_20091205_1200_12,2009,12,12,False,False,True
31004_20091206_0000_00,2009,12,00,False,False,True
31004_20091206_1200_12,2009,12,12,True,False,False
31004_20091207_0000_00,2009,12,00,True,False,False
31004_20091207_1200_12,2009,12,12,True,False,True
31004_20091208_0000_00,2009,12,00,False,False,False
31004_20091208_1200_12,2009,12,12,True,False,False
31004_20091209_0000_00,2009,12,00,False,False,False
31004_20091209_1200_12,2009,12,12,True,False,False
31004_20091210_0000_00,2009,12,00,True,False,False
31004_20091210_1200_12,2009,12,12,True,False,False
31004_20091211_0000_00,2009,12,00,False,True,False
31004_20091211_1200_12,2009,12,12,False,False,True
31004_20091212_0000_00,2009,12,00,False,False,True
31004_20091212_1200_12,2009,12,12,False,False,True
31004_20091213_0000_00,2009,12,00,False,False,True
31004_20091213_1200_12,2009,12,12,False,False,False
31004_20091214_0000_00,2009,12,00,True,False,False
31004_20091214_1200_12,2009,12,12,False,False,True
31004_20091215_0000_00,2009,12,00,False,False,True
31004_20091215_1200_12,2009,12,12,False,False,False
31004_20091216_0000_00,2009,12,00,False,False,True
31004_20091216_1200_12,2009,12,12,False,False,False
31004_20091217_0000_00,2009,12,00,True,False,False
31004_20091217_1200_12,2009,12,12,False,False,False
31004_20091218_0000_00,2009,12,00,False,False,True
31004_20091218_1200_12,2009,12,12,False,False,False
31004_20091219_0000_00,2009,12,00,False,False,False
31004_20091219_1200_12,2009,12,12,False,False,False
31004_20091220_0000_00,2009,12,00,True,False,True
31004_20091220_1200_12,2009,12,12,False,False,False
31004_20091221_0000_00,2009,12,00,False,False,True
31004_20091221_1200_12,2009,12,12,False,False,True
31004_20091222_0000_00,2009,12,00,True,False,False
31004_20091222_1200_12,2009,12,12,False,False,False
31004_20091223_0000_00,2009,12,00,False,False,True
31004_20091223_1200_12,2009,12,12,True,False,False
31004_20091224_0000_00,2009,12,00,False,False,True
31004_20091224_1200_12,2009,12,12,False,False,False
31004_20091225_0000_00,2009,12,00,False,False,True
31004_20091225_1200_12,2009,12,12,False,False,False
31004_20091226_0000_00,2009,12,00,False,False,True
31004_20091226_1200_12,2009,12,12,False,True,False
31004_20091227_0000_00,2009,12,00,True,False,True
31004_20091227_1200_12,2009,12,12,True,False,False
31004_20091228_0000_00,2009,12,00,True,False,False
31004_20091228_1200_12,2009,12,12,True,False,False
31004_20091229_0000_00,2009,12,00,False,False,False
31004_20091229_1200_12,2009,12,12,False,False,False
31004_20091230_0000_00,2009,12,00,False,False,True
31004_20091230_1200_12,2009,12,12,False,False,True
31004_20091231_0000_00,2009,12,00,False,True,False
31004_20091231_1200_12,2009,12,12,False,False,False
31004_20100101_0000_00,2010,1,00,False,False,True
31004_20100101_1200_12,2010,1,12,True,False,False
31004_20100102_0000_00,2010,1,00,False,False,False
31004_20100102_1200_12,2010,1,12,True,False,False
31004_20100103_0000_00,2010,1,00,False,False,True
31004_20100103_1200_12,2010,1,12,False,False,True
31004_20100104_0000_00,2010,1,00,False,False,True
31004_20100104_1200_12,2010,1,12,False,False,False
31004_20100105_0000_00,2010,1,00,False,False,True
31004_20100105_1200_12,2010,1,12,False,False,False
31004_20100107_0000_00,2010,1,00,True,False,False
31004_20100107_1200_12,2010,1,12,False,False,False
31004_20100108_0000_00,2010,1,00,True,False,False
31004_20100108_1200_12,2010,1,12,False,False,False
31004_20100109_0000_00,2010,1,00,False,False,True
31004_20100109_1200_12,2010,1,12,False,False,False
31004_20100110_0000_00,2010,1,00,False,False,True
31004_20100110_1200_12,2010,1,12,False,False,True
31004_20100111_0000_00,2010,1,00,False,False,True
31004_20100111_1200_12,2010,1,12,False,False,False
31004_20100112_0000_00,2010,1,00,False,False,True
31004_20100112_1200_12,2010,1,12,False,False,True
31004_20100113_0000_00,2010,1,00,False,False,True
31004_20100113_1200_12,2010,1,12,True,False,False
31004_20100114_0000_00,2010,1,00,False,False,True
31004_20100114_1200_12,2010,1,12,False,False,False
31004_20100115_0000_00,2010,1,00,False,False,True
31004_20100115_1200_12,2010,1,12,False,False,False
31004_20100116_0000_00,2010,1,00,False,False,False
31004_20100116_1200_12,2010,1,12,False,False,True
31004_20100117_0000_00,2010,1,00,False,False,False
31004_20100117_1200_12,2010,1,12,False,False,True
31004_20100118_0000_00,2010,1,00,False,False,True
31004_20100118_1200_12,2010,1,12,False,False,True
31004_20100119_0000_00,2010,1,00,False,False,False
31004_20100119_1200_12,2010,1,12,False,False,True
31004_20100120_0000_00,2010,1,00,False,False,True
31004_20100120_1200_12,2010,1,12,False,False,True
31004_20100121_0000_00,2010,1,00,False,False,False
31004_20100121_1200_12,2010,1,12,False,False,True
31004_20100122_0000_00,2010,1,00,False,False,True
31004_20100122_1200_12,2010,1,12,False,False,False
31004_20100123_0000_00,2010,1,00,False,False,False
31004_20100123_1200_12,2010,1,12,False,False,False
31004_20100124_0000_00,2010,1,00,False,False,False
31004_20100124_1200_12,2010,1,12,False,False,False
31004_20100125_0000_00,2010,1,00,True,False,True
31004_20100125_1200_12,2010,1,12,True,False,False
31004_20100126_0000_00,2010,1,00,True,False,False
31004_20100126_1200_12,2010,1,12,True,False,False
31004_20100127_0000_00,2010,1,00,True,False,False
31004_20100128_0000_00,2010,1,00,False,False,True
31004_20100128_1200_12,2010,1,12,True,False,False
31004_20100129_0000_00,2010,1,00,True,False,False
31004_20100129_1200_12,2010,1,12,False,False,False
31004_20100130_0000_00,2010,1,00,False,False,False
31004_20100130_1200_12,2010,1,12,False,False,False
31004_20100131_0000_00,2010,1,00,False,False,True
31004_20100131_1200_12,2010,1,12,False,False,True
31004_20100201_0000_00,2010,2,00,False,False,True
31004_20100201_1200_12,2010,2,12,False,False,True
31004_20100202_0000_00,2010,2,00,False,False,False
31004_20100202_1200_12,2010,2,12,True,False,False
31004_20100203_0000_00,2010,2,00,False,True,False
31004_20100203_1200_12,2010,2,12,False,False,False
31004_20100204_0000_00,2010,2,00,True,False,False
31004_20100204_1200_12,2010,2,12,False,False,False
31004_20100205_0000_00,2010,2,00,False,True,False
31004_20100205_1200_12,2010,2,12,False,False,False
31004_20100206_0000_00,2010,2,00,False,False,True
31004_20100206_1200_12,2010,2,12,False,False,True
31004_20100207_0000_00,2010,2,00,True,False,False
31004_20100207_1200_12,2010,2,12,False,False,False
31004_20100208_0000_00,2010,2,00,False,False,True
31004_20100208_1200_12,2010,2,12,True,False,True
31004_20100209_0000_00,2010,2,00,False,False,True
31004_20100209_1200_12,2010,2,12,False,False,True
31004_20100210_0000_00,2010,2,00,True,False,False
31004_20100210_1200_12,2010,2,12,False,False,True
31004_20100211_0000_00,2010,2,00,False,False,True
31004_20100211_1200_12,2010,2,12,False,False,True
31004_20100212_0000_00,2010,2,00,False,False,True
31004_20100212_1200_12,2010,2,12,False,False,True
31004_20100213_0000_00,2010,2,00,False,False,False
31004_20100213_1200_12,2010,2,12,True,False,False
31004_20100214_0000_00,2010,2,00,False,False,True
31004_20100214_1200_12,2010,2,12,False,False,True
31004_20100215_0000_00,2010,2,00,False,True,False
31004_20100215_1200_12,2010,2,12,True,False,False
31004_20100216_0000_00,2010,2,00,True,False,False
31004_20100216_1200_12,2010,2,12,True,False,False
31004_20100217_0000_00,2010,2,00,True,False,False
31004_20100217_1200_12,2010,2,12,True,False,False
31004_20100218_0000_00,2010,2,00,False,False,False
31004_20100218_1200_12,2010,2,12,True,False,False
31004_20100219_0000_00,2010,2,00,True,False,False
31004_20100219_1200_12,2010,2,12,False,False,False
31004_20100220_0000_00,2010,2,00,False,False,False
31004_20100220_1200_12,2010,2,12,False,False,True
31004_20100221_0000_00,2010,2,00,True,False,True
31004_20100221_1200_12,2010,2,12,True,False,False
31004_20100222_0000_00,2010,2,00,True,False,False
31004_20100222_1200_12,2010,2,12,False,False,False
31004_20100223_0000_00,2010,2,00,True,False,False
31004_20100223_1200_12,2010,2,12,True,False,False
31004_20100224_0000_00,2010,2,00,False,False,True
31004_20100224_1200_12,2010,2,12,False,False,False
31004_20100225_0000_00,2010,2,00,False,False,True
31004_20100225_1200_12,2010,2,12,False,False,True
31004_20100226_0000_00,2010,2,00,False,False,True
31004_20100226_1200_12,2010,2,12,False,False,True
31004_20100227_0000_00,2010,2,00,False,False,True
31004_20100227_1200_12,2010,2,12,False,False,True
31004_20100228_0000_00,2010,2,00,False,False,True
31004_20100228_1200_12,2010,2,12,True,False,False
31004_20100301_0000_00,2010,3,00,False,False,True
31004_20100301_1200_12,2010,3,12,True,False,True
31004_20100302_0000_00,2010,3,00,True,False,True
31004_20100302_1200_12,2010,3,12,True,False,True
31004_20100303_0000_00,2010,3,00,True,False,True
31004_20100303_1200_12,2010,3,12,True,False,False
31004_20100304_0000_00,2010,3,00,False,True,False
31004_20100304_1200_12,2010,3,12,False,False,True
31004_20100305_0000_00,2010,3,00,False,False,True
31004_20100305_1200_12,2010,3,12,False,False,False
31004_20100306_0000_00,2010,3,00,False,False,True
31004_20100306_1200_12,2010,3,12,False,False,False
31004_20100307_0000_00,2010,3,00,False,False,True
31004_20100307_1200_12,2010,3,12,False,False,True
31004_20100308_0000_00,2010,3,00,False,False,True
31004_20100308_1200_12,2010,3,12,False,False,True
31004_20100309_0000_00,2010,3,00,False,False,False
31004_20100309_1200_12,2010,3,12,False,False,False
31004_20100310_0000_00,2010,3,00,True,False,False
31004_20100310_1200_12,2010,3,12,False,False,False
31004_20100311_0000_00,2010,3,00,False,False,True
31004_20100311_1200_12,2010,3,12,True,False,False
31004_20100312_0000_00,2010,3,00,False,False,False
31004_20100312_1200_12,2010,3,12,False,False,False
31004_20100313_0000_00,2010,3,00,True,False,False
31004_20100313_1200_12,2010,3,12,True,False,False
31004_20100314_0000_00,2010,3,00,True,False,True
31004_20100314_1200_12,2010,3,12,False,True,False
31004_20100315_0000_00,2010,3,00,True,False,False
31004_20100315_1200_12,2010,3,12,True,False,True
31004_20100316_0000_00,2010,3,00,False,False,False
31004_20100316_1200_12,2010,3,12,False,False,False
31004_20100317_0000_00,2010,3,00,False,False,False
31004_20100317_1200_12,2010,3,12,False,False,False
31004_20100318_0000_00,2010,3,00,True,False,False
31004_20100318_1200_12,2010,3,12,True,False,False
31004_20100319_0000_00,2010,3,00,True,False,False
31004_20100319_1200_12,2010,3,12,True,False,False
31004_20100320_0000_00,2010,3,00,True,False,False
31004_20100320_1200_12,2010,3,12,False,False,False
31004_20100321_0000_00,2010,3,00,True,False,False
31004_20100321_1200_12,2010,3,12,False,False,False
31004_20100322_0000_00,2010,3,00,False,False,False
31004_20100322_1200_12,2010,3,12,True,False,False
31004_20100323_0000_00,2010,3,00,False,False,False
31004_20100323_1200_12,2010,3,12,True,False,False
31004_20100324_0000_00,2010,3,00,False,False,False
31004_20100324_1200_12,2010,3,12,False,False,False
31004_20100325_0000_00,2010,3,00,False,False,False
31004_20100325_1200_12,2010,3,12,True,False,False
31004_20100326_0000_00,2010,3,00,False,True,True
31004_20100326_1200_12,2010,3,12,True,False,False
31004_20100327_0000_00,2010,3,00,True,False,True
31004_20100327_1200_12,2010,3,12,True,False,False
31004_20100328_0000_00,2010,3,00,True,False,True
31004_20100328_1200_12,2010,3,12,True,False,False
31004_20100329_0000_00,2010,3,00,True,False,False
31004_20100329_1200_12,2010,3,12,False,False,True
31004_20100330_0000_00,2010,3,00,False,False,False
31004_20100330_1200_12,2010,3,12,False,False,False
31004_20100331_0000_00,2010,3,00,False,False,True
31004_20100331_1200_12,2010,3,12,False,False,False
31004_20100401_0000_00,2010,4,00,False,False,False
31004_20100401_1200_12,2010,4,12,False,False,False
31004_20100402_0000_00,2010,4,00,False,False,False
31004_20100402_1200_12,2010,4,12,False,False,False
31004_20100403_0000_00,2010,4,00,False,False,False
31004_20100403_1200_12,2010,4,12,True,False,False
31004_20100404_0000_00,2010,4,00,False,False,False
31004_20100404_1200_12,2010,4,12,False,False,False
31004_20100405_0000_00,2010,4,00,False,False,False
31004_20100405_1200_12,2010,4,12,False,False,False
31004_20100406_0000_00,2010,4,00,False,False,False
31004_20100406_1200_12,2010,4,12,True,False,False
31004_20100407_0000_00,2010,4,00,False,True,False
31004_20100407_1200_12,2010,4,12,True,False,False
31004_20100408_0000_00,2010,4,00,False,False,True
31004_20100408_1200_12,2010,4,12,True,False,False
31004_20100409_0000_00,2010,4,00,False,False,True
31004_20100409_1200_12,2010,4,12,False,False,True
31004_20100410_0000_00,2010,4,00,False,False,True
31004_20100410_1200_12,2010,4,12,False,False,False
31004_20100411_0000_00,2010,4,00,False,False,False
31004_20100411_1200_12,2010,4,12,False,False,False
31004_20100412_0000_00,2010,4,00,False,False,True
31004_20100412_1200_12,2010,4,12,False,False,False
31004_20100413_0000_00,2010,4,00,False,False,False
31004_20100413_1200_12,2010,4,12,False,False,False
31004_20100414_0000_00,2010,4,00,False,False,False
31004_20100414_1200_12,2010,4,12,False,False,True
31004_20100415_0000_00,2010,4,00,False,False,False
31004_20100415_1200_12,2010,4,12,False,False,False
31004_20100416_0000_00,2010,4,00,True,False,False
31004_20100416_1200_12,2010,4,12,False,False,False
31004_20100417_0000_00,2010,4,00,False,False,False
31004_20100417_1200_12,2010,4,12,False,False,False
31004_20100418_0000_00,2010,4,00,False,False,False
31004_20100418_1200_12,2010,4,12,False,False,False
31004_20100419_0000_00,2010,4,00,True,False,True
31004_20100419_1200_12,2010,4,12,False,False,False
31004_20100420_0000_00,2010,4,00,True,False,False
31004_20100420_1200_12,2010,4,12,False,False,False
31004_20100421_0000_00,2010,4,00,False,False,False
31004_20100421_1200_12,2010,4,12,False,False,False
31004_20100422_0000_00,2010,4,00,False,False,True
31004_20100422_1200_12,2010,4,12,False,False,False
31004_20100423_0000_00,2010,4,00,False,False,False
31004_20100423_1200_12,2010,4,12,False,False,False
31004_20100424_0000_00,2010,4,00,False,False,True
31004_20100424_1200_12,2010,4,12,False,False,False
31004_20100425_0000_00,2010,4,00,True,False,True
31004_20100425_1200_12,2010,4,12,False,False,False
31004_20100426_0000_00,2010,4,00,False,False,True
31004_20100426_1200_12,2010,4,12,False,False,True
31004_20100427_0000_00,2010,4,00,True,False,False
31004_20100427_1200_12,2010,4,12,False,False,True
31004_20100428_0000_00,2010,4,00,False,False,False
31004_20100428_1200_12,2010,4,12,False,False,False
31004_20100429_0000_00,2010,4,00,False,False,False
31004_20100429_1200_12,2010,4,12,False,False,False
31004_20100430_0000_00,2010,4,00,False,False,True
31004_20100430_1200_12,2010,4,12,False,False,True
31004_20100501_0000_00,2010,5,00,False,False,True
31004_20100501_1200_12,2010,5,12,False,False,False
31004_20100502_0000_00,2010,5,00,False,False,False
31004_20100502_1200_12,2010,5,12,False,False,False
31004_20100503_0000_00,2010,5,00,False,False,False
31004_20100503_1200_12,2010,5,12,False,False,False
31004_20100504_0000_00,2010,5,00,False,False,True
31004_20100504_1200_12,2010,5,12,False,False,True
31004_20100505_0000_00,2010,5,00,False,False,True
31004_20100505_1200_12,2010,5,12,False,False,False
31004_20100506_0000_00,2010,5,00,False,False,False
31004_20100506_1200_12,2010,5,12,False,False,False
31004_20100507_0000_00,2010,5,00,False,False,False
31004_20100507_1200_12,2010,5,12,False,False,True
31004_20100508_0000_00,2010,5,00,False,False,False
31004_20100508_1200_12,2010,5,12,False,False,False
31004_20100509_0000_00,2010,5,00,False,False,False
31004_20100509_1200_12,2010,5,12,False,False,False
31004_20100510_0000_00,2010,5,00,False,False,False
31004_20100510_1200_12,2010,5,12,False,False,False
31004_20100511_0000_00,2010,5,00,False,False,False
31004_20100511_1200_12,2010,5,12,False,False,False
31004_20100512_0000_00,2010,5,00,False,False,True
31004_20100512_1200_12,2010,5,12,False,False,False
31004_20100513_0000_00,2010,5,00,False,False,False
31004_20100513_1200_12,2010,5,12,False,False,False
31004_20100514_0000_00,2010,5,00,False,False,False
31004_20100514_1200_12,2010,5,12,False,False,False
31004_20100515_0000_00,2010,5,00,False,False,False
31004_20100515_1200_12,2010,5,12,False,False,False
31004_20100516_0000_00,2010,5,00,False,False,False
31004_20100516_1200_12,2010,5,12,False,False,False
31004_20100517_0000_00,2010,5,00,False,False,False
31004_20100517_1200_12,2010,5,12,False,False,False
31004_20100518_0000_00,2010,5,00,False,False,False
31004_20100518_1200_12,2010,5,12,False,False,False
31004_20100519_0000_00,2010,5,00,False,False,True
31004_20100519_1200_12,2010,5,12,False,False,True
31004_20100520_0000_00,2010,5,00,False,False,False
31004_20100520_1200_12,2010,5,12,False,False,False
31004_20100521_0000_00,2010,5,00,False,False,False
31004_20100521_1200_12,2010,5,12,False,False,False
31004_20100522_0000_00,2010,5,00,False,False,False
31004_20100522_1200_12,2010,5,12,False,False,False
31004_20100523_0000_00,2010,5,00,False,False,True
31004_20100523_1200_12,2010,5,12,False,False,False
31004_20100524_0000_00,2010,5,00,False,False,True
31004_20100524_1200_12,2010,5,12,False,False,True
31004_20100525_0000_00,2010,5,00,False,False,False
31004_20100525_1200_12,2010,5,12,False,False,False
31004_20100526_0000_00,2010,5,00,False,False,False
31004_20100526_1200_12,2010,5,12,False,False,False
31004_20100527_0000_00,2010,5,00,False,False,False
31004_20100527_1200_12,2010,5,12,False,False,False
31004_20100528_0000_00,2010,5,00,False,False,False
31004_20100528_1200_12,2010,5,12,False,False,False
31004_20100529_0000_00,2010,5,00,False,False,False
31004_20100529_1200_12,2010,5,12,False,False,False
31004_20100530_0000_00,2010,5,00,False,False,False
31004_20100530_1200_12,2010,5,12,False,False,False
31004_20100531_0000_00,2010,5,00,False,False,False
31004_20100531_1200_12,2010,5,12,False,False,False
31004_20100601_0000_00,2010,6,00,False,False,True
31004_20100601_1200_12,2010,6,12,False,False,False
31004_20100602_0000_00,2010,6,00,False,False,False
31004_20100602_1200_12,2010,6,12,True,False,False
31004_20100603_0000_00,2010,6,00,False,False,True
31004_20100603_1200_12,2010,6,12,False,False,False
31004_20100604_0000_00,2010,6,00,False,False,True
31004_20100604_1200_12,2010,6,12,False,False,True
31004_20100605_0000_00,2010,6,00,False,False,False
31004_20100605_1200_12,2010,6,12,False,False,False
31004_20100606_0000_00,2010,6,00,False,False,False
31004_20100606_1200_12,2010,6,12,False,False,False
31004_20100607_0000_00,2010,6,00,True,False,False
31004_20100607_1200_12,2010,6,12,False,False,False
31004_20100608_0000_00,2010,6,00,False,False,False
31004_20100608_1200_12,2010,6,12,True,False,False
31004_20100609_0000_00,2010,6,00,False,False,True
31004_20100609_1200_12,2010,6,12,False,False,False
31004_20100610_0000_00,2010,6,00,False,False,False
31004_20100610_1200_12,2010,6,12,False,False,False
31004_20100611_0000_00,2010,6,00,False,False,False
31004_20100611_1200_12,2010,6,12,False,False,False
31004_20100612_0000_00,2010,6,00,False,False,False
31004_20100613_0000_00,2010,6,00,False,False,False
31004_20100613_1200_12,2010,6,12,True,False,False
31004_20100614_0000_00,2010,6,00,False,False,False
31004_20100614_1200_12,2010,6,12,False,False,False
31004_20100615_0000_00,2010,6,00,False,False,False
31004_20100615_1200_12,2010,6,12,False,False,True
31004_20100616_0000_00,2010,6,00,False,False,False
31004_20100616_1200_12,2010,6,12,False,False,True
31004_20100617_0000_00,2010,6,00,False,False,True
31004_20100617_1200_12,2010,6,12,False,False,False
31004_20100618_0000_00,2010,6,00,False,False,False
31004_20100618_1200_12,2010,6,12,False,False,False
31004_20100619_0000_00,2010,6,00,False,False,True
31004_20100619_1200_12,2010,6,12,True,False,False
31004_20100620_0000_00,2010,6,00,False,False,False
31004_20100620_1200_12,2010,6,12,False,False,True
31004_20100621_0000_00,2010,6,00,False,False,False
31004_20100621_1200_12,2010,6,12,True,False,True
31004_20100622_0000_00,2010,6,00,False,False,False
31004_20100622_1200_12,2010,6,12,True,False,False
31004_20100623_0000_00,2010,6,00,False,False,False
31004_20100623_1200_12,2010,6,12,False,False,True
31004_20100624_0000_00,2010,6,00,False,False,False
31004_20100624_1200_12,2010,6,12,True,False,False
31004_20100625_0000_00,2010,6,00,False,False,True
31004_20100625_1200_12,2010,6,12,False,False,True
31004_20100626_0000_00,2010,6,00,False,False,False
31004_20100626_1200_12,2010,6,12,False,False,False
31004_20100627_0000_00,2010,6,00,False,False,False
31004_20100627_1200_12,2010,6,12,False,False,True
31004_20100628_0000_00,2010,6,00,False,False,False
31004_20100628_1200_12,2010,6,12,False,False,False
31004_20100629_0000_00,2010,6,00,False,False,False
31004_20100629_1200_12,2010,6,12,False,False,False
31004_20100630_0000_00,2010,6,00,False,False,False
31004_20100630_1200_12,2010,6,12,False,True,True
31004_20100701_0000_00,2010,7,00,False,False,True
31004_20100701_1200_12,2010,7,12,False,False,False
31004_20100702_0000_00,2010,7,00,True,False,False
31004_20100702_1200_12,2010,7,12,False,False,True
31004_20100703_0000_00,2010,7,00,False,False,False
31004_20100703_1200_12,2010,7,12,False,False,False
31004_20100704_0000_00,2010,7,00,False,False,False
31004_20100704_1200_12,2010,7,12,False,False,False
31004_20100705_1200_12,2010,7,12,False,False,False
31004_20100706_0000_00,2010,7,00,False,False,False
31004_20100706_1200_12,2010,7,12,False,False,False
31004_20100707_0000_00,2010,7,00,False,False,False
31004_20100707_1200_12,2010,7,12,False,False,False
31004_20100708_0000_00,2010,7,00,False,False,False
31004_20100708_1200_12,2010,7,12,False,False,False
31004_20100709_0000_00,2010,7,00,False,False,False
31004_20100709_1200_12,2010,7,12,False,False,False
31004_20100710_0000_00,2010,7,00,False,False,True
31004_20100710_1200_12,2010,7,12,False,False,False
31004_20100711_0000_00,2010,7,00,False,False,False
31004_20100711_1200_12,2010,7,12,False,False,False
31004_20100712_0000_00,2010,7,00,False,False,True
31004_20100712_1200_12,2010,7,12,False,False,False
31004_20100713_0000_00,2010,7,00,False,False,False
31004_20100713_1200_12,2010,7,12,False,False,False
31004_20100714_0000_00,2010,7,00,False,False,True
31004_20100714_1200_12,2010,7,12,False,False,False
31004_20100715_0000_00,2010,7,00,False,False,False
31004_20100715_1200_12,2010,7,12,False,False,False
31004_20100716_0000_00,2010,7,00,False,False,True
31004_20100716_1200_12,2010,7,12,False,True,False
31004_20100717_0000_00,2010,7,00,False,False,False
31004_20100717_1200_12,2010,7,12,False,False,False
31004_20100718_0000_00,2010,7,00,False,False,False
31004_20100718_1200_12,2010,7,12,False,False,False
31004_20100719_0000_00,2010,7,00,False,False,False
31004_20100719_1200_12,2010,7,12,False,False,False
31004_20100720_0000_00,2010,7,00,False,False,False
31004_20100720_1200_12,2010,7,12,False,False,False
31004_20100721_0000_00,2010,7,00,False,False,False
31004_20100721_1200_12,2010,7,12,False,False,False
31004_20100722_0000_00,2010,7,00,False,False,False
31004_20100722_1200_12,2010,7,12,True,False,False
31004_20100723_0000_00,2010,7,00,False,False,True
31004_20100723_1200_12,2010,7,12,False,False,False
31004_20100724_0000_00,2010,7,00,False,False,True
31004_20100724_1200_12,2010,7,12,True,False,False
31004_20100725_0000_00,2010,7,00,False,False,True
31004_20100725_1200_12,2010,7,12,False,False,True
31004_20100726_0000_00,2010,7,00,False,False,True
31004_20100726_1200_12,2010,7,12,False,False,True
31004_20100727_0000_00,2010,7,00,False,False,False
31004_20100727_1200_12,2010,7,12,False,False,False
31004_20100728_0000_00,2010,7,00,False,False,False
31004_20100728_1200_12,2010,7,12,False,False,False
31004_20100729_0000_00,2010,7,00,False,False,False
31004_20100730_0000_00,2010,7,00,False,False,False
31004_20100730_1200_12,2010,7,12,False,False,True
31004_20100731_0000_00,2010,7,00,False,False,True
31004_20100731_1200_12,2010,7,12,False,False,False
31004_20100801_0000_00,2010,8,00,False,False,False
31004_20100801_1200_12,2010,8,12,False,False,False
31004_20100802_0000_00,2010,8,00,False,False,False
31004_20100802_1200_12,2010,8,12,False,False,False
31004_20100803_0000_00,2010,8,00,False,False,False
31004_20100803_1200_12,2010,8,12,False,False,False
31004_20100804_0000_00,2010,8,00,False,False,False
31004_20100804_1200_12,2010,8,12,False,False,False
31004_20100805_0000_00,2010,8,00,False,False,False
31004_20100805_1200_12,2010,8,12,False,False,True
31004_20100806_0000_00,2010,8,00,False,False,False
31004_20100806_1200_12,2010,8,12,False,False,False
31004_20100807_0000_00,2010,8,00,False,False,True
31004_20100807_1200_12,2010,8,12,False,False,False
31004_20100808_0000_00,2010,8,00,False,False,False
31004_20100808_1200_12,2010,8,12,True,False,False
31004_20100809_0000_00,2010,8,00,False,False,False
31004_20100809_1200_12,2010,8,12,True,False,False
31004_20100810_0000_00,2010,8,00,True,False,False
31004_20100810_1200_12,2010,8,12,False,False,False
31004_20100811_0000_00,2010,8,00,False,False,False
31004_20100811_1200_12,2010,8,12,True,False,False
31004_20100812_0000_00,2010,8,00,False,False,False
31004_20100812_1200_12,2010,8,12,False,False,False
31004_20100813_0000_00,2010,8,00,False,False,False
31004_20100813_1200_12,2010,8,12,True,False,False
31004_20100814_0000_00,2010,8,00,False,False,True
31004_20100814_1200_12,2010,8,12,False,False,False
31004_20100815_0000_00,2010,8,00,False,False,True
31004_20100815_1200_12,2010,8,12,False,False,False
31004_20100816_0000_00,2010,8,00,False,False,True
31004_20100816_1200_12,2010,8,12,False,False,True
31004_20100817_0000_00,2010,8,00,False,False,True
31004_20100817_1200_12,2010,8,12,False,False,False
31004_20100818_0000_00,2010,8,00,False,False,False
31004_20100818_1200_12,2010,8,12,False,False,False
31004_20100819_0000_00,2010,8,00,False,False,False
31004_20100819_1200_12,2010,8,12,False,False,False
31004_20100820_0000_00,2010,8,00,False,False,True
31004_20100820_1200_12,2010,8,12,False,False,True
31004_20100821_0000_00,2010,8,00,False,True,False
31004_20100821_1200_12,2010,8,12,False,False,False
31004_20100822_0000_00,2010,8,00,False,False,True
31004_20100822_1200_12,2010,8,12,True,False,False
31004_20100823_0000_00,2010,8,00,False,False,False
31004_20100823_1200_12,2010,8,12,True,False,False
31004_20100824_0000_00,2010,8,00,True,False,False
31004_20100824_1200_12,2010,8,12,True,False,False
31004_20100825_0000_00,2010,8,00,True,False,False
31004_20100825_1200_12,2010,8,12,True,False,False
31004_20100826_0000_00,2010,8,00,False,False,False
31004_20100826_1200_12,2010,8,12,True,False,False
31004_20100827_0000_00,2010,8,00,False,False,False
31004_20100827_1200_12,2010,8,12,True,False,False
31004_20100828_0000_00,2010,8,00,True,False,False
31004_20100828_1200_12,2010,8,12,False,False,False
31004_20100829_0000_00,2010,8,00,False,False,True
31004_20100829_1200_12,2010,8,12,False,False,False
31004_20100830_0000_00,2010,8,00,False,False,True
31004_20100830_1200_12,2010,8,12,False,False,True
31004_20100831_0000_00,2010,8,00,False,False,False
31004_20100831_1200_12,2010,8,12,True,False,True
31004_20100901_0000_00,2010,9,00,False,False,True
31004_20100901_1200_12,2010,9,12,True,False,False
31004_20100902_0000_00,2010,9,00,False,False,False
31004_20100902_1200_12,2010,9,12,False,False,True
31004_20100903_0000_00,2010,9,00,False,False,False
31004_20100903_1200_12,2010,9,12,True,False,False
31004_20100904_0000_00,2010,9,00,False,False,False
31004_20100904_1200_12,2010,9,12,False,False,True
31004_20100905_0000_00,2010,9,00,False,False,True
31004_20100905_1200_12,2010,9,12,False,False,True
31004_20100906_0000_00,2010,9,00,False,False,False
31004_20100906_1200_12,2010,9,12,False,True,False
31004_20100907_0000_00,2010,9,00,False,False,False
31004_20100907_1200_12,2010,9,12,True,False,False
31004_20100908_0000_00,2010,9,00,False,False,False
31004_20100908_1200_12,2010,9,12,False,False,False
31004_20100909_0000_00,2010,9,00,False,False,False
31004_20100909_1200_12,2010,9,12,False,False,True
31004_20100910_0000_00,2010,9,00,False,False,True
31004_20100910_1200_12,2010,9,12,True,False,False
31004_20100911_0000_00,2010,9,00,False,False,True
31004_20100911_1200_12,2010,9,12,False,False,False
31004_20100912_0000_00,2010,9,00,True,False,False
31004_20100912_1200_12,2010,9,12,True,False,True
31004_20100913_0000_00,2010,9,00,False,False,False
31004_20100913_1200_12,2010,9,12,False,False,False
31004_20100914_0000_00,2010,9,00,False,False,True
31004_20100914_1200_12,2010,9,12,False,False,True
31004_20100915_0000_00,2010,9,00,False,False,True
31004_20100915_1200_12,2010,9,12,False,False,False
31004_20100916_0000_00,2010,9,00,False,False,False
31004_20100916_1200_12,2010,9,12,False,False,False
31004_20100917_0000_00,2010,9,00,True,False,False
31004_20100917_1200_12,2010,9,12,False,False,False
31004_20100918_0000_00,2010,9,00,False,False,True
31004_20100918_1200_12,2010,9,12,False,False,False
31004_20100919_0000_00,2010,9,00,False,False,False
31004_20100919_1200_12,2010,9,12,False,False,False
31004_20100920_0000_00,2010,9,00,False,False,False
31004_20100920_1200_12,2010,9,12,False,False,False
31004_20100921_0000_00,2010,9,00,False,False,True
31004_20100921_1200_12,2010,9,12,False,False,False
31004_20100922_0000_00,2010,9,00,False,False,False
31004_20100922_1200_12,2010,9,12,False,False,False
31004_20100923_0000_00,2010,9,00,True,False,True
31004_20100923_1200_12,2010,9,12,False,False,False
31004_20100924_0000_00,2010,9,00,False,True,True
31004_20100924_1200_12,2010,9,12,True,False,True
31004_20100925_0000_00,2010,9,00,False,False,True
31004_20100925_1200_12,2010,9,12,False,False,False
31004_20100926_0000_00,2010,9,00,False,False,True
31004_20100926_1200_12,2010,9,12,True,False,True
31004_20100927_0000_00,2010,9,00,False,False,True
31004_20100927_1200_12,2010,9,12,False,False,True
31004_20100928_0000_00,2010,9,00,False,False,False
31004_20100928_1200_12,2010,9,12,False,False,True
31004_20100929_0000_00,2010,9,00,False,False,False
31004_20100929_1200_12,2010,9,12,False,False,False
31004_20100930_0000_00,2010,9,00,False,False,True
31004_20100930_1200_12,2010,9,12,False,False,True
31004_20101001_0000_00,2010,10,00,False,False,True
31004_20101001_1200_12,2010,10,12,True,False,True
31004_20101002_0000_00,2010,10,00,False,False,False
31004_20101002_1200_12,2010,10,12,True,False,False
31004_20101003_0000_00,2010,10,00,False,False,False
31004_20101003_1200_12,2010,10,12,False,False,False
31004_20101004_0000_00,2010,10,00,False,False,True
31004_20101004_1200_12,2010,10,12,False,False,False
31004_20101005_0000_00,2010,10,00,False,False,False
31004_20101005_1200_12,2010,10,12,True,False,False
31004_20101006_0000_00,2010,10,00,False,False,False
31004_20101006_1200_12,2010,10,12,False,False,False
31004_20101007_0000_00,2010,10,00,False,False,True
31004_20101007_1200_12,2010,10,12,True,False,False
31004_20101008_0000_00,2010,10,00,False,False,True
31004_20101008_1200_12,2010,10,12,False,False,False
31004_20101009_0000_00,2010,10,00,True,False,False
31004_20101009_1200_12,2010,10,12,True,False,True
31004_20101010_0000_00,2010,10,00,False,False,False
31004_20101010_1200_12,2010,10,12,False,False,False
31004_20101011_0000_00,2010,10,00,False,False,False
31004_20101011_1200_12,2010,10,12,False,False,False
31004_20101012_0000_00,2010,10,00,False,False,False
31004_20101012_1200_12,2010,10,12,False,False,False
31004_20101013_0000_00,2010,10,00,False,False,True
31004_20101013_1200_12,2010,10,12,False,False,False
31004_20101014_0000_00,2010,10,00,False,False,True
31004_20101014_1200_12,2010,10,12,False,False,False
31004_20101015_0000_00,2010,10,00,False,False,True
31004_20101015_1200_12,2010,10,12,False,False,True
31004_20101016_0000_00,2010,10,00,False,False,False
31004_20101016_1200_12,2010,10,12,False,False,False
31004_20101017_0000_00,2010,10,00,False,False,True
31004_20101017_1200_12,2010,10,12,False,False,False
31004_20101018_0000_00,2010,10,00,True,False,False
31004_20101018_1200_12,2010,10,12,False,False,True
31004_20101019_0000_00,2010,10,00,False,False,False
31004_20101019_1200_12,2010,10,12,False,False,True
31004_20101020_0000_00,2010,10,00,True,False,True
31004_20101020_1200_12,2010,10,12,True,False,False
31004_20101021_0000_00,2010,10,00,False,False,True
31004_20101021_1200_12,2010,10,12,False,False,False
31004_20101022_0000_00,2010,10,00,False,False,False
31004_20101022_1200_12,2010,10,12,True,False,True
31004_20101023_0000_00,2010,10,00,False,False,False
31004_20101023_1200_12,2010,10,12,True,False,True
31004_20101024_0000_00,2010,10,00,True,False,False
31004_20101024_1200_12,2010,10,12,False,False,False
31004_20101025_0000_00,2010,10,00,True,False,False
31004_20101025_1200_12,2010,10,12,False,False,True
31004_20101026_0000_00,2010,10,00,True,False,False
31004_20101026_1200_12,2010,10,12,False,False,False
31004_20101027_0000_00,2010,10,00,False,False,True
31004_20101027_1200_12,2010,10,12,True,False,False
31004_20101028_0000_00,2010,10,00,True,False,False
31004_20101028_1200_12,2010,10,12,True,False,True
31004_20101029_0000_00,2010,10,00,True,False,False
31004_20101029_1200_12,2010,10,12,True,False,False
31004_20101030_0000_00,2010,10,00,True,False,False
31004_20101030_1200_12,2010,10,12,False,False,False
31004_20101031_0000_00,2010,10,00,False,False,True
31004_20101031_1200_12,2010,10,12,False,False,False
31004_20101101_0000_00,2010,11,00,False,False,True
31004_20101101_1200_12,2010,11,12,False,True,True
31004_20101102_0000_00,2010,11,00,False,False,False
31004_20101102_1200_12,2010,11,12,False,False,False
31004_20101103_0000_00,2010,11,00,True,False,True
31004_20101103_1200_12,2010,11,12,True,False,False
31004_20101104_0000_00,2010,11,00,False,False,False
31004_20101104_1200_12,2010,11,12,False,False,True
31004_20101105_0000_00,2010,11,00,True,False,False
31004_20101105_1200_12,2010,11,12,True,False,False
31004_20101106_0000_00,2010,11,00,False,False,False
31004_20101106_1200_12,2010,11,12,False,False,False
31004_20101107_0000_00,2010,11,00,False,False,True
31004_20101107_1200_12,2010,11,12,False,False,True
31004_20101108_0000_00,2010,11,00,False,False,True
31004_20101108_1200_12,2010,11,12,False,False,True
31004_20101109_0000_00,2010,11,00,False,False,True
31004_20101109_1200_12,2010,11,12,False,False,True
31004_20101110_0000_00,2010,11,00,True,False,False
31004_20101110_1200_12,2010,11,12,False,False,False
31004_20101111_0000_00,2010,11,00,False,False,False
31004_20101111_1200_12,2010,11,12,False,False,True
31004_20101112_0000_00,2010,11,00,False,False,False
31004_20101112_1200_12,2010,11,12,False,False,False
31004_20101113_0000_00,2010,11,00,False,False,False
31004_20101113_1200_12,2010,11,12,False,False,True
31004_20101114_0000_00,2010,11,00,False,False,True
31004_20101114_1200_12,2010,11,12,True,False,False
31004_20101115_0000_00,2010,11,00,False,False,True
31004_20101115_1200_12,2010,11,12,False,False,True
31004_20101116_0000_00,2010,11,00,False,False,False
31004_20101116_1200_12,2010,11,12,False,False,True
31004_20101117_0000_00,2010,11,00,False,False,False
31004_20101117_1200_12,2010,11,12,False,False,False
31004_20101118_0000_00,2010,11,00,False,False,False
31004_20101118_1200_12,2010,11,12,False,False,False
31004_20101119_0000_00,2010,11,00,False,False,False
31004_20101119_1200_12,2010,11,12,True,False,True
31004_20101120_0000_00,2010,11,00,False,False,False
31004_20101120_1200_12,2010,11,12,True,False,False
31004_20101121_0000_00,2010,11,00,False,False,False
31004_20101121_1200_12,2010,11,12,False,False,False
31004_20101122_0000_00,2010,11,00,False,True,False
31004_20101122_1200_12,2010,11,12,False,False,False
31004_20101123_0000_00,2010,11,00,False,False,False
31004_20101123_1200_12,2010,11,12,True,False,False
31004_20101124_0000_00,2010,11,00,False,False,True
31004_20101124_1200_12,2010,11,12,True,False,True
31004_20101125_0000_00,2010,11,00,False,False,False
31004_20101125_1200_12,2010,11,12,True,False,False
31004_20101126_0000_00,2010,11,00,True,False,False
31004_20101126_1200_12,2010,11,12,False,False,False
31004_20101127_0000_00,2010,11,00,True,False,False
31004_20101127_1200_12,2010,11,12,True,False,False
31004_20101128_0000_00,2010,11,00,False,False,True
31004_20101128_1200_12,2010,11,12,False,True,False
31004_20101129_0000_00,2010,11,00,False,False,True
31004_20101129_1200_12,2010,11,12,True,False,False
31004_20101130_0000_00,2010,11,00,False,False,True
31004_20101130_1200_12,2010,11,12,True,False,False
31004_20101201_0000_00,2010,12,00,False,False,True
31004_20101201_1200_12,2010,12,12,False,False,True
31004_20101202_0000_00,2010,12,00,False,False,False
31004_20101202_1200_12,2010,12,12,True,False,False
31004_20101203_0000_00,2010,12,00,False,False,False
31004_20101203_1200_12,2010,12,12,False,False,True
31004_20101204_0000_00,2010,12,00,False,False,True
31004_20101204_1200_12,2010,12,12,False,False,True
31004_20101205_0000_00,2010,12,00,True,False,False
31004_20101205_1200_12,2010,12,12,False,False,False
31004_20101206_0000_00,2010,12,00,True,False,False
31004_20101206_1200_12,2010,12,12,False,False,False
31004_20101207_0000_00,2010,12,00,False,False,True
31004_20101207_1200_12,2010,12,12,False,False,False
31004_20101208_0000_00,2010,12,00,False,False,True
31004_20101208_1200_12,2010,12,12,False,False,False
31004_20101209_0000_00,2010,12,00,False,False,True
31004_20101209_1200_12,2010,12,12,True,False,True
31004_20101210_0000_00,2010,12,00,True,False,False
31004_20101210_1200_12,2010,12,12,False,False,True
31004_20101211_0000_00,2010,12,00,False,False,True
31004_20101211_1200_12,2010,12,12,False,False,False
31004_20101212_0000_00,2010,12,00,False,False,True
31004_20101212_1200_12,2010,12,12,False,False,False
31004_20101213_0000_00,2010,12,00,False,False,True
31004_20101213_1200_12,2010,12,12,False,False,False
31004_20101214_0000_00,2010,12,00,False,False,False
31004_20101214_1200_12,2010,12,12,False,False,True
31004_20101215_0000_00,2010,12,00,False,False,True
31004_20101215_1200_12,2010,12,12,False,False,False
31004_20101216_0000_00,2010,12,00,False,False,False
31004_20101216_1200_12,2010,12,12,True,False,True
31004_20101217_0000_00,2010,12,00,True,False,True
31004_20101217_1200_12,2010,12,12,False,False,False
31004_20101218_0000_00,2010,12,00,True,False,False
31004_20101218_1200_12,2010,12,12,False,False,False
31004_20101219_0000_00,2010,12,00,False,False,False
31004_20101219_1200_12,2010,12,12,True,False,False
31004_20101220_0000_00,2010,12,00,False,False,False
31004_20101220_1200_12,2010,12,12,True,False,True
31004_20101221_0000_00,2010,12,00,True,False,False
31004_20101221_1200_12,2010,12,12,False,False,False
31004_20101222_0000_00,2010,12,00,True,False,False
31004_20101222_1200_12,2010,12,12,True,False,False
31004_20101223_0000_00,2010,12,00,False,False,False
31004_20101223_1200_12,2010,12,12,False,False,False
31004_20101224_0000_00,2010,12,00,True,False,False
31004_20101224_1200_12,2010,12,12,True,False,False
31004_20101225_0000_00,2010,12,00,True,False,False
31004_20101225_1200_12,2010,12,12,True,False,False
31004_20101226_0000_00,2010,12,00,False,False,True
31004_20101226_1200_12,2010,12,12,False,True,False
31004_20101227_0000_00,2010,12,00,True,False,False
31004_20101227_1200_12,2010,12,12,False,True,False
31004_20101228_0000_00,2010,12,00,False,False,False
31004_20101228_1200_12,2010,12,12,False,False,False
31004_20101229_0000_00,2010,12,00,True,False,False
31004_20101229_1200_12,2010,12,12,True,False,False
31004_20101230_0000_00,2010,12,00,False,False,True
31004_20101230_1200_12,2010,12,12,False,False,True
31004_20101231_0000_00,2010,12,00,False,True,False
31004_20101231_1200_12,2010,12,12,True,False,True
31004_20110101_0000_00,2011,1,00,True,False,False
31004_20110101_1200_12,2011,1,12,False,False,True
31004_20110102_0000_00,2011,1,00,False,False,True
31004_20110102_1200_12,2011,1,12,False,False,True
31004_20110103_0000_00,2011,1,00,False,False,False
31004_20110103_1200_12,2011,1,12,False,False,True
31004_20110104_0000_00,2011,1,00,False,False,True
31004_20110104_1200_12,2011,1,12,False,False,True
31004_20110105_0000_00,2011,1,00,False,False,False
31004_20110105_1200_12,2011,1,12,False,False,True
31004_20110106_0000_00,2011,1,00,False,False,True
31004_20110106_1200_12,2011,1,12,False,False,False
31004_20110107_0000_00,2011,1,00,False,False,False
31004_20110107_1200_12,2011,1,12,False,False,False
31004_20110108_0000_00,2011,1,00,False,False,True
31004_20110108_1200_12,2011,1,12,False,False,True
31004_20110109_0000_00,2011,1,00,True,False,False
31004_20110109_1200_12,2011,1,12,True,False,False
31004_20110110_0000_00,2011,1,00,True,False,True
31004_20110110_1200_12,2011,1,12,False,False,True
31004_20110111_0000_00,2011,1,00,True,False,False
31004_20110111_1200_12,2011,1,12,True,False,False
31004_20110112_0000_00,2011,1,00,False,False,False
31004_20110112_1200_12,2011,1,12,False,False,True
31004_20110113_0000_00,2011,1,00,False,False,False
31004_20110113_1200_12,2011,1,12,False,False,False
31004_20110114_0000_00,2011,1,00,False,False,False
31004_20110114_1200_12,2011,1,12,False,False,False
31004_20110115_0000_00,2011,1,00,False,False,True
31004_20110115_1200_12,2011,1,12,True,False,False
31004_20110116_0000_00,2011,1,00,False,False,False
31004_20110116_1200_12,2011,1,12,False,False,True
31004_20110117_0000_00,2011,1,00,False,False,False
31004_20110117_1200_12,2011,1,12,False,False,False
31004_20110118_0000_00,2011,1,00,False,False,True
31004_20110118_1200_12,2011,1,12,False,False,False
31004_20110119_0000_00,2011,1,00,False,False,True
31004_20110119_1200_12,2011,1,12,False,False,True
31004_20110120_0000_00,2011,1,00,False,False,False
31004_20110120_1200_12,2011,1,12,False,False,True
31004_20110121_0000_00,2011,1,00,False,False,False
31004_20110121_1200_12,2011,1,12,False,False,False
31004_20110122_0000_00,2011,1,00,False,False,True
31004_20110123_0000_00,2011,1,00,False,False,True
31004_20110123_1200_12,2011,1,12,False,False,False
31004_20110124_0000_00,2011,1,00,False,False,False
31004_20110124_1200_12,2011,1,12,False,False,False
31004_20110125_0000_00,2011,1,00,False,False,True
31004_20110125_1200_12,2011,1,12,False,False,True
31004_20110126_0000_00,2011,1,00,False,False,True
31004_20110126_1200_12,2011,1,12,False,False,False
31004_20110127_0000_00,2011,1,00,True,False,False
31004_20110127_1200_12,2011,1,12,False,False,True
31004_20110128_0000_00,2011,1,00,False,False,False
31004_20110128_1200_12,2011,1,12,False,False,True
31004_20110129_0000_00,2011,1,00,False,False,True
31004_20110129_1200_12,2011,1,12,False,False,True
31004_20110130_0000_00,2011,1,00,False,False,False
31004_20110130_1200_12,2011,1,12,False,False,False
31004_20110131_0000_00,2011,1,00,False,False,False
31004_20110131_1200_12,2011,1,12,False,False,False
31004_20110201_0000_00,2011,2,00,False,False,False
31004_20110201_1200_12,2011,2,12,False,False,True
31004_20110202_0000_00,2011,2,00,False,False,False
31004_20110202_1200_12,2011,2,12,True,False,False
31004_20110203_0000_00,2011,2,00,False,False,False
31004_20110203_1200_12,2011,2,12,False,False,False
31004_20110204_0000_00,2011,2,00,False,False,False
31004_20110204_1200_12,2011,2,12,True,False,False
31004_20110205_0000_00,2011,2,00,False,False,True
31004_20110205_1200_12,2011,2,12,False,False,False
31004_20110206_0000_00,2011,2,00,False,False,False
31004_20110206_1200_12,2011,2,12,False,False,True
31004_20110207_0000_00,2011,2,00,True,False,True
31004_20110207_1200_12,2011,2,12,False,False,False
31004_20110208_0000_00,2011,2,00,False,False,True
31004_20110208_1200_12,2011,2,12,False,False,False
31004_20110209_0000_00,2011,2,00,False,True,False
31004_20110209_1200_12,2011,2,12,False,False,True
31004_20110210_0000_00,2011,2,00,False,True,False
31004_20110210_1200_12,2011,2,12,True,False,False
31004_20110211_0000_00,2011,2,00,False,False,True
31004_20110211_1200_12,2011,2,12,False,False,True
31004_20110212_0000_00,2011,2,00,False,False,True
31004_20110212_1200_12,2011,2,12,True,False,False
31004_20110213_0000_00,2011,2,00,False,False,False
31004_20110213_1200_12,2011,2,12,False,False,False
31004_20110214_0000_00,2011,2,00,True,False,False
31004_20110214_1200_12,2011,2,12,False,False,True
31004_20110215_0000_00,2011,2,00,False,False,True
31004_20110215_1200_12,2011,2,12,False,False,True
31004_20110216_0000_00,2011,2,00,False,False,True
31004_20110216_1200_12,2011,2,12,False,False,False
31004_20110217_0000_00,2011,2,00,False,False,False
31004_20110217_1200_12,2011,2,12,False,False,False
31004_20110218_0000_00,2011,2,00,False,False,False
31004_20110218_1200_12,2011,2,12,False,False,False
31004_20110219_0000_00,2011,2,00,True,False,False
31004_20110219_1200_12,2011,2,12,True,False,True
31004_20110220_0000_00,2011,2,00,False,False,False
31004_20110220_1200_12,2011,2,12,False,False,False
31004_20110221_0000_00,2011,2,00,False,False,False
31004_20110221_1200_12,2011,2,12,True,False,False
31004_20110222_0000_00,2011,2,00,False,False,True
31004_20110222_1200_12,2011,2,12,False,False,False
31004_20110223_0000_00,2011,2,00,False,False,True
31004_20110223_1200_12,2011,2,12,False,False,False
31004_20110224_0000_00,2011,2,00,False,False,False
31004_20110224_1200_12,2011,2,12,True,False,True
31004_20110225_0000_00,2011,2,00,False,False,True
31004_20110225_1200_12,2011,2,12,True,False,False
31004_20110226_0000_00,2011,2,00,True,False,False
31004_20110226_1200_12,2011,2,12,False,False,True
31004_20110227_0000_00,2011,2,00,False,True,False
31004_20110227_1200_12,2011,2,12,True,False,False
31004_20110228_0000_00,2011,2,00,False,False,False
31004_20110228_1200_12,2011,2,12,False,False,False
31004_20110301_0000_00,2011,3,00,True,False,False
31004_20110301_1200_12,2011,3,12,True,False,False
31004_20110302_0000_00,2011,3,00,False,False,True
31004_20110302_1200_12,2011,3,12,False,False,False
31004_20110303_0000_00,2011,3,00,False,False,True
31004_20110303_1200_12,2011,3,12,False,False,False
31004_20110304_0000_00,2011,3,00,False,False,False
31004_20110304_1200_12,2011,3,12,False,False,False
31004_20110305_0000_00,2011,3,00,False,False,False
31004_20110305_1200_12,2011,3,12,True,False,False
31004_20110306_0000_00,2011,3,00,False,False,False
31004_20110306_1200_12,2011,3,12,False,False,False
31004_20110307_0000_00,2011,3,00,True,False,False
31004_20110307_1200_12,2011,3,12,True,False,False
31004_20110308_0000_00,2011,3,00,False,False,False
31004_20110308_1200_12,2011,3,12,False,False,False
31004_20110309_0000_00,2011,3,00,True,False,False
31004_20110309_1200_12,2011,3,12,False,False,False
31004_20110310_0000_00,2011,3,00,True,False,False
31004_20110310_1200_12,2011,3,12,False,False,False
31004_20110311_0000_00,2011,3,00,True,False,False
31004_20110311_1200_12,2011,3,12,True,False,False
31004_20110312_0000_00,2011,3,00,True,False,False
31004_20110312_1200_12,2011,3,12,False,True,False
31004_20110313_0000_00,2011,3,00,True,False,False
31004_20110313_1200_12,2011,3,12,False,True,False
31004_20110314_0000_00,2011,3,00,False,False,False
31004_20110314_1200_12,2011,3,12,True,False,True
31004_20110315_0000_00,2011,3,00,False,False,True
31004_20110315_1200_12,2011,3,12,True,False,False
31004_20110316_0000_00,2011,3,00,True,False,True
31004_20110316_1200_12,2011,3,12,True,False,False
31004_20110317_0000_00,2011,3,00,False,False,False
31004_20110317_1200_12,2011,3,12,False,False,False
31004_20110318_0000_00,2011,3,00,False,False,False
31004_20110318_1200_12,2011,3,12,False,False,False
31004_20110319_0000_00,2011,3,00,False,False,False
31004_20110319_1200_12,2011,3,12,False,False,True
31004_20110320_0000_00,2011,3,00,False,False,True
31004_20110320_1200_12,2011,3,12,False,False,False
31004_20110321_0000_00,2011,3,00,False,False,False
31004_20110321_1200_12,2011,3,12,False,False,True
31004_20110322_0000_00,2011,3,00,False,False,False
31004_20110322_1200_12,2011,3,12,False,False,False
31004_20110323_0000_00,2011,3,00,False,False,True
31004_20110323_1200_12,2011,3,12,True,False,False
31004_20110324_0000_00,2011,3,00,False,False,False
31004_20110324_1200_12,2011,3,12,True,False,False
31004_20110325_0000_00,2011,3,00,False,False,False
31004_20110325_1200_12,2011,3,12,False,False,False
31004_20110326_0000_00,2011,3,00,True,False,True
31004_20110326_1200_12,2011,3,12,False,False,False
31004_20110327_0000_00,2011,3,00,False,False,True
31004_20110327_1200_12,2011,3,12,True,False,True
31004_20110328_0000_00,2011,3,00,False,False,False
31004_20110328_1200_12,2011,3,12,False,False,False
31004_20110329_0000_00,2011,3,00,True,False,False
31004_20110329_1200_12,2011,3,12,False,False,True
31004_20110330_0000_00,2011,3,00,False,False,False
31004_20110330_1200_12,2011,3,12,False,False,False
31004_20110331_0000_00,2011,3,00,False,False,False
31004_20110331_1200_12,2011,3,12,False,False,False
31004_20110401_0000_00,2011,4,00,False,False,False
31004_20110401_1200_12,2011,4,12,True,False,False
31004_20110402_0000_00,2011,4,00,False,False,True
31004_20110402_1200_12,2011,4,12,False,True,False
31004_20110403_0000_00,2011,4,00,False,False,False
31004_20110403_1200_12,2011,4,12,False,False,False
31004_20110404_0000_00,2011,4,00,False,False,False
31004_20110404_1200_12,2011,4,12,False,False,True
31004_20110405_0000_00,2011,4,00,False,True,False
31004_20110405_1200_12,2011,4,12,False,False,False
31004_20110406_0000_00,2011,4,00,False,False,False
31004_20110406_1200_12,2011,4,12,False,False,False
31004_20110407_0000_00,2011,4,00,False,False,False
31004_20110407_1200_12,2011,4,12,False,False,False
31004_20110408_0000_00,2011,4,00,False,False,False
31004_20110408_1200_12,2011,4,12,False,False,False
31004_20110409_0000_00,2011,4,00,False,False,True
31004_20110409_1200_12,2011,4,12,False,False,False
31004_20110410_0000_00,2011,4,00,False,False,False
31004_20110410_1200_12,2011,4,12,True,False,False
31004_20110411_0000_00,2011,4,00,False,False,True
31004_20110411_1200_12,2011,4,12,False,False,False
31004_20110412_1200_12,2011,4,12,False,False,False
31004_20110413_0000_00,2011,4,00,False,False,False
31004_20110413_1200_12,2011,4,12,True,False,False
31004_20110414_0000_00,2011,4,00,False,False,True
31004_20110414_1200_12,2011,4,12,True,False,True
31004_20110415_0000_00,2011,4,00,False,False,False
31004_20110415_1200_12,2011,4,12,False,False,False
31004_20110416_0000_00,2011,4,00,False,False,False
31004_20110416_1200_12,2011,4,12,False,False,False
31004_20110417_0000_00,2011,4,00,False,False,False
31004_20110417_1200_12,2011,4,12,False,False,False
31004_20110418_0000_00,2011,4,00,False,False,False
31004_20110418_1200_12,2011,4,12,False,False,False
31004_20110419_0000_00,2011,4,00,False,False,False
31004_20110419_1200_12,2011,4,12,False,False,False
31004_20110420_0000_00,2011,4,00,False,False,False
31004_20110420_1200_12,2011,4,12,False,False,False
31004_20110421_0000_00,2011,4,00,False,False,True
31004_20110421_1200_12,2011,4,12,False,True,True
31004_20110422_0000_00,2011,4,00,False,False,False
31004_20110422_1200_12,2011,4,12,False,False,False
31004_20110423_0000_00,2011,4,00,False,False,False
31004_20110423_1200_12,2011,4,12,False,False,False
31004_20110424_0000_00,2011,4,00,False,False,False
31004_20110424_1200_12,2011,4,12,True,False,True
31004_20110425_0000_00,2011,4,00,False,False,False
31004_20110425_1200_12,2011,4,12,False,False,False
31004_20110426_0000_00,2011,4,00,False,False,False
31004_20110426_1200_12,2011,4,12,True,False,False
31004_20110427_0000_00,2011,4,00,False,False,False
31004_20110427_1200_12,2011,4,12,True,False,False
31004_20110428_0000_00,2011,4,00,False,False,True
31004_20110428_1200_12,2011,4,12,True,False,False
31004_20110429_0000_00,2011,4,00,False,False,False
31004_20110429_1200_12,2011,4,12,True,False,False
31004_20110430_0000_00,2011,4,00,False,False,False
31004_20110430_1200_12,2011,4,12,False,False,False
31004_20110501_0000_00,2011,5,00,False,False,False
31004_20110501_1200_12,2011,5,12,False,False,False
31004_20110502_0000_00,2011,5,00,False,False,False
31004_20110502_1200_12,2011,5,12,False,False,False
31004_20110503_0000_00,2011,5,00,False,False,False
31004_20110503_1200_12,2011,5,12,False,False,False
31004_20110504_0000_00,2011,5,00,False,False,False
31004_20110504_1200_12,2011,5,12,False,False,True
31004_20110505_0000_00,2011,5,00,False,False,False
31004_20110505_1200_12,2011,5,12,False,False,False
31004_20110506_0000_00,2011,5,00,False,False,False
31004_20110506_1200_12,2011,5,12,False,False,False
31004_20110507_0000_00,2011,5,00,False,False,False
31004_20110507_1200_12,2011,5,12,False,False,False
31004_20110508_0000_00,2011,5,00,False,False,False
31004_20110508_1200_12,2011,5,12,True,False,False
31004_20110509_0000_00,2011,5,00,False,False,True
31004_20110509_1200_12,2011,5,12,True,False,False
31004_20110510_0000_00,2011,5,00,False,False,False
31004_20110510_1200_12,2011,5,12,False,False,False
31004_20110511_0000_00,2011,5,00,False,False,False
31004_20110511_1200_12,2011,5,12,False,False,False
31004_20110512_0000_00,2011,5,00,False,False,True
31004_20110512_1200_12,2011,5,12,False,False,False
31004_20110513_0000_00,2011,5,00,False,False,True
31004_20110513_1200_12,2011,5,12,False,False,True
31004_20110514_0000_00,2011,5,00,False,False,True
31004_20110514_1200_12,2011,5,12,False,False,False
31004_20110515_0000_00,2011,5,00,False,False,False
31004_20110515_1200_12,2011,5,12,False,False,False
31004_20110516_0000_00,2011,5,00,False,False,False
31004_20110516_1200_12,2011,5,12,False,False,True
31004_20110517_0000_00,2011,5,00,False,False,False
31004_20110517_1200_12,2011,5,12,False,False,False
31004_20110518_0000_00,2011,5,00,False,False,True
31004_20110518_1200_12,2011,5,12,False,False,False
31004_20110519_0000_00,2011,5,00,False,False,True
31004_20110519_1200_12,2011,5,12,False,False,False
31004_20110520_0000_00,2011,5,00,False,False,False
31004_20110520_1200_12,2011,5,12,False,False,False
31004_20110521_0000_00,2011,5,00,False,False,False
31004_20110521_1200_12,2011,5,12,False,False,True
31004_20110522_0000_00,2011,5,00,False,False,False
31004_20110522_1200_12,2011,5,12,True,False,False
31004_20110523_0000_00,2011,5,00,False,False,False
31004_20110523_1200_12,2011,5,12,False,False,True
31004_20110524_0000_00,2011,5,00,False,False,True
31004_20110524_1200_12,2011,5,12,False,False,False
31004_20110525_0000_00,2011,5,00,False,False,False
31004_20110525_1200_12,2011,5,12,False,False,False
31004_20110526_0000_00,2011,5,00,False,False,False
31004_20110526_1200_12,2011,5,12,False,False,False
31004_20110527_0000_00,2011,5,00,False,False,False
31004_20110527_1200_12,2011,5,12,False,False,False
31004_20110528_0000_00,2011,5,00,False,False,False
31004_20110528_1200_12,2011,5,12,False,False,False
31004_20110529_0000_00,2011,5,00,False,False,False
31004_20110529_1200_12,2011,5,12,True,False,False
31004_20110530_0000_00,2011,5,00,False,False,False
31004_20110530_1200_12,2011,5,12,False,False,True
31004_20110531_0000_00,2011,5,00,False,False,False
31004_20110531_1200_12,2011,5,12,False,False,False
31004_20110601_0000_00,2011,6,00,False,False,False
31004_20110601_1200_12,2011,6,12,False,False,False
31004_20110602_0000_00,2011,6,00,False,False,False
31004_20110602_1200_12,2011,6,12,False,False,False
31004_20110603_0000_00,2011,6,00,False,False,False
31004_20110603_1200_12,2011,6,12,False,False,False
31004_20110604_0000_00,2011,6,00,False,False,True
31004_20110604_1200_12,2011,6,12,True,False,False
31004_20110605_0000_00,2011,6,00,False,False,False
31004_20110605_1200_12,2011,6,12,False,False,False
31004_20110606_0000_00,2011,6,00,False,False,False
31004_20110606_1200_12,2011,6,12,True,False,False
31004_20110607_0000_00,2011,6,00,False,False,True
31004_20110607_1200_12,2011,6,12,False,False,True
31004_20110608_0000_00,2011,6,00,False,False,True
31004_20110608_1200_12,2011,6,12,False,False,True
31004_20110609_0000_00,2011,6,00,False,False,True
31004_20110609_1200_12,2011,6,12,False,False,False
31004_20110610_0000_00,2011,6,00,False,False,False
31004_20110610_1200_12,2011,6,12,False,False,False
31004_20110611_0000_00,2011,6,00,False,False,False
31004_20110611_1200_12,2011,6,12,True,False,False
31004_20110612_0000_00,2011,6,00,False,False,False
31004_20110612_1200_12,2011,6,12,False,False,False
31004_20110613_0000_00,2011,6,00,False,False,False
31004_20110613_1200_12,2011,6,12,True,False,False
31004_20110614_0000_00,2011,6,00,False,False,False
31004_20110614_1200_12,2011,6,12,False,False,False
31004_20110615_0000_00,2011,6,00,False,False,False
31004_20110615_1200_12,2011,6,12,False,False,True
31004_20110616_0000_00,2011,6,00,False,False,True
31004_20110616_1200_12,2011,6,12,False,False,False
31004_20110617_0000_00,2011,6,00,False,False,False
31004_20110617_1200_12,2011,6,12,False,False,False
31004_20110618_0000_00,2011,6,00,False,False,False
31004_20110618_1200_12,2011,6,12,False,False,False
31004_20110619_0000_00,2011,6,00,False,False,False
31004_20110619_1200_12,2011,6,12,False,False,False
31004_20110620_0000_00,2011,6,00,False,False,False
31004_20110620_1200_12,2011,6,12,False,False,False
31004_20110621_0000_00,2011,6,00,False,False,False
31004_20110621_1200_12,2011,6,12,False,False,False
31004_20110622_0000_00,2011,6,00,False,False,True
31004_20110622_1200_12,2011,6,12,False,False,True
31004_20110623_0000_00,2011,6,00,False,False,True
31004_20110623_1200_12,2011,6,12,False,True,False
31004_20110624_0000_00,2011,6,00,False,False,False
31004_20110624_1200_12,2011,6,12,False,False,False
31004_20110625_0000_00,2011,6,00,False,False,False
31004_20110625_1200_12,2011,6,12,False,False,False
31004_20110626_0000_00,2011,6,00,False,False,False
31004_20110626_1200_12,2011,6,12,True,False,False
31004_20110627_0000_00,2011,6,00,False,False,False
31004_20110627_1200_12,2011,6,12,False,False,False
31004_20110628_0000_00,2011,6,00,False,False,False
31004_20110628_1200_12,2011,6,12,False,False,False
31004_20110629_1200_12,2011,6,12,False,False,False
31004_20110630_0000_00,2011,6,00,False,False,False
31004_20110630_1200_12,2011,6,12,False,False,False
31004_20110701_0000_00,2011,7,00,False,False,False
31004_20110701_1200_12,2011,7,12,False,False,False
31004_20110702_0000_00,2011,7,00,False,False,False
31004_20110702_1200_12,2011,7,12,False,False,False
31004_20110703_0000_00,2011,7,00,False,False,False
31004_20110703_1200_12,2011,7,12,False,False,True
31004_20110704_0000_00,2011,7,00,False,False,False
31004_20110704_1200_12,2011,7,12,False,False,False
31004_20110705_0000_00,2011,7,00,False,False,False
31004_20110705_1200_12,2011,7,12,True,False,False
31004_20110706_0000_00,2011,7,00,False,False,True
31004_20110706_1200_12,2011,7,12,False,False,False
31004_20110707_0000_00,2011,7,00,False,False,False
31004_20110707_1200_12,2011,7,12,False,False,False
31004_20110708_0000_00,2011,7,00,False,False,False
31004_20110708_1200_12,2011,7,12,False,False,False
31004_20110709_0000_00,2011,7,00,False,False,True
31004_20110709_1200_12,2011,7,12,False,False,False
31004_20110710_0000_00,2011,7,00,False,False,False
31004_20110710_1200_12,2011,7,12,False,False,False
31004_20110711_0000_00,2011,7,00,False,False,False
31004_20110711_1200_12,2011,7,12,True,False,False
31004_20110712_0000_00,2011,7,00,False,False,False
31004_20110712_1200_12,2011,7,12,False,False,False
31004_20110713_0000_00,2011,7,00,False,False,True
31004_20110713_1200_12,2011,7,12,False,True,False
31004_20110714_0000_00,2011,7,00,False,False,False
31004_20110714_1200_12,2011,7,12,False,False,False
31004_20110715_0000_00,2011,7,00,False,False,False
31004_20110715_1200_12,2011,7,12,True,False,False
31004_20110716_0000_00,2011,7,00,False,False,False
31004_20110716_1200_12,2011,7,12,False,False,False
31004_20110717_0000_00,2011,7,00,False,False,True
31004_20110717_1200_12,2011,7,12,True,False,False
31004_20110718_0000_00,2011,7,00,False,False,False
31004_20110718_1200_12,2011,7,12,False,True,False
31004_20110719_0000_00,2011,7,00,False,False,False
31004_20110719_1200_12,2011,7,12,False,False,True
31004_20110720_0000_00,2011,7,00,False,False,False
31004_20110720_1200_12,2011,7,12,False,False,False
31004_20110721_0000_00,2011,7,00,False,False,False
31004_20110721_1200_12,2011,7,12,False,False,False
31004_20110722_0000_00,2011,7,00,False,False,False
31004_20110722_1200_12,2011,7,12,False,False,False
31004_20110723_0000_00,2011,7,00,False,False,False
31004_20110723_1200_12,2011,7,12,False,False,False
31004_20110724_0000_00,2011,7,00,False,False,False
31004_20110724_1200_12,2011,7,12,False,False,False
31004_20110725_0000_00,2011,7,00,False,False,False
31004_20110725_1200_12,2011,7,12,False,False,True
31004_20110726_0000_00,2011,7,00,True,False,False
31004_20110726_1200_12,2011,7,12,False,True,False
31004_20110727_0000_00,2011,7,00,True,False,True
31004_20110727_1200_12,2011,7,12,False,False,False
31004_20110728_0000_00,2011,7,00,False,False,True
31004_20110728_1200_12,2011,7,12,False,False,False
31004_20110729_0000_00,2011,7,00,False,False,False
31004_20110729_1200_12,2011,7,12,False,False,True
31004_20110730_0000_00,2011,7,00,False,False,False
31004_20110730_1200_12,2011,7,12,False,False,False
31004_20110731_0000_00,2011,7,00,False,False,False
31004_20110731_1200_12,2011,7,12,False,False,False
31004_20110801_0000_00,2011,8,00,False,False,False
31004_20110801_1200_12,2011,8,12,False,False,False
31004_20110802_0000_00,2011,8,00,False,False,False
31004_20110802_1200_12,2011,8,12,False,True,False
31004_20110803_0000_00,2011,8,00,False,False,False
31004_20110803_1200_12,2011,8,12,False,False,False
31004_20110804_0000_00,2011,8,00,False,False,False
31004_20110804_1200_12,2011,8,12,False,False,False
31004_20110805_0000_00,2011,8,00,False,False,False
31004_20110805_1200_12,2011,8,12,True,False,False
31004_20110806_0000_00,2011,8,00,False,False,False
31004_20110806_1200_12,2011,8,12,False,False,False
31004_20110807_0000_00,2011,8,00,False,False,False
31004_20110807_1200_12,2011,8,12,True,False,False
31004_20110808_0000_00,2011,8,00,False,False,False
31004_20110808_1200_12,2011,8,12,False,False,False
31004_20110809_0000_00,2011,8,00,False,False,False
31004_20110809_1200_12,2011,8,12,False,False,False
31004_20110810_0000_00,2011,8,00,False,False,False
31004_20110810_1200_12,2011,8,12,False,False,True
31004_20110811_0000_00,2011,8,00,False,False,False
31004_20110811_1200_12,2011,8,12,True,False,False
31004_20110812_0000_00,2011,8,00,False,False,False
31004_20110812_1200_12,2011,8,12,True,False,True
31004_20110813_0000_00,2011,8,00,False,True,False
31004_20110813_1200_12,2011,8,12,False,False,True
31004_20110814_0000_00,2011,8,00,False,False,False
31004_20110814_1200_12,2011,8,12,False,False,False
31004_20110815_0000_00,2011,8,00,True,False,False
31004_20110815_1200_12,2011,8,12,False,False,False
31004_20110816_0000_00,2011,8,00,False,False,True
31004_20110816_1200_12,2011,8,12,False,False,False
31004_20110817_0000_00,2011,8,00,False,False,False
31004_20110817_1200_12,2011,8,12,False,False,False
31004_20110818_0000_00,2011,8,00,False,False,False
31004_20110818_1200_12,2011,8,12,False,False,False
31004_20110819_0000_00,2011,8,00,False,False,False
31004_20110819_1200_12,2011,8,12,True,False,False
31004_20110820_0000_00,2011,8,00,False,False,True
31004_20110820_1200_12,2011,8,12,True,False,False
31004_20110821_0000_00,2011,8,00,False,False,False
31004_20110821_1200_12,2011,8,12,True,False,True
31004_20110822_0000_00,2011,8,00,False,False,False
31004_20110822_1200_12,2011,8,12,True,False,False
31004_20110823_0000_00,2011,8,00,False,False,True
31004_20110823_1200_12,2011,8,12,False,False,True
31004_20110824_0000_00,2011,8,00,False,False,True
31004_20110825_0000_00,2011,8,00,False,False,False
31004_20110825_1200_12,2011,8,12,True,False,False
31004_20110826_0000_00,2011,8,00,False,False,False
31004_20110826_1200_12,2011,8,12,True,False,False
31004_20110827_0000_00,2011,8,00,False,False,True
31004_20110827_1200_12,2011,8,12,True,False,False
31004_20110828_0000_00,2011,8,00,True,False,False
31004_20110828_1200_12,2011,8,12,True,False,False
31004_20110829_0000_00,2011,8,00,False,False,False
31004_20110829_1200_12,2011,8,12,False,False,False
31004_20110830_0000_00,2011,8,00,False,False,True
31004_20110830_1200_12,2011,8,12,True,False,False
31004_20110831_0000_00,2011,8,00,False,False,False
31004_20110831_1200_12,2011,8,12,True,False,False
31004_20110901_0000_00,2011,9,00,True,False,False
31004_20110901_1200_12,2011,9,12,True,False,False
31004_20110902_0000_00,2011,9,00,False,False,False
31004_20110902_1200_12,2011,9,12,False,False,False
31004_20110903_0000_00,2011,9,00,False,False,False
31004_20110903_1200_12,2011,9,12,True,False,False
31004_20110904_0000_00,2011,9,00,False,False,False
31004_20110904_1200_12,2011,9,12,False,False,False
31004_20110905_0000_00,2011,9,00,False,False,False
31004_20110905_1200_12,2011,9,12,False,False,False
31004_20110906_0000_00,2011,9,00,False,False,False
31004_20110906_1200_12,2011,9,12,False,False,False
31004_20110907_0000_00,2011,9,00,False,False,False
31004_20110907_1200_12,2011,9,12,True,False,False
31004_20110908_0000_00,2011,9,00,False,False,True
31004_20110908_1200_12,2011,9,12,False,False,False
31004_20110909_0000_00,2011,9,00,False,False,True
31004_20110909_1200_12,2011,9,12,True,False,False
31004_20110910_0000_00,2011,9,00,False,False,False
31004_20110910_1200_12,2011,9,12,True,False,False
31004_20110911_0000_00,2011,9,00,True,False,False
31004_20110911_1200_12,2011,9,12,False,False,False
31004_20110912_0000_00,2011,9,00,False,False,False
31004_20110912_1200_12,2011,9,12,False,False,False
31004_20110913_0000_00,2011,9,00,False,False,False
31004_20110913_1200_12,2011,9,12,False,False,False
31004_20110914_0000_00,2011,9,00,True,False,True
31004_20110914_1200_12,2011,9,12,False,False,False
31004_20110915_0000_00,2011,9,00,False,False,True
31004_20110915_1200_12,2011,9,12,False,False,False
31004_20110916_0000_00,2011,9,00,True,False,False
31004_20110916_1200_12,2011,9,12,False,False,False
31004_20110917_0000_00,2011,9,00,False,False,False
31004_20110917_1200_12,2011,9,12,False,False,False
31004_20110918_0000_00,2011,9,00,False,False,False
31004_20110918_1200_12,2011,9,12,False,False,False
31004_20110919_0000_00,2011,9,00,False,False,False
31004_20110919_1200_12,2011,9,12,True,False,False
31004_20110920_0000_00,2011,9,00,False,False,False
31004_20110920_1200_12,2011,9,12,False,False,False
31004_20110921_0000_00,2011,9,00,False,False,False
31004_20110921_1200_12,2011,9,12,False,False,False
31004_20110922_0000_00,2011,9,00,False,False,False
31004_20110922_1200_12,2011,9,12,False,False,False
31004_20110923_0000_00,2011,9,00,False,False,False
31004_20110923_1200_12,2011,9,12,False,False,False
31004_20110924_0000_00,2011,9,00,True,False,False
31004_20110924_1200_12,2011,9,12,False,False,True
31004_20110925_0000_00,2011,9,00,False,False,False
31004_20110925_1200_12,2011,9,12,False,False,False
31004_20110926_0000_00,2011,9,00,True,False,False
31004_20110926_1200_12,2011,9,12,False,False,False
31004_20110927_0000_00,2011,9,00,False,False,False
31004_20110927_1200_12,2011,9,12,False,False,False
31004_20110928_0000_00,2011,9,00,False,False,True
31004_20110928_1200_12,2011,9,12,True,False,False
31004_20110929_0000_00,2011,9,00,True,False,False
31004_20110929_1200_12,2011,9,12,False,False,False
31004_20110930_0000_00,2011,9,00,False,False,False
31004_20110930_1200_12,2011,9,12,True,False,False
31004_20111001_0000_00,2011,10,00,False,True,False
31004_20111001_1200_12,2011,10,12,False,False,False
31004_20111002_0000_00,2011,10,00,False,False,True
31004_20111002_1200_12,2011,10,12,False,False,False
31004_20111003_0000_00,2011,10,00,False,False,False
31004_20111003_1200_12,2011,10,12,False,False,False
31004_20111004_0000_00,2011,10,00,False,False,False
31004_20111004_1200_12,2011,10,12,False,False,False
31004_20111005_0000_00,2011,10,00,True,False,False
31004_20111005_1200_12,2011,10,12,False,False,True
31004_20111006_0000_00,2011,10,00,False,False,False
31004_20111006_1200_12,2011,10,12,False,False,False
31004_20111007_0000_00,2011,10,00,False,False,True
31004_20111007_1200_12,2011,10,12,False,False,False
31004_20111008_0000_00,2011,10,00,False,False,False
31004_20111008_1200_12,2011,10,12,False,False,False
31004_20111009_0000_00,2011,10,00,False,False,False
31004_20111009_1200_12,2011,10,12,False,False,False
31004_20111010_0000_00,2011,10,00,False,False,False
31004_20111010_1200_12,2011,10,12,False,False,False
31004_20111011_0000_00,2011,10,00,False,False,False
31004_20111011_1200_12,2011,10,12,False,False,False
31004_20111012_0000_00,2011,10,00,False,False,False
31004_20111012_1200_12,2011,10,12,False,False,True
31004_20111013_0000_00,2011,10,00,True,False,False
31004_20111013_1200_12,2011,10,12,False,False,True
31004_20111014_0000_00,2011,10,00,False,False,False
31004_20111014_1200_12,2011,10,12,False,False,False
31004_20111015_0000_00,2011,10,00,False,False,True
31004_20111015_1200_12,2011,10,12,False,False,False
31004_20111016_0000_00,2011,10,00,False,False,False
31004_20111016_1200_12,2011,10,12,False,False,False
31004_20111017_0000_00,2011,10,00,True,False,True
31004_20111017_1200_12,2011,10,12,False,False,True
31004_20111018_0000_00,2011,10,00,False,False,True
31004_20111018_1200_12,2011,10,12,False,False,False
31004_20111019_0000_00,2011,10,00,False,False,False
31004_20111019_1200_12,2011,10,12,False,False,False
31004_20111020_0000_00,2011,10,00,False,False,False
31004_20111020_1200_12,2011,10,12,False,False,True
31004_20111021_0000_00,2011,10,00,False,False,False
31004_20111021_1200_12,2011,10,12,False,False,True
31004_20111022_0000_00,2011,10,00,False,False,False
31004_20111022_1200_12,2011,10,12,False,False,False
31004_20111023_0000_00,2011,10,00,False,False,False
31004_20111023_1200_12,2011,10,12,False,False,False
31004_20111024_0000_00,2011,10,00,False,False,True
31004_20111024_1200_12,2011,10,12,False,False,False
31004_20111025_0000_00,2011,10,00,False,False,False
31004_20111025_1200_12,2011,10,12,False,False,True
31004_20111026_0000_00,2011,10,00,False,False,False
31004_20111026_1200_12,2011,10,12,False,False,False
31004_20111027_0000_00,2011,10,00,False,False,True
31004_20111027_1200_12,2011,10,12,False,False,False
31004_20111028_0000_00,2011,10,00,False,False,False
31004_20111028_1200_12,2011,10,12,False,False,False
31004_20111029_0000_00,2011,10,00,False,False,False
31004_20111029_1200_12,2011,10,12,False,False,False
31004_20111030_0000_00,2011,10,00,False,False,False
31004_20111030_1200_12,2011,10,12,True,False,True
31004_20111031_0000_00,2011,10,00,False,False,False
31004_20111031_1200_12,2011,10,12,True,False,False
31004_20111101_0000_00,2011,11,00,True,False,False
31004_20111101_1200_12,2011,11,12,False,True,False
31004_20111102_0000_00,2011,11,00,False,False,True
31004_20111102_1200_12,2011,11,12,False,False,True
31004_20111103_0000_00,2011,11,00,False,False,False
31004_20111103_1200_12,2011,11,12,False,False,False
31004_20111104_0000_00,2011,11,00,False,False,False
31004_20111104_1200_12,2011,11,12,False,False,False
31004_20111105_0000_00,2011,11,00,False,False,False
31004_20111105_1200_12,2011,11,12,False,False,False
31004_20111106_0000_00,2011,11,00,False,False,False
31004_20111106_1200_12,2011,11,12,False,False,True
31004_20111107_0000_00,2011,11,00,False,False,True
31004_20111107_1200_12,2011,11,12,False,False,True
31004_20111108_0000_00,2011,11,00,False,False,True
31004_20111108_1200_12,2011,11,12,False,False,False
31004_20111109_0000_00,2011,11,00,False,False,False
31004_20111109_1200_12,2011,11,12,False,False,True
31004_20111110_0000_00,2011,11,00,False,False,True
31004_20111110_1200_12,2011,11,12,False,False,False
31004_20111111_0000_00,2011,11,00,True,False,False
31004_20111111_1200_12,2011,11,12,True,False,False
31004_20111112_0000_00,2011,11,00,True,False,False
31004_20111112_1200_12,2011,11,12,False,False,False
31004_20111113_0000_00,2011,11,00,False,False,True
31004_20111113_1200_12,2011,11,12,True,False,False
31004_20111114_0000_00,2011,11,00,False,False,True
31004_20111114_1200_12,2011,11,12,False,False,True
31004_20111115_0000_00,2011,11,00,False,False,False
31004_20111115_1200_12,2011,11,12,False,False,False
31004_20111116_0000_00,2011,11,00,False,False,True
31004_20111116_1200_12,2011,11,12,False,False,True
31004_20111117_0000_00,2011,11,00,False,False,True
31004_20111117_1200_12,2011,11,12,True,False,True
31004_20111118_0000_00,2011,11,00,False,False,True
31004_20111118_1200_12,2011,11,12,False,False,True
31004_20111119_0000_00,2011,11,00,False,False,False
31004_20111119_1200_12,2011,11,12,False,False,True
31004_20111120_0000_00,2011,11,00,False,False,True
31004_20111120_1200_12,2011,11,12,False,False,True
31004_20111121_0000_00,2011,11,00,False,False,True
31004_20111121_1200_12,2011,11,12,False,False,True
31004_20111122_0000_00,2011,11,00,False,False,True
31004_20111122_1200_12,2011,11,12,False,False,True
31004_20111123_0000_00,2011,11,00,True,False,False
31004_20111123_1200_12,2011,11,12,True,False,False
31004_20111124_0000_00,2011,11,00,True,False,False
31004_20111124_1200_12,2011,11,12,True,False,False
31004_20111125_0000_00,2011,11,00,False,False,False
31004_20111125_1200_12,2011,11,12,False,False,False
31004_20111126_0000_00,2011,11,00,True,False,False
31004_20111126_1200_12,2011,11,12,True,False,False
31004_20111127_0000_00,2011,11,00,False,False,False
31004_20111127_1200_12,2011,11,12,False,False,True
31004_20111128_0000_00,2011,11,00,False,False,True
31004_20111128_1200_12,2011,11,12,False,False,True
31004_20111129_0000_00,2011,11,00,False,False,False
31004_20111129_1200_12,2011,11,12,False,False,False
31004_20111130_0000_00,2011,11,00,False,False,False
31004_20111130_1200_12,2011,11,12,False,False,False
31004_20111201_0000_00,2011,12,00,False,False,True
31004_20111201_1200_12,2011,12,12,False,False,True
31004_20111202_0000_00,2011,12,00,False,False,False
31004_20111202_1200_12,2011,12,12,False,False,True
31004_20111203_0000_00,2011,12,00,False,False,True
31004_20111203_1200_12,2011,12,12,True,False,True
31004_20111204_0000_00,2011,12,00,False,False,False
31004_20111204_1200_12,2011,12,12,False,False,True
31004_20111205_0000_00,2011,12,00,False,False,True
31004_20111205_1200_12,2011,12,12,False,False,True
31004_20111206_0000_00,2011,12,00,False,False,True
31004_20111206_1200_12,2011,12,12,False,False,False
31004_20111207_0000_00,2011,12,00,False,False,True
31004_20111207_1200_12,2011,12,12,False,False,False
31004_20111208_0000_00,2011,12,00,False,False,False
31004_20111208_1200_12,2011,12,12,False,False,False
31004_20111209_0000_00,2011,12,00,False,False,True
31004_20111209_1200_12,2011,12,12,False,False,False
31004_20111210_0000_00,2011,12,00,False,False,True
31004_20111210_1200_12,2011,12,12,False,False,True
31004_20111211_0000_00,2011,12,00,False,False,True
31004_20111211_1200_12,2011,12,12,False,False,False
31004_20111212_0000_00,2011,12,00,False,False,True
31004_20111212_1200_12,2011,12,12,False,False,True
31004_20111213_0000_00,2011,12,00,False,False,False
31004_20111213_1200_12,2011,12,12,True,False,True
31004_20111214_0000_00,2011,12,00,True,False,True
31004_20111214_1200_12,2011,12,12,False,False,True
31004_20111215_0000_00,2011,12,00,True,False,True
31004_20111215_1200_12,2011,12,12,False,False,True
31004_20111216_0000_00,2011,12,00,False,False,True
31004_20111216_1200_12,2011,12,12,True,False,True
31004_20111217_0000_00,2011,12,00,True,False,False
31004_20111217_1200_12,2011,12,12,True,False,True
31004_20111218_0000_00,2011,12,00,False,False,False
31004_20111218_1200_12,2011,12,12,False,False,False
31004_20111219_0000_00,2011,12,00,True,False,False
31004_20111219_1200_12,2011,12,12,True,False,True
31004_20111220_0000_00,2011,12,00,False,False,True
31004_20111220_1200_12,2011,12,12,True,False,True
31004_20111221_0000_00,2011,12,00,False,False,True
31004_20111221_1200_12,2011,12,12,False,False,True
31004_20111222_0000_00,2011,12,00,False,False,True
31004_20111222_1200_12,2011,12,12,False,False,True
31004_20111223_0000_00,2011,12,00,False,False,True
31004_20111223_1200_12,2011,12,12,True,False,False
31004_20111224_0000_00,2011,12,00,False,False,True
31004_20111224_1200_12,2011,12,12,False,False,False
31004_20111225_0000_00,2011,12,00,True,False,False
31004_20111225_1200_12,2011,12,12,True,False,False
31004_20111226_0000_00,2011,12,00,True,False,False
31004_20111226_1200_12,2011,12,12,False,False,False
31004_20111227_0000_00,2011,12,00,True,False,False
31004_20111227_1200_12,2011,12,12,False,False,True
31004_20111228_0000_00,2011,12,00,False,False,True
31004_20111228_1200_12,2011,12,12,False,False,False
31004_20111229_0000_00,2011,12,00,False,False,False
31004_20111229_1200_12,2011,12,12,False,False,True
31004_20111230_0000_00,2011,12,00,False,False,True
31004_20111230_1200_12,2011,12,12,False,False,True
31004_20111231_0000_00,2011,12,00,False,False,True
31004_20111231_1200_12,2011,12,12,True,False,False
31004_20120101_0000_00,2012,1,00,False,False,False
31004_20120101_1200_12,2012,1,12,False,False,True
31004_20120102_0000_00,2012,1,00,False,False,True
31004_20120102_1200_12,2012,1,12,False,False,False
31004_20120103_0000_00,2012,1,00,False,False,True
31004_20120103_1200_12,2012,1,12,False,False,True
31004_20120104_0000_00,2012,1,00,False,False,False
31004_20120104_1200_12,2012,1,12,False,False,False
31004_20120105_0000_00,2012,1,00,False,False,True
31004_20120105_1200_12,2012,1,12,False,False,True
31004_20120106_0000_00,2012,1,00,False,False,True
31004_20120106_1200_12,2012,1,12,False,False,False
31004_20120107_0000_00,2012,1,00,False,False,False
31004_20120107_1200_12,2012,1,12,False,False,True
31004_20120108_0000_00,2012,1,00,False,False,True
31004_20120108_1200_12,2012,1,12,False,False,True
31004_20120109_0000_00,2012,1,00,False,False,True
31004_20120109_1200_12,2012,1,12,False,True,False
31004_20120110_0000_00,2012,1,00,False,False,True
31004_20120110_1200_12,2012,1,12,False,False,False
31004_20120111_0000_00,2012,1,00,False,False,False
31004_20120111_1200_12,2012,1,12,False,False,True
31004_20120112_0000_00,2012,1,00,False,False,False
31004_20120112_1200_12,2012,1,12,True,False,False
31004_20120113_0000_00,2012,1,00,False,True,False
31004_20120113_1200_12,2012,1,12,True,False,False
31004_20120114_0000_00,2012,1,00,True,False,True
31004_20120114_1200_12,2012,1,12,False,False,False
31004_20120115_0000_00,2012,1,00,False,False,True
31004_20120115_1200_12,2012,1,12,False,False,True
31004_20120116_0000_00,2012,1,00,False,False,False
31004_20120116_1200_12,2012,1,12,True,False,False
31004_20120117_0000_00,2012,1,00,True,False,False
31004_20120117_1200_12,2012,1,12,False,False,False
31004_20120118_0000_00,2012,1,00,False,False,True
31004_20120118_1200_12,2012,1,12,False,True,False
31004_20120119_0000_00,2012,1,00,False,False,False
31004_20120119_1200_12,2012,1,12,False,False,True
31004_20120120_0000_00,2012,1,00,True,False,True
31004_20120120_1200_12,2012,1,12,False,False,True
31004_20120121_0000_00,2012,1,00,False,True,True
31004_20120121_1200_12,2012,1,12,False,False,True
31004_20120122_0000_00,2012,1,00,True,False,True
31004_20120122_1200_12,2012,1,12,False,False,False
31004_20120123_0000_00,2012,1,00,True,False,False
31004_20120123_1200_12,2012,1,12,False,False,False
31004_20120124_0000_00,2012,1,00,False,False,True
31004_20120124_1200_12,2012,1,12,True,False,False
31004_20120125_0000_00,2012,1,00,False,False,False
31004_20120125_1200_12,2012,1,12,False,False,True
31004_20120126_0000_00,2012,1,00,False,False,True
31004_20120126_1200_12,2012,1,12,True,False,False
31004_20120127_0000_00,2012,1,00,False,False,True
31004_20120127_1200_12,2012,1,12,False,False,True
31004_20120128_0000_00,2012,1,00,False,True,False
31004_20120128_1200_12,2012,1,12,True,False,False
31004_20120129_0000_00,2012,1,00,False,False,False
31004_20120129_1200_12,2012,1,12,False,False,False
31004_20120130_0000_00,2012,1,00,True,False,False
31004_20120130_1200_12,2012,1,12,True,False,False
31004_20120131_0000_00,2012,1,00,True,False,False
31004_20120131_1200_12,2012,1,12,False,True,True
31004_20120201_0000_00,2012,2,00,False,False,True
31004_20120201_1200_12,2012,2,12,False,False,False
31004_20120202_0000_00,2012,2,00,False,False,True
31004_20120202_1200_12,2012,2,12,False,False,True
31004_20120203_0000_00,2012,2,00,False,False,True
31004_20120203_1200_12,2012,2,12,False,False,True
31004_20120204_0000_00,2012,2,00,False,False,True
31004_20120204_1200_12,2012,2,12,False,False,False
31004_20120205_0000_00,2012,2,00,False,False,True
31004_20120205_1200_12,2012,2,12,False,False,True
31004_20120206_0000_00,2012,2,00,True,False,True
31004_20120206_1200_12,2012,2,12,True,False,False
31004_20120207_0000_00,2012,2,00,False,False,True
31004_20120207_1200_12,2012,2,12,False,False,False
31004_20120208_0000_00,2012,2,00,False,False,True
31004_20120208_1200_12,2012,2,12,False,False,False
31004_20120209_0000_00,2012,2,00,True,False,False
31004_20120209_1200_12,2012,2,12,False,False,True
31004_20120210_0000_00,2012,2,00,False,False,False
31004_20120210_1200_12,2012,2,12,True,False,True
31004_20120211_0000_00,2012,2,00,False,False,True
31004_20120211_1200_12,2012,2,12,False,True,True
31004_20120212_0000_00,2012,2,00,False,False,True
31004_20120212_1200_12,2012,2,12,True,False,True
31004_20120213_0000_00,2012,2,00,True,False,True
31004_20120213_1200_12,2012,2,12,False,False,False
31004_20120214_0000_00,2012,2,00,False,False,True
31004_20120214_1200_12,2012,2,12,True,False,True
31004_20120215_0000_00,2012,2,00,False,False,True
31004_20120215_1200_12,2012,2,12,False,False,False
31004_20120216_0000_00,2012,2,00,False,False,False
31004_20120216_1200_12,2012,2,12,False,False,False
31004_20120217_0000_00,2012,2,00,False,False,False
31004_20120217_1200_12,2012,2,12,True,False,True
31004_20120218_0000_00,2012,2,00,False,False,False
31004_20120218_1200_12,2012,2,12,False,False,False
31004_20120219_0000_00,2012,2,00,False,False,True
31004_20120219_1200_12,2012,2,12,False,False,True
31004_20120220_0000_00,2012,2,00,False,False,False
31004_20120220_1200_12,2012,2,12,True,False,False
31004_20120221_0000_00,2012,2,00,False,False,False
31004_20120221_1200_12,2012,2,12,True,False,False
31004_20120222_0000_00,2012,2,00,True,False,False
31004_20120222_1200_12,2012,2,12,False,False,False
31004_20120223_0000_00,2012,2,00,False,False,False
31004_20120223_1200_12,2012,2,12,True,False,False
31004_20120224_0000_00,2012,2,00,True,False,False
31004_20120224_1200_12,2012,2,12,False,False,False
31004_20120225_0000_00,2012,2,00,True,False,False
31004_20120225_1200_12,2012,2,12,True,False,True
31004_20120226_0000_00,2012,2,00,True,False,False
31004_20120226_1200_12,2012,2,12,True,False,False
31004_20120227_0000_00,2012,2,00,True,False,False
31004_20120227_1200_12,2012,2,12,True,False,False
31004_20120228_0000_00,2012,2,00,True,False,False
31004_20120228_1200_12,2012,2,12,False,False,False
31004_20120229_0000_00,2012,2,00,False,False,True
31004_20120229_1200_12,2012,2,12,True,False,True
31004_20120301_0000_00,2012,3,00,False,False,True
31004_20120301_1200_12,2012,3,12,True,False,False
31004_20120302_0000_00,2012,3,00,False,False,False
31004_20120302_1200_12,2012,3,12,True,False,False
31004_20120303_0000_00,2012,3,00,False,False,False
31004_20120303_1200_12,2012,3,12,True,False,False
31004_20120304_0000_00,2012,3,00,True,False,False
31004_20120304_1200_12,2012,3,12,True,False,False
31004_20120305_0000_00,2012,3,00,True,False,False
31004_20120305_1200_12,2012,3,12,True,False,False
31004_20120306_0000_00,2012,3,00,True,False,False
31004_20120306_1200_12,2012,3,12,True,False,False
31004_20120307_0000_00,2012,3,00,True,False,False
31004_20120307_1200_12,2012,3,12,True,False,False
31004_20120308_0000_00,2012,3,00,True,False,False
31004_20120308_1200_12,2012,3,12,True,False,False
31004_20120309_0000_00,2012,3,00,True,False,False
31004_20120309_1200_12,2012,3,12,False,False,True
31004_20120310_0000_00,2012,3,00,False,False,True
31004_20120310_1200_12,2012,3,12,False,False,False
31004_20120311_0000_00,2012,3,00,False,False,True
31004_20120311_1200_12,2012,3,12,True,False,False
31004_20120312_0000_00,2012,3,00,False,False,False
31004_20120312_1200_12,2012,3,12,False,False,False
31004_20120313_0000_00,2012,3,00,False,False,False
31004_20120313_1200_12,2012,3,12,False,False,False
31004_20120314_0000_00,2012,3,00,True,False,False
31004_20120314_1200_12,2012,3,12,False,False,False
31004_20120315_0000_00,2012,3,00,True,False,False
31004_20120315_1200_12,2012,3,12,False,False,False
31004_20120316_0000_00,2012,3,00,True,False,False
31004_20120316_1200_12,2012,3,12,False,False,False
31004_20120317_0000_00,2012,3,00,True,False,True
31004_20120317_1200_12,2012,3,12,True,False,False
31004_20120318_0000_00,2012,3,00,False,False,False
31004_20120318_1200_12,2012,3,12,True,False,False
31004_20120319_0000_00,2012,3,00,True,False,True
31004_20120319_1200_12,2012,3,12,True,False,True
31004_20120320_0000_00,2012,3,00,False,False,False
31004_20120320_1200_12,2012,3,12,True,False,False
31004_20120321_0000_00,2012,3,00,False,False,False
31004_20120321_1200_12,2012,3,12,True,False,False
31004_20120322_0000_00,2012,3,00,False,False,False
31004_20120322_1200_12,2012,3,12,False,False,False
31004_20120323_0000_00,2012,3,00,False,False,False
31004_20120323_1200_12,2012,3,12,True,False,False
31004_20120324_0000_00,2012,3,00,False,False,False
31004_20120324_1200_12,2012,3,12,True,False,False
31004_20120325_0000_00,2012,3,00,True,False,False
31004_20120325_1200_12,2012,3,12,False,False,False
31004_20120326_0000_00,2012,3,00,False,False,False
31004_20120326_1200_12,2012,3,12,False,False,False
31004_20120327_0000_00,2012,3,00,True,False,True
31004_20120327_1200_12,2012,3,12,False,False,False
31004_20120328_0000_00,2012,3,00,False,False,False
31004_20120328_1200_12,2012,3,12,True,False,False
31004_20120329_0000_00,2012,3,00,False,False,False
31004_20120329_1200_12,2012,3,12,True,False,False
31004_20120330_0000_00,2012,3,00,False,False,False
31004_20120330_1200_12,2012,3,12,False,False,False
31004_20120331_0000_00,2012,3,00,True,False,False
31004_20120331_1200_12,2012,3,12,False,False,False
31004_20120401_0000_00,2012,4,00,True,False,False
31004_20120401_1200_12,2012,4,12,False,True,False
31004_20120402_0000_00,2012,4,00,False,False,False
31004_20120402_1200_12,2012,4,12,False,False,False
31004_20120403_0000_00,2012,4,00,False,False,True
31004_20120403_1200_12,2012,4,12,False,False,False
31004_20120404_0000_00,2012,4,00,False,False,False
31004_20120404_1200_12,2012,4,12,True,False,True
31004_20120405_0000_00,2012,4,00,False,False,False
31004_20120405_1200_12,2012,4,12,True,False,False
31004_20120406_0000_00,2012,4,00,False,False,True
31004_20120406_1200_12,2012,4,12,True,False,True
31004_20120407_0000_00,2012,4,00,False,False,False
31004_20120407_1200_12,2012,4,12,False,False,False
31004_20120408_0000_00,2012,4,00,True,False,False
31004_20120408_1200_12,2012,4,12,False,False,False
31004_20120409_0000_00,2012,4,00,False,False,False
31004_20120409_1200_12,2012,4,12,False,False,False
31004_20120410_0000_00,2012,4,00,False,False,False
31004_20120410_1200_12,2012,4,12,False,False,False
31004_20120411_0000_00,2012,4,00,False,False,False
31004_20120411_1200_12,2012,4,12,False,False,False
31004_20120412_0000_00,2012,4,00,False,False,False
31004_20120412_1200_12,2012,4,12,False,False,False
31004_20120413_0000_00,2012,4,00,False,False,False
31004_20120413_1200_12,2012,4,12,False,False,False
31004_20120414_0000_00,2012,4,00,False,False,False
31004_20120414_1200_12,2012,4,12,False,False,False
31004_20120415_0000_00,2012,4,00,False,False,False
31004_20120415_1200_12,2012,4,12,False,False,False
31004_20120416_0000_00,2012,4,00,False,False,False
31004_20120416_1200_12,2012,4,12,False,False,False
31004_20120417_0000_00,2012,4,00,False,False,False
31004_20120417_1200_12,2012,4,12,False,False,False
31004_20120418_0000_00,2012,4,00,False,False,False
31004_20120418_1200_12,2012,4,12,True,False,False
31004_20120419_0000_00,2012,4,00,False,False,False
31004_20120419_1200_12,2012,4,12,False,False,False
31004_20120420_0000_00,2012,4,00,True,False,False
31004_20120420_1200_12,2012,4,12,False,False,False
31004_20120421_0000_00,2012,4,00,False,False,False
31004_20120421_1200_12,2012,4,12,False,False,False
31004_20120422_0000_00,2012,4,00,False,False,False
31004_20120422_1200_12,2012,4,12,False,False,False
31004_20120423_0000_00,2012,4,00,False,False,False
31004_20120423_1200_12,2012,4,12,False,False,False
31004_20120424_0000_00,2012,4,00,True,False,True
31004_20120424_1200_12,2012,4,12,False,False,True
31004_20120425_0000_00,2012,4,00,False,False,True
31004_20120425_1200_12,2012,4,12,False,False,False
31004_20120426_0000_00,2012,4,00,False,False,True
31004_20120426_1200_12,2012,4,12,False,False,True
31004_20120427_0000_00,2012,4,00,True,False,True
31004_20120427_1200_12,2012,4,12,False,False,False
31004_20120428_0000_00,2012,4,00,False,False,False
31004_20120428_1200_12,2012,4,12,False,False,False
31004_20120429_0000_00,2012,4,00,False,False,True
31004_20120429_1200_12,2012,4,12,False,False,False
31004_20120430_0000_00,2012,4,00,False,False,False
31004_20120430_1200_12,2012,4,12,False,False,False
31004_20120501_0000_00,2012,5,00,False,False,True
31004_20120501_1200_12,2012,5,12,False,False,True
31004_20120502_0000_00,2012,5,00,False,False,True
31004_20120502_1200_12,2012,5,12,True,False,False
31004_20120503_0000_00,2012,5,00,False,False,False
31004_20120503_1200_12,2012,5,12,False,False,False
31004_20120504_0000_00,2012,5,00,False,False,True
31004_20120504_1200_12,2012,5,12,False,False,False
31004_20120505_0000_00,2012,5,00,False,False,False
31004_20120505_1200_12,2012,5,12,False,False,True
31004_20120506_0000_00,2012,5,00,False,False,True
31004_20120506_1200_12,2012,5,12,False,False,False
31004_20120507_0000_00,2012,5,00,False,False,True
31004_20120507_1200_12,2012,5,12,False,False,False
31004_20120508_0000_00,2012,5,00,False,False,False
31004_20120508_1200_12,2012,5,12,False,True,False
31004_20120509_0000_00,2012,5,00,False,False,True
31004_20120509_1200_12,2012,5,12,False,False,True
31004_20120510_0000_00,2012,5,00,False,False,False
31004_20120510_1200_12,2012,5,12,False,False,False
31004_20120511_0000_00,2012,5,00,False,False,False
31004_20120511_1200_12,2012,5,12,False,False,True
31004_20120512_0000_00,2012,5,00,False,False,False
31004_20120512_1200_12,2012,5,12,False,False,False
31004_20120513_0000_00,2012,5,00,False,False,True
31004_20120513_1200_12,2012,5,12,False,False,False
31004_20120514_0000_00,2012,5,00,False,False,True
31004_20120514_1200_12,2012,5,12,False,False,False
31004_20120515_0000_00,2012,5,00,False,False,True
31004_20120515_1200_12,2012,5,12,False,False,False
31004_20120516_0000_00,2012,5,00,False,False,True
31004_20120516_1200_12,2012,5,12,False,False,False
31004_20120517_0000_00,2012,5,00,False,False,False
31004_20120517_1200_12,2012,5,12,False,False,False
31004_20120518_0000_00,2012,5,00,False,False,False
31004_20120518_1200_12,2012,5,12,False,False,False
31004_20120519_0000_00,2012,5,00,False,False,True
31004_20120519_1200_12,2012,5,12,False,False,False
31004_20120520_0000_00,2012,5,00,False,False,True
31004_20120520_1200_12,2012,5,12,False,True,False
31004_20120521_0000_00,2012,5,00,False,False,False
31004_20120521_1200_12,2012,5,12,False,False,False
31004_20120522_0000_00,2012,5,00,False,False,False
31004_20120522_1200_12,2012,5,12,False,False,False
31004_20120523_0000_00,2012,5,00,False,False,False
31004_20120523_1200_12,2012,5,12,False,False,False
31004_20120524_0000_00,2012,5,00,True,False,False
31004_20120524_1200_12,2012,5,12,False,False,False
31004_20120525_0000_00,2012,5,00,False,False,False
31004_20120525_1200_12,2012,5,12,False,False,True
31004_20120526_0000_00,2012,5,00,False,False,False
31004_20120526_1200_12,2012,5,12,False,False,False
31004_20120527_0000_00,2012,5,00,False,False,False
31004_20120527_1200_12,2012,5,12,False,False,False
31004_20120528_0000_00,2012,5,00,False,False,False
31004_20120528_1200_12,2012,5,12,False,False,False
31004_20120529_0000_00,2012,5,00,True,False,False
31004_20120529_1200_12,2012,5,12,False,False,False
31004_20120530_0000_00,2012,5,00,False,False,False
31004_20120530_1200_12,2012,5,12,False,False,False
31004_20120531_0000_00,2012,5,00,False,False,True
31004_20120531_1200_12,2012,5,12,False,False,False
31004_20120601_0000_00,2012,6,00,False,False,True
31004_20120601_1200_12,2012,6,12,False,False,False
31004_20120602_0000_00,2012,6,00,False,False,False
31004_20120602_1200_12,2012,6,12,False,False,False
31004_20120603_0000_00,2012,6,00,False,False,False
31004_20120603_1200_12,2012,6,12,False,False,False
31004_20120604_0000_00,2012,6,00,False,False,False
31004_20120604_1200_12,2012,6,12,False,False,False
31004_20120605_0000_00,2012,6,00,False,False,False
31004_20120605_1200_12,2012,6,12,False,False,False
31004_20120606_0000_00,2012,6,00,False,False,False
31004_20120606_1200_12,2012,6,12,True,False,False
31004_20120607_0000_00,2012,6,00,False,False,False
31004_20120607_1200_12,2012,6,12,False,False,False
31004_20120608_0000_00,2012,6,00,False,False,False
31004_20120608_1200_12,2012,6,12,False,False,False
31004_20120609_0000_00,2012,6,00,False,False,False
31004_20120609_1200_12,2012,6,12,False,False,True
31004_20120610_0000_00,2012,6,00,False,False,True
31004_20120610_1200_12,2012,6,12,False,False,False
31004_20120611_0000_00,2012,6,00,False,False,False
31004_20120611_1200_12,2012,6,12,True,False,True
31004_20120612_0000_00,2012,6,00,False,False,True
31004_20120612_1200_12,2012,6,12,True,False,False
31004_20120613_0000_00,2012,6,00,False,False,False
31004_20120613_1200_12,2012,6,12,False,False,False
31004_20120614_0000_00,2012,6,00,False,False,True
31004_20120614_1200_12,2012,6,12,False,False,False
31004_20120615_0000_00,2012,6,00,False,True,False
31004_20120615_1200_12,2012,6,12,False,False,True
31004_20120616_0000_00,2012,6,00,True,False,False
31004_20120616_1200_12,2012,6,12,True,False,False
31004_20120617_1200_12,2012,6,12,True,False,False
31004_20120618_0000_00,2012,6,00,False,False,False
31004_20120618_1200_12,2012,6,12,True,False,False
31004_20120619_0000_00,2012,6,00,False,False,False
31004_20120619_1200_12,2012,6,12,False,False,False
31004_20120620_0000_00,2012,6,00,False,False,False
31004_20120620_1200_12,2012,6,12,False,False,False
31004_20120621_0000_00,2012,6,00,False,False,True
31004_20120621_1200_12,2012,6,12,False,False,False
31004_20120622_0000_00,2012,6,00,False,False,False
31004_20120622_1200_12,2012,6,12,False,False,True
31004_20120623_0000_00,2012,6,00,False,False,True
31004_20120623_1200_12,2012,6,12,False,False,False
31004_20120624_0000_00,2012,6,00,False,False,True
31004_20120624_1200_12,2012,6,12,False,False,False
31004_20120625_0000_00,2012,6,00,False,False,True
31004_20120625_1200_12,2012,6,12,False,False,False
31004_20120626_0000_00,2012,6,00,True,False,False
31004_20120626_1200_12,2012,6,12,True,False,False
31004_20120627_0000_00,2012,6,00,False,False,False
31004_20120627_1200_12,2012,6,12,False,False,True
31004_20120628_0000_00,2012,6,00,True,False,False
31004_20120628_1200_12,2012,6,12,False,False,False
31004_20120629_0000_00,2012,6,00,False,False,False
31004_20120629_1200_12,2012,6,12,False,False,False
31004_20120630_0000_00,2012,6,00,False,False,False
31004_20120630_1200_12,2012,6,12,False,False,False
31004_20120701_0000_00,2012,7,00,True,False,False
31004_20120701_1200_12,2012,7,12,False,False,False
31004_20120702_0000_00,2012,7,00,False,True,True
31004_20120702_1200_12,2012,7,12,False,True,False
31004_20120703_0000_00,2012,7,00,False,False,False
31004_20120703_1200_12,2012,7,12,True,False,False
31004_20120704_0000_00,2012,7,00,False,False,False
31004_20120704_1200_12,2012,7,12,False,False,False
31004_20120705_0000_00,2012,7,00,False,False,False
31004_20120705_1200_12,2012,7,12,False,False,False
31004_20120706_0000_00,2012,7,00,False,False,True
31004_20120706_1200_12,2012,7,12,False,False,False
31004_20120707_0000_00,2012,7,00,False,False,False
31004_20120707_1200_12,2012,7,12,False,False,True
31004_20120708_0000_00,2012,7,00,False,False,False
31004_20120708_1200_12,2012,7,12,False,False,False
31004_20120709_0000_00,2012,7,00,False,False,False
31004_20120709_1200_12,2012,7,12,False,False,False
31004_20120710_1200_12,2012,7,12,False,False,False
31004_20120711_1200_12,2012,7,12,False,False,False
31004_20120712_0000_00,2012,7,00,True,False,False
31004_20120712_1200_12,2012,7,12,True,False,False
31004_20120713_0000_00,2012,7,00,False,True,False
31004_20120713_1200_12,2012,7,12,False,False,False
31004_20120714_0000_00,2012,7,00,False,False,False
31004_20120714_1200_12,2012,7,12,False,False,False
31004_20120715_0000_00,2012,7,00,True,False,True
31004_20120715_1200_12,2012,7,12,False,False,False
31004_20120716_0000_00,2012,7,00,False,True,False
31004_20120716_1200_12,2012,7,12,False,False,False
31004_20120717_0000_00,2012,7,00,False,True,False
31004_20120717_1200_12,2012,7,12,False,False,False
31004_20120718_0000_00,2012,7,00,False,False,True
31004_20120718_1200_12,2012,7,12,False,False,True
31004_20120719_0000_00,2012,7,00,False,False,True
31004_20120719_1200_12,2012,7,12,True,False,False
31004_20120720_0000_00,2012,7,00,False,False,False
31004_20120720_1200_12,2012,7,12,False,True,False
31004_20120721_0000_00,2012,7,00,False,False,True
31004_20120721_1200_12,2012,7,12,False,False,False
31004_20120722_0000_00,2012,7,00,False,False,True
31004_20120722_1200_12,2012,7,12,False,False,False
31004_20120723_0000_00,2012,7,00,False,False,False
31004_20120723_1200_12,2012,7,12,False,False,False
31004_20120724_0000_00,2012,7,00,False,False,False
31004_20120724_1200_12,2012,7,12,False,False,True
31004_20120725_0000_00,2012,7,00,False,False,False
31004_20120725_1200_12,2012,7,12,False,False,True
31004_20120726_0000_00,2012,7,00,False,False,True
31004_20120726_1200_12,2012,7,12,False,False,False
31004_20120727_0000_00,2012,7,00,False,False,False
31004_20120727_1200_12,2012,7,12,True,False,False
31004_20120728_0000_00,2012,7,00,False,False,False
31004_20120728_1200_12,2012,7,12,True,False,True
31004_20120729_0000_00,2012,7,00,False,True,True
31004_20120729_1200_12,2012,7,12,True,False,False
31004_20120730_0000_00,2012,7,00,False,False,False
31004_20120730_1200_12,2012,7,12,True,False,False
31004_20120731_1200_12,2012,7,12,False,False,False
31004_20120801_0000_00,2012,8,00,False,False,False
31004_20120801_1200_12,2012,8,12,True,False,False
31004_20120802_0000_00,2012,8,00,True,False,False
31004_20120802_1200_12,2012,8,12,False,False,False
31004_20120803_0000_00,2012,8,00,False,False,False
31004_20120803_1200_12,2012,8,12,False,False,False
31004_20120804_0000_00,2012,8,00,False,False,True
31004_20120804_1200_12,2012,8,12,True,False,True
31004_20120805_0000_00,2012,8,00,False,False,False
31004_20120805_1200_12,2012,8,12,False,False,True
31004_20120806_0000_00,2012,8,00,False,False,True
31004_20120806_1200_12,2012,8,12,False,False,False
31004_20120807_0000_00,2012,8,00,False,False,True
31004_20120807_1200_12,2012,8,12,True,False,True
31004_20120808_0000_00,2012,8,00,True,False,False
31004_20120808_1200_12,2012,8,12,True,False,False
31004_20120809_0000_00,2012,8,00,False,False,False
31004_20120809_1200_12,2012,8,12,False,False,False
31004_20120810_0000_00,2012,8,00,False,False,False
31004_20120810_1200_12,2012,8,12,False,False,False
31004_20120811_0000_00,2012,8,00,False,True,False
31004_20120811_1200_12,2012,8,12,True,False,False
31004_20120812_0000_00,2012,8,00,False,False,True
31004_20120812_1200_12,2012,8,12,True,False,False
31004_20120813_0000_00,2012,8,00,True,False,False
31004_20120813_1200_12,2012,8,12,False,False,False
31004_20120814_0000_00,2012,8,00,False,False,False
31004_20120814_1200_12,2012,8,12,False,False,True
31004_20120815_0000_00,2012,8,00,False,False,False
31004_20120815_1200_12,2012,8,12,False,False,False
31004_20120816_0000_00,2012,8,00,False,False,False
31004_20120816_1200_12,2012,8,12,True,False,False
31004_20120817_0000_00,2012,8,00,False,False,False
31004_20120817_1200_12,2012,8,12,False,False,False
31004_20120818_0000_00,2012,8,00,False,False,False
31004_20120818_1200_12,2012,8,12,False,False,False
31004_20120819_0000_00,2012,8,00,False,False,False
31004_20120819_1200_12,2012,8,12,True,False,False
31004_20120820_0000_00,2012,8,00,False,False,False
31004_20120820_1200_12,2012,8,12,True,False,False
31004_20120821_0000_00,2012,8,00,False,False,False
31004_20120821_1200_12,2012,8,12,False,False,False
31004_20120822_0000_00,2012,8,00,False,False,False
31004_20120822_1200_12,2012,8,12,True,False,False
31004_20120823_0000_00,2012,8,00,True,False,False
31004_20120823_1200_12,2012,8,12,True,False,False
31004_20120824_1200_12,2012,8,12,True,False,False
31004_20120825_0000_00,2012,8,00,False,False,False
31004_20120825_1200_12,2012,8,12,False,False,True
31004_20120826_0000_00,2012,8,00,True,False,False
31004_20120826_1200_12,2012,8,12,True,False,False
31004_20120827_0000_00,2012,8,00,True,False,False
31004_20120827_1200_12,2012,8,12,False,False,False
31004_20120828_0000_00,2012,8,00,False,False,True
31004_20120828_1200_12,2012,8,12,False,False,True
31004_20120829_0000_00,2012,8,00,False,False,False
31004_20120829_1200_12,2012,8,12,True,False,True
31004_20120830_0000_00,2012,8,00,False,False,False
31004_20120830_1200_12,2012,8,12,False,False,False
31004_20120831_0000_00,2012,8,00,False,False,True
31004_20120831_1200_12,2012,8,12,False,False,False
31004_20120901_0000_00,2012,9,00,False,False,True
31004_20120901_1200_12,2012,9,12,True,False,False
31004_20120902_0000_00,2012,9,00,False,False,False
31004_20120902_1200_12,2012,9,12,True,False,False
31004_20120903_0000_00,2012,9,00,False,False,False
31004_20120903_1200_12,2012,9,12,True,False,False
31004_20120904_0000_00,2012,9,00,False,False,False
31004_20120904_1200_12,2012,9,12,True,False,False
31004_20120905_0000_00,2012,9,00,True,False,False
31004_20120905_1200_12,2012,9,12,False,False,False
31004_20120906_0000_00,2012,9,00,False,False,True
31004_20120906_1200_12,2012,9,12,False,False,False
31004_20120907_0000_00,2012,9,00,False,False,False
31004_20120907_1200_12,2012,9,12,False,False,False
31004_20120908_0000_00,2012,9,00,False,False,True
31004_20120908_1200_12,2012,9,12,False,False,False
31004_20120909_0000_00,2012,9,00,False,False,True
31004_20120909_1200_12,2012,9,12,False,False,False
31004_20120910_0000_00,2012,9,00,False,False,False
31004_20120910_1200_12,2012,9,12,False,False,False
31004_20120911_0000_00,2012,9,00,False,False,False
31004_20120911_1200_12,2012,9,12,True,False,False
31004_20120912_0000_00,2012,9,00,False,False,False
31004_20120912_1200_12,2012,9,12,False,False,False
31004_20120913_0000_00,2012,9,00,False,False,False
31004_20120913_1200_12,2012,9,12,True,False,False
31004_20120914_0000_00,2012,9,00,False,False,False
31004_20120914_1200_12,2012,9,12,False,False,False
31004_20120915_0000_00,2012,9,00,False,False,False
31004_20120915_1200_12,2012,9,12,False,False,True
31004_20120916_0000_00,2012,9,00,False,False,False
31004_20120916_1200_12,2012,9,12,False,False,False
31004_20120917_0000_00,2012,9,00,False,False,False
31004_20120917_1200_12,2012,9,12,True,False,False
31004_20120918_0000_00,2012,9,00,True,False,False
31004_20120918_1200_12,2012,9,12,True,False,False
31004_20120919_0000_00,2012,9,00,False,False,False
31004_20120919_1200_12,2012,9,12,True,False,False
31004_20120920_0000_00,2012,9,00,True,False,True
31004_20120920_1200_12,2012,9,12,False,False,False
31004_20120921_0000_00,2012,9,00,False,True,True
31004_20120921_1200_12,2012,9,12,False,False,False
31004_20120922_0000_00,2012,9,00,True,False,True
31004_20120922_1200_12,2012,9,12,True,False,False
31004_20120923_0000_00,2012,9,00,True,False,False
31004_20120923_1200_12,2012,9,12,True,False,False
31004_20120924_0000_00,2012,9,00,True,False,False
31004_20120924_1200_12,2012,9,12,True,False,False
31004_20120925_0000_00,2012,9,00,False,False,False
31004_20120925_1200_12,2012,9,12,False,False,False
31004_20120926_0000_00,2012,9,00,False,False,False
31004_20120926_1200_12,2012,9,12,False,False,False
31004_20120927_0000_00,2012,9,00,False,False,False
31004_20120927_1200_12,2012,9,12,True,False,False
31004_20120928_0000_00,2012,9,00,True,False,False
31004_20120928_1200_12,2012,9,12,True,False,False
31004_20120929_0000_00,2012,9,00,True,False,False
31004_20120929_1200_12,2012,9,12,False,False,False
31004_20120930_0000_00,2012,9,00,False,False,False
31004_20120930_1200_12,2012,9,12,False,False,True
31004_20121001_0000_00,2012,10,00,False,False,True
31004_20121001_1200_12,2012,10,12,False,False,False
31004_20121002_0000_00,2012,10,00,False,False,True
31004_20121002_1200_12,2012,10,12,True,False,False
31004_20121003_0000_00,2012,10,00,False,False,False
31004_20121003_1200_12,2012,10,12,False,False,False
31004_20121004_0000_00,2012,10,00,False,False,False
31004_20121004_1200_12,2012,10,12,False,False,False
31004_20121005_0000_00,2012,10,00,False,False,False
31004_20121005_1200_12,2012,10,12,False,False,False
31004_20121006_0000_00,2012,10,00,False,False,True
31004_20121006_1200_12,2012,10,12,False,False,False
31004_20121007_0000_00,2012,10,00,True,False,True
31004_20121007_1200_12,2012,10,12,False,False,True
31004_20121008_0000_00,2012,10,00,False,True,True
31004_20121008_1200_12,2012,10,12,False,False,False
31004_20121009_0000_00,2012,10,00,False,False,True
31004_20121009_1200_12,2012,10,12,False,False,True
31004_20121010_0000_00,2012,10,00,False,False,False
31004_20121010_1200_12,2012,10,12,False,False,True
31004_20121011_0000_00,2012,10,00,False,False,True
31004_20121011_1200_12,2012,10,12,False,False,False
31004_20121012_0000_00,2012,10,00,False,False,True
31004_20121012_1200_12,2012,10,12,False,False,False
31004_20121013_0000_00,2012,10,00,False,False,True
31004_20121013_1200_12,2012,10,12,False,False,True
31004_20121014_0000_00,2012,10,00,False,False,True
31004_20121014_1200_12,2012,10,12,False,False,False
31004_20121015_0000_00,2012,10,00,False,False,False
31004_20121015_1200_12,2012,10,12,False,False,False
31004_20121016_0000_00,2012,10,00,False,False,True
31004_20121016_1200_12,2012,10,12,False,False,False
31004_20121017_0000_00,2012,10,00,False,False,True
31004_20121017_1200_12,2012,10,12,False,False,True
31004_20121018_0000_00,2012,10,00,True,False,True
31004_20121018_1200_12,2012,10,12,False,False,True
31004_20121019_0000_00,2012,10,00,False,False,True
31004_20121019_1200_12,2012,10,12,False,False,False
31004_20121020_0000_00,2012,10,00,False,False,True
31004_20121020_1200_12,2012,10,12,False,False,False
31004_20121021_0000_00,2012,10,00,False,False,True
31004_20121021_1200_12,2012,10,12,False,False,True
31004_20121022_0000_00,2012,10,00,False,False,False
31004_20121022_1200_12,2012,10,12,False,False,False
31004_20121023_0000_00,2012,10,00,False,False,True
31004_20121023_1200_12,2012,10,12,True,False,False
31004_20121024_1200_12,2012,10,12,False,False,False
31004_20121025_0000_00,2012,10,00,False,False,False
31004_20121025_1200_12,2012,10,12,False,False,True
31004_20121026_0000_00,2012,10,00,False,False,False
31004_20121026_1200_12,2012,10,12,False,False,True
31004_20121027_0000_00,2012,10,00,False,False,True
31004_20121027_1200_12,2012,10,12,False,False,True
31004_20121028_0000_00,2012,10,00,False,False,True
31004_20121028_1200_12,2012,10,12,False,False,True
31004_20121029_0000_00,2012,10,00,False,False,True
31004_20121029_1200_12,2012,10,12,False,False,True
31004_20121030_0000_00,2012,10,00,False,False,False
31004_20121030_1200_12,2012,10,12,False,False,True
31004_20121031_0000_00,2012,10,00,False,False,False
31004_20121031_1200_12,2012,10,12,False,False,False
31004_20121101_1200_12,2012,11,12,False,False,False
31004_20121102_0000_00,2012,11,00,False,False,False
31004_20121102_1200_12,2012,11,12,False,False,False
31004_20121103_0000_00,2012,11,00,False,False,False
31004_20121103_1200_12,2012,11,12,False,False,True
31004_20121104_0000_00,2012,11,00,False,False,False
31004_20121104_1200_12,2012,11,12,True,False,False
31004_20121105_0000_00,2012,11,00,False,False,False
31004_20121105_1200_12,2012,11,12,False,False,True
31004_20121106_0000_00,2012,11,00,False,False,False
31004_20121106_1200_12,2012,11,12,False,False,True
31004_20121107_0000_00,2012,11,00,False,True,True
31004_20121107_1200_12,2012,11,12,False,False,False
31004_20121108_0000_00,2012,11,00,False,False,False
31004_20121108_1200_12,2012,11,12,True,False,False
31004_20121109_0000_00,2012,11,00,True,False,False
31004_20121109_1200_12,2012,11,12,True,False,False
31004_20121110_0000_00,2012,11,00,False,False,False
31004_20121110_1200_12,2012,11,12,False,False,False
31004_20121111_0000_00,2012,11,00,False,False,True
31004_20121111_1200_12,2012,11,12,False,False,True
31004_20121112_0000_00,2012,11,00,False,True,False
31004_20121112_1200_12,2012,11,12,False,False,True
31004_20121113_0000_00,2012,11,00,True,False,False
31004_20121113_1200_12,2012,11,12,False,False,True
31004_20121114_0000_00,2012,11,00,True,False,False
31004_20121114_1200_12,2012,11,12,False,False,True
31004_20121115_0000_00,2012,11,00,False,False,True
31004_20121115_1200_12,2012,11,12,False,False,True
31004_20121116_0000_00,2012,11,00,False,False,False
31004_20121116_1200_12,2012,11,12,False,False,True
31004_20121117_0000_00,2012,11,00,False,False,True
31004_20121117_1200_12,2012,11,12,False,False,True
31004_20121118_0000_00,2012,11,00,True,False,False
31004_20121118_1200_12,2012,11,12,False,False,False
31004_20121119_0000_00,2012,11,00,False,True,False
31004_20121119_1200_12,2012,11,12,True,False,False
31004_20121120_0000_00,2012,11,00,True,False,False
31004_20121120_1200_12,2012,11,12,True,False,False
31004_20121121_0000_00,2012,11,00,True,False,False
31004_20121121_1200_12,2012,11,12,True,False,True
31004_20121122_0000_00,2012,11,00,True,False,True
31004_20121122_1200_12,2012,11,12,True,False,False
31004_20121123_0000_00,2012,11,00,True,False,False
31004_20121123_1200_12,2012,11,12,False,False,False
31004_20121124_0000_00,2012,11,00,True,False,False
31004_20121124_1200_12,2012,11,12,True,False,False
31004_20121125_0000_00,2012,11,00,False,False,False
31004_20121125_1200_12,2012,11,12,True,False,False
31004_20121126_0000_00,2012,11,00,False,False,True
31004_20121126_1200_12,2012,11,12,False,False,True
31004_20121127_0000_00,2012,11,00,False,False,True
31004_20121127_1200_12,2012,11,12,False,False,True
31004_20121128_0000_00,2012,11,00,False,False,True
31004_20121128_1200_12,2012,11,12,False,False,True
31004_20121129_0000_00,2012,11,00,False,False,False
31004_20121129_1200_12,2012,11,12,True,False,True
31004_20121130_1200_12,2012,11,12,False,False,False
31004_20121201_0000_00,2012,12,00,True,False,False
31004_20121201_1200_12,2012,12,12,False,False,True
31004_20121202_0000_00,2012,12,00,True,False,True
31004_20121202_1200_12,2012,12,12,False,False,True
31004_20121203_0000_00,2012,12,00,False,False,True
31004_20121203_1200_12,2012,12,12,False,False,True
31004_20121204_0000_00,2012,12,00,False,True,False
31004_20121204_1200_12,2012,12,12,False,False,False
31004_20121205_0000_00,2012,12,00,False,False,True
31004_20121205_1200_12,2012,12,12,False,False,True
31004_20121206_0000_00,2012,12,00,False,False,True
31004_20121206_1200_12,2012,12,12,False,False,False
31004_20121207_0000_00,2012,12,00,False,False,True
31004_20121207_1200_12,2012,12,12,False,False,True
31004_20121208_0000_00,2012,12,00,True,False,False
31004_20121208_1200_12,2012,12,12,False,True,False
31004_20121209_0000_00,2012,12,00,False,False,True
31004_20121209_1200_12,2012,12,12,True,False,True
31004_20121210_0000_00,2012,12,00,True,False,False
31004_20121210_1200_12,2012,12,12,True,False,False
31004_20121211_0000_00,2012,12,00,True,False,False
31004_20121212_0000_00,2012,12,00,True,False,False
31004_20121212_1200_12,2012,12,12,False,False,False
31004_20121213_0000_00,2012,12,00,True,False,False
31004_20121213_1200_12,2012,12,12,False,False,False
31004_20121214_0000_00,2012,12,00,True,False,False
31004_20121214_1200_12,2012,12,12,False,True,True
31004_20121215_0000_00,2012,12,00,False,False,True
31004_20121215_1200_12,2012,12,12,False,False,True
31004_20121216_0000_00,2012,12,00,False,False,True
31004_20121216_1200_12,2012,12,12,False,False,False
31004_20121217_0000_00,2012,12,00,False,False,False
31004_20121217_1200_12,2012,12,12,False,False,True
31004_20121218_0000_00,2012,12,00,False,False,False
31004_20121218_1200_12,2012,12,12,False,False,True
31004_20121219_0000_00,2012,12,00,False,False,False
31004_20121219_1200_12,2012,12,12,False,False,False
31004_20121220_0000_00,2012,12,00,False,False,False
31004_20121220_1200_12,2012,12,12,False,False,False
31004_20121221_0000_00,2012,12,00,False,False,False
31004_20121221_1200_12,2012,12,12,False,False,False
31004_20121222_0000_00,2012,12,00,False,False,True
31004_20121222_1200_12,2012,12,12,False,False,False
31004_20121223_0000_00,2012,12,00,False,False,False
31004_20121223_1200_12,2012,12,12,True,False,False
31004_20121224_0000_00,2012,12,00,True,False,True
31004_20121224_1200_12,2012,12,12,True,False,True
31004_20121225_0000_00,2012,12,00,False,False,True
31004_20121225_1200_12,2012,12,12,False,False,True
31004_20121226_0000_00,2012,12,00,False,False,False
31004_20121226_1200_12,2012,12,12,False,False,True
31004_20121227_0000_00,2012,12,00,False,False,False
31004_20121227_1200_12,2012,12,12,False,False,True
31004_20121228_0000_00,2012,12,00,False,False,True
31004_20121228_1200_12,2012,12,12,True,False,True
31004_20121229_0000_00,2012,12,00,False,False,True
31004_20121229_1200_12,2012,12,12,False,False,True
31004_20121230_0000_00,2012,12,00,False,False,True
31004_20121230_1200_12,2012,12,12,True,False,False
31004_20121231_0000_00,2012,12,00,True,False,False
31004_20121231_1200_12,2012,12,12,False,False,False
31004_20130101_0000_00,2013,1,00,True,False,False
31004_20130101_1200_12,2013,1,12,False,False,False
31004_20130102_0000_00,2013,1,00,False,False,True
31004_20130102_1200_12,2013,1,12,False,False,True
31004_20130103_0000_00,2013,1,00,False,False,True
31004_20130103_1200_12,2013,1,12,True,False,True
31004_20130104_0000_00,2013,1,00,True,False,True
31004_20130104_1200_12,2013,1,12,True,False,True
31004_20130105_0000_00,2013,1,00,False,False,False
31004_20130105_1200_12,2013,1,12,False,False,True
31004_20130106_0000_00,2013,1,00,False,False,True
31004_20130106_1200_12,2013,1,12,False,False,True
31004_20130107_0000_00,2013,1,00,False,False,True
31004_20130107_1200_12,2013,1,12,False,False,True
31004_20130108_0000_00,2013,1,00,False,False,False
31004_20130108_1200_12,2013,1,12,False,False,True
31004_20130109_0000_00,2013,1,00,False,False,True
31004_20130109_1200_12,2013,1,12,False,False,True
31004_20130110_0000_00,2013,1,00,False,False,True
31004_20130110_1200_12,2013,1,12,False,True,False
31004_20130111_0000_00,2013,1,00,False,False,False
31004_20130111_1200_12,2013,1,12,False,False,True
31004_20130112_0000_00,2013,1,00,False,False,False
31004_20130112_1200_12,2013,1,12,True,False,False
31004_20130113_0000_00,2013,1,00,False,False,False
31004_20130113_1200_12,2013,1,12,True,False,False
31004_20130114_0000_00,2013,1,00,True,False,False
31004_20130114_1200_12,2013,1,12,True,False,False
31004_20130115_0000_00,2013,1,00,False,False,False
31004_20130115_1200_12,2013,1,12,False,False,False
31004_20130116_0000_00,2013,1,00,True,False,True
31004_20130116_1200_12,2013,1,12,False,False,False
31004_20130117_0000_00,2013,1,00,True,False,False
31004_20130117_1200_12,2013,1,12,True,False,False
31004_20130118_0000_00,2013,1,00,False,False,False
31004_20130118_1200_12,2013,1,12,False,False,True
31004_20130119_0000_00,2013,1,00,False,False,True
31004_20130119_1200_12,2013,1,12,True,False,False
31004_20130120_0000_00,2013,1,00,True,False,False
31004_20130120_1200_12,2013,1,12,True,False,False
31004_20130121_0000_00,2013,1,00,False,False,False
31004_20130121_1200_12,2013,1,12,False,False,False
31004_20130122_0000_00,2013,1,00,False,False,True
31004_20130122_1200_12,2013,1,12,False,False,True
31004_20130123_0000_00,2013,1,00,False,False,True
31004_20130123_1200_12,2013,1,12,False,False,True
31004_20130124_0000_00,2013,1,00,True,False,True
31004_20130124_1200_12,2013,1,12,False,False,True
31004_20130125_0000_00,2013,1,00,False,False,True
31004_20130125_1200_12,2013,1,12,True,False,False
31004_20130126_0000_00,2013,1,00,True,False,False
31004_20130126_1200_12,2013,1,12,True,False,False
31004_20130127_0000_00,2013,1,00,True,False,False
31004_20130127_1200_12,2013,1,12,False,False,False
31004_20130128_0000_00,2013,1,00,True,False,False
31004_20130128_1200_12,2013,1,12,False,False,True
31004_20130129_0000_00,2013,1,00,False,False,False
31004_20130129_1200_12,2013,1,12,False,False,True
31004_20130130_0000_00,2013,1,00,False,False,True
31004_20130130_1200_12,2013,1,12,False,True,False
31004_20130131_0000_00,2013,1,00,False,False,True
31004_20130131_1200_12,2013,1,12,False,True,False
31004_20130201_0000_00,2013,2,00,True,False,False
31004_20130201_1200_12,2013,2,12,True,False,False
31004_20130202_0000_00,2013,2,00,True,False,False
31004_20130202_1200_12,2013,2,12,True,False,False
31004_20130203_0000_00,2013,2,00,True,False,False
31004_20130203_1200_12,2013,2,12,True,False,True
31004_20130204_0000_00,2013,2,00,True,False,False
31004_20130204_1200_12,2013,2,12,False,True,False
31004_20130205_0000_00,2013,2,00,False,False,True
31004_20130205_1200_12,2013,2,12,False,False,True
31004_20130206_0000_00,2013,2,00,False,False,False
31004_20130206_1200_12,2013,2,12,False,False,False
31004_20130207_0000_00,2013,2,00,False,False,False
31004_20130207_1200_12,2013,2,12,False,False,False
31004_20130208_0000_00,2013,2,00,False,False,False
31004_20130208_1200_12,2013,2,12,False,False,True
31004_20130209_0000_00,2013,2,00,False,False,True
31004_20130209_1200_12,2013,2,12,False,False,True
31004_20130210_0000_00,2013,2,00,False,False,True
31004_20130210_1200_12,2013,2,12,False,False,True
31004_20130211_0000_00,2013,2,00,False,True,False
31004_20130211_1200_12,2013,2,12,False,False,False
31004_20130212_0000_00,2013,2,00,False,False,False
31004_20130212_1200_12,2013,2,12,False,False,False
31004_20130213_0000_00,2013,2,00,False,False,True
31004_20130213_1200_12,2013,2,12,False,False,False
31004_20130214_0000_00,2013,2,00,True,False,False
31004_20130214_1200_12,2013,2,12,True,False,True
31004_20130215_0000_00,2013,2,00,False,False,False
31004_20130215_1200_12,2013,2,12,False,False,False
31004_20130216_0000_00,2013,2,00,False,False,True
31004_20130216_1200_12,2013,2,12,False,False,False
31004_20130217_0000_00,2013,2,00,True,False,False
31004_20130217_1200_12,2013,2,12,True,False,False
31004_20130218_0000_00,2013,2,00,False,False,False
31004_20130218_1200_12,2013,2,12,True,False,False
31004_20130219_0000_00,2013,2,00,True,False,False
31004_20130219_1200_12,2013,2,12,True,False,True
31004_20130220_0000_00,2013,2,00,True,False,False
31004_20130220_1200_12,2013,2,12,True,False,False
31004_20130221_0000_00,2013,2,00,True,False,False
31004_20130221_1200_12,2013,2,12,False,True,False
31004_20130222_0000_00,2013,2,00,False,True,False
31004_20130222_1200_12,2013,2,12,True,False,False
31004_20130223_0000_00,2013,2,00,False,False,False
31004_20130223_1200_12,2013,2,12,True,False,True
31004_20130224_0000_00,2013,2,00,False,False,False
31004_20130224_1200_12,2013,2,12,True,False,False
31004_20130225_0000_00,2013,2,00,False,True,False
31004_20130225_1200_12,2013,2,12,True,False,False
31004_20130226_0000_00,2013,2,00,True,False,False
31004_20130226_1200_12,2013,2,12,True,False,False
31004_20130227_0000_00,2013,2,00,False,False,False
31004_20130227_1200_12,2013,2,12,False,False,False
31004_20130228_0000_00,2013,2,00,False,False,True
31004_20130228_1200_12,2013,2,12,False,False,True
31004_20130301_0000_00,2013,3,00,True,False,False
31004_20130301_1200_12,2013,3,12,True,False,False
31004_20130302_0000_00,2013,3,00,False,False,False
31004_20130302_1200_12,2013,3,12,True,False,False
31004_20130303_0000_00,2013,3,00,False,False,True
31004_20130303_1200_12,2013,3,12,False,False,False
31004_20130304_0000_00,2013,3,00,True,False,False
31004_20130304_1200_12,2013,3,12,False,False,False
31004_20130305_0000_00,2013,3,00,False,False,False
31004_20130305_1200_12,2013,3,12,True,False,False
31004_20130306_0000_00,2013,3,00,False,False,False
31004_20130306_1200_12,2013,3,12,False,False,True
31004_20130307_0000_00,2013,3,00,False,False,False
31004_20130307_1200_12,2013,3,12,False,False,False
31004_20130308_0000_00,2013,3,00,True,False,True
31004_20130308_1200_12,2013,3,12,True,False,True
31004_20130309_0000_00,2013,3,00,False,False,True
31004_20130309_1200_12,2013,3,12,True,False,False
31004_20130310_0000_00,2013,3,00,False,False,False
31004_20130310_1200_12,2013,3,12,False,False,True
31004_20130311_0000_00,2013,3,00,False,False,False
31004_20130311_1200_12,2013,3,12,False,False,False
31004_20130312_0000_00,2013,3,00,False,False,False
31004_20130312_1200_12,2013,3,12,False,False,True
31004_20130313_0000_00,2013,3,00,False,False,False
31004_20130313_1200_12,2013,3,12,True,False,True
31004_20130314_0000_00,2013,3,00,True,False,False
31004_20130314_1200_12,2013,3,12,True,False,False
31004_20130315_0000_00,2013,3,00,True,False,False
31004_20130315_1200_12,2013,3,12,True,False,False
31004_20130316_0000_00,2013,3,00,True,False,False
31004_20130316_1200_12,2013,3,12,True,False,True
31004_20130317_0000_00,2013,3,00,False,False,True
31004_20130317_1200_12,2013,3,12,False,False,True
31004_20130318_0000_00,2013,3,00,True,False,True
31004_20130318_1200_12,2013,3,12,True,False,False
31004_20130319_0000_00,2013,3,00,False,False,True
31004_20130320_0000_00,2013,3,00,True,False,False
31004_20130320_1200_12,2013,3,12,True,False,False
31004_20130321_0000_00,2013,3,00,False,False,True
31004_20130321_1200_12,2013,3,12,False,False,True
31004_20130322_0000_00,2013,3,00,False,False,True
31004_20130322_1200_12,2013,3,12,False,False,True
31004_20130323_0000_00,2013,3,00,True,False,True
31004_20130323_1200_12,2013,3,12,False,False,False
31004_20130324_0000_00,2013,3,00,False,False,True
31004_20130324_1200_12,2013,3,12,True,False,True
31004_20130325_0000_00,2013,3,00,True,False,False
31004_20130325_1200_12,2013,3,12,True,False,False
31004_20130326_0000_00,2013,3,00,True,False,False
31004_20130326_1200_12,2013,3,12,True,False,True
31004_20130327_0000_00,2013,3,00,False,True,False
31004_20130327_1200_12,2013,3,12,False,False,False
31004_20130328_0000_00,2013,3,00,False,False,False
31004_20130328_1200_12,2013,3,12,True,False,False
31004_20130329_0000_00,2013,3,00,False,False,False
31004_20130329_1200_12,2013,3,12,False,False,False
31004_20130330_0000_00,2013,3,00,True,False,False
31004_20130330_1200_12,2013,3,12,False,False,False
31004_20130331_0000_00,2013,3,00,False,False,False
31004_20130331_1200_12,2013,3,12,False,False,False
31004_20130401_0000_00,2013,4,00,False,False,False
31004_20130401_1200_12,2013,4,12,False,True,False
31004_20130402_0000_00,2013,4,00,True,False,False
31004_20130402_1200_12,2013,4,12,True,False,False
31004_20130403_0000_00,2013,4,00,False,False,True
31004_20130403_1200_12,2013,4,12,False,False,False
31004_20130404_0000_00,2013,4,00,False,False,False
31004_20130404_1200_12,2013,4,12,True,False,False
31004_20130405_0000_00,2013,4,00,False,False,False
31004_20130405_1200_12,2013,4,12,True,False,False
31004_20130406_0000_00,2013,4,00,True,False,False
31004_20130406_1200_12,2013,4,12,False,False,False
31004_20130407_0000_00,2013,4,00,False,False,False
31004_20130407_1200_12,2013,4,12,False,True,False
31004_20130408_0000_00,2013,4,00,True,False,False
31004_20130408_1200_12,2013,4,12,False,False,False
31004_20130409_0000_00,2013,4,00,True,False,False
31004_20130409_1200_12,2013,4,12,False,False,True
31004_20130410_0000_00,2013,4,00,False,False,False
31004_20130410_1200_12,2013,4,12,True,False,True
31004_20130411_0000_00,2013,4,00,False,False,False
31004_20130411_1200_12,2013,4,12,False,False,True
31004_20130412_0000_00,2013,4,00,False,False,True
31004_20130412_1200_12,2013,4,12,False,False,True
31004_20130413_0000_00,2013,4,00,False,False,True
31004_20130413_1200_12,2013,4,12,False,True,True
31004_20130414_0000_00,2013,4,00,False,False,True
31004_20130414_1200_12,2013,4,12,False,False,True
31004_20130415_0000_00,2013,4,00,False,False,False
31004_20130415_1200_12,2013,4,12,False,False,False
31004_20130416_0000_00,2013,4,00,False,False,True
31004_20130416_1200_12,2013,4,12,False,False,False
31004_20130417_0000_00,2013,4,00,False,False,True
31004_20130417_1200_12,2013,4,12,False,False,True
31004_20130418_0000_00,2013,4,00,False,False,True
31004_20130418_1200_12,2013,4,12,True,False,False
31004_20130419_0000_00,2013,4,00,False,False,False
31004_20130419_1200_12,2013,4,12,False,False,False
31004_20130420_0000_00,2013,4,00,False,False,False
31004_20130420_1200_12,2013,4,12,False,False,False
31004_20130421_0000_00,2013,4,00,False,False,False
31004_20130421_1200_12,2013,4,12,False,False,False
31004_20130422_0000_00,2013,4,00,True,False,False
31004_20130422_1200_12,2013,4,12,False,False,True
31004_20130423_0000_00,2013,4,00,False,False,False
31004_20130423_1200_12,2013,4,12,False,False,False
31004_20130424_0000_00,2013,4,00,False,False,False
31004_20130424_1200_12,2013,4,12,False,False,False
31004_20130425_0000_00,2013,4,00,False,False,False
31004_20130425_1200_12,2013,4,12,False,False,False
31004_20130426_0000_00,2013,4,00,False,True,False
31004_20130426_1200_12,2013,4,12,False,False,False
31004_20130427_0000_00,2013,4,00,False,True,False
31004_20130427_1200_12,2013,4,12,False,False,False
31004_20130428_0000_00,2013,4,00,False,False,False
31004_20130428_1200_12,2013,4,12,False,False,False
31004_20130429_0000_00,2013,4,00,False,False,False
31004_20130429_1200_12,2013,4,12,False,False,True
31004_20130430_0000_00,2013,4,00,False,False,False
31004_20130430_1200_12,2013,4,12,False,False,False
31004_20130501_0000_00,2013,5,00,False,False,False
31004_20130501_1200_12,2013,5,12,False,True,False
31004_20130502_0000_00,2013,5,00,False,False,False
31004_20130502_1200_12,2013,5,12,True,False,True
31004_20130503_0000_00,2013,5,00,False,False,False
31004_20130503_1200_12,2013,5,12,False,False,False
31004_20130504_0000_00,2013,5,00,False,False,True
31004_20130504_1200_12,2013,5,12,False,False,True
31004_20130505_0000_00,2013,5,00,False,False,False
31004_20130505_1200_12,2013,5,12,False,False,True
31004_20130506_0000_00,2013,5,00,False,False,False
31004_20130506_1200_12,2013,5,12,False,False,True
31004_20130507_0000_00,2013,5,00,False,False,False
31004_20130507_1200_12,2013,5,12,False,False,False
31004_20130508_0000_00,2013,5,00,False,False,False
31004_20130508_1200_12,2013,5,12,False,False,False
31004_20130509_0000_00,2013,5,00,False,False,False
31004_20130509_1200_12,2013,5,12,False,False,False
31004_20130510_0000_00,2013,5,00,False,False,False
31004_20130510_1200_12,2013,5,12,False,False,False
31004_20130511_0000_00,2013,5,00,False,False,True
31004_20130511_1200_12,2013,5,12,False,False,False
31004_20130512_0000_00,2013,5,00,False,False,False
31004_20130512_1200_12,2013,5,12,False,False,False
31004_20130513_0000_00,2013,5,00,False,False,False
31004_20130513_1200_12,2013,5,12,False,False,False
31004_20130514_0000_00,2013,5,00,False,False,False
31004_20130514_1200_12,2013,5,12,True,False,False
31004_20130515_0000_00,2013,5,00,False,False,False
31004_20130515_1200_12,2013,5,12,False,False,True
31004_20130516_0000_00,2013,5,00,False,False,True
31004_20130516_1200_12,2013,5,12,False,False,True
31004_20130517_0000_00,2013,5,00,False,False,True
31004_20130517_1200_12,2013,5,12,False,False,False
31004_20130518_0000_00,2013,5,00,False,False,False
31004_20130518_1200_12,2013,5,12,False,False,False
31004_20130519_0000_00,2013,5,00,False,False,False
31004_20130519_1200_12,2013,5,12,False,False,True
31004_20130520_0000_00,2013,5,00,False,False,True
31004_20130520_1200_12,2013,5,12,False,False,False
31004_20130521_0000_00,2013,5,00,False,False,False
31004_20130521_1200_12,2013,5,12,False,False,True
31004_20130522_0000_00,2013,5,00,False,False,True
31004_20130522_1200_12,2013,5,12,False,False,True
31004_20130523_0000_00,2013,5,00,False,False,False
31004_20130523_1200_12,2013,5,12,False,False,False
31004_20130524_0000_00,2013,5,00,False,False,False
31004_20130524_1200_12,2013,5,12,False,False,False
31004_20130525_0000_00,2013,5,00,False,False,False
31004_20130525_1200_12,2013,5,12,False,False,True
31004_20130526_1200_12,2013,5,12,False,False,True
31004_20130527_0000_00,2013,5,00,False,False,False
31004_20130527_1200_12,2013,5,12,False,False,False
31004_20130528_0000_00,2013,5,00,False,False,False
31004_20130528_1200_12,2013,5,12,False,False,False
31004_20130529_0000_00,2013,5,00,False,False,True
31004_20130529_1200_12,2013,5,12,False,False,False
31004_20130530_0000_00,2013,5,00,False,False,False
31004_20130530_1200_12,2013,5,12,False,False,False
31004_20130531_0000_00,2013,5,00,False,False,True
31004_20130531_1200_12,2013,5,12,False,False,False
31004_20130601_0000_00,2013,6,00,False,False,False
31004_20130601_1200_12,2013,6,12,False,False,False
31004_20130602_0000_00,2013,6,00,False,False,False
31004_20130602_1200_12,2013,6,12,False,False,True
31004_20130603_0000_00,2013,6,00,False,False,False
31004_20130603_1200_12,2013,6,12,False,False,False
31004_20130604_0000_00,2013,6,00,True,False,False
31004_20130604_1200_12,2013,6,12,False,False,False
31004_20130605_0000_00,2013,6,00,False,False,False
31004_20130605_1200_12,2013,6,12,False,False,False
31004_20130606_0000_00,2013,6,00,False,True,False
31004_20130606_1200_12,2013,6,12,False,False,True
31004_20130607_0000_00,2013,6,00,False,False,False
31004_20130607_1200_12,2013,6,12,False,False,False
31004_20130608_0000_00,2013,6,00,False,False,False
31004_20130608_1200_12,2013,6,12,False,False,False
31004_20130609_0000_00,2013,6,00,False,False,True
31004_20130609_1200_12,2013,6,12,False,False,False
31004_20130610_0000_00,2013,6,00,False,False,False
31004_20130610_1200_12,2013,6,12,False,False,False
31004_20130611_0000_00,2013,6,00,False,False,False
31004_20130611_1200_12,2013,6,12,True,False,False
31004_20130612_0000_00,2013,6,00,False,False,False
31004_20130612_1200_12,2013,6,12,False,False,False
31004_20130613_0000_00,2013,6,00,False,False,False
31004_20130613_1200_12,2013,6,12,False,False,False
31004_20130614_0000_00,2013,6,00,False,False,False
31004_20130614_1200_12,2013,6,12,False,False,False
31004_20130615_0000_00,2013,6,00,False,False,True
31004_20130615_1200_12,2013,6,12,False,False,False
31004_20130616_0000_00,2013,6,00,False,False,False
31004_20130616_1200_12,2013,6,12,False,False,False
31004_20130617_0000_00,2013,6,00,False,False,False
31004_20130617_1200_12,2013,6,12,False,False,False
31004_20130618_0000_00,2013,6,00,False,False,False
31004_20130618_1200_12,2013,6,12,False,False,False
31004_20130619_0000_00,2013,6,00,False,False,True
31004_20130619_1200_12,2013,6,12,False,False,False
31004_20130620_0000_00,2013,6,00,True,False,False
31004_20130620_1200_12,2013,6,12,False,False,False
31004_20130621_0000_00,2013,6,00,False,False,True
31004_20130621_1200_12,2013,6,12,False,False,False
31004_20130622_0000_00,2013,6,00,False,False,False
31004_20130622_1200_12,2013,6,12,False,False,False
31004_20130623_0000_00,2013,6,00,False,False,True
31004_20130623_1200_12,2013,6,12,True,False,False
31004_20130624_0000_00,2013,6,00,True,False,True
31004_20130624_1200_12,2013,6,12,False,False,False
31004_20130625_1200_12,2013,6,12,False,False,False
31004_20130626_0000_00,2013,6,00,False,False,True
31004_20130626_1200_12,2013,6,12,False,False,True
31004_20130627_0000_00,2013,6,00,False,False,False
31004_20130627_1200_12,2013,6,12,False,False,False
31004_20130628_0000_00,2013,6,00,False,False,False
31004_20130628_1200_12,2013,6,12,False,False,True
31004_20130629_0000_00,2013,6,00,False,False,False
31004_20130629_1200_12,2013,6,12,False,False,False
31004_20130630_0000_00,2013,6,00,False,False,True
31004_20130701_0000_00,2013,7,00,False,False,False
31004_20130701_1200_12,2013,7,12,False,False,False
31004_20130702_0000_00,2013,7,00,False,False,False
31004_20130702_1200_12,2013,7,12,False,False,False
31004_20130703_0000_00,2013,7,00,False,False,True
31004_20130703_1200_12,2013,7,12,False,False,False
31004_20130704_0000_00,2013,7,00,False,False,True
31004_20130704_1200_12,2013,7,12,False,False,False
31004_20130705_0000_00,2013,7,00,False,False,True
31004_20130705_1200_12,2013,7,12,False,False,False
31004_20130706_0000_00,2013,7,00,False,False,False
31004_20130706_1200_12,2013,7,12,False,False,False
31004_20130707_0000_00,2013,7,00,True,False,False
31004_20130707_1200_12,2013,7,12,False,False,False
31004_20130708_0000_00,2013,7,00,False,False,False
31004_20130708_1200_12,2013,7,12,False,False,True
31004_20130709_0000_00,2013,7,00,False,False,False
31004_20130709_1200_12,2013,7,12,False,False,False
31004_20130710_0000_00,2013,7,00,False,False,True
31004_20130710_1200_12,2013,7,12,False,False,True
31004_20130711_0000_00,2013,7,00,False,False,False
31004_20130711_1200_12,2013,7,12,False,True,False
31004_20130712_0000_00,2013,7,00,False,False,False
31004_20130712_1200_12,2013,7,12,False,False,True
31004_20130713_0000_00,2013,7,00,False,False,False
31004_20130713_1200_12,2013,7,12,False,True,False
31004_20130714_0000_00,2013,7,00,False,False,False
31004_20130714_1200_12,2013,7,12,False,False,False
31004_20130715_0000_00,2013,7,00,True,False,False
31004_20130715_1200_12,2013,7,12,False,False,False
31004_20130716_0000_00,2013,7,00,False,False,True
31004_20130716_1200_12,2013,7,12,False,False,False
31004_20130717_0000_00,2013,7,00,False,False,False
31004_20130717_1200_12,2013,7,12,False,False,False
31004_20130718_0000_00,2013,7,00,False,False,True
31004_20130718_1200_12,2013,7,12,False,False,False
31004_20130719_0000_00,2013,7,00,False,False,False
31004_20130719_1200_12,2013,7,12,False,False,False
31004_20130720_0000_00,2013,7,00,False,False,False
31004_20130720_1200_12,2013,7,12,True,False,True
31004_20130721_0000_00,2013,7,00,False,False,False
31004_20130721_1200_12,2013,7,12,False,False,False
31004_20130722_0000_00,2013,7,00,False,False,False
31004_20130722_1200_12,2013,7,12,False,False,False
31004_20130723_0000_00,2013,7,00,False,False,True
31004_20130723_1200_12,2013,7,12,False,False,True
31004_20130724_0000_00,2013,7,00,False,False,False
31004_20130724_1200_12,2013,7,12,False,False,True
31004_20130725_0000_00,2013,7,00,False,False,False
31004_20130725_1200_12,2013,7,12,False,False,False
31004_20130726_0000_00,2013,7,00,False,False,True
31004_20130726_1200_12,2013,7,12,False,False,False
31004_20130727_0000_00,2013,7,00,False,True,False
31004_20130727_1200_12,2013,7,12,False,False,False
31004_20130728_0000_00,2013,7,00,False,False,True
31004_20130729_0000_00,2013,7,00,False,False,False
31004_20130731_0000_00,2013,7,00,False,False,False
31004_20130731_1200_12,2013,7,12,False,False,False
31004_20130801_0000_00,2013,8,00,False,True,False
31004_20130802_0000_00,2013,8,00,False,False,False
31004_20130802_1200_12,2013,8,12,False,False,False
31004_20130803_0000_00,2013,8,00,False,False,False
31004_20130803_1200_12,2013,8,12,False,False,False
31004_20130804_1200_12,2013,8,12,False,False,True
31004_20130805_0000_00,2013,8,00,False,False,True
31004_20130805_1200_12,2013,8,12,False,False,False
31004_20130806_0000_00,2013,8,00,False,False,False
31004_20130806_1200_12,2013,8,12,False,False,False
31004_20130807_0000_00,2013,8,00,False,True,False
31004_20130807_1200_12,2013,8,12,False,False,True
31004_20130808_0000_00,2013,8,00,True,False,False
31004_20130808_1200_12,2013,8,12,False,False,False
31004_20130809_0000_00,2013,8,00,False,False,False
31004_20130809_1200_12,2013,8,12,True,False,False
31004_20130810_0000_00,2013,8,00,False,False,True
31004_20130810_1200_12,2013,8,12,True,False,False
31004_20130811_0000_00,2013,8,00,False,False,False
31004_20130811_1200_12,2013,8,12,False,False,False
31004_20130812_0000_00,2013,8,00,True,False,True
31004_20130812_1200_12,2013,8,12,True,False,True
31004_20130813_0000_00,2013,8,00,False,False,True
31004_20130813_1200_12,2013,8,12,False,False,False
31004_20130814_0000_00,2013,8,00,False,False,False
31004_20130814_1200_12,2013,8,12,False,False,True
31004_20130815_0000_00,2013,8,00,False,False,True
31004_20130815_1200_12,2013,8,12,False,False,False
31004_20130816_0000_00,2013,8,00,False,False,True
31004_20130816_1200_12,2013,8,12,False,False,True
31004_20130817_0000_00,2013,8,00,False,False,False
31004_20130817_1200_12,2013,8,12,True,False,True
31004_20130818_0000_00,2013,8,00,False,False,True
31004_20130818_1200_12,2013,8,12,True,False,False
31004_20130819_0000_00,2013,8,00,False,False,True
31004_20130819_1200_12,2013,8,12,False,False,False
31004_20130820_0000_00,2013,8,00,False,False,False
31004_20130820_1200_12,2013,8,12,False,False,False
31004_20130821_0000_00,2013,8,00,False,False,False
31004_20130821_1200_12,2013,8,12,False,False,True
31004_20130822_0000_00,2013,8,00,False,False,True
31004_20130822_1200_12,2013,8,12,False,False,False
31004_20130823_0000_00,2013,8,00,False,False,False
31004_20130823_1200_12,2013,8,12,False,True,False
31004_20130824_0000_00,2013,8,00,True,False,False
31004_20130825_0000_00,2013,8,00,False,False,False
31004_20130825_1200_12,2013,8,12,False,False,False
31004_20130826_0000_00,2013,8,00,True,False,False
31004_20130826_1200_12,2013,8,12,False,False,False
31004_20130827_0000_00,2013,8,00,False,False,False
31004_20130827_1200_12,2013,8,12,True,False,False
31004_20130828_0000_00,2013,8,00,True,False,False
31004_20130828_1200_12,2013,8,12,False,False,True
31004_20130829_0000_00,2013,8,00,False,False,True
31004_20130829_1200_12,2013,8,12,True,False,False
31004_20130830_0000_00,2013,8,00,True,False,False
31004_20130830_1200_12,2013,8,12,False,False,True
31004_20130831_0000_00,2013,8,00,True,False,False
31004_20130831_1200_12,2013,8,12,True,False,False
31004_20130901_0000_00,2013,9,00,False,False,False
31004_20130901_1200_12,2013,9,12,True,False,True
31004_20130902_0000_00,2013,9,00,False,False,False
31004_20130902_1200_12,2013,9,12,True,False,False
31004_20130903_0000_00,2013,9,00,False,False,False
31004_20130903_1200_12,2013,9,12,False,False,False
31004_20130904_0000_00,2013,9,00,False,False,True
31004_20130904_1200_12,2013,9,12,True,False,True
31004_20130905_0000_00,2013,9,00,True,False,True
31004_20130905_1200_12,2013,9,12,True,False,True
31004_20130906_0000_00,2013,9,00,False,False,False
31004_20130906_1200_12,2013,9,12,True,False,False
31004_20130907_0000_00,2013,9,00,True,False,False
31004_20130907_1200_12,2013,9,12,False,False,False
31004_20130908_0000_00,2013,9,00,False,False,True
31004_20130908_1200_12,2013,9,12,True,False,True
31004_20130909_0000_00,2013,9,00,True,False,True
31004_20130909_1200_12,2013,9,12,False,False,True
31004_20130910_0000_00,2013,9,00,False,False,True
31004_20130910_1200_12,2013,9,12,False,False,True
31004_20130911_0000_00,2013,9,00,False,False,False
31004_20130911_1200_12,2013,9,12,False,False,False
31004_20130912_0000_00,2013,9,00,False,False,True
31004_20130912_1200_12,2013,9,12,True,False,False
31004_20130913_0000_00,2013,9,00,False,False,True
31004_20130913_1200_12,2013,9,12,False,False,True
31004_20130914_0000_00,2013,9,00,True,False,False
31004_20130914_1200_12,2013,9,12,False,False,False
31004_20130915_0000_00,2013,9,00,False,False,True
31004_20130915_1200_12,2013,9,12,True,False,False
31004_20130916_0000_00,2013,9,00,False,False,False
31004_20130916_1200_12,2013,9,12,False,False,False
31004_20130917_0000_00,2013,9,00,False,False,False
31004_20130917_1200_12,2013,9,12,True,False,True
31004_20130918_0000_00,2013,9,00,False,False,False
31004_20130918_1200_12,2013,9,12,True,False,False
31004_20130919_0000_00,2013,9,00,True,False,False
31004_20130919_1200_12,2013,9,12,True,False,False
31004_20130920_0000_00,2013,9,00,True,False,True
31004_20130920_1200_12,2013,9,12,True,False,False
31004_20130921_0000_00,2013,9,00,True,False,False
31004_20130921_1200_12,2013,9,12,True,False,False
31004_20130922_0000_00,2013,9,00,False,False,False
31004_20130922_1200_12,2013,9,12,False,False,False
31004_20130923_0000_00,2013,9,00,False,False,False
31004_20130924_0000_00,2013,9,00,False,False,False
31004_20130924_1200_12,2013,9,12,False,False,False
31004_20130925_0000_00,2013,9,00,False,False,False
31004_20130925_1200_12,2013,9,12,False,False,False
31004_20130926_0000_00,2013,9,00,False,False,False
31004_20130926_1200_12,2013,9,12,False,False,False
31004_20130927_0000_00,2013,9,00,False,False,False
31004_20130927_1200_12,2013,9,12,False,False,False
31004_20130928_0000_00,2013,9,00,False,False,False
31004_20130928_1200_12,2013,9,12,False,False,False
31004_20130929_0000_00,2013,9,00,False,False,True
31004_20130929_1200_12,2013,9,12,True,False,True
31004_20130930_0000_00,2013,9,00,False,False,True
31004_20130930_1200_12,2013,9,12,False,False,False
31004_20131001_0000_00,2013,10,00,False,False,False
31004_20131001_1200_12,2013,10,12,False,False,True
31004_20131002_0000_00,2013,10,00,False,False,False
31004_20131002_1200_12,2013,10,12,False,False,False
31004_20131003_0000_00,2013,10,00,False,False,False
31004_20131003_1200_12,2013,10,12,False,False,True
31004_20131004_0000_00,2013,10,00,False,False,False
31004_20131004_1200_12,2013,10,12,False,False,False
31004_20131005_0000_00,2013,10,00,True,False,True
31004_20131005_1200_12,2013,10,12,False,False,False
31004_20131006_0000_00,2013,10,00,False,False,False
31004_20131006_1200_12,2013,10,12,False,False,False
31004_20131007_0000_00,2013,10,00,False,False,False
31004_20131007_1200_12,2013,10,12,False,False,False
31004_20131008_0000_00,2013,10,00,False,False,True
31004_20131009_0000_00,2013,10,00,False,False,False
31004_20131009_1200_12,2013,10,12,True,False,True
31004_20131010_0000_00,2013,10,00,True,False,True
31004_20131010_1200_12,2013,10,12,False,True,False
31004_20131011_0000_00,2013,10,00,True,False,False
31004_20131012_0000_00,2013,10,00,False,False,False
31004_20131012_1200_12,2013,10,12,False,False,False
31004_20131013_0000_00,2013,10,00,False,False,False
31004_20131013_1200_12,2013,10,12,False,False,True
31004_20131014_0000_00,2013,10,00,False,False,True
31004_20131014_1200_12,2013,10,12,True,False,True
31004_20131015_0000_00,2013,10,00,True,False,True
31004_20131015_1200_12,2013,10,12,False,False,False
31004_20131016_0000_00,2013,10,00,False,False,True
31004_20131016_1200_12,2013,10,12,False,True,False
31004_20131017_0000_00,2013,10,00,False,False,False
31004_20131017_1200_12,2013,10,12,False,False,False
31004_20131018_0000_00,2013,10,00,False,False,False
31004_20131018_1200_12,2013,10,12,False,False,True
31004_20131019_0000_00,2013,10,00,False,False,False
31004_20131019_1200_12,2013,10,12,False,False,False
31004_20131020_0000_00,2013,10,00,False,False,False
31004_20131020_1200_12,2013,10,12,False,False,False
31004_20131021_0000_00,2013,10,00,False,False,False
31004_20131021_1200_12,2013,10,12,False,False,False
31004_20131022_0000_00,2013,10,00,False,False,True
31004_20131022_1200_12,2013,10,12,False,False,True
31004_20131023_0000_00,2013,10,00,False,True,True
31004_20131023_1200_12,2013,10,12,False,False,True
31004_20131024_0000_00,2013,10,00,False,False,False
31004_20131024_1200_12,2013,10,12,True,False,False
31004_20131025_0000_00,2013,10,00,False,False,False
31004_20131025_1200_12,2013,10,12,False,False,False
31004_20131026_0000_00,2013,10,00,False,False,False
31004_20131026_1200_12,2013,10,12,True,False,True
31004_20131027_0000_00,2013,10,00,False,False,False
31004_20131027_1200_12,2013,10,12,False,False,False
31004_20131028_0000_00,2013,10,00,False,False,False
31004_20131028_1200_12,2013,10,12,False,False,False
31004_20131029_0000_00,2013,10,00,False,False,False
31004_20131029_1200_12,2013,10,12,False,False,False
31004_20131030_0000_00,2013,10,00,False,False,True
31004_20131030_1200_12,2013,10,12,False,False,True
31004_20131031_0000_00,2013,10,00,True,False,False
31004_20131031_1200_12,2013,10,12,False,False,True
31004_20131101_0000_00,2013,11,00,True,False,False
31004_20131101_1200_12,2013,11,12,False,False,False
31004_20131102_0000_00,2013,11,00,False,False,False
31004_20131102_1200_12,2013,11,12,False,False,False
31004_20131103_0000_00,2013,11,00,True,False,True
31004_20131103_1200_12,2013,11,12,False,False,False
31004_20131104_0000_00,2013,11,00,False,False,False
31004_20131104_1200_12,2013,11,12,False,False,False
31004_20131105_0000_00,2013,11,00,True,False,False
31004_20131105_1200_12,2013,11,12,True,False,False
31004_20131106_0000_00,2013,11,00,False,False,False
31004_20131106_1200_12,2013,11,12,False,False,False
31004_20131107_0000_00,2013,11,00,False,False,True
31004_20131107_1200_12,2013,11,12,False,False,False
31004_20131108_0000_00,2013,11,00,True,False,False
31004_20131108_1200_12,2013,11,12,True,False,False
31004_20131109_0000_00,2013,11,00,False,False,False
31004_20131109_1200_12,2013,11,12,True,False,False
31004_20131110_0000_00,2013,11,00,True,False,False
31004_20131110_1200_12,2013,11,12,False,False,False
31004_20131111_0000_00,2013,11,00,False,False,False
31004_20131111_1200_12,2013,11,12,False,False,False
31004_20131112_0000_00,2013,11,00,False,False,True
31004_20131112_1200_12,2013,11,12,False,False,False
31004_20131113_0000_00,2013,11,00,False,False,True
31004_20131113_1200_12,2013,11,12,False,False,True
31004_20131114_0000_00,2013,11,00,False,False,False
31004_20131114_1200_12,2013,11,12,False,False,False
31004_20131115_0000_00,2013,11,00,False,False,False
31004_20131115_1200_12,2013,11,12,False,False,True
31004_20131116_0000_00,2013,11,00,True,False,True
31004_20131116_1200_12,2013,11,12,False,False,False
31004_20131117_0000_00,2013,11,00,False,False,True
31004_20131117_1200_12,2013,11,12,False,False,False
31004_20131118_0000_00,2013,11,00,False,False,False
31004_20131118_1200_12,2013,11,12,True,False,False
31004_20131119_0000_00,2013,11,00,False,False,False
31004_20131119_1200_12,2013,11,12,False,False,False
31004_20131120_0000_00,2013,11,00,True,False,True
31004_20131120_1200_12,2013,11,12,False,True,False
31004_20131121_0000_00,2013,11,00,False,True,False
31004_20131121_1200_12,2013,11,12,False,False,False
31004_20131122_0000_00,2013,11,00,False,False,False
31004_20131122_1200_12,2013,11,12,True,False,False
31004_20131123_0000_00,2013,11,00,False,False,False
31004_20131124_0000_00,2013,11,00,False,False,True
31004_20131124_1200_12,2013,11,12,True,False,False
31004_20131125_0000_00,2013,11,00,False,False,False
31004_20131125_1200_12,2013,11,12,True,False,False
31004_20131126_0000_00,2013,11,00,False,False,True
31004_20131126_1200_12,2013,11,12,False,False,True
31004_20131127_0000_00,2013,11,00,True,False,False
31004_20131127_1200_12,2013,11,12,False,False,True
31004_20131128_0000_00,2013,11,00,False,False,True
31004_20131128_1200_12,2013,11,12,True,False,False
31004_20131129_0000_00,2013,11,00,False,False,False
31004_20131129_1200_12,2013,11,12,False,False,False
31004_20131130_1200_12,2013,11,12,True,False,False
31004_20131201_0000_00,2013,12,00,True,False,False
31004_20131201_1200_12,2013,12,12,False,False,False
31004_20131202_0000_00,2013,12,00,True,False,False
31004_20131202_1200_12,2013,12,12,False,False,False
31004_20131203_0000_00,2013,12,00,True,False,False
31004_20131203_1200_12,2013,12,12,False,False,False
31004_20131204_0000_00,2013,12,00,True,False,False
31004_20131204_1200_12,2013,12,12,False,False,False
31004_20131205_0000_00,2013,12,00,True,False,True
31004_20131205_1200_12,2013,12,12,False,False,True
31004_20131206_0000_00,2013,12,00,False,False,False
31004_20131206_1200_12,2013,12,12,True,False,False
31004_20131207_0000_00,2013,12,00,False,False,False
31004_20131207_1200_12,2013,12,12,True,False,False
31004_20131208_0000_00,2013,12,00,False,False,False
31004_20131208_1200_12,2013,12,12,True,False,False
31004_20131209_0000_00,2013,12,00,False,False,False
31004_20131209_1200_12,2013,12,12,False,False,False
31004_20131210_0000_00,2013,12,00,False,False,True
31004_20131210_1200_12,2013,12,12,True,False,True
31004_20131211_0000_00,2013,12,00,True,False,False
31004_20131211_1200_12,2013,12,12,False,False,True
31004_20131212_0000_00,2013,12,00,False,False,False
31004_20131212_1200_12,2013,12,12,False,False,True
31004_20131213_0000_00,2013,12,00,False,False,True
31004_20131213_1200_12,2013,12,12,False,False,False
31004_20131214_0000_00,2013,12,00,False,False,True
31004_20131214_1200_12,2013,12,12,False,False,False
31004_20131215_0000_00,2013,12,00,False,False,False
31004_20131215_1200_12,2013,12,12,False,False,True
31004_20131216_0000_00,2013,12,00,False,False,False
31004_20131216_1200_12,2013,12,12,False,False,True
31004_20131217_0000_00,2013,12,00,True,False,False
31004_20131217_1200_12,2013,12,12,True,False,False
31004_20131218_0000_00,2013,12,00,False,False,False
31004_20131218_1200_12,2013,12,12,False,False,False
31004_20131219_0000_00,2013,12,00,False,False,True
31004_20131219_1200_12,2013,12,12,False,False,False
31004_20131220_0000_00,2013,12,00,False,False,True
31004_20131220_1200_12,2013,12,12,False,False,False
31004_20131221_0000_00,2013,12,00,False,False,False
31004_20131221_1200_12,2013,12,12,True,False,False
31004_20131222_0000_00,2013,12,00,False,True,False
31004_20131222_1200_12,2013,12,12,False,False,True
31004_20131223_0000_00,2013,12,00,True,False,True
31004_20131223_1200_12,2013,12,12,False,False,False
31004_20131224_0000_00,2013,12,00,False,False,False
31004_20131224_1200_12,2013,12,12,False,False,True
31004_20131225_0000_00,2013,12,00,False,True,True
31004_20131225_1200_12,2013,12,12,False,False,False
31004_20131226_0000_00,2013,12,00,False,False,False
31004_20131226_1200_12,2013,12,12,False,False,True
31004_20131227_0000_00,2013,12,00,True,False,False
31004_20131227_1200_12,2013,12,12,False,False,False
31004_20131228_0000_00,2013,12,00,False,False,True
31004_20131228_1200_12,2013,12,12,True,False,False
31004_20131229_0000_00,2013,12,00,True,False,False
31004_20131229_1200_12,2013,12,12,False,False,False
31004_20131230_0000_00,2013,12,00,False,False,True
31004_20131230_1200_12,2013,12,12,True,False,False
31004_20131231_0000_00,2013,12,00,False,False,False
31004_20131231_1200_12,2013,12,12,True,False,False
31004_20140101_1200_12,2014,1,12,True,False,False
31004_20140102_0000_00,2014,1,00,False,False,False
31004_20140102_1200_12,2014,1,12,True,False,False
31004_20140103_0000_00,2014,1,00,False,False,False
31004_20140103_1200_12,2014,1,12,False,False,True
31004_20140104_0000_00,2014,1,00,False,False,True
31004_20140104_1200_12,2014,1,12,False,False,True
31004_20140105_0000_00,2014,1,00,False,True,True
31004_20140105_1200_12,2014,1,12,False,False,False
31004_20140106_0000_00,2014,1,00,False,False,True
31004_20140106_1200_12,2014,1,12,False,False,True
31004_20140107_0000_00,2014,1,00,False,False,False
31004_20140107_1200_12,2014,1,12,False,False,True
31004_20140108_0000_00,2014,1,00,True,False,True
31004_20140108_1200_12,2014,1,12,True,False,False
31004_20140109_0000_00,2014,1,00,True,False,False
31004_20140109_1200_12,2014,1,12,True,False,False
31004_20140110_0000_00,2014,1,00,False,False,False
31004_20140110_1200_12,2014,1,12,True,False,False
31004_20140111_0000_00,2014,1,00,False,False,True
31004_20140111_1200_12,2014,1,12,False,False,True
31004_20140112_0000_00,2014,1,00,False,False,True
31004_20140112_1200_12,2014,1,12,True,False,False
31004_20140113_0000_00,2014,1,00,False,False,False
31004_20140113_1200_12,2014,1,12,False,True,False
31004_20140114_0000_00,2014,1,00,False,False,True
31004_20140114_1200_12,2014,1,12,False,False,True
31004_20140115_0000_00,2014,1,00,False,False,True
31004_20140115_1200_12,2014,1,12,False,False,False
31004_20140116_0000_00,2014,1,00,True,False,False
31004_20140116_1200_12,2014,1,12,False,False,True
31004_20140117_0000_00,2014,1,00,True,False,False
31004_20140117_1200_12,2014,1,12,False,False,True
31004_20140118_0000_00,2014,1,00,False,False,True
31004_20140118_1200_12,2014,1,12,True,False,True
31004_20140119_0000_00,2014,1,00,False,True,False
31004_20140119_1200_12,2014,1,12,False,False,False
31004_20140120_0000_00,2014,1,00,False,False,False
31004_20140120_1200_12,2014,1,12,False,False,True
31004_20140121_0000_00,2014,1,00,True,False,False
31004_20140122_0000_00,2014,1,00,True,False,False
31004_20140122_1200_12,2014,1,12,False,False,False
31004_20140123_0000_00,2014,1,00,False,True,False
31004_20140123_1200_12,2014,1,12,False,False,False
31004_20140124_0000_00,2014,1,00,True,False,False
31004_20140124_1200_12,2014,1,12,False,False,False
31004_20140125_0000_00,2014,1,00,True,False,True
31004_20140125_1200_12,2014,1,12,False,True,True
31004_20140126_0000_00,2014,1,00,True,False,False
31004_20140126_1200_12,2014,1,12,False,False,True
31004_20140127_0000_00,2014,1,00,False,False,False
31004_20140127_1200_12,2014,1,12,False,False,True
31004_20140128_0000_00,2014,1,00,True,False,False
31004_20140128_1200_12,2014,1,12,True,False,False
31004_20140129_0000_00,2014,1,00,True,False,False
31004_20140129_1200_12,2014,1,12,True,False,True
31004_20140130_0000_00,2014,1,00,False,False,True
31004_20140130_1200_12,2014,1,12,False,False,True
31004_20140131_1200_12,2014,1,12,False,False,False
31004_20140201_0000_00,2014,2,00,False,False,False
31004_20140201_1200_12,2014,2,12,False,False,True
31004_20140202_0000_00,2014,2,00,False,False,True
31004_20140202_1200_12,2014,2,12,False,False,True
31004_20140203_0000_00,2014,2,00,True,False,True
31004_20140203_1200_12,2014,2,12,True,False,True
31004_20140204_0000_00,2014,2,00,True,False,False
31004_20140204_1200_12,2014,2,12,False,False,True
31004_20140205_0000_00,2014,2,00,True,False,False
31004_20140205_1200_12,2014,2,12,True,False,False
31004_20140206_0000_00,2014,2,00,False,False,False
31004_20140206_1200_12,2014,2,12,True,False,True
31004_20140207_0000_00,2014,2,00,True,False,False
31004_20140207_1200_12,2014,2,12,True,False,False
31004_20140208_0000_00,2014,2,00,False,False,False
31004_20140208_1200_12,2014,2,12,True,False,False
31004_20140209_0000_00,2014,2,00,True,False,False
31004_20140209_1200_12,2014,2,12,True,False,False
31004_20140210_0000_00,2014,2,00,True,False,False
31004_20140210_1200_12,2014,2,12,False,False,False
31004_20140211_0000_00,2014,2,00,False,False,False
31004_20140211_1200_12,2014,2,12,False,False,False
31004_20140212_0000_00,2014,2,00,False,False,True
31004_20140212_1200_12,2014,2,12,False,False,False
31004_20140213_0000_00,2014,2,00,False,False,False
31004_20140213_1200_12,2014,2,12,False,False,False
31004_20140214_0000_00,2014,2,00,False,False,True
31004_20140214_1200_12,2014,2,12,False,False,False
31004_20140215_0000_00,2014,2,00,True,False,True
31004_20140215_1200_12,2014,2,12,True,False,False
31004_20140216_0000_00,2014,2,00,False,False,False
31004_20140216_1200_12,2014,2,12,True,False,False
31004_20140217_0000_00,2014,2,00,True,False,True
31004_20140217_1200_12,2014,2,12,True,False,True
31004_20140218_0000_00,2014,2,00,False,False,False
31004_20140218_1200_12,2014,2,12,True,False,False
31004_20140219_0000_00,2014,2,00,False,False,False
31004_20140219_1200_12,2014,2,12,False,False,True
31004_20140220_0000_00,2014,2,00,False,False,False
31004_20140220_1200_12,2014,2,12,False,False,False
31004_20140221_0000_00,2014,2,00,False,False,True
31004_20140221_1200_12,2014,2,12,True,False,False
31004_20140222_0000_00,2014,2,00,True,False,False
31004_20140222_1200_12,2014,2,12,False,False,False
31004_20140223_0000_00,2014,2,00,False,False,False
31004_20140223_1200_12,2014,2,12,False,False,False
31004_20140224_0000_00,2014,2,00,False,False,False
31004_20140224_1200_12,2014,2,12,False,False,False
31004_20140225_0000_00,2014,2,00,True,False,False
31004_20140225_1200_12,2014,2,12,False,False,True
31004_20140226_0000_00,2014,2,00,False,False,True
31004_20140226_1200_12,2014,2,12,True,False,True
31004_20140227_0000_00,2014,2,00,True,False,False
31004_20140227_1200_12,2014,2,12,True,False,False
31004_20140228_0000_00,2014,2,00,False,False,False
31004_20140228_1200_12,2014,2,12,True,False,True
31004_20140301_0000_00,2014,3,00,True,False,False
31004_20140301_1200_12,2014,3,12,True,False,True
31004_20140302_0000_00,2014,3,00,True,False,True
31004_20140302_1200_12,2014,3,12,False,False,True
31004_20140303_0000_00,2014,3,00,True,False,False
31004_20140303_1200_12,2014,3,12,False,False,True
31004_20140304_0000_00,2014,3,00,False,False,False
31004_20140304_1200_12,2014,3,12,False,False,False
31004_20140305_0000_00,2014,3,00,False,False,False
31004_20140305_1200_12,2014,3,12,True,False,False
31004_20140306_0000_00,2014,3,00,True,False,True
31004_20140306_1200_12,2014,3,12,True,False,False
31004_20140307_0000_00,2014,3,00,True,False,True
31004_20140307_1200_12,2014,3,12,False,False,False
31004_20140308_0000_00,2014,3,00,False,False,True
31004_20140308_1200_12,2014,3,12,True,False,True
31004_20140309_0000_00,2014,3,00,True,False,False
31004_20140309_1200_12,2014,3,12,True,False,False
31004_20140310_0000_00,2014,3,00,True,False,False
31004_20140310_1200_12,2014,3,12,True,False,True
31004_20140311_0000_00,2014,3,00,True,False,False
31004_20140311_1200_12,2014,3,12,True,False,False
31004_20140312_0000_00,2014,3,00,True,False,True
31004_20140312_1200_12,2014,3,12,True,False,True
31004_20140313_0000_00,2014,3,00,True,False,False
31004_20140313_1200_12,2014,3,12,True,False,False
31004_20140314_0000_00,2014,3,00,True,False,False
31004_20140314_1200_12,2014,3,12,True,False,False
31004_20140315_0000_00,2014,3,00,False,False,False
31004_20140315_1200_12,2014,3,12,True,False,False
31004_20140316_0000_00,2014,3,00,True,False,False
31004_20140316_1200_12,2014,3,12,False,False,True
31004_20140317_0000_00,2014,3,00,False,False,False
31004_20140317_1200_12,2014,3,12,False,False,False
31004_20140318_0000_00,2014,3,00,False,False,False
31004_20140318_1200_12,2014,3,12,False,False,False
31004_20140319_0000_00,2014,3,00,False,False,False
31004_20140319_1200_12,2014,3,12,False,False,False
31004_20140320_0000_00,2014,3,00,False,False,True
31004_20140320_1200_12,2014,3,12,False,False,False
31004_20140321_0000_00,2014,3,00,False,False,False
31004_20140321_1200_12,2014,3,12,False,False,True
31004_20140322_0000_00,2014,3,00,False,False,False
31004_20140322_1200_12,2014,3,12,True,False,True
31004_20140323_0000_00,2014,3,00,True,False,False
31004_20140323_1200_12,2014,3,12,False,False,False
31004_20140324_0000_00,2014,3,00,True,False,False
31004_20140324_1200_12,2014,3,12,True,False,True
31004_20140325_0000_00,2014,3,00,True,False,True
31004_20140325_1200_12,2014,3,12,False,False,False
31004_20140326_0000_00,2014,3,00,False,False,False
31004_20140326_1200_12,2014,3,12,True,False,False
31004_20140327_0000_00,2014,3,00,False,False,False
31004_20140327_1200_12,2014,3,12,True,False,False
31004_20140328_0000_00,2014,3,00,False,False,False
31004_20140328_1200_12,2014,3,12,True,False,False
31004_20140329_0000_00,2014,3,00,False,False,False
31004_20140329_1200_12,2014,3,12,True,False,False
31004_20140330_0000_00,2014,3,00,True,False,False
31004_20140330_1200_12,2014,3,12,False,False,False
31004_20140331_0000_00,2014,3,00,True,False,False
31004_20140331_1200_12,2014,3,12,False,False,False
31004_20140401_0000_00,2014,4,00,True,False,False
31004_20140401_1200_12,2014,4,12,True,False,False
31004_20140402_0000_00,2014,4,00,True,False,False
31004_20140402_1200_12,2014,4,12,False,False,True
31004_20140403_0000_00,2014,4,00,False,False,True
31004_20140403_1200_12,2014,4,12,False,False,False
31004_20140404_0000_00,2014,4,00,False,False,True
31004_20140404_1200_12,2014,4,12,True,False,False
31004_20140405_0000_00,2014,4,00,False,False,True
31004_20140405_1200_12,2014,4,12,True,False,False
31004_20140406_0000_00,2014,4,00,False,False,True
31004_20140406_1200_12,2014,4,12,True,False,False
31004_20140407_0000_00,2014,4,00,True,False,True
31004_20140407_1200_12,2014,4,12,False,False,False
31004_20140408_0000_00,2014,4,00,True,False,False
31004_20140408_1200_12,2014,4,12,False,False,False
31004_20140409_0000_00,2014,4,00,False,False,False
31004_20140409_1200_12,2014,4,12,True,False,False
31004_20140410_0000_00,2014,4,00,False,False,False
31004_20140410_1200_12,2014,4,12,False,False,False
31004_20140411_0000_00,2014,4,00,False,False,False
31004_20140411_1200_12,2014,4,12,True,False,False
31004_20140412_0000_00,2014,4,00,True,False,False
31004_20140412_1200_12,2014,4,12,True,False,False
31004_20140413_0000_00,2014,4,00,False,False,False
31004_20140413_1200_12,2014,4,12,True,False,True
31004_20140414_0000_00,2014,4,00,True,False,False
31004_20140414_1200_12,2014,4,12,False,False,True
31004_20140415_0000_00,2014,4,00,True,False,False
31004_20140415_1200_12,2014,4,12,False,False,False
31004_20140416_0000_00,2014,4,00,False,False,False
31004_20140416_1200_12,2014,4,12,False,False,False
31004_20140417_0000_00,2014,4,00,False,False,False
31004_20140417_1200_12,2014,4,12,True,False,True
31004_20140418_0000_00,2014,4,00,False,False,False
31004_20140418_1200_12,2014,4,12,False,False,False
31004_20140419_0000_00,2014,4,00,True,False,False
31004_20140419_1200_12,2014,4,12,True,False,False
31004_20140420_0000_00,2014,4,00,True,False,False
31004_20140420_1200_12,2014,4,12,False,False,False
31004_20140421_0000_00,2014,4,00,True,False,False
31004_20140421_1200_12,2014,4,12,False,False,False
31004_20140422_0000_00,2014,4,00,True,False,False
31004_20140422_1200_12,2014,4,12,True,False,False
31004_20140423_0000_00,2014,4,00,False,False,False
31004_20140423_1200_12,2014,4,12,False,False,False
31004_20140424_0000_00,2014,4,00,False,False,False
31004_20140424_1200_12,2014,4,12,False,False,False
31004_20140425_1200_12,2014,4,12,False,False,True
31004_20140426_0000_00,2014,4,00,True,False,True
31004_20140426_1200_12,2014,4,12,False,False,False
31004_20140427_0000_00,2014,4,00,True,False,False
31004_20140427_1200_12,2014,4,12,True,False,False
31004_20140428_0000_00,2014,4,00,False,True,False
31004_20140428_1200_12,2014,4,12,True,False,False
31004_20140429_0000_00,2014,4,00,True,False,False
31004_20140429_1200_12,2014,4,12,False,False,False
31004_20140430_0000_00,2014,4,00,False,False,False
31004_20140430_1200_12,2014,4,12,False,False,False
31004_20140501_0000_00,2014,5,00,False,False,False
31004_20140501_1200_12,2014,5,12,False,False,False
31004_20140502_0000_00,2014,5,00,False,False,False
31004_20140502_1200_12,2014,5,12,False,False,False
31004_20140503_0000_00,2014,5,00,False,False,False
31004_20140503_1200_12,2014,5,12,False,False,False
31004_20140504_0000_00,2014,5,00,False,False,False
31004_20140504_1200_12,2014,5,12,False,False,True
31004_20140505_0000_00,2014,5,00,False,False,False
31004_20140505_1200_12,2014,5,12,False,False,False
31004_20140506_0000_00,2014,5,00,False,False,False
31004_20140506_1200_12,2014,5,12,True,False,False
31004_20140507_0000_00,2014,5,00,False,False,False
31004_20140507_1200_12,2014,5,12,False,True,False
31004_20140508_0000_00,2014,5,00,False,False,True
31004_20140508_1200_12,2014,5,12,False,False,False
31004_20140509_0000_00,2014,5,00,False,False,False
31004_20140509_1200_12,2014,5,12,False,False,False
31004_20140510_0000_00,2014,5,00,False,False,False
31004_20140510_1200_12,2014,5,12,False,False,False
31004_20140511_0000_00,2014,5,00,False,False,False
31004_20140511_1200_12,2014,5,12,False,False,False
31004_20140512_0000_00,2014,5,00,False,False,False
31004_20140512_1200_12,2014,5,12,False,False,True
31004_20140513_0000_00,2014,5,00,False,False,True
31004_20140513_1200_12,2014,5,12,False,False,False
31004_20140514_0000_00,2014,5,00,False,False,True
31004_20140514_1200_12,2014,5,12,False,False,False
31004_20140515_0000_00,2014,5,00,False,False,False
31004_20140515_1200_12,2014,5,12,False,False,True
31004_20140516_0000_00,2014,5,00,False,False,False
31004_20140517_0000_00,2014,5,00,False,False,True
31004_20140517_1200_12,2014,5,12,False,False,False
31004_20140518_0000_00,2014,5,00,False,False,False
31004_20140518_1200_12,2014,5,12,False,False,False
31004_20140519_0000_00,2014,5,00,True,False,False
31004_20140519_1200_12,2014,5,12,False,False,False
31004_20140520_0000_00,2014,5,00,False,False,True
31004_20140520_1200_12,2014,5,12,False,False,False
31004_20140521_0000_00,2014,5,00,False,False,False
31004_20140521_1200_12,2014,5,12,True,False,False
31004_20140522_0000_00,2014,5,00,False,False,True
31004_20140522_1200_12,2014,5,12,False,False,False
31004_20140523_0000_00,2014,5,00,False,False,False
31004_20140523_1200_12,2014,5,12,False,False,False
31004_20140524_0000_00,2014,5,00,False,False,False
31004_20140524_1200_12,2014,5,12,False,True,False
31004_20140525_0000_00,2014,5,00,False,False,False
31004_20140525_1200_12,2014,5,12,False,False,False
31004_20140526_0000_00,2014,5,00,False,False,False
31004_20140526_1200_12,2014,5,12,False,False,False
31004_20140527_0000_00,2014,5,00,False,False,False
31004_20140527_1200_12,2014,5,12,False,False,True
31004_20140528_0000_00,2014,5,00,False,False,False
31004_20140528_1200_12,2014,5,12,False,False,False
31004_20140529_0000_00,2014,5,00,False,False,False
31004_20140529_1200_12,2014,5,12,False,False,False
31004_20140530_0000_00,2014,5,00,False,False,False
31004_20140530_1200_12,2014,5,12,False,False,False
31004_20140531_0000_00,2014,5,00,False,False,True
31004_20140531_1200_12,2014,5,12,False,False,False
31004_20140601_0000_00,2014,6,00,True,False,False
31004_20140601_1200_12,2014,6,12,False,False,True
31004_20140602_0000_00,2014,6,00,False,False,False
31004_20140602_1200_12,2014,6,12,False,False,False
31004_20140603_0000_00,2014,6,00,True,False,False
31004_20140603_1200_12,2014,6,12,False,False,False
31004_20140604_0000_00,2014,6,00,False,False,False
31004_20140604_1200_12,2014,6,12,False,False,False
31004_20140605_0000_00,2014,6,00,False,False,True
31004_20140606_0000_00,2014,6,00,False,False,False
31004_20140606_1200_12,2014,6,12,False,False,False
31004_20140607_0000_00,2014,6,00,False,False,False
31004_20140607_1200_12,2014,6,12,False,False,False
31004_20140608_0000_00,2014,6,00,False,False,True
31004_20140608_1200_12,2014,6,12,False,False,False
31004_20140609_0000_00,2014,6,00,False,False,False
31004_20140609_1200_12,2014,6,12,False,False,False
31004_20140610_0000_00,2014,6,00,False,False,False
31004_20140610_1200_12,2014,6,12,True,False,False
31004_20140611_0000_00,2014,6,00,False,False,False
31004_20140611_1200_12,2014,6,12,False,False,False
31004_20140612_0000_00,2014,6,00,True,False,False
31004_20140612_1200_12,2014,6,12,False,False,False
31004_20140613_0000_00,2014,6,00,False,False,True
31004_20140613_1200_12,2014,6,12,False,False,False
31004_20140614_0000_00,2014,6,00,False,False,True
31004_20140614_1200_12,2014,6,12,False,False,False
31004_20140615_0000_00,2014,6,00,False,False,False
31004_20140615_1200_12,2014,6,12,False,False,True
31004_20140616_0000_00,2014,6,00,False,False,True
31004_20140616_1200_12,2014,6,12,False,False,True
31004_20140617_0000_00,2014,6,00,False,False,False
31004_20140617_1200_12,2014,6,12,False,False,False
31004_20140618_0000_00,2014,6,00,False,False,False
31004_20140618_1200_12,2014,6,12,False,False,True
31004_20140619_0000_00,2014,6,00,False,False,True
31004_20140619_1200_12,2014,6,12,False,False,False
31004_20140620_0000_00,2014,6,00,False,False,False
31004_20140620_1200_12,2014,6,12,False,False,False
31004_20140621_0000_00,2014,6,00,False,False,False
31004_20140621_1200_12,2014,6,12,False,False,True
31004_20140622_0000_00,2014,6,00,True,False,False
31004_20140622_1200_12,2014,6,12,True,False,False
31004_20140623_0000_00,2014,6,00,False,False,False
31004_20140623_1200_12,2014,6,12,False,False,False
31004_20140624_0000_00,2014,6,00,False,False,False
31004_20140624_1200_12,2014,6,12,False,False,False
31004_20140625_0000_00,2014,6,00,False,False,False
31004_20140625_1200_12,2014,6,12,False,False,False
31004_20140626_0000_00,2014,6,00,False,False,False
31004_20140626_1200_12,2014,6,12,False,False,False
31004_20140627_0000_00,2014,6,00,False,False,False
31004_20140627_1200_12,2014,6,12,False,False,False
31004_20140628_0000_00,2014,6,00,False,False,True
31004_20140628_1200_12,2014,6,12,False,False,False
31004_20140629_0000_00,2014,6,00,False,False,False
31004_20140629_1200_12,2014,6,12,True,False,True
31004_20140630_0000_00,2014,6,00,False,False,False
31004_20140630_1200_12,2014,6,12,False,False,False
31004_20140701_0000_00,2014,7,00,False,False,False
31004_20140701_1200_12,2014,7,12,False,False,False
31004_20140702_1200_12,2014,7,12,False,False,False
31004_20140703_0000_00,2014,7,00,False,False,False
31004_20140703_1200_12,2014,7,12,False,False,False
31004_20140704_1200_12,2014,7,12,False,False,True
31004_20140705_0000_00,2014,7,00,False,False,False
31004_20140705_1200_12,2014,7,12,False,False,False
31004_20140706_0000_00,2014,7,00,False,False,False
31004_20140706_1200_12,2014,7,12,False,False,False
31004_20140707_0000_00,2014,7,00,False,False,True
31004_20140707_1200_12,2014,7,12,False,False,False
31004_20140708_0000_00,2014,7,00,False,False,False
31004_20140708_1200_12,2014,7,12,False,True,False
31004_20140709_0000_00,2014,7,00,False,False,False
31004_20140709_1200_12,2014,7,12,False,False,False
31004_20140710_0000_00,2014,7,00,False,False,False
31004_20140710_1200_12,2014,7,12,True,False,False
31004_20140711_0000_00,2014,7,00,False,False,False
31004_20140711_1200_12,2014,7,12,False,False,False
31004_20140712_0000_00,2014,7,00,True,False,False
31004_20140712_1200_12,2014,7,12,False,False,False
31004_20140713_0000_00,2014,7,00,True,False,False
31004_20140713_1200_12,2014,7,12,False,False,False
31004_20140714_0000_00,2014,7,00,True,False,False
31004_20140714_1200_12,2014,7,12,False,False,False
31004_20140715_0000_00,2014,7,00,False,False,False
31004_20140715_1200_12,2014,7,12,False,False,False
31004_20140716_0000_00,2014,7,00,False,False,False
31004_20140716_1200_12,2014,7,12,True,False,False
31004_20140717_0000_00,2014,7,00,False,False,False
31004_20140717_1200_12,2014,7,12,False,False,False
31004_20140718_0000_00,2014,7,00,False,False,False
31004_20140718_1200_12,2014,7,12,False,False,False
31004_20140719_0000_00,2014,7,00,False,False,False
31004_20140719_1200_12,2014,7,12,False,False,True
31004_20140720_0000_00,2014,7,00,False,False,False
31004_20140720_1200_12,2014,7,12,False,False,False
31004_20140721_0000_00,2014,7,00,False,False,False
31004_20140721_1200_12,2014,7,12,False,False,True
31004_20140722_0000_00,2014,7,00,False,False,True
31004_20140722_1200_12,2014,7,12,False,False,False
31004_20140723_0000_00,2014,7,00,False,False,False
31004_20140723_1200_12,2014,7,12,False,False,True
31004_20140724_0000_00,2014,7,00,False,True,False
31004_20140724_1200_12,2014,7,12,True,False,False
31004_20140725_0000_00,2014,7,00,False,False,False
31004_20140725_1200_12,2014,7,12,False,False,False
31004_20140726_0000_00,2014,7,00,False,False,False
31004_20140726_1200_12,2014,7,12,True,False,False
31004_20140727_0000_00,2014,7,00,False,False,False
31004_20140727_1200_12,2014,7,12,True,False,False
31004_20140728_0000_00,2014,7,00,True,False,False
31004_20140728_1200_12,2014,7,12,True,False,True
31004_20140729_0000_00,2014,7,00,False,True,False
31004_20140729_1200_12,2014,7,12,True,False,False
31004_20140730_0000_00,2014,7,00,False,False,False
31004_20140730_1200_12,2014,7,12,True,False,False
31004_20140731_0000_00,2014,7,00,True,False,False
31004_20140731_1200_12,2014,7,12,True,False,False
31004_20140801_0000_00,2014,8,00,False,False,False
31004_20140801_1200_12,2014,8,12,False,False,False
31004_20140802_0000_00,2014,8,00,False,False,False
31004_20140802_1200_12,2014,8,12,True,False,False
31004_20140803_0000_00,2014,8,00,True,False,False
31004_20140803_1200_12,2014,8,12,False,False,False
31004_20140804_0000_00,2014,8,00,True,False,False
31004_20140804_1200_12,2014,8,12,False,False,True
31004_20140805_0000_00,2014,8,00,False,False,True
31004_20140805_1200_12,2014,8,12,False,False,False
31004_20140806_0000_00,2014,8,00,False,False,False
31004_20140806_1200_12,2014,8,12,True,False,False
31004_20140807_0000_00,2014,8,00,True,False,False
31004_20140807_1200_12,2014,8,12,True,False,False
31004_20140808_0000_00,2014,8,00,False,False,True
31004_20140808_1200_12,2014,8,12,True,False,False
31004_20140809_0000_00,2014,8,00,True,False,False
31004_20140809_1200_12,2014,8,12,True,False,False
31004_20140810_0000_00,2014,8,00,False,False,False
31004_20140810_1200_12,2014,8,12,False,False,False
31004_20140811_0000_00,2014,8,00,False,True,False
31004_20140811_1200_12,2014,8,12,False,True,False
31004_20140812_0000_00,2014,8,00,False,False,True
31004_20140812_1200_12,2014,8,12,False,False,False
31004_20140813_0000_00,2014,8,00,False,False,False
31004_20140813_1200_12,2014,8,12,False,False,False
31004_20140814_1200_12,2014,8,12,True,False,True
31004_20140815_0000_00,2014,8,00,False,False,False
31004_20140815_1200_12,2014,8,12,True,False,False
31004_20140816_0000_00,2014,8,00,False,False,False
31004_20140816_1200_12,2014,8,12,False,False,True
31004_20140817_0000_00,2014,8,00,False,False,True
31004_20140817_1200_12,2014,8,12,True,False,False
31004_20140818_0000_00,2014,8,00,False,False,False
31004_20140818_1200_12,2014,8,12,True,False,False
31004_20140819_0000_00,2014,8,00,True,False,False
31004_20140819_1200_12,2014,8,12,True,False,False
31004_20140820_0000_00,2014,8,00,False,False,False
31004_20140820_1200_12,2014,8,12,True,False,False
31004_20140821_0000_00,2014,8,00,False,False,False
31004_20140821_1200_12,2014,8,12,True,False,False
31004_20140822_0000_00,2014,8,00,False,False,True
31004_20140822_1200_12,2014,8,12,True,False,False
31004_20140823_1200_12,2014,8,12,False,False,False
31004_20140824_0000_00,2014,8,00,False,False,True
31004_20140824_1200_12,2014,8,12,False,False,False
31004_20140825_0000_00,2014,8,00,False,False,False
31004_20140825_1200_12,2014,8,12,False,False,False
31004_20140826_0000_00,2014,8,00,False,False,True
31004_20140826_1200_12,2014,8,12,False,False,True
31004_20140827_0000_00,2014,8,00,True,False,False
31004_20140827_1200_12,2014,8,12,False,False,True
31004_20140828_0000_00,2014,8,00,False,False,False
31004_20140828_1200_12,2014,8,12,True,False,False
31004_20140829_0000_00,2014,8,00,True,False,False
31004_20140829_1200_12,2014,8,12,True,False,False
31004_20140830_0000_00,2014,8,00,True,False,False
31004_20140830_1200_12,2014,8,12,True,False,False
31004_20140831_0000_00,2014,8,00,False,False,True
31004_20140831_1200_12,2014,8,12,False,False,True
31004_20140901_0000_00,2014,9,00,False,False,False
31004_20140901_1200_12,2014,9,12,True,False,True
31004_20140902_0000_00,2014,9,00,False,False,False
31004_20140902_1200_12,2014,9,12,True,False,False
31004_20140903_0000_00,2014,9,00,False,False,False
31004_20140903_1200_12,2014,9,12,True,False,False
31004_20140904_0000_00,2014,9,00,False,False,True
31004_20140904_1200_12,2014,9,12,False,False,True
31004_20140905_0000_00,2014,9,00,True,False,False
31004_20140905_1200_12,2014,9,12,False,False,True
31004_20140906_0000_00,2014,9,00,True,False,True
31004_20140906_1200_12,2014,9,12,True,False,True
31004_20140907_0000_00,2014,9,00,True,False,False
31004_20140907_1200_12,2014,9,12,False,False,True
31004_20140908_1200_12,2014,9,12,False,False,True
31004_20140909_0000_00,2014,9,00,False,False,False
31004_20140909_1200_12,2014,9,12,False,False,False
31004_20140910_0000_00,2014,9,00,True,False,True
31004_20140910_1200_12,2014,9,12,True,False,True
31004_20140911_0000_00,2014,9,00,False,False,False
31004_20140911_1200_12,2014,9,12,False,False,True
31004_20140912_0000_00,2014,9,00,False,False,True
31004_20140912_1200_12,2014,9,12,False,False,True
31004_20140913_1200_12,2014,9,12,False,False,False
31004_20140914_0000_00,2014,9,00,False,False,True
31004_20140914_1200_12,2014,9,12,False,False,True
31004_20140915_0000_00,2014,9,00,False,False,False
31004_20140915_1200_12,2014,9,12,False,False,True
31004_20140916_0000_00,2014,9,00,True,False,False
31004_20140916_1200_12,2014,9,12,False,False,False
31004_20140917_0000_00,2014,9,00,True,False,False
31004_20140917_1200_12,2014,9,12,False,False,True
31004_20140918_0000_00,2014,9,00,False,False,False
31004_20140918_1200_12,2014,9,12,True,False,False
31004_20140919_0000_00,2014,9,00,False,False,True
31004_20140919_1200_12,2014,9,12,True,False,False
31004_20140920_0000_00,2014,9,00,True,False,False
31004_20140920_1200_12,2014,9,12,False,False,False
31004_20140921_0000_00,2014,9,00,True,False,True
31004_20140921_1200_12,2014,9,12,False,False,True
31004_20140922_0000_00,2014,9,00,False,False,True
31004_20140922_1200_12,2014,9,12,True,False,False
31004_20140923_0000_00,2014,9,00,False,False,True
31004_20140923_1200_12,2014,9,12,False,False,False
31004_20140924_0000_00,2014,9,00,False,False,False
31004_20140924_1200_12,2014,9,12,False,False,False
31004_20140925_0000_00,2014,9,00,False,False,False
31004_20140925_1200_12,2014,9,12,False,False,False
31004_20140926_0000_00,2014,9,00,False,False,True
31004_20140926_1200_12,2014,9,12,False,False,True
31004_20140927_0000_00,2014,9,00,False,False,False
31004_20140927_1200_12,2014,9,12,False,False,True
31004_20140928_0000_00,2014,9,00,False,False,False
31004_20140928_1200_12,2014,9,12,False,False,False
31004_20140929_0000_00,2014,9,00,False,False,False
31004_20140929_1200_12,2014,9,12,False,False,True
31004_20140930_0000_00,2014,9,00,False,False,False
31004_20140930_1200_12,2014,9,12,False,False,False
31004_20141001_0000_00,2014,10,00,True,False,False
31004_20141001_1200_12,2014,10,12,False,False,False
31004_20141002_0000_00,2014,10,00,False,False,True
31004_20141002_1200_12,2014,10,12,False,False,False
31004_20141003_0000_00,2014,10,00,False,False,False
31004_20141003_1200_12,2014,10,12,False,False,False
31004_20141004_0000_00,2014,10,00,False,True,False
31004_20141004_1200_12,2014,10,12,False,False,False
31004_20141005_0000_00,2014,10,00,True,False,False
31004_20141005_1200_12,2014,10,12,False,False,False
31004_20141006_0000_00,2014,10,00,False,False,False
31004_20141006_1200_12,2014,10,12,False,False,True
31004_20141007_0000_00,2014,10,00,False,False,True
31004_20141007_1200_12,2014,10,12,False,False,False
31004_20141008_1200_12,2014,10,12,True,False,False
31004_20141009_0000_00,2014,10,00,True,False,False
31004_20141009_1200_12,2014,10,12,True,False,False
31004_20141010_0000_00,2014,10,00,True,False,False
31004_20141010_1200_12,2014,10,12,False,False,False
31004_20141011_0000_00,2014,10,00,False,True,False
31004_20141011_1200_12,2014,10,12,False,False,False
31004_20141012_0000_00,2014,10,00,False,False,False
31004_20141012_1200_12,2014,10,12,False,False,True
31004_20141013_0000_00,2014,10,00,False,False,False
31004_20141013_1200_12,2014,10,12,False,False,False
31004_20141014_0000_00,2014,10,00,False,False,False
31004_20141014_1200_12,2014,10,12,True,False,False
31004_20141015_0000_00,2014,10,00,False,False,False
31004_20141015_1200_12,2014,10,12,True,False,True
31004_20141016_0000_00,2014,10,00,False,False,False
31004_20141016_1200_12,2014,10,12,True,False,True
31004_20141017_0000_00,2014,10,00,True,False,False
31004_20141017_1200_12,2014,10,12,False,False,False
31004_20141018_0000_00,2014,10,00,False,False,False
31004_20141018_1200_12,2014,10,12,False,False,False
31004_20141019_0000_00,2014,10,00,False,False,False
31004_20141019_1200_12,2014,10,12,True,False,False
31004_20141020_0000_00,2014,10,00,False,False,False
31004_20141020_1200_12,2014,10,12,False,False,False
31004_20141021_0000_00,2014,10,00,False,False,True
31004_20141021_1200_12,2014,10,12,False,False,True
31004_20141022_0000_00,2014,10,00,False,False,True
31004_20141022_1200_12,2014,10,12,False,False,True
31004_20141023_0000_00,2014,10,00,False,False,False
31004_20141023_1200_12,2014,10,12,False,False,False
31004_20141024_0000_00,2014,10,00,True,False,False
31004_20141024_1200_12,2014,10,12,True,False,False
31004_20141025_0000_00,2014,10,00,True,False,False
31004_20141025_1200_12,2014,10,12,True,False,False
31004_20141026_0000_00,2014,10,00,False,False,True
31004_20141026_1200_12,2014,10,12,False,False,False
31004_20141027_0000_00,2014,10,00,False,False,True
31004_20141027_1200_12,2014,10,12,False,False,True
31004_20141028_0000_00,2014,10,00,False,True,False
31004_20141028_1200_12,2014,10,12,True,False,False
31004_20141029_0000_00,2014,10,00,False,False,True
31004_20141029_1200_12,2014,10,12,True,False,False
31004_20141030_0000_00,2014,10,00,True,False,True
31004_20141030_1200_12,2014,10,12,False,False,True
31004_20141031_0000_00,2014,10,00,False,False,True
31004_20141031_1200_12,2014,10,12,False,False,False
31004_20141101_0000_00,2014,11,00,False,False,False
31004_20141101_1200_12,2014,11,12,True,False,False
31004_20141102_0000_00,2014,11,00,False,False,False
31004_20141102_1200_12,2014,11,12,True,False,False
31004_20141103_0000_00,2014,11,00,True,False,False
31004_20141103_1200_12,2014,11,12,True,False,True
31004_20141104_0000_00,2014,11,00,False,False,True
31004_20141104_1200_12,2014,11,12,False,False,True
31004_20141105_0000_00,2014,11,00,False,False,False
31004_20141105_1200_12,2014,11,12,False,False,False
31004_20141106_0000_00,2014,11,00,False,False,False
31004_20141106_1200_12,2014,11,12,False,False,False
31004_20141107_0000_00,2014,11,00,False,False,False
31004_20141107_1200_12,2014,11,12,False,False,True
31004_20141108_0000_00,2014,11,00,False,False,False
31004_20141108_1200_12,2014,11,12,False,False,False
31004_20141109_0000_00,2014,11,00,False,False,False
31004_20141109_1200_12,2014,11,12,True,False,False
31004_20141110_0000_00,2014,11,00,False,False,True
31004_20141110_1200_12,2014,11,12,False,True,False
31004_20141111_0000_00,2014,11,00,False,False,True
31004_20141111_1200_12,2014,11,12,False,False,False
31004_20141112_0000_00,2014,11,00,False,False,False
31004_20141112_1200_12,2014,11,12,True,False,False
31004_20141113_0000_00,2014,11,00,False,False,False
31004_20141113_1200_12,2014,11,12,True,False,False
31004_20141114_0000_00,2014,11,00,True,False,False
31004_20141114_1200_12,2014,11,12,False,False,False
31004_20141115_0000_00,2014,11,00,False,False,False
31004_20141115_1200_12,2014,11,12,False,False,True
31004_20141116_0000_00,2014,11,00,True,False,True
31004_20141116_1200_12,2014,11,12,True,False,False
31004_20141117_0000_00,2014,11,00,False,False,True
31004_20141117_1200_12,2014,11,12,False,False,False
31004_20141118_0000_00,2014,11,00,False,False,True
31004_20141118_1200_12,2014,11,12,True,False,True
31004_20141119_0000_00,2014,11,00,False,False,False
31004_20141119_1200_12,2014,11,12,True,False,False
31004_20141120_0000_00,2014,11,00,False,False,True
31004_20141120_1200_12,2014,11,12,False,False,False
31004_20141121_0000_00,2014,11,00,True,False,False
31004_20141121_1200_12,2014,11,12,False,False,False
31004_20141122_0000_00,2014,11,00,False,False,False
31004_20141122_1200_12,2014,11,12,False,False,False
31004_20141123_0000_00,2014,11,00,False,False,True
31004_20141123_1200_12,2014,11,12,False,False,False
31004_20141124_0000_00,2014,11,00,True,False,False
31004_20141124_1200_12,2014,11,12,False,False,True
31004_20141125_0000_00,2014,11,00,False,False,True
31004_20141125_1200_12,2014,11,12,False,False,True
31004_20141126_0000_00,2014,11,00,False,False,False
31004_20141126_1200_12,2014,11,12,False,False,True
31004_20141127_0000_00,2014,11,00,False,False,True
31004_20141127_1200_12,2014,11,12,False,False,False
31004_20141128_0000_00,2014,11,00,False,False,False
31004_20141128_1200_12,2014,11,12,False,False,False
31004_20141129_0000_00,2014,11,00,True,False,False
31004_20141129_1200_12,2014,11,12,False,False,False
31004_20141130_0000_00,2014,11,00,False,False,True
31004_20141130_1200_12,2014,11,12,False,False,True
31004_20141201_0000_00,2014,12,00,True,False,False
31004_20141201_1200_12,2014,12,12,True,False,True
31004_20141202_0000_00,2014,12,00,False,False,True
31004_20141202_1200_12,2014,12,12,False,False,False
31004_20141203_0000_00,2014,12,00,False,False,True
31004_20141203_1200_12,2014,12,12,False,False,True
31004_20141204_0000_00,2014,12,00,False,False,True
31004_20141204_1200_12,2014,12,12,False,False,True
31004_20141205_0000_00,2014,12,00,False,False,True
31004_20141205_1200_12,2014,12,12,False,False,True
31004_20141206_0000_00,2014,12,00,False,False,True
31004_20141206_1200_12,2014,12,12,False,False,True
31004_20141207_0000_00,2014,12,00,False,False,True
31004_20141207_1200_12,2014,12,12,False,False,False
31004_20141208_0000_00,2014,12,00,False,False,True
31004_20141208_1200_12,2014,12,12,False,False,False
31004_20141209_0000_00,2014,12,00,False,True,False
31004_20141209_1200_12,2014,12,12,False,False,True
31004_20141210_0000_00,2014,12,00,True,False,True
31004_20141210_1200_12,2014,12,12,False,False,True
31004_20141211_0000_00,2014,12,00,False,False,True
31004_20141211_1200_12,2014,12,12,False,False,True
31004_20141212_0000_00,2014,12,00,True,False,True
31004_20141212_1200_12,2014,12,12,True,False,True
31004_20141213_0000_00,2014,12,00,False,False,False
31004_20141213_1200_12,2014,12,12,False,False,True
31004_20141214_0000_00,2014,12,00,False,False,True
31004_20141214_1200_12,2014,12,12,False,False,False
31004_20141215_0000_00,2014,12,00,True,False,False
31004_20141215_1200_12,2014,12,12,True,False,True
31004_20141216_0000_00,2014,12,00,False,False,False
31004_20141216_1200_12,2014,12,12,False,False,False
31004_20141217_0000_00,2014,12,00,False,False,False
31004_20141217_1200_12,2014,12,12,True,False,False
31004_20141218_0000_00,2014,12,00,False,False,True
31004_20141218_1200_12,2014,12,12,False,False,True
31004_20141219_0000_00,2014,12,00,True,False,False
31004_20141219_1200_12,2014,12,12,False,False,False
31004_20141220_0000_00,2014,12,00,True,False,False
31004_20141220_1200_12,2014,12,12,False,False,False
31004_20141221_0000_00,2014,12,00,True,False,False
31004_20141221_1200_12,2014,12,12,True,False,False
31004_20141222_0000_00,2014,12,00,True,False,False
31004_20141222_1200_12,2014,12,12,False,False,True
31004_20141223_0000_00,2014,12,00,False,False,False
31004_20141223_1200_12,2014,12,12,False,False,True
31004_20141224_0000_00,2014,12,00,False,False,True
31004_20141224_1200_12,2014,12,12,False,False,False
31004_20141225_0000_00,2014,12,00,False,False,False
31004_20141225_1200_12,2014,12,12,False,False,False
31004_20141226_0000_00,2014,12,00,False,False,False
31004_20141226_1200_12,2014,12,12,False,False,False
31004_20141227_0000_00,2014,12,00,False,False,True
31004_20141227_1200_12,2014,12,12,False,False,False
31004_20141228_0000_00,2014,12,00,False,False,True
31004_20141228_1200_12,2014,12,12,False,False,True
31004_20141229_0000_00,2014,12,00,False,False,True
31004_20141229_1200_12,2014,12,12,False,False,True
31004_20141230_0000_00,2014,12,00,False,False,False
31004_20141230_1200_12,2014,12,12,False,False,False
31004_20141231_0000_00,2014,12,00,False,False,True
31004_20141231_1200_12,2014,12,12,False,False,False
31004_20150101_1200_12,2015,1,12,True,False,False
31004_20150102_1200_12,2015,1,12,False,False,False
31004_20150103_1200_12,2015,1,12,True,False,False
31004_20150104_1200_12,2015,1,12,False,False,False
31004_20150105_1200_12,2015,1,12,True,False,False
31004_20150106_1200_12,2015,1,12,False,False,False
31004_20150107_1200_12,2015,1,12,False,False,False
31004_20150108_1200_12,2015,1,12,False,False,False
31004_20150109_1200_12,2015,1,12,False,False,True
31004_20150110_1200_12,2015,1,12,False,False,False
31004_20150111_1200_12,2015,1,12,False,False,False
31004_20150112_1200_12,2015,1,12,False,False,False
31004_20150113_1200_12,2015,1,12,False,False,True
31004_20150114_1200_12,2015,1,12,False,True,False
31004_20150115_1200_12,2015,1,12,False,False,True
31004_20150116_1200_12,2015,1,12,False,False,True
31004_20150117_1200_12,2015,1,12,False,False,True
31004_20150118_1200_12,2015,1,12,False,False,True
31004_20150119_1200_12,2015,1,12,False,False,True
31004_20150120_1200_12,2015,1,12,False,False,True
31004_20150121_1200_12,2015,1,12,False,False,True
31004_20150122_1200_12,2015,1,12,False,False,True
31004_20150123_1200_12,2015,1,12,False,False,False
31004_20150124_1200_12,2015,1,12,True,False,False
31004_20150125_1200_12,2015,1,12,False,False,False
31004_20150126_1200_12,2015,1,12,False,False,False
31004_20150127_1200_12,2015,1,12,False,False,True
31004_20150128_1200_12,2015,1,12,True,False,False
31004_20150129_1200_12,2015,1,12,False,False,False
31004_20150130_1200_12,2015,1,12,False,False,False
31004_20150131_1200_12,2015,1,12,False,False,False
31004_20150201_1200_12,2015,2,12,False,False,False
31004_20150202_1200_12,2015,2,12,False,False,False
31004_20150203_1200_12,2015,2,12,False,False,True
31004_20150204_1200_12,2015,2,12,False,False,False
31004_20150205_1200_12,2015,2,12,False,False,False
31004_20150206_1200_12,2015,2,12,True,False,False
31004_20150207_1200_12,2015,2,12,False,False,True
31004_20150208_1200_12,2015,2,12,True,False,False
31004_20150209_1200_12,2015,2,12,False,False,False
31004_20150210_1200_12,2015,2,12,False,False,False
31004_20150211_1200_12,2015,2,12,True,False,False
31004_20150212_1200_12,2015,2,12,True,False,False
31004_20150213_1200_12,2015,2,12,True,False,True
31004_20150214_1200_12,2015,2,12,False,False,False
31004_20150215_1200_12,2015,2,12,False,False,False
31004_20150216_1200_12,2015,2,12,True,False,False
31004_20150217_1200_12,2015,2,12,True,False,False
31004_20150218_1200_12,2015,2,12,False,True,False
31004_20150219_1200_12,2015,2,12,False,False,True
31004_20150220_1200_12,2015,2,12,False,False,True
31004_20150221_1200_12,2015,2,12,True,False,False
31004_20150222_1200_12,2015,2,12,True,False,True
31004_20150223_1200_12,2015,2,12,True,False,False
31004_20150224_1200_12,2015,2,12,False,False,False
31004_20150225_1200_12,2015,2,12,True,False,False
31004_20150226_1200_12,2015,2,12,False,False,False
31004_20150227_1200_12,2015,2,12,True,False,False
31004_20150228_1200_12,2015,2,12,True,False,False
31004_20150301_1200_12,2015,3,12,True,False,False
31004_20150302_1200_12,2015,3,12,True,False,True
31004_20150303_1200_12,2015,3,12,True,False,True
31004_20150304_1200_12,2015,3,12,False,False,False
31004_20150305_1200_12,2015,3,12,False,False,False
31004_20150306_1200_12,2015,3,12,False,False,False
31004_20150307_1200_12,2015,3,12,False,False,True
31004_20150308_1200_12,2015,3,12,False,False,True
31004_20150309_1200_12,2015,3,12,True,False,False
31004_20150310_1200_12,2015,3,12,False,False,True
31004_20150311_1200_12,2015,3,12,False,False,False
31004_20150312_1200_12,2015,3,12,True,False,True
31004_20150313_1200_12,2015,3,12,True,False,False
31004_20150314_1200_12,2015,3,12,False,False,False
31004_20150315_1200_12,2015,3,12,True,False,False
31004_20150316_1200_12,2015,3,12,True,False,False
31004_20150317_1200_12,2015,3,12,True,False,False
31004_20150318_1200_12,2015,3,12,True,False,False
31004_20150319_1200_12,2015,3,12,True,False,False
31004_20150320_1200_12,2015,3,12,False,False,False
31004_20150321_1200_12,2015,3,12,False,False,False
31004_20150322_1200_12,2015,3,12,True,False,True
31004_20150323_1200_12,2015,3,12,False,True,False
31004_20150324_1200_12,2015,3,12,False,False,False
31004_20150325_1200_12,2015,3,12,False,False,False
31004_20150326_1200_12,2015,3,12,False,False,False
31004_20150327_1200_12,2015,3,12,True,False,False
31004_20150328_1200_12,2015,3,12,False,True,False
31004_20150329_1200_12,2015,3,12,True,False,False
31004_20150330_1200_12,2015,3,12,False,False,False
31004_20150331_1200_12,2015,3,12,False,False,False
31004_20150401_0000_00,2015,4,00,False,False,False
31004_20150401_1200_12,2015,4,12,False,False,False
31004_20150402_0000_00,2015,4,00,True,False,False
31004_20150402_1200_12,2015,4,12,False,False,False
31004_20150403_0000_00,2015,4,00,True,False,False
31004_20150403_1200_12,2015,4,12,False,False,False
31004_20150404_0000_00,2015,4,00,True,False,False
31004_20150404_1200_12,2015,4,12,False,False,False
31004_20150405_0000_00,2015,4,00,False,False,False
31004_20150405_1200_12,2015,4,12,False,False,False
31004_20150406_0000_00,2015,4,00,False,False,False
31004_20150406_1200_12,2015,4,12,False,False,False
31004_20150407_0000_00,2015,4,00,False,False,False
31004_20150407_1200_12,2015,4,12,False,False,False
31004_20150408_0000_00,2015,4,00,False,False,False
31004_20150408_1200_12,2015,4,12,False,False,False
31004_20150409_0000_00,2015,4,00,False,False,False
31004_20150409_1200_12,2015,4,12,False,False,False
31004_20150410_0000_00,2015,4,00,False,False,True
31004_20150410_1200_12,2015,4,12,True,False,False
31004_20150411_0000_00,2015,4,00,False,False,True
31004_20150411_1200_12,2015,4,12,False,False,True
31004_20150412_0000_00,2015,4,00,False,False,False
31004_20150412_1200_12,2015,4,12,False,False,False
31004_20150413_0000_00,2015,4,00,False,False,False
31004_20150413_1200_12,2015,4,12,False,False,False
31004_20150414_0000_00,2015,4,00,False,False,False
31004_20150414_1200_12,2015,4,12,True,False,True
31004_20150415_0000_00,2015,4,00,False,False,False
31004_20150415_1200_12,2015,4,12,False,False,True
31004_20150416_0000_00,2015,4,00,False,False,True
31004_20150416_1200_12,2015,4,12,False,False,False
31004_20150417_0000_00,2015,4,00,False,False,True
31004_20150417_1200_12,2015,4,12,False,False,True
31004_20150418_0000_00,2015,4,00,False,False,True
31004_20150418_1200_12,2015,4,12,False,False,True
31004_20150419_0000_00,2015,4,00,False,False,False
31004_20150419_1200_12,2015,4,12,True,False,True
31004_20150420_0000_00,2015,4,00,False,False,False
31004_20150420_1200_12,2015,4,12,True,False,False
31004_20150421_0000_00,2015,4,00,False,True,False
31004_20150421_1200_12,2015,4,12,True,False,False
31004_20150422_0000_00,2015,4,00,False,False,True
31004_20150422_1200_12,2015,4,12,True,False,False
31004_20150423_0000_00,2015,4,00,False,False,False
31004_20150423_1200_12,2015,4,12,False,False,False
31004_20150424_0000_00,2015,4,00,False,False,False
31004_20150424_1200_12,2015,4,12,False,False,False
31004_20150425_0000_00,2015,4,00,False,False,False
31004_20150425_1200_12,2015,4,12,False,False,False
31004_20150426_0000_00,2015,4,00,False,False,False
31004_20150426_1200_12,2015,4,12,False,False,False
31004_20150427_0000_00,2015,4,00,False,False,False
31004_20150427_1200_12,2015,4,12,False,False,False
31004_20150428_0000_00,2015,4,00,False,False,False
31004_20150428_1200_12,2015,4,12,True,False,False
31004_20150429_0000_00,2015,4,00,False,False,False
31004_20150429_1200_12,2015,4,12,True,False,False
31004_20150430_0000_00,2015,4,00,False,False,False
31004_20150430_1200_12,2015,4,12,False,False,False
31004_20150501_0000_00,2015,5,00,False,False,True
31004_20150501_1200_12,2015,5,12,True,False,False
31004_20150502_0000_00,2015,5,00,False,False,False
31004_20150502_1200_12,2015,5,12,False,False,False
31004_20150503_0000_00,2015,5,00,False,False,False
31004_20150503_1200_12,2015,5,12,False,False,False
31004_20150504_0000_00,2015,5,00,False,False,True
31004_20150504_1200_12,2015,5,12,False,False,False
31004_20150505_0000_00,2015,5,00,False,False,False
31004_20150505_1200_12,2015,5,12,False,False,True
31004_20150506_0000_00,2015,5,00,False,False,True
31004_20150506_1200_12,2015,5,12,False,False,True
31004_20150507_0000_00,2015,5,00,False,False,False
31004_20150507_1200_12,2015,5,12,False,False,False
31004_20150508_0000_00,2015,5,00,False,False,True
31004_20150508_1200_12,2015,5,12,False,False,False
31004_20150509_0000_00,2015,5,00,False,False,False
31004_20150509_1200_12,2015,5,12,False,False,False
31004_20150510_0000_00,2015,5,00,False,False,True
31004_20150510_1200_12,2015,5,12,False,False,True
31004_20150511_0000_00,2015,5,00,False,False,True
31004_20150511_1200_12,2015,5,12,False,False,False
31004_20150512_0000_00,2015,5,00,False,False,True
31004_20150512_1200_12,2015,5,12,True,False,False
31004_20150513_0000_00,2015,5,00,False,False,False
31004_20150513_1200_12,2015,5,12,False,False,False
31004_20150514_0000_00,2015,5,00,True,False,False
31004_20150514_1200_12,2015,5,12,False,False,True
31004_20150515_0000_00,2015,5,00,True,False,True
31004_20150515_1200_12,2015,5,12,False,False,False
31004_20150516_0000_00,2015,5,00,False,False,True
31004_20150516_1200_12,2015,5,12,False,False,False
31004_20150517_0000_00,2015,5,00,False,False,False
31004_20150517_1200_12,2015,5,12,False,False,False
31004_20150518_0000_00,2015,5,00,False,False,False
31004_20150518_1200_12,2015,5,12,False,False,False
31004_20150519_0000_00,2015,5,00,False,False,False
31004_20150519_1200_12,2015,5,12,False,False,False
31004_20150520_0000_00,2015,5,00,False,False,False
31004_20150520_1200_12,2015,5,12,False,False,False
31004_20150521_0000_00,2015,5,00,False,False,False
31004_20150521_1200_12,2015,5,12,False,False,False
31004_20150522_0000_00,2015,5,00,False,False,False
31004_20150523_0000_00,2015,5,00,False,False,True
31004_20150523_1200_12,2015,5,12,False,False,True
31004_20150524_0000_00,2015,5,00,False,False,False
31004_20150524_1200_12,2015,5,12,False,False,True
31004_20150525_0000_00,2015,5,00,False,False,True
31004_20150525_1200_12,2015,5,12,False,False,False
31004_20150526_0000_00,2015,5,00,False,False,False
31004_20150526_1200_12,2015,5,12,True,False,False
31004_20150527_0000_00,2015,5,00,False,False,False
31004_20150527_1200_12,2015,5,12,False,False,False
31004_20150528_0000_00,2015,5,00,True,False,False
31004_20150528_1200_12,2015,5,12,False,False,False
31004_20150529_0000_00,2015,5,00,False,False,False
31004_20150529_1200_12,2015,5,12,True,False,False
31004_20150530_0000_00,2015,5,00,False,False,False
31004_20150530_1200_12,2015,5,12,False,False,False
31004_20150531_0000_00,2015,5,00,False,False,False
31004_20150531_1200_12,2015,5,12,False,False,True
31004_20150601_0000_00,2015,6,00,False,False,False
31004_20150601_1200_12,2015,6,12,False,False,False
31004_20150602_0000_00,2015,6,00,False,False,False
31004_20150602_1200_12,2015,6,12,False,False,False
31004_20150603_0000_00,2015,6,00,False,False,False
31004_20150603_1200_12,2015,6,12,False,False,False
31004_20150604_0000_00,2015,6,00,False,False,False
31004_20150604_1200_12,2015,6,12,False,False,False
31004_20150605_0000_00,2015,6,00,False,False,False
31004_20150605_1200_12,2015,6,12,False,False,False
31004_20150606_0000_00,2015,6,00,False,False,False
31004_20150606_1200_12,2015,6,12,False,True,False
31004_20150607_0000_00,2015,6,00,False,False,False
31004_20150607_1200_12,2015,6,12,False,True,False
31004_20150608_0000_00,2015,6,00,False,False,False
31004_20150608_1200_12,2015,6,12,False,False,False
31004_20150609_0000_00,2015,6,00,False,False,False
31004_20150609_1200_12,2015,6,12,False,False,False
31004_20150610_0000_00,2015,6,00,False,False,False
31004_20150610_1200_12,2015,6,12,False,False,True
31004_20150611_0000_00,2015,6,00,False,False,True
31004_20150611_1200_12,2015,6,12,False,False,False
31004_20150612_0000_00,2015,6,00,False,False,False
31004_20150613_0000_00,2015,6,00,False,False,True
31004_20150613_1200_12,2015,6,12,False,False,False
31004_20150614_0000_00,2015,6,00,False,False,True
31004_20150614_1200_12,2015,6,12,False,False,False
31004_20150615_0000_00,2015,6,00,False,False,False
31004_20150615_1200_12,2015,6,12,True,False,False
31004_20150616_0000_00,2015,6,00,False,False,False
31004_20150616_1200_12,2015,6,12,False,False,False
31004_20150617_0000_00,2015,6,00,False,False,True
31004_20150617_1200_12,2015,6,12,False,False,False
31004_20150618_0000_00,2015,6,00,False,False,True
31004_20150618_1200_12,2015,6,12,False,False,True
31004_20150619_0000_00,2015,6,00,False,False,False
31004_20150619_1200_12,2015,6,12,True,False,False
31004_20150620_0000_00,2015,6,00,False,False,False
31004_20150620_1200_12,2015,6,12,False,False,False
31004_20150621_0000_00,2015,6,00,False,False,False
31004_20150621_1200_12,2015,6,12,False,False,False
31004_20150622_0000_00,2015,6,00,False,False,False
31004_20150623_1200_12,2015,6,12,False,False,False
31004_20150624_0000_00,2015,6,00,False,False,False
31004_20150624_1200_12,2015,6,12,False,False,False
31004_20150625_0000_00,2015,6,00,False,False,False
31004_20150625_1200_12,2015,6,12,False,False,False
31004_20150626_0000_00,2015,6,00,False,False,False
31004_20150626_1200_12,2015,6,12,False,False,False
31004_20150627_0000_00,2015,6,00,False,False,False
31004_20150627_1200_12,2015,6,12,False,False,True
31004_20150628_0000_00,2015,6,00,False,False,True
31004_20150628_1200_12,2015,6,12,False,False,False
31004_20150629_0000_00,2015,6,00,False,False,False
31004_20150629_1200_12,2015,6,12,False,False,False
31004_20150630_0000_00,2015,6,00,False,False,False
31004_20150630_1200_12,2015,6,12,True,False,True
31004_20150701_0000_00,2015,7,00,False,False,True
31004_20150701_1200_12,2015,7,12,False,False,False
31004_20150702_0000_00,2015,7,00,False,False,False
31004_20150702_1200_12,2015,7,12,False,True,False
31004_20150703_0000_00,2015,7,00,False,False,True
31004_20150703_1200_12,2015,7,12,False,False,False
31004_20150704_0000_00,2015,7,00,False,False,True
31004_20150704_1200_12,2015,7,12,False,False,False
31004_20150705_0000_00,2015,7,00,True,False,False
31004_20150705_1200_12,2015,7,12,False,False,False
31004_20150706_0000_00,2015,7,00,False,False,False
31004_20150706_1200_12,2015,7,12,False,False,False
31004_20150707_1200_12,2015,7,12,False,False,False
31004_20150708_0000_00,2015,7,00,False,False,False
31004_20150708_1200_12,2015,7,12,False,False,False
31004_20150709_0000_00,2015,7,00,False,False,False
31004_20150709_1200_12,2015,7,12,False,False,False
31004_20150710_0000_00,2015,7,00,False,False,True
31004_20150710_1200_12,2015,7,12,False,False,True
31004_20150711_0000_00,2015,7,00,False,False,False
31004_20150711_1200_12,2015,7,12,True,False,False
31004_20150712_0000_00,2015,7,00,True,False,False
31004_20150712_1200_12,2015,7,12,True,False,False
31004_20150713_0000_00,2015,7,00,False,False,False
31004_20150713_1200_12,2015,7,12,False,False,False
31004_20150714_0000_00,2015,7,00,False,False,False
31004_20150714_1200_12,2015,7,12,False,True,True
31004_20150715_0000_00,2015,7,00,False,False,True
31004_20150715_1200_12,2015,7,12,False,False,True
31004_20150716_0000_00,2015,7,00,False,False,False
31004_20150716_1200_12,2015,7,12,False,False,True
31004_20150717_0000_00,2015,7,00,False,False,True
31004_20150717_1200_12,2015,7,12,True,False,False
31004_20150718_0000_00,2015,7,00,False,False,False
31004_20150718_1200_12,2015,7,12,True,False,False
31004_20150719_0000_00,2015,7,00,False,False,False
31004_20150719_1200_12,2015,7,12,False,False,False
31004_20150720_0000_00,2015,7,00,False,False,False
31004_20150720_1200_12,2015,7,12,False,False,True
31004_20150721_0000_00,2015,7,00,False,False,False
31004_20150721_1200_12,2015,7,12,False,False,False
31004_20150722_0000_00,2015,7,00,False,False,False
31004_20150722_1200_12,2015,7,12,False,False,False
31004_20150723_0000_00,2015,7,00,False,False,False
31004_20150723_1200_12,2015,7,12,False,False,False
31004_20150724_0000_00,2015,7,00,False,False,True
31004_20150724_1200_12,2015,7,12,False,False,False
31004_20150725_0000_00,2015,7,00,False,False,False
31004_20150725_1200_12,2015,7,12,False,False,False
31004_20150726_0000_00,2015,7,00,False,False,True
31004_20150726_1200_12,2015,7,12,False,False,True
31004_20150727_0000_00,2015,7,00,False,False,False
31004_20150727_1200_12,2015,7,12,False,False,True
31004_20150728_0000_00,2015,7,00,False,False,False
31004_20150728_1200_12,2015,7,12,False,False,False
31004_20150729_0000_00,2015,7,00,False,False,True
31004_20150729_1200_12,2015,7,12,False,False,True
31004_20150730_0000_00,2015,7,00,False,False,False
31004_20150731_0000_00,2015,7,00,False,False,False
31004_20150731_1200_12,2015,7,12,True,False,False
31004_20150801_0000_00,2015,8,00,True,False,False
31004_20150801_1200_12,2015,8,12,False,False,False
31004_20150802_0000_00,2015,8,00,False,False,False
31004_20150802_1200_12,2015,8,12,False,False,False
31004_20150803_0000_00,2015,8,00,False,False,False
31004_20150803_1200_12,2015,8,12,False,False,False
31004_20150804_0000_00,2015,8,00,False,False,False
31004_20150804_1200_12,2015,8,12,False,False,True
31004_20150805_0000_00,2015,8,00,False,False,True
31004_20150805_1200_12,2015,8,12,True,False,True
31004_20150806_0000_00,2015,8,00,False,False,True
31004_20150806_1200_12,2015,8,12,True,False,True
31004_20150807_0000_00,2015,8,00,False,False,True
31004_20150807_1200_12,2015,8,12,True,False,True
31004_20150808_0000_00,2015,8,00,False,False,False
31004_20150808_1200_12,2015,8,12,True,False,False
31004_20150809_0000_00,2015,8,00,False,False,False
31004_20150809_1200_12,2015,8,12,True,False,False
31004_20150810_0000_00,2015,8,00,False,False,False
31004_20150810_1200_12,2015,8,12,False,False,False
31004_20150811_0000_00,2015,8,00,False,False,True
31004_20150811_1200_12,2015,8,12,False,False,False
31004_20150812_0000_00,2015,8,00,False,False,True
31004_20150812_1200_12,2015,8,12,False,True,False
31004_20150813_0000_00,2015,8,00,False,False,True
31004_20150813_1200_12,2015,8,12,True,False,False
31004_20150814_0000_00,2015,8,00,False,False,True
31004_20150814_1200_12,2015,8,12,False,False,False
31004_20150815_0000_00,2015,8,00,False,False,False
31004_20150815_1200_12,2015,8,12,False,False,True
31004_20150816_0000_00,2015,8,00,True,False,False
31004_20150816_1200_12,2015,8,12,True,False,False
31004_20150817_0000_00,2015,8,00,False,False,True
31004_20150817_1200_12,2015,8,12,False,False,True
31004_20150818_0000_00,2015,8,00,True,False,False
31004_20150818_1200_12,2015,8,12,True,False,False
31004_20150819_0000_00,2015,8,00,False,False,False
31004_20150819_1200_12,2015,8,12,True,False,False
31004_20150820_0000_00,2015,8,00,True,False,True
31004_20150820_1200_12,2015,8,12,True,False,True
31004_20150821_0000_00,2015,8,00,False,False,False
31004_20150821_1200_12,2015,8,12,True,False,True
31004_20150822_0000_00,2015,8,00,False,False,False
31004_20150822_1200_12,2015,8,12,True,False,False
31004_20150823_0000_00,2015,8,00,False,False,False
31004_20150823_1200_12,2015,8,12,True,False,False
31004_20150824_0000_00,2015,8,00,False,False,False
31004_20150824_1200_12,2015,8,12,True,False,True
31004_20150825_0000_00,2015,8,00,False,False,False
31004_20150825_1200_12,2015,8,12,True,False,False
31004_20150826_0000_00,2015,8,00,False,False,True
31004_20150826_1200_12,2015,8,12,True,False,False
31004_20150827_0000_00,2015,8,00,False,False,False
31004_20150828_0000_00,2015,8,00,False,False,False
31004_20150828_1200_12,2015,8,12,False,False,True
31004_20150829_0000_00,2015,8,00,False,False,True
31004_20150829_1200_12,2015,8,12,True,False,True
31004_20150830_0000_00,2015,8,00,True,False,False
31004_20150830_1200_12,2015,8,12,False,False,False
31004_20150831_0000_00,2015,8,00,False,False,False
31004_20150831_1200_12,2015,8,12,False,False,False
31004_20150901_0000_00,2015,9,00,False,False,True
31004_20150901_1200_12,2015,9,12,False,False,True
31004_20150902_0000_00,2015,9,00,False,False,False
31004_20150902_1200_12,2015,9,12,False,False,False
31004_20150903_0000_00,2015,9,00,False,False,True
31004_20150903_1200_12,2015,9,12,False,False,False
31004_20150904_0000_00,2015,9,00,False,False,False
31004_20150904_1200_12,2015,9,12,False,False,False
31004_20150905_0000_00,2015,9,00,False,False,False
31004_20150905_1200_12,2015,9,12,False,False,False
31004_20150906_0000_00,2015,9,00,True,False,True
31004_20150906_1200_12,2015,9,12,True,False,False
31004_20150907_0000_00,2015,9,00,True,False,False
31004_20150907_1200_12,2015,9,12,True,False,True
31004_20150908_0000_00,2015,9,00,True,False,False
31004_20150908_1200_12,2015,9,12,False,False,True
31004_20150909_0000_00,2015,9,00,False,False,True
31004_20150909_1200_12,2015,9,12,False,False,True
31004_20150910_0000_00,2015,9,00,False,False,False
31004_20150910_1200_12,2015,9,12,True,False,False
31004_20150911_0000_00,2015,9,00,False,False,False
31004_20150911_1200_12,2015,9,12,False,False,False
31004_20150912_0000_00,2015,9,00,False,False,False
31004_20150912_1200_12,2015,9,12,False,False,False
31004_20150913_0000_00,2015,9,00,False,False,False
31004_20150913_1200_12,2015,9,12,False,False,False
31004_20150914_0000_00,2015,9,00,False,False,True
31004_20150915_0000_00,2015,9,00,False,False,True
31004_20150915_1200_12,2015,9,12,False,False,True
31004_20150916_0000_00,2015,9,00,False,False,False
31004_20150917_0000_00,2015,9,00,False,False,False
31004_20150917_1200_12,2015,9,12,False,False,True
31004_20150918_0000_00,2015,9,00,False,False,True
31004_20150918_1200_12,2015,9,12,True,False,False
31004_20150919_0000_00,2015,9,00,False,False,False
31004_20150919_1200_12,2015,9,12,True,False,False
31004_20150920_0000_00,2015,9,00,True,False,True
31004_20150920_1200_12,2015,9,12,False,False,False
31004_20150921_0000_00,2015,9,00,False,False,False
31004_20150921_1200_12,2015,9,12,False,False,True
31004_20150922_0000_00,2015,9,00,True,False,True
31004_20150922_1200_12,2015,9,12,True,False,False
31004_20150923_0000_00,2015,9,00,False,False,True
31004_20150923_1200_12,2015,9,12,False,False,False
31004_20150924_0000_00,2015,9,00,False,False,False
31004_20150924_1200_12,2015,9,12,False,False,True
31004_20150925_0000_00,2015,9,00,True,False,True
31004_20150925_1200_12,2015,9,12,False,False,False
31004_20150926_0000_00,2015,9,00,False,False,True
31004_20150926_1200_12,2015,9,12,False,False,False
31004_20150927_0000_00,2015,9,00,False,True,True
31004_20150927_1200_12,2015,9,12,False,False,False
31004_20150928_0000_00,2015,9,00,False,True,True
31004_20150928_1200_12,2015,9,12,True,False,False
31004_20150929_0000_00,2015,9,00,False,False,True
31004_20150929_1200_12,2015,9,12,False,False,False
31004_20150930_0000_00,2015,9,00,True,False,False
31004_20150930_1200_12,2015,9,12,True,False,False
31004_20151001_0000_00,2015,10,00,False,False,False
31004_20151001_1200_12,2015,10,12,False,False,False
31004_20151002_0000_00,2015,10,00,False,False,False
31004_20151002_1200_12,2015,10,12,False,False,True
31004_20151003_0000_00,2015,10,00,False,False,True
31004_20151003_1200_12,2015,10,12,True,False,False
31004_20151004_0000_00,2015,10,00,False,False,True
31004_20151004_1200_12,2015,10,12,False,False,True
31004_20151005_0000_00,2015,10,00,False,False,True
31004_20151005_1200_12,2015,10,12,True,False,True
31004_20151006_0000_00,2015,10,00,False,False,False
31004_20151006_1200_12,2015,10,12,False,False,False
31004_20151007_0000_00,2015,10,00,False,False,False
31004_20151007_1200_12,2015,10,12,False,False,False
31004_20151008_0000_00,2015,10,00,False,False,False
31004_20151008_1200_12,2015,10,12,False,False,True
31004_20151009_0000_00,2015,10,00,False,False,True
31004_20151009_1200_12,2015,10,12,False,False,True
31004_20151010_0000_00,2015,10,00,False,False,True
31004_20151010_1200_12,2015,10,12,False,False,False
31004_20151011_0000_00,2015,10,00,False,False,False
31004_20151011_1200_12,2015,10,12,False,False,False
31004_20151012_0000_00,2015,10,00,False,False,True
31004_20151012_1200_12,2015,10,12,False,False,True
31004_20151013_0000_00,2015,10,00,True,False,False
31004_20151013_1200_12,2015,10,12,False,False,False
31004_20151014_0000_00,2015,10,00,False,False,True
31004_20151014_1200_12,2015,10,12,False,False,False
31004_20151015_0000_00,2015,10,00,False,False,False
31004_20151015_1200_12,2015,10,12,False,False,True
31004_20151016_0000_00,2015,10,00,False,False,True
31004_20151016_1200_12,2015,10,12,False,False,False
31004_20151017_0000_00,2015,10,00,False,False,False
31004_20151017_1200_12,2015,10,12,False,False,False
31004_20151018_0000_00,2015,10,00,False,False,False
31004_20151018_1200_12,2015,10,12,True,False,False
31004_20151019_0000_00,2015,10,00,False,False,False
31004_20151019_1200_12,2015,10,12,False,False,False
31004_20151020_0000_00,2015,10,00,False,False,False
31004_20151020_1200_12,2015,10,12,True,False,False
31004_20151021_0000_00,2015,10,00,True,False,True
31004_20151021_1200_12,2015,10,12,False,False,False
31004_20151022_0000_00,2015,10,00,True,False,True
31004_20151022_1200_12,2015,10,12,True,False,False
31004_20151023_0000_00,2015,10,00,True,False,False
31004_20151023_1200_12,2015,10,12,False,False,False
31004_20151024_0000_00,2015,10,00,False,False,False
31004_20151024_1200_12,2015,10,12,False,False,True
31004_20151025_0000_00,2015,10,00,True,False,True
31004_20151025_1200_12,2015,10,12,False,False,False
31004_20151026_0000_00,2015,10,00,False,False,False
31004_20151026_1200_12,2015,10,12,False,False,False
31004_20151027_0000_00,2015,10,00,False,False,True
31004_20151027_1200_12,2015,10,12,False,False,True
31004_20151028_0000_00,2015,10,00,False,False,True
31004_20151028_1200_12,2015,10,12,False,False,True
31004_20151029_0000_00,2015,10,00,False,False,True
31004_20151029_1200_12,2015,10,12,False,False,False
31004_20151030_0000_00,2015,10,00,False,False,True
31004_20151030_1200_12,2015,10,12,False,False,False
31004_20151031_0000_00,2015,10,00,False,False,True
31004_20151031_1200_12,2015,10,12,False,False,False
31004_20151101_0000_00,2015,11,00,False,False,False
31004_20151101_1200_12,2015,11,12,False,False,False
31004_20151102_0000_00,2015,11,00,False,False,False
31004_20151102_1200_12,2015,11,12,False,False,True
31004_20151103_0000_00,2015,11,00,False,False,True
31004_20151103_1200_12,2015,11,12,True,False,True
31004_20151104_0000_00,2015,11,00,False,False,True
31004_20151104_1200_12,2015,11,12,False,False,False
31004_20151105_0000_00,2015,11,00,False,False,False
31004_20151105_1200_12,2015,11,12,False,False,False
31004_20151106_0000_00,2015,11,00,False,False,True
31004_20151106_1200_12,2015,11,12,False,False,False
31004_20151107_0000_00,2015,11,00,False,False,False
31004_20151107_1200_12,2015,11,12,False,False,True
31004_20151108_0000_00,2015,11,00,False,True,False
31004_20151108_1200_12,2015,11,12,False,False,False
31004_20151109_0000_00,2015,11,00,False,False,True
31004_20151109_1200_12,2015,11,12,False,False,True
31004_20151110_0000_00,2015,11,00,True,False,True
31004_20151110_1200_12,2015,11,12,False,False,True
31004_20151111_0000_00,2015,11,00,False,False,True
31004_20151111_1200_12,2015,11,12,False,False,False
31004_20151112_0000_00,2015,11,00,False,False,False
31004_20151112_1200_12,2015,11,12,False,False,False
31004_20151113_0000_00,2015,11,00,False,True,False
31004_20151113_1200_12,2015,11,12,False,False,False
31004_20151114_0000_00,2015,11,00,False,False,False
31004_20151114_1200_12,2015,11,12,False,False,False
31004_20151115_0000_00,2015,11,00,False,False,True
31004_20151115_1200_12,2015,11,12,False,False,True
31004_20151116_0000_00,2015,11,00,False,False,True
31004_20151116_1200_12,2015,11,12,False,False,True
31004_20151117_0000_00,2015,11,00,False,False,True
31004_20151117_1200_12,2015,11,12,False,False,True
31004_20151118_0000_00,2015,11,00,False,False,True
31004_20151118_1200_12,2015,11,12,False,False,False
31004_20151119_0000_00,2015,11,00,False,False,True
31004_20151119_1200_12,2015,11,12,False,False,True
31004_20151120_0000_00,2015,11,00,False,False,True
31004_20151120_1200_12,2015,11,12,False,False,True
31004_20151121_0000_00,2015,11,00,False,False,True
31004_20151121_1200_12,2015,11,12,True,False,True
31004_20151122_0000_00,2015,11,00,False,False,True
31004_20151122_1200_12,2015,11,12,False,False,True
31004_20151123_0000_00,2015,11,00,False,False,True
31004_20151123_1200_12,2015,11,12,True,False,True
31004_20151124_0000_00,2015,11,00,False,False,False
31004_20151124_1200_12,2015,11,12,False,False,True
31004_20151125_0000_00,2015,11,00,False,False,True
31004_20151125_1200_12,2015,11,12,True,False,True
31004_20151126_0000_00,2015,11,00,False,False,True
31004_20151126_1200_12,2015,11,12,False,False,False
31004_20151127_0000_00,2015,11,00,False,False,True
31004_20151127_1200_12,2015,11,12,True,False,True
31004_20151128_0000_00,2015,11,00,False,False,True
31004_20151128_1200_12,2015,11,12,False,False,True
31004_20151129_0000_00,2015,11,00,False,False,True
31004_20151129_1200_12,2015,11,12,True,False,False
31004_20151130_0000_00,2015,11,00,True,False,False
31004_20151130_1200_12,2015,11,12,False,False,False
31004_20151201_0000_00,2015,12,00,True,False,True
31004_20151201_1200_12,2015,12,12,False,False,True
31004_20151202_0000_00,2015,12,00,True,False,True
31004_20151202_1200_12,2015,12,12,False,False,False
31004_20151203_0000_00,2015,12,00,False,False,True
31004_20151203_1200_12,2015,12,12,False,False,False
31004_20151204_0000_00,2015,12,00,False,False,False
31004_20151204_1200_12,2015,12,12,False,False,True
31004_20151205_0000_00,2015,12,00,False,False,True
31004_20151205_1200_12,2015,12,12,False,False,True
31004_20151206_0000_00,2015,12,00,False,False,False
31004_20151206_1200_12,2015,12,12,False,False,False
31004_20151207_0000_00,2015,12,00,False,False,True
31004_20151207_1200_12,2015,12,12,False,False,False
31004_20151208_0000_00,2015,12,00,False,False,False
31004_20151208_1200_12,2015,12,12,False,False,True
31004_20151209_0000_00,2015,12,00,False,False,False
31004_20151209_1200_12,2015,12,12,False,False,False
31004_20151210_0000_00,2015,12,00,False,False,True
31004_20151210_1200_12,2015,12,12,False,False,False
31004_20151211_0000_00,2015,12,00,False,False,True
31004_20151211_1200_12,2015,12,12,False,False,False
31004_20151212_0000_00,2015,12,00,False,False,False
31004_20151212_1200_12,2015,12,12,False,False,False
31004_20151213_0000_00,2015,12,00,False,False,False
31004_20151213_1200_12,2015,12,12,False,False,False
31004_20151214_0000_00,2015,12,00,False,False,False
31004_20151214_1200_12,2015,12,12,False,False,False
31004_20151215_0000_00,2015,12,00,False,False,False
31004_20151215_1200_12,2015,12,12,False,False,False
31004_20151216_0000_00,2015,12,00,True,False,True
31004_20151216_1200_12,2015,12,12,False,False,False
31004_20151217_0000_00,2015,12,00,False,False,False
31004_20151217_1200_12,2015,12,12,False,False,False
31004_20151218_0000_00,2015,12,00,False,False,True
31004_20151218_1200_12,2015,12,12,False,False,False
31004_20151219_0000_00,2015,12,00,False,False,False
31004_20151219_1200_12,2015,12,12,False,False,False
31004_20151220_0000_00,2015,12,00,False,False,True
31004_20151220_1200_12,2015,12,12,False,False,False
31004_20151221_0000_00,2015,12,00,False,False,False
31004_20151221_1200_12,2015,12,12,False,False,False
31004_20151222_0000_00,2015,12,00,False,True,False
31004_20151222_1200_12,2015,12,12,False,False,False
31004_20151223_0000_00,2015,12,00,False,False,False
31004_20151223_1200_12,2015,12,12,True,False,True
31004_20151224_0000_00,2015,12,00,True,False,True
31004_20151224_1200_12,2015,12,12,True,False,True
31004_20151225_0000_00,2015,12,00,True,False,False
31004_20151225_1200_12,2015,12,12,False,False,False
31004_20151226_0000_00,2015,12,00,False,False,True
31004_20151226_1200_12,2015,12,12,False,False,True
31004_20151227_0000_00,2015,12,00,False,False,True
31004_20151227_1200_12,2015,12,12,False,False,False
31004_20151228_0000_00,2015,12,00,True,False,True
31004_20151228_1200_12,2015,12,12,False,False,False
31004_20151229_0000_00,2015,12,00,False,False,True
31004_20151229_1200_12,2015,12,12,False,False,False
31004_20151230_0000_00,2015,12,00,False,False,False
31004_20151230_1200_12,2015,12,12,False,False,True
31004_20151231_0000_00,2015,12,00,True,False,False
31004_20151231_1200_12,2015,12,12,True,False,False
31004_20160101_0000_00,2016,1,00,False,False,True
31004_20160101_1200_12,2016,1,12,False,False,True
31004_20160102_0000_00,2016,1,00,False,False,True
31004_20160102_1200_12,2016,1,12,False,False,False
31004_20160103_0000_00,2016,1,00,False,False,False
31004_20160103_1200_12,2016,1,12,False,False,False
31004_20160104_0000_00,2016,1,00,False,False,True
31004_20160104_1200_12,2016,1,12,False,False,True
31004_20160105_0000_00,2016,1,00,False,False,False
31004_20160105_1200_12,2016,1,12,False,False,True
31004_20160106_0000_00,2016,1,00,False,False,True
31004_20160106_1200_12,2016,1,12,False,False,False
31004_20160107_0000_00,2016,1,00,False,False,False
31004_20160107_1200_12,2016,1,12,False,False,True
31004_20160108_0000_00,2016,1,00,False,False,False
31004_20160108_1200_12,2016,1,12,False,False,True
31004_20160109_0000_00,2016,1,00,False,False,True
31004_20160109_1200_12,2016,1,12,False,False,False
31004_20160110_0000_00,2016,1,00,False,False,True
31004_20160110_1200_12,2016,1,12,False,False,True
31004_20160111_0000_00,2016,1,00,False,False,True
31004_20160111_1200_12,2016,1,12,False,False,True
31004_20160112_0000_00,2016,1,00,False,False,False
31004_20160112_1200_12,2016,1,12,False,False,False
31004_20160113_0000_00,2016,1,00,False,False,True
31004_20160113_1200_12,2016,1,12,False,False,False
31004_20160114_0000_00,2016,1,00,False,False,False
31004_20160114_1200_12,2016,1,12,False,False,True
31004_20160115_0000_00,2016,1,00,False,False,True
31004_20160115_1200_12,2016,1,12,True,False,False
31004_20160116_0000_00,2016,1,00,False,True,False
31004_20160116_1200_12,2016,1,12,False,False,True
31004_20160117_0000_00,2016,1,00,False,False,True
31004_20160117_1200_12,2016,1,12,False,False,True
31004_20160118_0000_00,2016,1,00,True,False,False
31004_20160118_1200_12,2016,1,12,False,False,True
31004_20160119_0000_00,2016,1,00,True,False,False
31004_20160119_1200_12,2016,1,12,True,False,False
31004_20160120_0000_00,2016,1,00,False,False,False
31004_20160120_1200_12,2016,1,12,False,True,False
31004_20160121_0000_00,2016,1,00,False,False,True
31004_20160121_1200_12,2016,1,12,False,False,True
31004_20160123_0000_00,2016,1,00,False,True,True
31004_20160123_1200_12,2016,1,12,False,False,False
31004_20160124_0000_00,2016,1,00,False,False,True
31004_20160124_1200_12,2016,1,12,False,False,False
31004_20160125_0000_00,2016,1,00,False,False,False
31004_20160125_1200_12,2016,1,12,False,False,False
31004_20160126_0000_00,2016,1,00,False,False,True
31004_20160126_1200_12,2016,1,12,True,False,True
31004_20160127_0000_00,2016,1,00,False,False,True
31004_20160127_1200_12,2016,1,12,False,False,True
31004_20160128_0000_00,2016,1,00,False,False,False
31004_20160128_1200_12,2016,1,12,False,False,True
31004_20160129_0000_00,2016,1,00,False,False,False
31004_20160129_1200_12,2016,1,12,True,False,False
31004_20160130_0000_00,2016,1,00,True,False,True
31004_20160130_1200_12,2016,1,12,True,False,False
31004_20160131_0000_00,2016,1,00,False,False,False
31004_20160131_1200_12,2016,1,12,False,False,False
31004_20160201_0000_00,2016,2,00,False,False,True
31004_20160201_1200_12,2016,2,12,False,False,False
31004_20160202_0000_00,2016,2,00,False,False,True
31004_20160202_1200_12,2016,2,12,False,False,True
31004_20160203_0000_00,2016,2,00,False,False,False
31004_20160203_1200_12,2016,2,12,False,False,True
31004_20160204_0000_00,2016,2,00,False,False,False
31004_20160204_1200_12,2016,2,12,False,False,False
31004_20160205_0000_00,2016,2,00,False,False,False
31004_20160205_1200_12,2016,2,12,False,False,False
31004_20160206_0000_00,2016,2,00,True,False,False
31004_20160206_1200_12,2016,2,12,True,False,False
31004_20160207_0000_00,2016,2,00,True,False,False
31004_20160207_1200_12,2016,2,12,False,False,True
31004_20160208_0000_00,2016,2,00,True,False,False
31004_20160208_1200_12,2016,2,12,True,False,False
31004_20160209_0000_00,2016,2,00,True,False,True
31004_20160209_1200_12,2016,2,12,False,False,False
31004_20160210_0000_00,2016,2,00,True,False,False
31004_20160210_1200_12,2016,2,12,False,False,True
31004_20160211_0000_00,2016,2,00,False,False,False
31004_20160211_1200_12,2016,2,12,True,False,False
31004_20160212_0000_00,2016,2,00,False,False,True
31004_20160212_1200_12,2016,2,12,False,False,True
31004_20160213_0000_00,2016,2,00,False,False,False
31004_20160213_1200_12,2016,2,12,False,False,True
31004_20160214_0000_00,2016,2,00,False,True,True
31004_20160214_1200_12,2016,2,12,False,False,True
31004_20160215_0000_00,2016,2,00,False,False,False
31004_20160215_1200_12,2016,2,12,False,False,True
31004_20160216_0000_00,2016,2,00,False,False,True
31004_20160216_1200_12,2016,2,12,True,False,False
31004_20160217_0000_00,2016,2,00,False,False,False
31004_20160217_1200_12,2016,2,12,False,False,False
31004_20160218_0000_00,2016,2,00,False,False,True
31004_20160218_1200_12,2016,2,12,False,False,False
31004_20160219_0000_00,2016,2,00,False,False,True
31004_20160219_1200_12,2016,2,12,False,False,True
31004_20160220_0000_00,2016,2,00,False,False,True
31004_20160220_1200_12,2016,2,12,False,False,True
31004_20160221_0000_00,2016,2,00,True,False,True
31004_20160221_1200_12,2016,2,12,False,False,True
31004_20160222_0000_00,2016,2,00,False,False,True
31004_20160222_1200_12,2016,2,12,False,False,False
31004_20160223_0000_00,2016,2,00,False,False,True
31004_20160223_1200_12,2016,2,12,False,False,False
31004_20160224_0000_00,2016,2,00,True,False,True
31004_20160224_1200_12,2016,2,12,False,False,False
31004_20160225_0000_00,2016,2,00,False,False,False
31004_20160225_1200_12,2016,2,12,False,False,True
31004_20160226_0000_00,2016,2,00,True,False,False
31004_20160226_1200_12,2016,2,12,False,False,False
31004_20160227_0000_00,2016,2,00,True,False,False
31004_20160227_1200_12,2016,2,12,False,False,False
31004_20160228_0000_00,2016,2,00,False,False,True
31004_20160228_1200_12,2016,2,12,False,False,False
31004_20160229_0000_00,2016,2,00,False,False,False
31004_20160229_1200_12,2016,2,12,False,False,True
31004_20160301_0000_00,2016,3,00,False,False,True
31004_20160301_1200_12,2016,3,12,False,False,False
31004_20160302_0000_00,2016,3,00,False,False,False
31004_20160302_1200_12,2016,3,12,True,False,False
31004_20160303_0000_00,2016,3,00,True,False,False
31004_20160303_1200_12,2016,3,12,True,False,False
31004_20160304_0000_00,2016,3,00,True,False,False
31004_20160304_1200_12,2016,3,12,False,False,False
31004_20160305_0000_00,2016,3,00,False,True,False
31004_20160305_1200_12,2016,3,12,False,False,False
31004_20160306_0000_00,2016,3,00,False,False,False
31004_20160307_0000_00,2016,3,00,False,False,True
31004_20160307_1200_12,2016,3,12,False,False,False
31004_20160308_0000_00,2016,3,00,False,False,False
31004_20160308_1200_12,2016,3,12,False,False,False
31004_20160309_0000_00,2016,3,00,False,False,True
31004_20160309_1200_12,2016,3,12,False,False,True
31004_20160310_0000_00,2016,3,00,False,False,False
31004_20160310_1200_12,2016,3,12,False,False,False
31004_20160311_0000_00,2016,3,00,False,False,False
31004_20160311_1200_12,2016,3,12,False,False,False
31004_20160312_0000_00,2016,3,00,False,False,False
31004_20160312_1200_12,2016,3,12,False,False,True
31004_20160313_0000_00,2016,3,00,False,False,True
31004_20160313_1200_12,2016,3,12,False,False,True
31004_20160314_0000_00,2016,3,00,False,False,False
31004_20160314_1200_12,2016,3,12,True,False,False
31004_20160315_0000_00,2016,3,00,False,False,False
31004_20160315_1200_12,2016,3,12,True,False,False
31004_20160316_0000_00,2016,3,00,True,False,True
31004_20160316_1200_12,2016,3,12,False,False,False
31004_20160317_0000_00,2016,3,00,True,False,False
31004_20160317_1200_12,2016,3,12,False,False,False
31004_20160318_0000_00,2016,3,00,False,False,False
31004_20160318_1200_12,2016,3,12,True,False,False
31004_20160319_0000_00,2016,3,00,True,False,False
31004_20160319_1200_12,2016,3,12,True,False,False
31004_20160320_0000_00,2016,3,00,False,False,False
31004_20160320_1200_12,2016,3,12,False,False,False
31004_20160321_0000_00,2016,3,00,False,False,False
31004_20160321_1200_12,2016,3,12,False,False,False
31004_20160322_0000_00,2016,3,00,False,False,False
31004_20160322_1200_12,2016,3,12,True,False,False
31004_20160323_0000_00,2016,3,00,False,False,True
31004_20160323_1200_12,2016,3,12,False,False,False
31004_20160324_0000_00,2016,3,00,True,False,False
31004_20160324_1200_12,2016,3,12,True,False,False
31004_20160325_0000_00,2016,3,00,False,False,False
31004_20160325_1200_12,2016,3,12,False,False,False
31004_20160326_0000_00,2016,3,00,False,False,False
31004_20160326_1200_12,2016,3,12,True,False,False
31004_20160327_0000_00,2016,3,00,False,False,True
31004_20160327_1200_12,2016,3,12,False,True,False
31004_20160328_0000_00,2016,3,00,False,False,False
31004_20160328_1200_12,2016,3,12,False,False,False
31004_20160329_0000_00,2016,3,00,True,False,False
31004_20160329_1200_12,2016,3,12,True,False,True
31004_20160330_0000_00,2016,3,00,False,False,True
31004_20160330_1200_12,2016,3,12,False,False,True
31004_20160331_0000_00,2016,3,00,False,False,False
31004_20160331_1200_12,2016,3,12,True,False,False
31004_20160401_0000_00,2016,4,00,False,False,False
31004_20160401_1200_12,2016,4,12,False,False,False
31004_20160402_0000_00,2016,4,00,False,False,True
31004_20160402_1200_12,2016,4,12,False,False,False
31004_20160403_0000_00,2016,4,00,False,False,True
31004_20160403_1200_12,2016,4,12,False,False,False
31004_20160404_0000_00,2016,4,00,True,False,False
31004_20160404_1200_12,2016,4,12,False,False,False
31004_20160405_0000_00,2016,4,00,False,False,False
31004_20160406_0000_00,2016,4,00,False,False,False
31004_20160406_1200_12,2016,4,12,False,False,True
31004_20160407_0000_00,2016,4,00,False,False,True
31004_20160407_1200_12,2016,4,12,False,False,False
31004_20160408_0000_00,2016,4,00,False,False,True
31004_20160408_1200_12,2016,4,12,False,False,True
31004_20160409_0000_00,2016,4,00,False,False,True
31004_20160409_1200_12,2016,4,12,True,False,False
31004_20160410_0000_00,2016,4,00,False,False,False
31004_20160410_1200_12,2016,4,12,False,False,False
31004_20160411_0000_00,2016,4,00,True,False,False
31004_20160411_1200_12,2016,4,12,False,True,False
31004_20160412_0000_00,2016,4,00,False,False,False
31004_20160412_1200_12,2016,4,12,True,False,False
31004_20160413_0000_00,2016,4,00,False,False,False
31004_20160413_1200_12,2016,4,12,True,False,False
31004_20160414_0000_00,2016,4,00,True,False,False
31004_20160414_1200_12,2016,4,12,True,False,False
31004_20160415_0000_00,2016,4,00,False,False,False
31004_20160415_1200_12,2016,4,12,False,False,False
31004_20160416_0000_00,2016,4,00,False,False,False
31004_20160416_1200_12,2016,4,12,False,True,False
31004_20160417_0000_00,2016,4,00,False,False,False
31004_20160417_1200_12,2016,4,12,True,False,False
31004_20160418_0000_00,2016,4,00,False,False,False
31004_20160418_1200_12,2016,4,12,True,False,False
31004_20160419_0000_00,2016,4,00,False,False,False
31004_20160419_1200_12,2016,4,12,True,False,False
31004_20160420_0000_00,2016,4,00,False,False,False
31004_20160420_1200_12,2016,4,12,True,False,False
31004_20160421_0000_00,2016,4,00,False,False,False
31004_20160421_1200_12,2016,4,12,False,False,False
31004_20160422_0000_00,2016,4,00,False,False,False
31004_20160422_1200_12,2016,4,12,False,False,False
31004_20160423_0000_00,2016,4,00,False,False,False
31004_20160423_1200_12,2016,4,12,False,False,False
31004_20160424_0000_00,2016,4,00,False,False,False
31004_20160424_1200_12,2016,4,12,False,False,False
31004_20160425_0000_00,2016,4,00,False,False,True
31004_20160425_1200_12,2016,4,12,True,False,False
31004_20160426_0000_00,2016,4,00,False,False,True
31004_20160426_1200_12,2016,4,12,False,False,True
31004_20160427_0000_00,2016,4,00,False,False,True
31004_20160427_1200_12,2016,4,12,False,False,False
31004_20160428_0000_00,2016,4,00,False,False,False
31004_20160428_1200_12,2016,4,12,True,False,False
31004_20160429_0000_00,2016,4,00,False,False,False
31004_20160429_1200_12,2016,4,12,False,False,True
31004_20160430_0000_00,2016,4,00,False,False,False
31004_20160430_1200_12,2016,4,12,False,False,False
31004_20160501_0000_00,2016,5,00,False,False,False
31004_20160501_1200_12,2016,5,12,False,False,False
31004_20160502_0000_00,2016,5,00,False,False,False
31004_20160502_1200_12,2016,5,12,False,False,False
31004_20160503_0000_00,2016,5,00,False,False,False
31004_20160503_1200_12,2016,5,12,False,False,False
31004_20160504_0000_00,2016,5,00,False,False,False
31004_20160504_1200_12,2016,5,12,False,False,False
31004_20160505_0000_00,2016,5,00,False,False,False
31004_20160505_1200_12,2016,5,12,False,False,False
31004_20160506_0000_00,2016,5,00,False,False,False
31004_20160506_1200_12,2016,5,12,False,False,False
31004_20160507_0000_00,2016,5,00,False,False,False
31004_20160507_1200_12,2016,5,12,False,False,False
31004_20160508_0000_00,2016,5,00,False,False,False
31004_20160508_1200_12,2016,5,12,False,False,False
31004_20160509_0000_00,2016,5,00,False,False,False
31004_20160509_1200_12,2016,5,12,False,False,False
31004_20160510_0000_00,2016,5,00,False,False,False
31004_20160510_1200_12,2016,5,12,False,False,True
31004_20160511_0000_00,2016,5,00,False,False,False
31004_20160511_1200_12,2016,5,12,False,False,False
31004_20160512_0000_00,2016,5,00,False,False,False
31004_20160512_1200_12,2016,5,12,False,False,False
31004_20160513_0000_00,2016,5,00,False,False,False
31004_20160513_1200_12,2016,5,12,False,False,False
31004_20160514_0000_00,2016,5,00,False,False,False
31004_20160514_1200_12,2016,5,12,False,False,False
31004_20160515_0000_00,2016,5,00,False,False,False
31004_20160515_1200_12,2016,5,12,False,False,False
31004_20160516_0000_00,2016,5,00,False,False,True
31004_20160516_1200_12,2016,5,12,False,False,True
31004_20160517_0000_00,2016,5,00,False,False,False
31004_20160517_1200_12,2016,5,12,False,False,False
31004_20160518_0000_00,2016,5,00,False,False,False
31004_20160518_1200_12,2016,5,12,False,False,True
31004_20160519_0000_00,2016,5,00,False,False,False
31004_20160519_1200_12,2016,5,12,False,False,False
31004_20160520_0000_00,2016,5,00,False,False,False
31004_20160520_1200_12,2016,5,12,False,False,True
31004_20160521_0000_00,2016,5,00,False,False,False
31004_20160521_1200_12,2016,5,12,False,False,False
31004_20160522_0000_00,2016,5,00,False,False,False
31004_20160522_1200_12,2016,5,12,False,False,True
31004_20160523_0000_00,2016,5,00,False,False,False
31004_20160523_1200_12,2016,5,12,False,False,False
31004_20160524_0000_00,2016,5,00,False,False,True
31004_20160524_1200_12,2016,5,12,False,False,True
31004_20160525_0000_00,2016,5,00,False,False,True
31004_20160525_1200_12,2016,5,12,False,False,True
31004_20160526_0000_00,2016,5,00,False,False,True
31004_20160526_1200_12,2016,5,12,False,False,False
31004_20160527_0000_00,2016,5,00,False,False,False
31004_20160527_1200_12,2016,5,12,False,False,False
31004_20160528_0000_00,2016,5,00,False,False,False
31004_20160528_1200_12,2016,5,12,False,False,True
31004_20160529_0000_00,2016,5,00,False,False,True
31004_20160529_1200_12,2016,5,12,False,False,False
31004_20160530_0000_00,2016,5,00,False,True,True
31004_20160530_1200_12,2016,5,12,False,False,True
31004_20160531_0000_00,2016,5,00,False,False,True
31004_20160531_1200_12,2016,5,12,False,False,False
31004_20160601_0000_00,2016,6,00,False,False,False
31004_20160601_1200_12,2016,6,12,False,False,False
31004_20160602_0000_00,2016,6,00,False,False,False
31004_20160602_1200_12,2016,6,12,False,False,True
31004_20160603_0000_00,2016,6,00,False,False,False
31004_20160603_1200_12,2016,6,12,True,False,False
31004_20160604_0000_00,2016,6,00,False,False,False
31004_20160604_1200_12,2016,6,12,False,False,False
31004_20160605_0000_00,2016,6,00,False,False,False
31004_20160605_1200_12,2016,6,12,False,False,True
31004_20160606_0000_00,2016,6,00,False,False,False
31004_20160607_0000_00,2016,6,00,False,False,False
31004_20160607_1200_12,2016,6,12,False,False,False
31004_20160608_0000_00,2016,6,00,False,False,True
31004_20160608_1200_12,2016,6,12,False,False,False
31004_20160609_0000_00,2016,6,00,False,False,True
31004_20160609_1200_12,2016,6,12,False,False,True
31004_20160610_0000_00,2016,6,00,False,False,False
31004_20160610_1200_12,2016,6,12,False,False,False
31004_20160611_0000_00,2016,6,00,False,False,True
31004_20160611_1200_12,2016,6,12,False,False,False
31004_20160612_0000_00,2016,6,00,False,True,False
31004_20160612_1200_12,2016,6,12,False,False,False
31004_20160613_0000_00,2016,6,00,False,False,True
31004_20160613_1200_12,2016,6,12,False,False,False
31004_20160614_0000_00,2016,6,00,False,False,False
31004_20160614_1200_12,2016,6,12,True,False,False
31004_20160615_0000_00,2016,6,00,False,False,False
31004_20160615_1200_12,2016,6,12,False,False,True
31004_20160616_0000_00,2016,6,00,False,False,False
31004_20160616_1200_12,2016,6,12,False,False,True
31004_20160617_0000_00,2016,6,00,False,False,False
31004_20160617_1200_12,2016,6,12,False,False,False
31004_20160618_0000_00,2016,6,00,True,False,True
31004_20160618_1200_12,2016,6,12,False,False,True
31004_20160619_0000_00,2016,6,00,False,False,False
31004_20160619_1200_12,2016,6,12,False,False,True
31004_20160620_0000_00,2016,6,00,False,False,True
31004_20160620_1200_12,2016,6,12,False,False,False
31004_20160621_0000_00,2016,6,00,False,False,True
31004_20160621_1200_12,2016,6,12,False,False,False
31004_20160622_0000_00,2016,6,00,False,False,False
31004_20160622_1200_12,2016,6,12,False,False,False
31004_20160623_0000_00,2016,6,00,False,False,True
31004_20160623_1200_12,2016,6,12,False,False,False
31004_20160624_0000_00,2016,6,00,False,False,True
31004_20160624_1200_12,2016,6,12,False,False,True
31004_20160625_0000_00,2016,6,00,False,False,False
31004_20160625_1200_12,2016,6,12,True,False,False
31004_20160626_0000_00,2016,6,00,False,False,False
31004_20160626_1200_12,2016,6,12,False,False,False
31004_20160627_0000_00,2016,6,00,False,False,True
31004_20160627_1200_12,2016,6,12,False,False,True
31004_20160628_0000_00,2016,6,00,False,False,False
31004_20160628_1200_12,2016,6,12,False,False,False
31004_20160629_0000_00,2016,6,00,False,False,True
31004_20160629_1200_12,2016,6,12,False,False,False
31004_20160630_0000_00,2016,6,00,False,False,False
31004_20160630_1200_12,2016,6,12,False,False,False
31004_20160701_0000_00,2016,7,00,False,False,False
31004_20160701_1200_12,2016,7,12,False,False,False
31004_20160702_0000_00,2016,7,00,False,False,False
31004_20160702_1200_12,2016,7,12,False,False,False
31004_20160703_0000_00,2016,7,00,False,False,False
31004_20160703_1200_12,2016,7,12,True,False,False
31004_20160704_0000_00,2016,7,00,False,False,False
31004_20160704_1200_12,2016,7,12,False,False,True
31004_20160705_0000_00,2016,7,00,False,False,False
31004_20160705_1200_12,2016,7,12,False,False,False
31004_20160706_0000_00,2016,7,00,False,False,False
31004_20160706_1200_12,2016,7,12,False,False,False
31004_20160707_0000_00,2016,7,00,False,False,False
31004_20160707_1200_12,2016,7,12,False,False,False
31004_20160708_0000_00,2016,7,00,False,False,False
31004_20160709_0000_00,2016,7,00,False,False,False
31004_20160709_1200_12,2016,7,12,False,False,False
31004_20160710_0000_00,2016,7,00,False,False,False
31004_20160710_1200_12,2016,7,12,False,False,True
31004_20160711_0000_00,2016,7,00,False,False,False
31004_20160711_1200_12,2016,7,12,False,False,True
31004_20160712_0000_00,2016,7,00,False,False,False
31004_20160712_1200_12,2016,7,12,False,False,False
31004_20160713_0000_00,2016,7,00,True,False,False
31004_20160713_1200_12,2016,7,12,False,False,True
31004_20160714_0000_00,2016,7,00,False,False,False
31004_20160714_1200_12,2016,7,12,False,True,False
31004_20160715_0000_00,2016,7,00,False,False,False
31004_20160715_1200_12,2016,7,12,False,False,False
31004_20160716_0000_00,2016,7,00,False,False,False
31004_20160716_1200_12,2016,7,12,False,False,True
31004_20160717_0000_00,2016,7,00,False,False,False
31004_20160717_1200_12,2016,7,12,False,False,False
31004_20160718_0000_00,2016,7,00,False,False,False
31004_20160718_1200_12,2016,7,12,False,False,False
31004_20160719_0000_00,2016,7,00,False,False,False
31004_20160719_1200_12,2016,7,12,False,False,False
31004_20160720_0000_00,2016,7,00,False,False,True
31004_20160720_1200_12,2016,7,12,False,False,False
31004_20160721_0000_00,2016,7,00,False,False,True
31004_20160721_1200_12,2016,7,12,False,False,False
31004_20160722_0000_00,2016,7,00,False,False,False
31004_20160722_1200_12,2016,7,12,False,False,False
31004_20160723_0000_00,2016,7,00,False,False,False
31004_20160723_1200_12,2016,7,12,False,False,False
31004_20160724_0000_00,2016,7,00,False,False,True
31004_20160724_1200_12,2016,7,12,False,False,True
31004_20160725_0000_00,2016,7,00,False,False,True
31004_20160725_1200_12,2016,7,12,False,False,False
31004_20160726_0000_00,2016,7,00,False,False,True
31004_20160726_1200_12,2016,7,12,False,False,False
31004_20160727_0000_00,2016,7,00,False,False,True
31004_20160727_1200_12,2016,7,12,False,False,True
31004_20160728_0000_00,2016,7,00,False,False,False
31004_20160728_1200_12,2016,7,12,True,False,False
31004_20160729_0000_00,2016,7,00,False,False,False
31004_20160729_1200_12,2016,7,12,True,False,False
31004_20160730_0000_00,2016,7,00,False,False,False
31004_20160730_1200_12,2016,7,12,False,False,True
31004_20160731_0000_00,2016,7,00,False,False,False
31004_20160731_1200_12,2016,7,12,True,False,True
31004_20160801_0000_00,2016,8,00,False,False,True
31004_20160801_1200_12,2016,8,12,False,False,False
31004_20160802_0000_00,2016,8,00,False,False,False
31004_20160802_1200_12,2016,8,12,False,False,True
31004_20160803_0000_00,2016,8,00,False,False,False
31004_20160803_1200_12,2016,8,12,False,False,False
31004_20160804_0000_00,2016,8,00,False,False,True
31004_20160804_1200_12,2016,8,12,False,False,False
31004_20160805_0000_00,2016,8,00,False,False,False
31004_20160805_1200_12,2016,8,12,True,False,False
31004_20160806_0000_00,2016,8,00,False,False,False
31004_20160806_1200_12,2016,8,12,False,False,False
31004_20160807_0000_00,2016,8,00,False,False,False
31004_20160807_1200_12,2016,8,12,True,False,True
31004_20160808_1200_12,2016,8,12,False,False,False
31004_20160809_0000_00,2016,8,00,False,False,False
31004_20160809_1200_12,2016,8,12,False,True,True
31004_20160810_0000_00,2016,8,00,False,False,True
31004_20160810_1200_12,2016,8,12,True,False,False
31004_20160811_0000_00,2016,8,00,False,True,False
31004_20160811_1200_12,2016,8,12,False,False,True
31004_20160812_0000_00,2016,8,00,False,False,True
31004_20160812_1200_12,2016,8,12,False,True,False
31004_20160813_0000_00,2016,8,00,True,False,False
31004_20160813_1200_12,2016,8,12,False,False,False
31004_20160814_0000_00,2016,8,00,False,False,False
31004_20160814_1200_12,2016,8,12,False,True,True
31004_20160815_0000_00,2016,8,00,False,False,False
31004_20160815_1200_12,2016,8,12,False,False,False
31004_20160816_0000_00,2016,8,00,False,False,False
31004_20160817_0000_00,2016,8,00,False,False,False
31004_20160817_1200_12,2016,8,12,False,False,True
31004_20160818_0000_00,2016,8,00,False,False,True
31004_20160818_1200_12,2016,8,12,True,False,True
31004_20160819_0000_00,2016,8,00,True,False,False
31004_20160819_1200_12,2016,8,12,True,False,False
31004_20160820_0000_00,2016,8,00,False,False,False
31004_20160820_1200_12,2016,8,12,True,False,False
31004_20160821_0000_00,2016,8,00,False,False,True
31004_20160821_1200_12,2016,8,12,True,False,False
31004_20160822_0000_00,2016,8,00,False,False,True
31004_20160822_1200_12,2016,8,12,True,False,False
31004_20160823_0000_00,2016,8,00,False,False,True
31004_20160823_1200_12,2016,8,12,False,False,False
31004_20160824_0000_00,2016,8,00,False,False,False
31004_20160824_1200_12,2016,8,12,False,False,False
31004_20160825_0000_00,2016,8,00,False,False,False
31004_20160825_1200_12,2016,8,12,True,False,False
31004_20160826_0000_00,2016,8,00,False,False,False
31004_20160826_1200_12,2016,8,12,False,False,True
31004_20160827_0000_00,2016,8,00,False,False,True
31004_20160827_1200_12,2016,8,12,False,False,False
31004_20160828_0000_00,2016,8,00,False,False,False
31004_20160828_1200_12,2016,8,12,True,False,True
31004_20160829_0000_00,2016,8,00,False,False,True
31004_20160829_1200_12,2016,8,12,True,False,False
31004_20160830_0000_00,2016,8,00,False,False,True
31004_20160830_1200_12,2016,8,12,False,False,True
31004_20160831_0000_00,2016,8,00,True,False,False
31004_20160831_1200_12,2016,8,12,False,False,False
31004_20160901_0000_00,2016,9,00,False,False,True
31004_20160901_1200_12,2016,9,12,False,False,False
31004_20160902_0000_00,2016,9,00,False,False,True
31004_20160902_1200_12,2016,9,12,False,False,False
31004_20160903_0000_00,2016,9,00,False,False,False
31004_20160903_1200_12,2016,9,12,False,False,False
31004_20160904_0000_00,2016,9,00,False,False,True
31004_20160904_1200_12,2016,9,12,False,False,False
31004_20160905_0000_00,2016,9,00,False,False,False
31004_20160905_1200_12,2016,9,12,True,False,False
31004_20160906_1200_12,2016,9,12,False,False,False
31004_20160907_0000_00,2016,9,00,False,False,False
31004_20160907_1200_12,2016,9,12,False,False,True
31004_20160908_0000_00,2016,9,00,False,False,False
31004_20160908_1200_12,2016,9,12,False,False,True
31004_20160909_0000_00,2016,9,00,False,False,False
31004_20160909_1200_12,2016,9,12,False,False,True
31004_20160910_0000_00,2016,9,00,False,False,True
31004_20160910_1200_12,2016,9,12,True,False,False
31004_20160911_0000_00,2016,9,00,False,False,True
31004_20160911_1200_12,2016,9,12,True,False,False
31004_20160912_0000_00,2016,9,00,False,False,False
31004_20160912_1200_12,2016,9,12,True,False,False
31004_20160913_0000_00,2016,9,00,False,False,False
31004_20160913_1200_12,2016,9,12,True,False,False
31004_20160914_0000_00,2016,9,00,False,False,False
31004_20160914_1200_12,2016,9,12,True,False,False
31004_20160915_0000_00,2016,9,00,False,True,False
31004_20160915_1200_12,2016,9,12,True,False,False
31004_20160916_0000_00,2016,9,00,True,False,False
31004_20160916_1200_12,2016,9,12,True,False,True
31004_20160917_0000_00,2016,9,00,False,False,True
31004_20160917_1200_12,2016,9,12,True,False,False
31004_20160918_0000_00,2016,9,00,False,False,False
31004_20160918_1200_12,2016,9,12,False,False,False
31004_20160919_0000_00,2016,9,00,False,False,False
31004_20160919_1200_12,2016,9,12,False,False,False
31004_20160920_0000_00,2016,9,00,True,False,True
31004_20160920_1200_12,2016,9,12,True,False,False
31004_20160921_0000_00,2016,9,00,True,False,False
31004_20160921_1200_12,2016,9,12,True,False,False
31004_20160922_0000_00,2016,9,00,False,False,False
31004_20160922_1200_12,2016,9,12,False,False,False
31004_20160923_0000_00,2016,9,00,True,False,False
31004_20160923_1200_12,2016,9,12,False,False,True
31004_20160924_0000_00,2016,9,00,False,False,False
31004_20160924_1200_12,2016,9,12,False,False,False
31004_20160925_0000_00,2016,9,00,False,False,False
31004_20160925_1200_12,2016,9,12,False,False,False
31004_20160926_0000_00,2016,9,00,False,False,False
31004_20160926_1200_12,2016,9,12,False,False,True
31004_20160927_0000_00,2016,9,00,False,False,True
31004_20160927_1200_12,2016,9,12,False,False,False
31004_20160928_0000_00,2016,9,00,False,False,False
31004_20160928_1200_12,2016,9,12,False,False,False
31004_20160929_0000_00,2016,9,00,False,False,True
31004_20160929_1200_12,2016,9,12,False,False,False
31004_20160930_0000_00,2016,9,00,False,True,False
31004_20160930_1200_12,2016,9,12,False,True,False
31004_20161001_0000_00,2016,10,00,False,False,True
31004_20161001_1200_12,2016,10,12,False,False,True
31004_20161002_0000_00,2016,10,00,False,False,True
31004_20161002_1200_12,2016,10,12,False,False,True
31004_20161003_0000_00,2016,10,00,False,False,True
31004_20161003_1200_12,2016,10,12,False,False,False
31004_20161004_0000_00,2016,10,00,False,False,False
31004_20161004_1200_12,2016,10,12,False,False,False
31004_20161005_0000_00,2016,10,00,False,False,False
31004_20161005_1200_12,2016,10,12,False,False,True
31004_20161006_0000_00,2016,10,00,False,False,False
31004_20161006_1200_12,2016,10,12,False,False,False
31004_20161007_0000_00,2016,10,00,False,False,False
31004_20161007_1200_12,2016,10,12,False,False,True
31004_20161008_0000_00,2016,10,00,False,False,True
31004_20161008_1200_12,2016,10,12,False,False,True
31004_20161009_0000_00,2016,10,00,False,False,True
31004_20161009_1200_12,2016,10,12,False,False,True
31004_20161010_0000_00,2016,10,00,False,False,True
31004_20161010_1200_12,2016,10,12,False,False,True
31004_20161011_0000_00,2016,10,00,False,False,False
31004_20161011_1200_12,2016,10,12,False,False,False
31004_20161012_0000_00,2016,10,00,False,False,True
31004_20161012_1200_12,2016,10,12,False,False,True
31004_20161013_0000_00,2016,10,00,False,False,True
31004_20161013_1200_12,2016,10,12,False,False,True
31004_20161014_0000_00,2016,10,00,True,False,True
31004_20161014_1200_12,2016,10,12,True,False,True
31004_20161015_0000_00,2016,10,00,False,False,False
31004_20161015_1200_12,2016,10,12,True,False,False
31004_20161016_0000_00,2016,10,00,False,False,True
31004_20161016_1200_12,2016,10,12,False,False,False
31004_20161017_0000_00,2016,10,00,False,False,True
31004_20161017_1200_12,2016,10,12,False,False,False
31004_20161018_0000_00,2016,10,00,False,False,False
31004_20161018_1200_12,2016,10,12,False,False,False
31004_20161019_0000_00,2016,10,00,True,False,False
31004_20161019_1200_12,2016,10,12,False,False,True
31004_20161020_0000_00,2016,10,00,False,False,True
31004_20161020_1200_12,2016,10,12,False,False,False
31004_20161021_0000_00,2016,10,00,True,False,True
31004_20161021_1200_12,2016,10,12,False,False,True
31004_20161022_0000_00,2016,10,00,False,False,False
31004_20161022_1200_12,2016,10,12,False,False,True
31004_20161023_0000_00,2016,10,00,False,False,False
31004_20161023_1200_12,2016,10,12,False,False,False
31004_20161024_0000_00,2016,10,00,False,False,False
31004_20161024_1200_12,2016,10,12,False,False,False
31004_20161025_0000_00,2016,10,00,False,False,True
31004_20161025_1200_12,2016,10,12,False,False,True
31004_20161026_0000_00,2016,10,00,False,False,True
31004_20161026_1200_12,2016,10,12,False,False,False
31004_20161027_0000_00,2016,10,00,False,False,True
31004_20161027_1200_12,2016,10,12,False,False,False
31004_20161028_0000_00,2016,10,00,False,False,True
31004_20161028_1200_12,2016,10,12,False,False,False
31004_20161029_0000_00,2016,10,00,False,False,True
31004_20161029_1200_12,2016,10,12,False,False,False
31004_20161030_0000_00,2016,10,00,False,False,True
31004_20161030_1200_12,2016,10,12,False,False,True
31004_20161031_0000_00,2016,10,00,False,False,False
31004_20161031_1200_12,2016,10,12,False,False,True
31004_20161101_0000_00,2016,11,00,False,False,False
31004_20161101_1200_12,2016,11,12,True,False,False
31004_20161102_0000_00,2016,11,00,False,False,True
31004_20161102_1200_12,2016,11,12,False,False,False
31004_20161103_0000_00,2016,11,00,False,False,True
31004_20161103_1200_12,2016,11,12,False,False,False
31004_20161104_0000_00,2016,11,00,False,False,True
31004_20161104_1200_12,2016,11,12,False,False,True
31004_20161105_0000_00,2016,11,00,False,False,False
31004_20161105_1200_12,2016,11,12,False,False,False
31004_20161106_0000_00,2016,11,00,False,False,True
31004_20161106_1200_12,2016,11,12,False,False,False
31004_20161107_0000_00,2016,11,00,False,False,True
31004_20161107_1200_12,2016,11,12,False,False,False
31004_20161108_0000_00,2016,11,00,False,False,True
31004_20161108_1200_12,2016,11,12,True,False,False
31004_20161109_0000_00,2016,11,00,False,False,True
31004_20161109_1200_12,2016,11,12,False,False,True
31004_20161110_0000_00,2016,11,00,False,False,False
31004_20161110_1200_12,2016,11,12,True,False,False
31004_20161111_0000_00,2016,11,00,True,False,False
31004_20161111_1200_12,2016,11,12,False,False,False
31004_20161112_0000_00,2016,11,00,True,False,True
31004_20161112_1200_12,2016,11,12,False,True,False
31004_20161113_0000_00,2016,11,00,True,False,False
31004_20161113_1200_12,2016,11,12,False,False,False
31004_20161114_0000_00,2016,11,00,False,False,False
31004_20161114_1200_12,2016,11,12,False,False,True
31004_20161115_0000_00,2016,11,00,False,False,True
31004_20161115_1200_12,2016,11,12,False,False,False
31004_20161116_0000_00,2016,11,00,False,False,False
31004_20161116_1200_12,2016,11,12,True,False,False
31004_20161117_0000_00,2016,11,00,False,False,True
31004_20161117_1200_12,2016,11,12,False,False,True
31004_20161118_0000_00,2016,11,00,False,False,True
31004_20161118_1200_12,2016,11,12,False,False,True
31004_20161119_0000_00,2016,11,00,False,False,True
31004_20161119_1200_12,2016,11,12,False,False,True
31004_20161120_0000_00,2016,11,00,False,False,False
31004_20161120_1200_12,2016,11,12,False,False,False
31004_20161121_0000_00,2016,11,00,True,False,False
31004_20161121_1200_12,2016,11,12,False,False,False
31004_20161122_0000_00,2016,11,00,True,False,False
31004_20161122_1200_12,2016,11,12,False,False,True
31004_20161123_0000_00,2016,11,00,True,False,True
31004_20161123_1200_12,2016,11,12,True,False,True
31004_20161124_0000_00,2016,11,00,True,False,False
31004_20161124_1200_12,2016,11,12,True,False,True
31004_20161125_0000_00,2016,11,00,True,False,True
31004_20161125_1200_12,2016,11,12,True,False,False
31004_20161126_0000_00,2016,11,00,False,False,False
31004_20161126_1200_12,2016,11,12,True,False,False
31004_20161127_0000_00,2016,11,00,True,False,False
31004_20161127_1200_12,2016,11,12,False,False,True
31004_20161128_0000_00,2016,11,00,False,True,False
31004_20161128_1200_12,2016,11,12,False,False,False
31004_20161129_0000_00,2016,11,00,False,False,False
31004_20161129_1200_12,2016,11,12,True,False,False
31004_20161130_0000_00,2016,11,00,False,False,False
31004_20161130_1200_12,2016,11,12,False,False,False
31004_20161202_0000_00,2016,12,00,False,False,False
31004_20161202_1200_12,2016,12,12,False,False,False
31004_20161203_0000_00,2016,12,00,False,False,True
31004_20161203_1200_12,2016,12,12,False,False,False
31004_20161204_0000_00,2016,12,00,False,False,True
31004_20161204_1200_12,2016,12,12,False,False,True
31004_20161205_0000_00,2016,12,00,False,False,True
31004_20161205_1200_12,2016,12,12,False,False,True
31004_20161206_0000_00,2016,12,00,False,False,False
31004_20161206_1200_12,2016,12,12,False,False,False
31004_20161207_0000_00,2016,12,00,True,False,False
31004_20161207_1200_12,2016,12,12,True,False,False
31004_20161208_0000_00,2016,12,00,True,False,True
31004_20161208_1200_12,2016,12,12,False,False,True
31004_20161209_0000_00,2016,12,00,False,False,True
31004_20161209_1200_12,2016,12,12,False,False,False
31004_20161210_0000_00,2016,12,00,False,False,False
31004_20161210_1200_12,2016,12,12,True,False,False
31004_20161211_0000_00,2016,12,00,False,False,False
31004_20161211_1200_12,2016,12,12,False,False,True
31004_20161212_0000_00,2016,12,00,False,False,False
31004_20161212_1200_12,2016,12,12,False,False,False
31004_20161213_0000_00,2016,12,00,False,False,False
31004_20161213_1200_12,2016,12,12,False,False,True
31004_20161214_0000_00,2016,12,00,True,False,False
31004_20161214_1200_12,2016,12,12,False,True,False
31004_20161215_0000_00,2016,12,00,False,False,True
31004_20161215_1200_12,2016,12,12,False,False,False
31004_20161216_0000_00,2016,12,00,False,False,True
31004_20161216_1200_12,2016,12,12,True,False,False
31004_20161217_0000_00,2016,12,00,False,False,False
31004_20161217_1200_12,2016,12,12,False,False,False
31004_20161218_0000_00,2016,12,00,False,False,True
31004_20161218_1200_12,2016,12,12,False,False,False
31004_20161219_0000_00,2016,12,00,True,False,False
31004_20161219_1200_12,2016,12,12,False,False,False
31004_20161220_0000_00,2016,12,00,False,False,True
31004_20161220_1200_12,2016,12,12,True,False,False
31004_20161221_0000_00,2016,12,00,False,False,False
31004_20161221_1200_12,2016,12,12,False,False,False
31004_20161222_0000_00,2016,12,00,False,False,False
31004_20161222_1200_12,2016,12,12,True,False,False
31004_20161223_0000_00,2016,12,00,False,False,True
31004_20161223_1200_12,2016,12,12,False,False,True
31004_20161224_0000_00,2016,12,00,False,False,False
31004_20161224_1200_12,2016,12,12,True,False,False
31004_20161225_0000_00,2016,12,00,False,False,True
31004_20161225_1200_12,2016,12,12,False,False,True
31004_20161226_0000_00,2016,12,00,True,False,False
31004_20161226_1200_12,2016,12,12,False,True,False
31004_20161227_0000_00,2016,12,00,False,False,True
31004_20161227_1200_12,2016,12,12,False,False,True
31004_20161228_0000_00,2016,12,00,False,False,True
31004_20161228_1200_12,2016,12,12,False,False,False
31004_20161229_0000_00,2016,12,00,False,False,True
31004_20161229_1200_12,2016,12,12,False,False,False
31004_20161230_0000_00,2016,12,00,False,False,True
31004_20161230_1200_12,2016,12,12,False,False,True
31004_20161231_0000_00,2016,12,00,False,False,True
31004_20161231_1200_12,2016,12,12,False,False,True
31004_20170101_0000_00,2017,1,00,False,False,True
31004_20170101_1200_12,2017,1,12,False,False,False
31004_20170102_0000_00,2017,1,00,False,False,False
31004_20170102_1200_12,2017,1,12,False,False,False
31004_20170103_0000_00,2017,1,00,False,False,False
31004_20170103_1200_12,2017,1,12,False,False,False
31004_20170104_0000_00,2017,1,00,True,False,False
31004_20170104_1200_12,2017,1,12,False,False,False
31004_20170105_0000_00,2017,1,00,False,False,True
31004_20170105_1200_12,2017,1,12,True,False,True
31004_20170106_0000_00,2017,1,00,False,False,False
31004_20170106_1200_12,2017,1,12,False,False,True
31004_20170107_0000_00,2017,1,00,False,True,False
31004_20170107_1200_12,2017,1,12,False,True,False
31004_20170108_0000_00,2017,1,00,False,False,True
31004_20170108_1200_12,2017,1,12,False,False,True
31004_20170109_0000_00,2017,1,00,False,True,False
31004_20170109_1200_12,2017,1,12,False,False,True
31004_20170110_0000_00,2017,1,00,False,False,True
31004_20170110_1200_12,2017,1,12,False,False,True
31004_20170111_0000_00,2017,1,00,False,False,True
31004_20170111_1200_12,2017,1,12,False,False,True
31004_20170112_0000_00,2017,1,00,False,False,False
31004_20170112_1200_12,2017,1,12,False,False,False
31004_20170113_0000_00,2017,1,00,False,False,True
31004_20170113_1200_12,2017,1,12,False,False,True
31004_20170114_0000_00,2017,1,00,True,False,True
31004_20170114_1200_12,2017,1,12,True,False,False
31004_20170115_0000_00,2017,1,00,True,False,False
31004_20170115_1200_12,2017,1,12,False,False,True
31004_20170116_0000_00,2017,1,00,False,False,False
31004_20170116_1200_12,2017,1,12,False,False,False
31004_20170117_0000_00,2017,1,00,False,False,False
31004_20170117_1200_12,2017,1,12,False,True,False
31004_20170118_0000_00,2017,1,00,False,False,False
31004_20170118_1200_12,2017,1,12,False,False,False
31004_20170119_0000_00,2017,1,00,False,False,False
31004_20170119_1200_12,2017,1,12,False,False,False
31004_20170120_0000_00,2017,1,00,False,False,False
31004_20170120_1200_12,2017,1,12,False,False,False
31004_20170121_0000_00,2017,1,00,False,False,False
31004_20170121_1200_12,2017,1,12,False,False,True
31004_20170122_0000_00,2017,1,00,False,False,False
31004_20170122_1200_12,2017,1,12,False,False,False
31004_20170123_0000_00,2017,1,00,False,False,True
31004_20170123_1200_12,2017,1,12,False,False,True
31004_20170124_0000_00,2017,1,00,False,False,True
31004_20170124_1200_12,2017,1,12,False,False,True
31004_20170125_0000_00,2017,1,00,False,False,False
31004_20170125_1200_12,2017,1,12,False,False,False
31004_20170126_0000_00,2017,1,00,False,False,False
31004_20170126_1200_12,2017,1,12,False,False,True
31004_20170127_0000_00,2017,1,00,False,False,False
31004_20170127_1200_12,2017,1,12,True,False,False
31004_20170128_0000_00,2017,1,00,False,False,True
31004_20170128_1200_12,2017,1,12,False,False,True
31004_20170129_0000_00,2017,1,00,False,False,True
31004_20170129_1200_12,2017,1,12,False,False,False
31004_20170130_0000_00,2017,1,00,True,False,True
31004_20170130_1200_12,2017,1,12,False,False,True
31004_20170131_0000_00,2017,1,00,False,False,False
31004_20170131_1200_12,2017,1,12,False,False,False
31004_20170201_0000_00,2017,2,00,False,False,True
31004_20170202_0000_00,2017,2,00,False,False,True
31004_20170202_1200_12,2017,2,12,False,False,False
31004_20170203_0000_00,2017,2,00,True,False,True
31004_20170203_1200_12,2017,2,12,False,False,False
31004_20170204_0000_00,2017,2,00,False,False,True
31004_20170204_1200_12,2017,2,12,False,False,True
31004_20170205_0000_00,2017,2,00,False,False,True
31004_20170205_1200_12,2017,2,12,False,False,False
31004_20170206_0000_00,2017,2,00,False,False,True
31004_20170206_1200_12,2017,2,12,False,False,True
31004_20170207_0000_00,2017,2,00,False,False,False
31004_20170207_1200_12,2017,2,12,False,False,True
31004_20170208_0000_00,2017,2,00,True,False,True
31004_20170208_1200_12,2017,2,12,False,False,True
31004_20170209_0000_00,2017,2,00,False,False,True
31004_20170209_1200_12,2017,2,12,False,False,False
31004_20170210_0000_00,2017,2,00,True,False,False
31004_20170210_1200_12,2017,2,12,False,True,True
31004_20170211_0000_00,2017,2,00,False,False,False
31004_20170211_1200_12,2017,2,12,False,False,False
31004_20170212_0000_00,2017,2,00,False,False,False
31004_20170212_1200_12,2017,2,12,False,False,False
31004_20170213_0000_00,2017,2,00,False,False,False
31004_20170213_1200_12,2017,2,12,False,False,True
31004_20170214_0000_00,2017,2,00,False,False,False
31004_20170214_1200_12,2017,2,12,False,False,False
31004_20170215_0000_00,2017,2,00,False,False,False
31004_20170215_1200_12,2017,2,12,True,False,False
31004_20170216_0000_00,2017,2,00,True,False,False
31004_20170216_1200_12,2017,2,12,False,False,False
31004_20170217_0000_00,2017,2,00,False,False,True
31004_20170217_1200_12,2017,2,12,True,False,True
31004_20170218_0000_00,2017,2,00,True,False,False
31004_20170218_1200_12,2017,2,12,True,False,False
31004_20170219_0000_00,2017,2,00,True,False,True
31004_20170219_1200_12,2017,2,12,False,True,False
31004_20170220_0000_00,2017,2,00,False,False,False
31004_20170220_1200_12,2017,2,12,False,False,False
31004_20170221_0000_00,2017,2,00,False,False,False
31004_20170221_1200_12,2017,2,12,True,False,False
31004_20170222_0000_00,2017,2,00,True,False,False
31004_20170222_1200_12,2017,2,12,False,False,False
31004_20170223_0000_00,2017,2,00,False,False,True
31004_20170223_1200_12,2017,2,12,False,False,False
31004_20170224_0000_00,2017,2,00,False,False,True
31004_20170224_1200_12,2017,2,12,False,False,True
31004_20170225_0000_00,2017,2,00,False,False,True
31004_20170225_1200_12,2017,2,12,False,False,False
31004_20170226_0000_00,2017,2,00,False,False,False
31004_20170226_1200_12,2017,2,12,False,False,False
31004_20170227_0000_00,2017,2,00,False,False,False
31004_20170227_1200_12,2017,2,12,False,False,False
31004_20170228_0000_00,2017,2,00,False,False,False
31004_20170228_1200_12,2017,2,12,True,False,False
31004_20170301_0000_00,2017,3,00,False,False,True
31004_20170301_1200_12,2017,3,12,True,False,False
31004_20170302_0000_00,2017,3,00,True,False,False
31004_20170302_1200_12,2017,3,12,True,False,True
31004_20170303_0000_00,2017,3,00,True,False,False
31004_20170303_1200_12,2017,3,12,True,False,True
31004_20170304_0000_00,2017,3,00,False,False,True
31004_20170304_1200_12,2017,3,12,False,False,True
31004_20170305_0000_00,2017,3,00,False,False,True
31004_20170305_1200_12,2017,3,12,True,False,False
31004_20170306_0000_00,2017,3,00,False,False,True
31004_20170306_1200_12,2017,3,12,False,False,True
31004_20170307_0000_00,2017,3,00,False,False,True
31004_20170307_1200_12,2017,3,12,False,False,True
31004_20170308_0000_00,2017,3,00,False,False,True
31004_20170308_1200_12,2017,3,12,False,False,False
31004_20170309_0000_00,2017,3,00,False,False,True
31004_20170309_1200_12,2017,3,12,False,False,True
31004_20170310_0000_00,2017,3,00,True,False,True
31004_20170310_1200_12,2017,3,12,False,False,False
31004_20170311_0000_00,2017,3,00,False,False,True
31004_20170311_1200_12,2017,3,12,True,False,True
31004_20170312_0000_00,2017,3,00,False,False,True
31004_20170312_1200_12,2017,3,12,False,False,False
31004_20170313_0000_00,2017,3,00,False,False,False
31004_20170313_1200_12,2017,3,12,False,False,False
31004_20170314_0000_00,2017,3,00,True,False,False
31004_20170314_1200_12,2017,3,12,False,False,False
31004_20170315_0000_00,2017,3,00,False,False,False
31004_20170315_1200_12,2017,3,12,True,False,False
31004_20170316_0000_00,2017,3,00,False,False,False
31004_20170316_1200_12,2017,3,12,False,False,True
31004_20170317_0000_00,2017,3,00,True,False,False
31004_20170317_1200_12,2017,3,12,False,False,False
31004_20170318_0000_00,2017,3,00,True,False,False
31004_20170318_1200_12,2017,3,12,True,False,False
31004_20170319_0000_00,2017,3,00,False,False,False
31004_20170319_1200_12,2017,3,12,False,False,False
31004_20170320_0000_00,2017,3,00,False,False,False
31004_20170320_1200_12,2017,3,12,False,False,False
31004_20170321_0000_00,2017,3,00,False,False,False
31004_20170321_1200_12,2017,3,12,False,False,True
31004_20170322_0000_00,2017,3,00,False,False,True
31004_20170322_1200_12,2017,3,12,False,False,True
31004_20170323_0000_00,2017,3,00,False,False,False
31004_20170323_1200_12,2017,3,12,False,False,False
31004_20170324_0000_00,2017,3,00,False,False,False
31004_20170324_1200_12,2017,3,12,False,False,False
31004_20170325_0000_00,2017,3,00,False,False,False
31004_20170325_1200_12,2017,3,12,False,False,False
31004_20170326_0000_00,2017,3,00,False,False,True
31004_20170326_1200_12,2017,3,12,False,True,False
31004_20170327_0000_00,2017,3,00,True,False,False
31004_20170327_1200_12,2017,3,12,True,False,False
31004_20170328_0000_00,2017,3,00,False,False,False
31004_20170328_1200_12,2017,3,12,False,False,False
31004_20170329_0000_00,2017,3,00,False,False,False
31004_20170329_1200_12,2017,3,12,False,False,False
31004_20170330_0000_00,2017,3,00,False,False,True
31004_20170330_1200_12,2017,3,12,False,False,True
31004_20170331_0000_00,2017,3,00,False,False,True
31004_20170331_1200_12,2017,3,12,True,False,False
31004_20170401_0000_00,2017,4,00,False,False,True
31004_20170401_1200_12,2017,4,12,False,False,True
31004_20170402_0000_00,2017,4,00,False,False,False
31004_20170402_1200_12,2017,4,12,False,False,False
31004_20170403_0000_00,2017,4,00,False,False,False
31004_20170403_1200_12,2017,4,12,False,False,False
31004_20170404_0000_00,2017,4,00,True,False,False
31004_20170404_1200_12,2017,4,12,False,True,False
31004_20170405_0000_00,2017,4,00,False,False,False
31004_20170405_1200_12,2017,4,12,False,False,True
31004_20170406_0000_00,2017,4,00,False,False,False
31004_20170406_1200_12,2017,4,12,False,False,False
31004_20170407_0000_00,2017,4,00,True,False,False
31004_20170407_1200_12,2017,4,12,False,False,False
31004_20170408_0000_00,2017,4,00,False,False,False
31004_20170408_1200_12,2017,4,12,False,False,False
31004_20170409_0000_00,2017,4,00,False,False,False
31004_20170409_1200_12,2017,4,12,False,False,False
31004_20170410_0000_00,2017,4,00,False,False,False
31004_20170410_1200_12,2017,4,12,False,False,False
31004_20170411_0000_00,2017,4,00,False,False,True
31004_20170411_1200_12,2017,4,12,False,False,False
31004_20170412_0000_00,2017,4,00,False,False,False
31004_20170412_1200_12,2017,4,12,True,False,False
31004_20170413_0000_00,2017,4,00,False,False,True
31004_20170413_1200_12,2017,4,12,False,False,False
31004_20170414_0000_00,2017,4,00,False,False,False
31004_20170414_1200_12,2017,4,12,False,False,False
31004_20170415_0000_00,2017,4,00,False,False,False
31004_20170415_1200_12,2017,4,12,False,False,False
31004_20170416_0000_00,2017,4,00,False,False,False
31004_20170416_1200_12,2017,4,12,False,False,True
31004_20170417_0000_00,2017,4,00,False,False,False
31004_20170417_1200_12,2017,4,12,True,False,True
31004_20170418_0000_00,2017,4,00,False,False,False
31004_20170418_1200_12,2017,4,12,True,False,False
31004_20170419_0000_00,2017,4,00,True,False,False
31004_20170419_1200_12,2017,4,12,False,False,False
31004_20170420_0000_00,2017,4,00,True,False,False
31004_20170420_1200_12,2017,4,12,False,False,True
31004_20170421_0000_00,2017,4,00,False,False,False
31004_20170421_1200_12,2017,4,12,False,False,False
31004_20170422_0000_00,2017,4,00,False,False,False
31004_20170422_1200_12,2017,4,12,False,False,False
31004_20170423_0000_00,2017,4,00,False,False,False
31004_20170423_1200_12,2017,4,12,False,False,False
31004_20170424_0000_00,2017,4,00,False,False,False
31004_20170424_1200_12,2017,4,12,False,False,False
31004_20170425_0000_00,2017,4,00,False,False,False
31004_20170425_1200_12,2017,4,12,False,False,True
31004_20170426_0000_00,2017,4,00,False,False,False
31004_20170426_1200_12,2017,4,12,False,False,False
31004_20170427_0000_00,2017,4,00,False,False,False
31004_20170428_0000_00,2017,4,00,False,False,False
31004_20170428_1200_12,2017,4,12,False,False,False
31004_20170429_0000_00,2017,4,00,False,False,False
31004_20170429_1200_12,2017,4,12,False,False,False
31004_20170430_0000_00,2017,4,00,False,False,True
31004_20170430_1200_12,2017,4,12,False,False,False
31004_20170501_0000_00,2017,5,00,False,False,False
31004_20170501_1200_12,2017,5,12,False,False,False
31004_20170502_0000_00,2017,5,00,False,False,True
31004_20170502_1200_12,2017,5,12,False,False,False
31004_20170503_0000_00,2017,5,00,False,False,False
31004_20170503_1200_12,2017,5,12,False,False,False
31004_20170504_0000_00,2017,5,00,False,False,False
31004_20170504_1200_12,2017,5,12,False,False,False
31004_20170505_0000_00,2017,5,00,False,False,True
31004_20170505_1200_12,2017,5,12,False,False,False
31004_20170506_0000_00,2017,5,00,False,False,False
31004_20170506_1200_12,2017,5,12,False,False,False
31004_20170507_0000_00,2017,5,00,True,False,False
31004_20170507_1200_12,2017,5,12,False,False,True
31004_20170508_0000_00,2017,5,00,False,False,False
31004_20170508_1200_12,2017,5,12,False,False,False
31004_20170509_0000_00,2017,5,00,False,False,True
31004_20170509_1200_12,2017,5,12,False,False,True
31004_20170510_0000_00,2017,5,00,False,False,False
31004_20170510_1200_12,2017,5,12,True,False,False
31004_20170511_0000_00,2017,5,00,False,False,True
31004_20170511_1200_12,2017,5,12,False,False,True
31004_20170512_0000_00,2017,5,00,True,False,True
31004_20170512_1200_12,2017,5,12,False,False,False
31004_20170513_0000_00,2017,5,00,False,False,False
31004_20170513_1200_12,2017,5,12,False,False,False
31004_20170514_0000_00,2017,5,00,False,False,True
31004_20170514_1200_12,2017,5,12,False,False,False
31004_20170515_0000_00,2017,5,00,False,False,True
31004_20170515_1200_12,2017,5,12,False,False,False
31004_20170516_0000_00,2017,5,00,True,False,False
31004_20170516_1200_12,2017,5,12,True,False,False
31004_20170517_0000_00,2017,5,00,False,False,False
31004_20170517_1200_12,2017,5,12,False,False,False
31004_20170518_0000_00,2017,5,00,False,False,False
31004_20170518_1200_12,2017,5,12,False,False,True
31004_20170519_0000_00,2017,5,00,False,False,False
31004_20170519_1200_12,2017,5,12,True,False,False
31004_20170520_0000_00,2017,5,00,False,False,False
31004_20170520_1200_12,2017,5,12,False,False,False
31004_20170521_0000_00,2017,5,00,False,False,False
31004_20170521_1200_12,2017,5,12,False,False,True
31004_20170522_0000_00,2017,5,00,False,False,False
31004_20170522_1200_12,2017,5,12,False,False,False
31004_20170523_0000_00,2017,5,00,False,False,True
31004_20170523_1200_12,2017,5,12,False,False,True
31004_20170524_0000_00,2017,5,00,False,False,False
31004_20170524_1200_12,2017,5,12,False,False,False
31004_20170525_0000_00,2017,5,00,False,False,False
31004_20170525_1200_12,2017,5,12,False,False,True
31004_20170526_0000_00,2017,5,00,True,False,True
31004_20170526_1200_12,2017,5,12,False,False,False
31004_20170527_0000_00,2017,5,00,False,False,True
31004_20170527_1200_12,2017,5,12,False,False,False
31004_20170528_0000_00,2017,5,00,False,False,True
31004_20170528_1200_12,2017,5,12,False,False,False
31004_20170529_0000_00,2017,5,00,False,False,False
31004_20170529_1200_12,2017,5,12,False,False,False
31004_20170530_0000_00,2017,5,00,False,False,False
31004_20170530_1200_12,2017,5,12,False,False,False
31004_20170531_0000_00,2017,5,00,False,False,False
31004_20170531_1200_12,2017,5,12,False,False,False
31004_20170601_0000_00,2017,6,00,False,False,False
31004_20170601_1200_12,2017,6,12,False,False,True
31004_20170602_0000_00,2017,6,00,False,False,True
31004_20170602_1200_12,2017,6,12,False,False,True
31004_20170603_0000_00,2017,6,00,False,False,False
31004_20170603_1200_12,2017,6,12,False,False,False
31004_20170604_0000_00,2017,6,00,False,False,False
31004_20170604_1200_12,2017,6,12,False,False,False
31004_20170605_0000_00,2017,6,00,False,False,False
31004_20170605_1200_12,2017,6,12,False,False,False
31004_20170606_1200_12,2017,6,12,False,False,False
31004_20170607_0000_00,2017,6,00,False,False,True
31004_20170607_1200_12,2017,6,12,False,False,True
31004_20170608_0000_00,2017,6,00,False,False,False
31004_20170608_1200_12,2017,6,12,False,False,False
31004_20170609_0000_00,2017,6,00,False,False,True
31004_20170609_1200_12,2017,6,12,False,False,True
31004_20170610_0000_00,2017,6,00,False,False,False
31004_20170610_1200_12,2017,6,12,False,False,True
31004_20170611_0000_00,2017,6,00,False,False,False
31004_20170611_1200_12,2017,6,12,False,False,False
31004_20170612_0000_00,2017,6,00,False,False,False
31004_20170612_1200_12,2017,6,12,False,False,False
31004_20170613_0000_00,2017,6,00,False,False,False
31004_20170613_1200_12,2017,6,12,False,True,False
31004_20170614_0000_00,2017,6,00,False,False,False
31004_20170614_1200_12,2017,6,12,False,False,False
31004_20170615_0000_00,2017,6,00,False,True,False
31004_20170615_1200_12,2017,6,12,False,False,False
31004_20170616_0000_00,2017,6,00,False,False,True
31004_20170616_1200_12,2017,6,12,True,False,False
31004_20170617_0000_00,2017,6,00,False,False,False
31004_20170617_1200_12,2017,6,12,False,False,True
31004_20170618_0000_00,2017,6,00,False,False,False
31004_20170618_1200_12,2017,6,12,False,False,False
31004_20170619_0000_00,2017,6,00,False,False,False
31004_20170619_1200_12,2017,6,12,False,False,False
31004_20170620_0000_00,2017,6,00,False,False,False
31004_20170620_1200_12,2017,6,12,False,False,False
31004_20170621_0000_00,2017,6,00,False,False,False
31004_20170621_1200_12,2017,6,12,False,False,False
31004_20170622_0000_00,2017,6,00,False,False,False
31004_20170622_1200_12,2017,6,12,False,False,False
31004_20170623_0000_00,2017,6,00,False,False,False
31004_20170623_1200_12,2017,6,12,True,False,False
31004_20170624_0000_00,2017,6,00,False,False,False
31004_20170624_1200_12,2017,6,12,False,True,False
31004_20170625_0000_00,2017,6,00,False,False,False
31004_20170625_1200_12,2017,6,12,False,False,False
31004_20170626_0000_00,2017,6,00,True,False,True
31004_20170626_1200_12,2017,6,12,False,False,False
31004_20170627_0000_00,2017,6,00,False,True,False
31004_20170627_1200_12,2017,6,12,True,False,False
31004_20170628_0000_00,2017,6,00,False,False,False
31004_20170628_1200_12,2017,6,12,False,False,False
31004_20170629_0000_00,2017,6,00,False,False,False
31004_20170629_1200_12,2017,6,12,False,False,True
31004_20170630_0000_00,2017,6,00,False,False,False
31004_20170701_0000_00,2017,7,00,False,False,False
31004_20170701_1200_12,2017,7,12,True,False,False
31004_20170702_0000_00,2017,7,00,False,False,False
31004_20170702_1200_12,2017,7,12,False,False,False
31004_20170703_0000_00,2017,7,00,False,False,False
31004_20170703_1200_12,2017,7,12,False,False,False
31004_20170704_0000_00,2017,7,00,False,False,True
31004_20170704_1200_12,2017,7,12,False,False,False
31004_20170705_0000_00,2017,7,00,False,False,False
31004_20170705_1200_12,2017,7,12,False,False,False
31004_20170706_0000_00,2017,7,00,False,False,False
31004_20170706_1200_12,2017,7,12,False,False,True
31004_20170707_0000_00,2017,7,00,True,False,True
31004_20170707_1200_12,2017,7,12,False,False,True
31004_20170708_0000_00,2017,7,00,False,False,False
31004_20170708_1200_12,2017,7,12,True,False,False
31004_20170709_0000_00,2017,7,00,False,False,False
31004_20170709_1200_12,2017,7,12,True,False,False
31004_20170710_0000_00,2017,7,00,True,False,True
31004_20170710_1200_12,2017,7,12,False,False,False
31004_20170711_0000_00,2017,7,00,False,False,False
31004_20170711_1200_12,2017,7,12,False,False,False
31004_20170712_0000_00,2017,7,00,False,False,True
31004_20170713_0000_00,2017,7,00,False,False,False
31004_20170713_1200_12,2017,7,12,False,False,False
31004_20170714_0000_00,2017,7,00,False,False,False
31004_20170714_1200_12,2017,7,12,False,False,False
31004_20170715_0000_00,2017,7,00,False,False,False
31004_20170715_1200_12,2017,7,12,False,False,False
31004_20170716_0000_00,2017,7,00,False,False,False
31004_20170716_1200_12,2017,7,12,True,False,False
31004_20170717_0000_00,2017,7,00,False,False,False
31004_20170717_1200_12,2017,7,12,False,False,False
31004_20170718_0000_00,2017,7,00,False,False,False
31004_20170718_1200_12,2017,7,12,False,False,True
31004_20170719_0000_00,2017,7,00,False,False,False
31004_20170719_1200_12,2017,7,12,False,False,True
31004_20170720_0000_00,2017,7,00,False,False,False
31004_20170720_1200_12,2017,7,12,False,False,False
31004_20170721_0000_00,2017,7,00,False,False,False
31004_20170721_1200_12,2017,7,12,False,False,False
31004_20170722_0000_00,2017,7,00,False,False,True
31004_20170722_1200_12,2017,7,12,False,True,True
31004_20170723_0000_00,2017,7,00,False,False,False
31004_20170723_1200_12,2017,7,12,True,False,True
31004_20170724_0000_00,2017,7,00,False,False,False
31004_20170724_1200_12,2017,7,12,False,False,False
31004_20170725_0000_00,2017,7,00,False,False,False
31004_20170725_1200_12,2017,7,12,False,True,False
31004_20170726_0000_00,2017,7,00,True,False,True
31004_20170726_1200_12,2017,7,12,True,False,True
31004_20170727_0000_00,2017,7,00,False,False,False
31004_20170727_1200_12,2017,7,12,True,False,False
31004_20170728_0000_00,2017,7,00,False,False,False
31004_20170728_1200_12,2017,7,12,False,False,False
31004_20170729_0000_00,2017,7,00,False,False,True
31004_20170729_1200_12,2017,7,12,False,False,True
31004_20170730_0000_00,2017,7,00,False,False,False
31004_20170730_1200_12,2017,7,12,False,True,False
31004_20170731_0000_00,2017,7,00,False,False,False
31004_20170731_1200_12,2017,7,12,False,False,False
31004_20170801_0000_00,2017,8,00,False,False,False
31004_20170801_1200_12,2017,8,12,True,False,False
31004_20170802_0000_00,2017,8,00,False,False,False
31004_20170802_1200_12,2017,8,12,True,False,False
31004_20170803_0000_00,2017,8,00,False,False,False
31004_20170803_1200_12,2017,8,12,True,False,False
31004_20170804_0000_00,2017,8,00,False,False,False
31004_20170804_1200_12,2017,8,12,False,False,True
31004_20170805_0000_00,2017,8,00,False,False,False
31004_20170805_1200_12,2017,8,12,True,False,False
31004_20170806_0000_00,2017,8,00,True,False,False
31004_20170806_1200_12,2017,8,12,True,False,False
31004_20170807_0000_00,2017,8,00,False,False,False
31004_20170807_1200_12,2017,8,12,True,False,False
31004_20170808_0000_00,2017,8,00,False,False,False
31004_20170808_1200_12,2017,8,12,False,False,True
31004_20170809_0000_00,2017,8,00,False,False,False
31004_20170809_1200_12,2017,8,12,False,False,False
31004_20170810_0000_00,2017,8,00,False,False,True
31004_20170810_1200_12,2017,8,12,False,False,False
31004_20170811_1200_12,2017,8,12,True,False,False
31004_20170812_0000_00,2017,8,00,False,False,False
31004_20170812_1200_12,2017,8,12,True,False,False
31004_20170813_0000_00,2017,8,00,True,False,False
31004_20170813_1200_12,2017,8,12,False,False,False
31004_20170814_0000_00,2017,8,00,False,False,False
31004_20170814_1200_12,2017,8,12,True,False,False
31004_20170815_0000_00,2017,8,00,False,False,False
31004_20170815_1200_12,2017,8,12,False,False,False
31004_20170816_0000_00,2017,8,00,False,False,False
31004_20170816_1200_12,2017,8,12,False,False,False
31004_20170817_0000_00,2017,8,00,False,False,False
31004_20170817_1200_12,2017,8,12,False,False,False
31004_20170818_0000_00,2017,8,00,False,False,True
31004_20170818_1200_12,2017,8,12,False,False,False
31004_20170819_0000_00,2017,8,00,False,False,False
31004_20170819_1200_12,2017,8,12,False,False,False
31004_20170820_0000_00,2017,8,00,False,False,True
31004_20170820_1200_12,2017,8,12,True,False,False
31004_20170821_0000_00,2017,8,00,False,False,False
31004_20170821_1200_12,2017,8,12,False,False,True
31004_20170822_0000_00,2017,8,00,False,False,False
31004_20170823_0000_00,2017,8,00,False,False,False
31004_20170823_1200_12,2017,8,12,False,False,False
31004_20170824_0000_00,2017,8,00,False,False,False
31004_20170824_1200_12,2017,8,12,True,False,False
31004_20170825_0000_00,2017,8,00,False,False,True
31004_20170825_1200_12,2017,8,12,True,False,False
31004_20170826_0000_00,2017,8,00,False,False,False
31004_20170826_1200_12,2017,8,12,False,False,False
31004_20170827_0000_00,2017,8,00,False,False,False
31004_20170827_1200_12,2017,8,12,False,False,False
31004_20170828_0000_00,2017,8,00,False,False,True
31004_20170828_1200_12,2017,8,12,False,False,False
31004_20170829_0000_00,2017,8,00,False,False,True
31004_20170829_1200_12,2017,8,12,False,False,False
31004_20170830_0000_00,2017,8,00,False,False,False
31004_20170830_1200_12,2017,8,12,False,False,True
31004_20170831_0000_00,2017,8,00,False,False,False
31004_20170831_1200_12,2017,8,12,False,True,True
31004_20170901_0000_00,2017,9,00,False,False,True
31004_20170901_1200_12,2017,9,12,True,False,False
31004_20170902_0000_00,2017,9,00,False,False,True
31004_20170902_1200_12,2017,9,12,False,False,False
31004_20170903_0000_00,2017,9,00,True,False,True
31004_20170903_1200_12,2017,9,12,True,False,False
31004_20170904_0000_00,2017,9,00,False,False,False
31004_20170904_1200_12,2017,9,12,False,False,False
31004_20170905_0000_00,2017,9,00,False,False,False
31004_20170905_1200_12,2017,9,12,True,False,False
31004_20170906_0000_00,2017,9,00,False,False,False
31004_20170906_1200_12,2017,9,12,False,False,False
31004_20170907_0000_00,2017,9,00,False,False,False
31004_20170907_1200_12,2017,9,12,False,False,False
31004_20170908_0000_00,2017,9,00,False,False,False
31004_20170908_1200_12,2017,9,12,True,False,False
31004_20170909_0000_00,2017,9,00,True,False,False
31004_20170909_1200_12,2017,9,12,True,False,False
31004_20170910_0000_00,2017,9,00,True,False,False
31004_20170910_1200_12,2017,9,12,True,False,False
31004_20170911_0000_00,2017,9,00,False,False,False
31004_20170911_1200_12,2017,9,12,False,False,True
31004_20170912_0000_00,2017,9,00,False,False,True
31004_20170912_1200_12,2017,9,12,False,False,True
31004_20170913_0000_00,2017,9,00,False,False,True
31004_20170913_1200_12,2017,9,12,False,False,False
31004_20170914_0000_00,2017,9,00,True,False,False
31004_20170914_1200_12,2017,9,12,True,False,True
31004_20170915_0000_00,2017,9,00,False,False,True
31004_20170915_1200_12,2017,9,12,False,False,False
31004_20170916_0000_00,2017,9,00,False,False,False
31004_20170916_1200_12,2017,9,12,False,False,False
31004_20170917_0000_00,2017,9,00,False,False,False
31004_20170917_1200_12,2017,9,12,False,False,False
31004_20170918_0000_00,2017,9,00,False,False,False
31004_20170918_1200_12,2017,9,12,False,False,True
31004_20170919_0000_00,2017,9,00,False,False,False
31004_20170919_1200_12,2017,9,12,False,False,True
31004_20170920_0000_00,2017,9,00,False,False,True
31004_20170920_1200_12,2017,9,12,True,False,True
31004_20170921_0000_00,2017,9,00,False,False,True
31004_20170921_1200_12,2017,9,12,True,False,True
31004_20170922_0000_00,2017,9,00,False,False,True
31004_20170922_1200_12,2017,9,12,False,False,False
31004_20170923_0000_00,2017,9,00,False,False,False
31004_20170923_1200_12,2017,9,12,False,False,False
31004_20170924_0000_00,2017,9,00,False,False,False
31004_20170924_1200_12,2017,9,12,False,False,False
31004_20170925_0000_00,2017,9,00,False,False,True
31004_20170925_1200_12,2017,9,12,False,False,True
31004_20170926_0000_00,2017,9,00,False,False,True
31004_20170926_1200_12,2017,9,12,False,False,True
31004_20170927_0000_00,2017,9,00,False,False,False
31004_20170927_1200_12,2017,9,12,False,False,True
31004_20170928_0000_00,2017,9,00,False,False,True
31004_20170928_1200_12,2017,9,12,False,False,True
31004_20170930_0000_00,2017,9,00,False,False,False
31004_20170930_1200_12,2017,9,12,False,False,False
31004_20171001_0000_00,2017,10,00,False,False,False
31004_20171001_1200_12,2017,10,12,False,False,True
31004_20171002_0000_00,2017,10,00,False,False,True
31004_20171002_1200_12,2017,10,12,False,False,True
31004_20171003_0000_00,2017,10,00,False,False,False
31004_20171003_1200_12,2017,10,12,False,False,False
31004_20171004_0000_00,2017,10,00,True,False,False
31004_20171004_1200_12,2017,10,12,True,False,False
31004_20171005_0000_00,2017,10,00,False,False,False
31004_20171005_1200_12,2017,10,12,True,False,False
31004_20171006_0000_00,2017,10,00,False,False,False
31004_20171006_1200_12,2017,10,12,False,False,False
31004_20171007_0000_00,2017,10,00,False,False,True
31004_20171007_1200_12,2017,10,12,False,False,False
31004_20171008_0000_00,2017,10,00,False,False,True
31004_20171008_1200_12,2017,10,12,False,False,False
31004_20171009_0000_00,2017,10,00,False,False,False
31004_20171009_1200_12,2017,10,12,False,False,True
31004_20171010_0000_00,2017,10,00,False,False,True
31004_20171010_1200_12,2017,10,12,False,False,False
31004_20171011_0000_00,2017,10,00,False,False,False
31004_20171011_1200_12,2017,10,12,False,False,False
31004_20171012_0000_00,2017,10,00,False,False,False
31004_20171012_1200_12,2017,10,12,False,False,True
31004_20171013_0000_00,2017,10,00,False,False,True
31004_20171013_1200_12,2017,10,12,True,False,True
31004_20171014_0000_00,2017,10,00,False,False,False
31004_20171014_1200_12,2017,10,12,False,False,False
31004_20171015_0000_00,2017,10,00,False,False,False
31004_20171015_1200_12,2017,10,12,True,False,False
31004_20171016_0000_00,2017,10,00,False,False,False
31004_20171016_1200_12,2017,10,12,False,False,False
31004_20171017_0000_00,2017,10,00,False,False,False
31004_20171017_1200_12,2017,10,12,True,False,False
31004_20171018_0000_00,2017,10,00,False,True,True
31004_20171018_1200_12,2017,10,12,False,False,True
31004_20171019_0000_00,2017,10,00,True,False,True
31004_20171019_1200_12,2017,10,12,False,False,False
31004_20171020_0000_00,2017,10,00,False,True,False
31004_20171020_1200_12,2017,10,12,False,False,True
31004_20171021_0000_00,2017,10,00,False,False,False
31004_20171021_1200_12,2017,10,12,False,False,True
31004_20171022_0000_00,2017,10,00,True,False,False
31004_20171022_1200_12,2017,10,12,False,False,True
31004_20171023_0000_00,2017,10,00,False,False,False
31004_20171023_1200_12,2017,10,12,False,False,False
31004_20171024_0000_00,2017,10,00,False,False,False
31004_20171024_1200_12,2017,10,12,False,False,False
31004_20171025_0000_00,2017,10,00,False,False,False
31004_20171025_1200_12,2017,10,12,False,False,False
31004_20171026_0000_00,2017,10,00,False,False,True
31004_20171026_1200_12,2017,10,12,False,False,True
31004_20171027_0000_00,2017,10,00,False,False,False
31004_20171027_1200_12,2017,10,12,False,False,False
31004_20171028_0000_00,2017,10,00,True,False,True
31004_20171028_1200_12,2017,10,12,True,False,False
31004_20171029_0000_00,2017,10,00,False,False,False
31004_20171029_1200_12,2017,10,12,False,False,False
31004_20171030_0000_00,2017,10,00,False,False,False
31004_20171030_1200_12,2017,10,12,True,False,True
31004_20171031_0000_00,2017,10,00,False,False,False
31004_20171031_1200_12,2017,10,12,False,False,True
31004_20171101_0000_00,2017,11,00,False,False,False
31004_20171101_1200_12,2017,11,12,False,False,False
31004_20171102_0000_00,2017,11,00,False,False,False
31004_20171102_1200_12,2017,11,12,False,False,False
31004_20171103_0000_00,2017,11,00,False,False,False
31004_20171103_1200_12,2017,11,12,True,False,True
31004_20171104_0000_00,2017,11,00,True,False,False
31004_20171104_1200_12,2017,11,12,True,False,False
31004_20171105_0000_00,2017,11,00,False,False,False
31004_20171105_1200_12,2017,11,12,False,False,True
31004_20171106_0000_00,2017,11,00,False,False,True
31004_20171106_1200_12,2017,11,12,False,False,False
31004_20171107_0000_00,2017,11,00,False,False,False
31004_20171107_1200_12,2017,11,12,False,False,True
31004_20171108_0000_00,2017,11,00,False,False,True
31004_20171108_1200_12,2017,11,12,False,False,False
31004_20171109_0000_00,2017,11,00,False,False,False
31004_20171109_1200_12,2017,11,12,False,False,False
31004_20171110_0000_00,2017,11,00,False,False,True
31004_20171110_1200_12,2017,11,12,False,False,True
31004_20171111_0000_00,2017,11,00,True,False,True
31004_20171111_1200_12,2017,11,12,True,False,False
31004_20171112_0000_00,2017,11,00,False,True,False
31004_20171112_1200_12,2017,11,12,True,False,False
31004_20171113_0000_00,2017,11,00,False,False,False
31004_20171113_1200_12,2017,11,12,True,False,False
31004_20171114_0000_00,2017,11,00,False,False,False
31004_20171114_1200_12,2017,11,12,False,False,True
31004_20171115_0000_00,2017,11,00,False,False,False
31004_20171115_1200_12,2017,11,12,False,False,True
31004_20171116_0000_00,2017,11,00,False,False,True
31004_20171116_1200_12,2017,11,12,False,False,True
31004_20171117_0000_00,2017,11,00,True,False,True
31004_20171117_1200_12,2017,11,12,False,False,True
31004_20171118_0000_00,2017,11,00,False,False,True
31004_20171118_1200_12,2017,11,12,False,False,True
31004_20171119_0000_00,2017,11,00,True,False,True
31004_20171119_1200_12,2017,11,12,False,False,True
31004_20171120_0000_00,2017,11,00,True,False,False
31004_20171120_1200_12,2017,11,12,True,False,False
31004_20171121_0000_00,2017,11,00,False,False,True
31004_20171121_1200_12,2017,11,12,False,False,True
31004_20171122_0000_00,2017,11,00,False,False,False
31004_20171122_1200_12,2017,11,12,False,False,True
31004_20171123_0000_00,2017,11,00,False,False,True
31004_20171123_1200_12,2017,11,12,False,False,False
31004_20171124_0000_00,2017,11,00,False,False,False
31004_20171124_1200_12,2017,11,12,False,False,False
31004_20171125_0000_00,2017,11,00,False,False,True
31004_20171125_1200_12,2017,11,12,False,False,True
31004_20171126_0000_00,2017,11,00,False,False,False
31004_20171126_1200_12,2017,11,12,False,False,True
31004_20171127_0000_00,2017,11,00,False,False,True
31004_20171127_1200_12,2017,11,12,False,False,True
31004_20171128_0000_00,2017,11,00,False,False,True
31004_20171128_1200_12,2017,11,12,False,False,False
31004_20171129_0000_00,2017,11,00,False,False,True
31004_20171129_1200_12,2017,11,12,False,False,True
31004_20171130_0000_00,2017,11,00,False,False,True
31004_20171130_1200_12,2017,11,12,True,False,True
31004_20171201_0000_00,2017,12,00,False,False,True
31004_20171201_1200_12,2017,12,12,False,False,True
31004_20171202_0000_00,2017,12,00,False,False,True
31004_20171202_1200_12,2017,12,12,False,False,True
31004_20171203_0000_00,2017,12,00,False,False,False
31004_20171203_1200_12,2017,12,12,False,False,True
31004_20171204_0000_00,2017,12,00,False,False,True
31004_20171204_1200_12,2017,12,12,False,False,False
31004_20171205_0000_00,2017,12,00,True,False,True
31004_20171205_1200_12,2017,12,12,True,False,True
31004_20171206_0000_00,2017,12,00,False,False,True
31004_20171206_1200_12,2017,12,12,False,False,True
31004_20171207_0000_00,2017,12,00,True,False,False
31004_20171207_1200_12,2017,12,12,False,False,False
31004_20171208_0000_00,2017,12,00,False,False,False
31004_20171208_1200_12,2017,12,12,True,False,True
31004_20171209_0000_00,2017,12,00,False,False,True
31004_20171209_1200_12,2017,12,12,True,False,True
31004_20171210_0000_00,2017,12,00,True,False,True
31004_20171210_1200_12,2017,12,12,False,False,True
31004_20171211_0000_00,2017,12,00,False,True,False
31004_20171211_1200_12,2017,12,12,False,False,False
31004_20171212_0000_00,2017,12,00,False,False,True
31004_20171212_1200_12,2017,12,12,True,False,False
31004_20171213_0000_00,2017,12,00,False,False,False
31004_20171213_1200_12,2017,12,12,False,False,False
31004_20171214_0000_00,2017,12,00,True,False,False
31004_20171214_1200_12,2017,12,12,False,False,False
31004_20171215_0000_00,2017,12,00,False,False,True
31004_20171215_1200_12,2017,12,12,False,False,False
31004_20171216_0000_00,2017,12,00,False,False,True
31004_20171216_1200_12,2017,12,12,True,False,True
31004_20171217_0000_00,2017,12,00,True,False,False
31004_20171217_1200_12,2017,12,12,False,False,True
31004_20171218_0000_00,2017,12,00,False,False,False
31004_20171218_1200_12,2017,12,12,False,False,True
31004_20171219_0000_00,2017,12,00,False,False,True
31004_20171219_1200_12,2017,12,12,False,False,False
31004_20171220_0000_00,2017,12,00,False,False,False
31004_20171220_1200_12,2017,12,12,False,False,False
31004_20171221_0000_00,2017,12,00,False,False,False
31004_20171221_1200_12,2017,12,12,False,False,False
31004_20171222_0000_00,2017,12,00,False,False,False
31004_20171222_1200_12,2017,12,12,True,False,False
31004_20171223_0000_00,2017,12,00,False,False,False
31004_20171223_1200_12,2017,12,12,True,False,True
31004_20171224_0000_00,2017,12,00,False,False,True
31004_20171224_1200_12,2017,12,12,False,False,True
31004_20171225_0000_00,2017,12,00,False,False,True
31004_20171225_1200_12,2017,12,12,False,False,False
31004_20171226_0000_00,2017,12,00,False,False,True
31004_20171226_1200_12,2017,12,12,True,False,False
31004_20171227_0000_00,2017,12,00,False,False,False
31004_20171227_1200_12,2017,12,12,False,False,False
31004_20171228_0000_00,2017,12,00,False,False,False
31004_20171228_1200_12,2017,12,12,True,False,False
31004_20171229_0000_00,2017,12,00,True,False,False
31004_20171229_1200_12,2017,12,12,True,False,False
31004_20171230_0000_00,2017,12,00,False,False,False
31004_20171230_1200_12,2017,12,12,True,False,False
31004_20171231_0000_00,2017,12,00,True,False,True
31004_20171231_1200_12,2017,12,12,False,False,False
31004_20180101_0000_00,2018,1,00,False,True,False
31004_20180101_1200_12,2018,1,12,False,False,False
31004_20180102_0000_00,2018,1,00,False,False,False
31004_20180102_1200_12,2018,1,12,False,False,True
31004_20180103_0000_00,2018,1,00,False,False,True
31004_20180103_1200_12,2018,1,12,False,False,True
31004_20180104_0000_00,2018,1,00,False,False,False
31004_20180104_1200_12,2018,1,12,False,False,False
31004_20180105_0000_00,2018,1,00,False,False,True
31004_20180105_1200_12,2018,1,12,False,False,False
31004_20180106_0000_00,2018,1,00,False,False,True
31004_20180106_1200_12,2018,1,12,False,False,False
31004_20180107_0000_00,2018,1,00,False,False,False
31004_20180107_1200_12,2018,1,12,False,False,False
31004_20180108_0000_00,2018,1,00,False,False,True
31004_20180108_1200_12,2018,1,12,False,False,False
31004_20180109_0000_00,2018,1,00,False,False,False
31004_20180109_1200_12,2018,1,12,False,False,True
31004_20180110_0000_00,2018,1,00,False,False,True
31004_20180110_1200_12,2018,1,12,False,False,False
31004_20180111_0000_00,2018,1,00,False,False,True
31004_20180111_1200_12,2018,1,12,False,False,False
31004_20180112_0000_00,2018,1,00,False,False,True
31004_20180112_1200_12,2018,1,12,False,False,False
31004_20180113_0000_00,2018,1,00,False,False,False
31004_20180113_1200_12,2018,1,12,False,False,False
31004_20180114_0000_00,2018,1,00,False,False,False
31004_20180114_1200_12,2018,1,12,True,False,False
31004_20180115_0000_00,2018,1,00,True,False,False
31004_20180115_1200_12,2018,1,12,True,False,True
31004_20180116_0000_00,2018,1,00,False,False,False
31004_20180116_1200_12,2018,1,12,False,False,False
31004_20180117_0000_00,2018,1,00,True,False,True
31004_20180117_1200_12,2018,1,12,True,False,False
31004_20180118_0000_00,2018,1,00,True,False,False
31004_20180118_1200_12,2018,1,12,True,False,False
31004_20180119_0000_00,2018,1,00,True,False,False
31004_20180119_1200_12,2018,1,12,False,False,True
31004_20180120_0000_00,2018,1,00,False,False,True
31004_20180120_1200_12,2018,1,12,False,False,True
31004_20180121_0000_00,2018,1,00,False,False,False
31004_20180121_1200_12,2018,1,12,False,False,True
31004_20180122_0000_00,2018,1,00,False,False,False
31004_20180122_1200_12,2018,1,12,True,False,True
31004_20180123_0000_00,2018,1,00,False,False,True
31004_20180123_1200_12,2018,1,12,True,False,True
31004_20180124_0000_00,2018,1,00,False,False,False
31004_20180124_1200_12,2018,1,12,False,False,True
31004_20180125_0000_00,2018,1,00,False,False,False
31004_20180125_1200_12,2018,1,12,False,False,True
31004_20180126_0000_00,2018,1,00,False,False,True
31004_20180126_1200_12,2018,1,12,False,False,True
31004_20180127_0000_00,2018,1,00,False,False,True
31004_20180127_1200_12,2018,1,12,False,False,True
31004_20180128_0000_00,2018,1,00,True,False,True
31004_20180128_1200_12,2018,1,12,False,False,False
31004_20180129_0000_00,2018,1,00,False,False,False
31004_20180129_1200_12,2018,1,12,True,False,True
31004_20180130_0000_00,2018,1,00,True,False,True
31004_20180130_1200_12,2018,1,12,True,False,True
31004_20180131_0000_00,2018,1,00,False,False,True
31004_20180131_1200_12,2018,1,12,False,False,True
31004_20180201_0000_00,2018,2,00,True,False,True
31004_20180201_1200_12,2018,2,12,False,False,False
31004_20180202_0000_00,2018,2,00,False,False,False
31004_20180202_1200_12,2018,2,12,True,False,False
31004_20180203_0000_00,2018,2,00,True,False,False
31004_20180203_1200_12,2018,2,12,False,False,False
31004_20180204_0000_00,2018,2,00,False,False,True
31004_20180204_1200_12,2018,2,12,True,False,True
31004_20180205_0000_00,2018,2,00,False,False,True
31004_20180205_1200_12,2018,2,12,True,False,False
31004_20180206_0000_00,2018,2,00,False,False,True
31004_20180206_1200_12,2018,2,12,False,False,True
31004_20180207_0000_00,2018,2,00,False,False,False
31004_20180207_1200_12,2018,2,12,False,False,True
31004_20180208_0000_00,2018,2,00,True,False,True
31004_20180208_1200_12,2018,2,12,False,False,True
31004_20180209_0000_00,2018,2,00,False,False,True
31004_20180209_1200_12,2018,2,12,False,False,True
31004_20180210_0000_00,2018,2,00,False,False,True
31004_20180210_1200_12,2018,2,12,False,False,False
31004_20180211_0000_00,2018,2,00,False,False,True
31004_20180211_1200_12,2018,2,12,True,False,True
31004_20180212_0000_00,2018,2,00,True,False,True
31004_20180212_1200_12,2018,2,12,False,False,True
31004_20180213_0000_00,2018,2,00,False,False,True
31004_20180213_1200_12,2018,2,12,False,False,True
31004_20180214_0000_00,2018,2,00,False,False,False
31004_20180214_1200_12,2018,2,12,False,False,True
31004_20180215_0000_00,2018,2,00,True,False,True
31004_20180215_1200_12,2018,2,12,False,False,False
31004_20180216_0000_00,2018,2,00,True,False,True
31004_20180216_1200_12,2018,2,12,False,False,False
31004_20180217_0000_00,2018,2,00,False,False,True
31004_20180217_1200_12,2018,2,12,True,False,False
31004_20180218_0000_00,2018,2,00,False,False,False
31004_20180218_1200_12,2018,2,12,True,False,False
31004_20180219_0000_00,2018,2,00,False,False,True
31004_20180219_1200_12,2018,2,12,False,False,False
31004_20180220_0000_00,2018,2,00,True,False,True
31004_20180220_1200_12,2018,2,12,False,False,False
31004_20180221_1200_12,2018,2,12,True,False,True
31004_20180222_0000_00,2018,2,00,True,False,True
31004_20180222_1200_12,2018,2,12,False,False,False
31004_20180223_0000_00,2018,2,00,False,False,False
31004_20180223_1200_12,2018,2,12,True,False,False
31004_20180224_0000_00,2018,2,00,False,False,False
31004_20180224_1200_12,2018,2,12,True,False,False
31004_20180225_0000_00,2018,2,00,True,False,False
31004_20180225_1200_12,2018,2,12,True,False,False
31004_20180226_0000_00,2018,2,00,True,False,False
31004_20180226_1200_12,2018,2,12,False,False,False
31004_20180227_0000_00,2018,2,00,True,False,False
31004_20180227_1200_12,2018,2,12,True,False,False
31004_20180228_0000_00,2018,2,00,True,False,False
31004_20180228_1200_12,2018,2,12,True,False,False
31004_20180301_0000_00,2018,3,00,True,False,False
31004_20180301_1200_12,2018,3,12,True,False,False
31004_20180302_0000_00,2018,3,00,False,False,False
31004_20180302_1200_12,2018,3,12,True,False,False
31004_20180303_0000_00,2018,3,00,True,False,False
31004_20180303_1200_12,2018,3,12,False,True,False
31004_20180304_0000_00,2018,3,00,True,False,False
31004_20180304_1200_12,2018,3,12,True,False,False
31004_20180305_0000_00,2018,3,00,False,False,False
31004_20180305_1200_12,2018,3,12,False,False,False
31004_20180306_0000_00,2018,3,00,False,False,False
31004_20180306_1200_12,2018,3,12,False,False,False
31004_20180307_0000_00,2018,3,00,False,False,False
31004_20180307_1200_12,2018,3,12,True,False,False
31004_20180308_0000_00,2018,3,00,False,False,False
31004_20180308_1200_12,2018,3,12,True,False,True
31004_20180309_0000_00,2018,3,00,True,False,True
31004_20180309_1200_12,2018,3,12,True,False,True
31004_20180310_0000_00,2018,3,00,True,False,True
31004_20180310_1200_12,2018,3,12,True,False,False
31004_20180311_0000_00,2018,3,00,True,False,True
31004_20180311_1200_12,2018,3,12,True,False,True
31004_20180312_0000_00,2018,3,00,True,False,False
31004_20180312_1200_12,2018,3,12,False,False,False
31004_20180313_0000_00,2018,3,00,True,False,False
31004_20180313_1200_12,2018,3,12,False,False,False
31004_20180314_0000_00,2018,3,00,False,False,False
31004_20180314_1200_12,2018,3,12,False,False,False
31004_20180315_0000_00,2018,3,00,False,False,False
31004_20180315_1200_12,2018,3,12,False,False,False
31004_20180316_0000_00,2018,3,00,True,False,False
31004_20180316_1200_12,2018,3,12,True,False,False
31004_20180317_0000_00,2018,3,00,False,False,False
31004_20180317_1200_12,2018,3,12,False,False,False
31004_20180318_0000_00,2018,3,00,False,False,False
31004_20180318_1200_12,2018,3,12,False,False,False
31004_20180319_0000_00,2018,3,00,False,False,False
31004_20180319_1200_12,2018,3,12,False,False,True
31004_20180320_0000_00,2018,3,00,False,False,False
31004_20180320_1200_12,2018,3,12,False,False,False
31004_20180321_0000_00,2018,3,00,False,False,True
31004_20180321_1200_12,2018,3,12,True,False,False
31004_20180322_0000_00,2018,3,00,True,False,False
31004_20180322_1200_12,2018,3,12,True,False,False
31004_20180323_0000_00,2018,3,00,False,False,False
31004_20180323_1200_12,2018,3,12,False,False,False
31004_20180324_0000_00,2018,3,00,True,False,True
31004_20180324_1200_12,2018,3,12,False,False,False
31004_20180325_0000_00,2018,3,00,False,False,False
31004_20180325_1200_12,2018,3,12,False,True,False
31004_20180326_0000_00,2018,3,00,False,False,False
31004_20180326_1200_12,2018,3,12,False,False,True
31004_20180327_0000_00,2018,3,00,False,False,False
31004_20180327_1200_12,2018,3,12,True,False,False
31004_20180328_0000_00,2018,3,00,True,False,False
31004_20180328_1200_12,2018,3,12,True,False,True
31004_20180329_0000_00,2018,3,00,False,False,False
31004_20180329_1200_12,2018,3,12,False,False,False
31004_20180330_0000_00,2018,3,00,False,False,False
31004_20180330_1200_12,2018,3,12,False,False,True
31004_20180331_0000_00,2018,3,00,True,False,True
31004_20180331_1200_12,2018,3,12,False,False,False
31004_20180401_0000_00,2018,4,00,False,False,True
31004_20180401_1200_12,2018,4,12,False,False,False
31004_20180402_0000_00,2018,4,00,False,False,False
31004_20180402_1200_12,2018,4,12,True,False,False
31004_20180403_0000_00,2018,4,00,False,False,False
31004_20180403_1200_12,2018,4,12,True,False,False
31004_20180404_0000_00,2018,4,00,False,False,False
31004_20180404_1200_12,2018,4,12,True,False,False
31004_20180405_0000_00,2018,4,00,False,False,False
31004_20180405_1200_12,2018,4,12,False,False,True
31004_20180406_0000_00,2018,4,00,True,False,False
31004_20180406_1200_12,2018,4,12,True,False,False
31004_20180407_0000_00,2018,4,00,True,False,True
31004_20180407_1200_12,2018,4,12,True,False,True
31004_20180408_0000_00,2018,4,00,False,False,False
31004_20180408_1200_12,2018,4,12,True,False,True
31004_20180409_0000_00,2018,4,00,False,False,True
31004_20180409_1200_12,2018,4,12,True,False,False
31004_20180410_0000_00,2018,4,00,False,False,False
31004_20180410_1200_12,2018,4,12,True,False,False
31004_20180411_0000_00,2018,4,00,False,False,False
31004_20180411_1200_12,2018,4,12,False,False,False
31004_20180412_0000_00,2018,4,00,False,False,False
31004_20180412_1200_12,2018,4,12,True,False,False
31004_20180413_0000_00,2018,4,00,False,False,False
31004_20180413_1200_12,2018,4,12,True,False,False
31004_20180414_0000_00,2018,4,00,True,False,True
31004_20180414_1200_12,2018,4,12,True,False,False
31004_20180415_0000_00,2018,4,00,False,False,False
31004_20180415_1200_12,2018,4,12,False,False,False
31004_20180416_0000_00,2018,4,00,False,False,False
31004_20180416_1200_12,2018,4,12,False,False,False
31004_20180417_0000_00,2018,4,00,True,False,False
31004_20180417_1200_12,2018,4,12,True,False,False
31004_20180418_0000_00,2018,4,00,False,False,False
31004_20180418_1200_12,2018,4,12,False,False,False
31004_20180419_0000_00,2018,4,00,False,False,False
31004_20180419_1200_12,2018,4,12,False,False,False
31004_20180420_0000_00,2018,4,00,False,False,False
31004_20180420_1200_12,2018,4,12,False,False,False
31004_20180421_0000_00,2018,4,00,False,False,False
31004_20180421_1200_12,2018,4,12,False,False,False
31004_20180422_0000_00,2018,4,00,True,False,False
31004_20180422_1200_12,2018,4,12,False,False,False
31004_20180423_0000_00,2018,4,00,False,False,False
31004_20180423_1200_12,2018,4,12,False,False,False
31004_20180424_0000_00,2018,4,00,False,False,True
31004_20180424_1200_12,2018,4,12,False,False,False
31004_20180425_0000_00,2018,4,00,False,False,False
31004_20180425_1200_12,2018,4,12,False,False,False
31004_20180426_0000_00,2018,4,00,False,False,True
31004_20180426_1200_12,2018,4,12,False,False,True
31004_20180427_0000_00,2018,4,00,False,False,False
31004_20180427_1200_12,2018,4,12,False,False,False
31004_20180428_0000_00,2018,4,00,False,False,False
31004_20180428_1200_12,2018,4,12,False,False,False
31004_20180429_0000_00,2018,4,00,False,False,False
31004_20180429_1200_12,2018,4,12,False,False,False
31004_20180430_0000_00,2018,4,00,False,False,False
31004_20180430_1200_12,2018,4,12,False,False,False
31004_20180501_0000_00,2018,5,00,False,False,False
31004_20180501_1200_12,2018,5,12,True,False,False
31004_20180502_0000_00,2018,5,00,False,False,True
31004_20180502_1200_12,2018,5,12,False,False,False
31004_20180503_0000_00,2018,5,00,False,False,False
31004_20180503_1200_12,2018,5,12,True,False,False
31004_20180504_0000_00,2018,5,00,True,False,False
31004_20180504_1200_12,2018,5,12,True,False,False
31004_20180505_0000_00,2018,5,00,False,False,False
31004_20180505_1200_12,2018,5,12,False,False,True
31004_20180506_0000_00,2018,5,00,False,False,True
31004_20180506_1200_12,2018,5,12,False,False,True
31004_20180507_0000_00,2018,5,00,False,False,True
31004_20180507_1200_12,2018,5,12,True,False,False
31004_20180508_0000_00,2018,5,00,True,False,False
31004_20180508_1200_12,2018,5,12,False,False,True
31004_20180509_0000_00,2018,5,00,False,False,True
31004_20180509_1200_12,2018,5,12,False,False,False
31004_20180510_0000_00,2018,5,00,False,False,False
31004_20180510_1200_12,2018,5,12,True,False,False
31004_20180511_0000_00,2018,5,00,False,False,False
31004_20180511_1200_12,2018,5,12,False,False,False
31004_20180512_0000_00,2018,5,00,False,False,False
31004_20180512_1200_12,2018,5,12,True,False,False
31004_20180513_0000_00,2018,5,00,True,False,False
31004_20180513_1200_12,2018,5,12,False,False,False
31004_20180514_0000_00,2018,5,00,False,False,False
31004_20180514_1200_12,2018,5,12,False,False,False
31004_20180515_0000_00,2018,5,00,False,False,False
31004_20180515_1200_12,2018,5,12,False,False,False
31004_20180516_0000_00,2018,5,00,False,False,False
31004_20180516_1200_12,2018,5,12,False,False,False
31004_20180517_0000_00,2018,5,00,False,False,False
31004_20180517_1200_12,2018,5,12,False,False,False
31004_20180518_0000_00,2018,5,00,False,False,False
31004_20180518_1200_12,2018,5,12,True,False,False
31004_20180519_0000_00,2018,5,00,False,False,False
31004_20180519_1200_12,2018,5,12,False,False,False
31004_20180520_0000_00,2018,5,00,False,False,False
31004_20180520_1200_12,2018,5,12,False,False,False
31004_20180521_0000_00,2018,5,00,False,False,False
31004_20180521_1200_12,2018,5,12,False,False,True
31004_20180522_0000_00,2018,5,00,False,False,True
31004_20180522_1200_12,2018,5,12,True,False,False
31004_20180523_0000_00,2018,5,00,False,False,False
31004_20180523_1200_12,2018,5,12,False,False,True
31004_20180524_0000_00,2018,5,00,True,False,True
31004_20180524_1200_12,2018,5,12,False,False,False
31004_20180525_0000_00,2018,5,00,False,False,True
31004_20180525_1200_12,2018,5,12,False,False,False
31004_20180526_0000_00,2018,5,00,False,False,False
31004_20180526_1200_12,2018,5,12,False,True,False
31004_20180527_0000_00,2018,5,00,False,False,False
31004_20180527_1200_12,2018,5,12,False,False,True
31004_20180528_0000_00,2018,5,00,False,False,True
31004_20180528_1200_12,2018,5,12,False,False,False
31004_20180529_0000_00,2018,5,00,False,False,False
31004_20180529_1200_12,2018,5,12,False,False,True
31004_20180530_0000_00,2018,5,00,False,False,False
31004_20180530_1200_12,2018,5,12,False,False,False
31004_20180531_0000_00,2018,5,00,False,False,False
31004_20180531_1200_12,2018,5,12,False,False,False
31004_20180601_0000_00,2018,6,00,False,False,False
31004_20180601_1200_12,2018,6,12,False,False,True
31004_20180602_0000_00,2018,6,00,False,False,False
31004_20180602_1200_12,2018,6,12,True,False,False
31004_20180603_0000_00,2018,6,00,False,False,True
31004_20180603_1200_12,2018,6,12,True,False,True
31004_20180604_0000_00,2018,6,00,False,False,True
31004_20180604_1200_12,2018,6,12,False,False,False
31004_20180605_0000_00,2018,6,00,False,False,False
31004_20180605_1200_12,2018,6,12,False,True,False
31004_20180606_0000_00,2018,6,00,False,False,False
31004_20180606_1200_12,2018,6,12,False,False,False
31004_20180607_0000_00,2018,6,00,False,False,False
31004_20180607_1200_12,2018,6,12,False,False,True
31004_20180608_0000_00,2018,6,00,False,False,False
31004_20180608_1200_12,2018,6,12,False,False,True
31004_20180609_0000_00,2018,6,00,False,False,True
31004_20180609_1200_12,2018,6,12,False,False,True
31004_20180610_0000_00,2018,6,00,False,False,False
31004_20180610_1200_12,2018,6,12,False,False,False
31004_20180611_0000_00,2018,6,00,False,False,True
31004_20180611_1200_12,2018,6,12,False,False,False
31004_20180612_0000_00,2018,6,00,False,False,False
31004_20180612_1200_12,2018,6,12,False,False,True
31004_20180613_0000_00,2018,6,00,False,False,False
31004_20180613_1200_12,2018,6,12,False,False,False
31004_20180614_0000_00,2018,6,00,False,False,False
31004_20180614_1200_12,2018,6,12,False,False,False
31004_20180615_0000_00,2018,6,00,True,False,False
31004_20180615_1200_12,2018,6,12,False,False,False
31004_20180616_0000_00,2018,6,00,False,False,False
31004_20180616_1200_12,2018,6,12,True,False,False
31004_20180617_0000_00,2018,6,00,False,False,False
31004_20180617_1200_12,2018,6,12,False,False,False
31004_20180618_0000_00,2018,6,00,False,False,False
31004_20180618_1200_12,2018,6,12,False,False,False
31004_20180619_0000_00,2018,6,00,True,False,False
31004_20180619_1200_12,2018,6,12,False,False,False
31004_20180620_0000_00,2018,6,00,False,False,False
31004_20180620_1200_12,2018,6,12,True,False,False
31004_20180621_0000_00,2018,6,00,False,False,False
31004_20180621_1200_12,2018,6,12,False,False,False
31004_20180622_0000_00,2018,6,00,False,False,True
31004_20180622_1200_12,2018,6,12,False,False,False
31004_20180623_0000_00,2018,6,00,False,False,True
31004_20180623_1200_12,2018,6,12,False,False,True
31004_20180624_0000_00,2018,6,00,False,False,False
31004_20180624_1200_12,2018,6,12,False,False,False
31004_20180625_0000_00,2018,6,00,False,False,False
31004_20180625_1200_12,2018,6,12,False,False,False
31004_20180626_0000_00,2018,6,00,False,False,False
31004_20180626_1200_12,2018,6,12,False,False,False
31004_20180627_0000_00,2018,6,00,True,False,False
31004_20180627_1200_12,2018,6,12,False,False,False
31004_20180628_0000_00,2018,6,00,False,False,False
31004_20180628_1200_12,2018,6,12,False,False,False
31004_20180629_0000_00,2018,6,00,False,False,True
31004_20180629_1200_12,2018,6,12,False,False,False
31004_20180630_0000_00,2018,6,00,False,False,True
31004_20180630_1200_12,2018,6,12,False,False,False
31004_20180701_0000_00,2018,7,00,False,False,False
31004_20180701_1200_12,2018,7,12,False,True,False
31004_20180702_0000_00,2018,7,00,False,False,False
31004_20180702_1200_12,2018,7,12,False,False,False
31004_20180703_0000_00,2018,7,00,False,False,False
31004_20180703_1200_12,2018,7,12,False,True,True
31004_20180704_0000_00,2018,7,00,True,False,False
31004_20180704_1200_12,2018,7,12,False,False,False
31004_20180705_0000_00,2018,7,00,False,False,False
31004_20180705_1200_12,2018,7,12,False,False,False
31004_20180706_0000_00,2018,7,00,False,False,False
31004_20180706_1200_12,2018,7,12,False,False,True
31004_20180707_0000_00,2018,7,00,False,False,False
31004_20180707_1200_12,2018,7,12,False,True,False
31004_20180708_0000_00,2018,7,00,False,False,False
31004_20180708_1200_12,2018,7,12,False,False,False
31004_20180709_0000_00,2018,7,00,False,False,False
31004_20180709_1200_12,2018,7,12,True,False,False
31004_20180710_0000_00,2018,7,00,False,False,False
31004_20180710_1200_12,2018,7,12,False,False,False
31004_20180711_0000_00,2018,7,00,False,False,False
31004_20180711_1200_12,2018,7,12,False,False,False
31004_20180712_0000_00,2018,7,00,False,False,False
31004_20180712_1200_12,2018,7,12,False,False,False
31004_20180713_0000_00,2018,7,00,False,False,False
31004_20180713_1200_12,2018,7,12,False,True,False
31004_20180714_0000_00,2018,7,00,False,False,True
31004_20180714_1200_12,2018,7,12,False,False,False
31004_20180715_0000_00,2018,7,00,False,False,True
31004_20180715_1200_12,2018,7,12,False,False,False
31004_20180716_0000_00,2018,7,00,False,False,True
31004_20180716_1200_12,2018,7,12,True,False,False
31004_20180717_0000_00,2018,7,00,False,False,True
31004_20180717_1200_12,2018,7,12,False,False,False
31004_20180718_0000_00,2018,7,00,False,False,False
31004_20180718_1200_12,2018,7,12,False,False,False
31004_20180719_0000_00,2018,7,00,False,False,True
31004_20180719_1200_12,2018,7,12,False,False,False
31004_20180720_0000_00,2018,7,00,False,False,True
31004_20180720_1200_12,2018,7,12,False,False,True
31004_20180721_0000_00,2018,7,00,False,False,False
31004_20180721_1200_12,2018,7,12,False,False,False
31004_20180722_0000_00,2018,7,00,True,False,True
31004_20180722_1200_12,2018,7,12,False,False,True
31004_20180723_0000_00,2018,7,00,False,False,True
31004_20180723_1200_12,2018,7,12,False,False,True
31004_20180724_0000_00,2018,7,00,False,False,False
31004_20180724_1200_12,2018,7,12,False,False,False
31004_20180725_0000_00,2018,7,00,False,False,False
31004_20180725_1200_12,2018,7,12,False,True,False
31004_20180726_0000_00,2018,7,00,False,False,True
31004_20180726_1200_12,2018,7,12,False,False,True
31004_20180727_0000_00,2018,7,00,True,False,False
31004_20180727_1200_12,2018,7,12,False,False,False
31004_20180728_0000_00,2018,7,00,False,False,False
31004_20180728_1200_12,2018,7,12,False,False,False
31004_20180729_0000_00,2018,7,00,False,False,False
31004_20180729_1200_12,2018,7,12,False,False,False
31004_20180730_0000_00,2018,7,00,False,False,False
31004_20180730_1200_12,2018,7,12,True,False,False
31004_20180731_0000_00,2018,7,00,False,False,False
31004_20180731_1200_12,2018,7,12,False,False,False
31004_20180801_0000_00,2018,8,00,False,False,True
31004_20180801_1200_12,2018,8,12,False,False,False
31004_20180802_0000_00,2018,8,00,False,False,False
31004_20180802_1200_12,2018,8,12,False,False,False
31004_20180803_0000_00,2018,8,00,False,False,False
31004_20180803_1200_12,2018,8,12,True,False,False
31004_20180804_0000_00,2018,8,00,False,False,False
31004_20180804_1200_12,2018,8,12,True,False,False
31004_20180805_0000_00,2018,8,00,False,False,True
31004_20180805_1200_12,2018,8,12,True,False,True
31004_20180806_0000_00,2018,8,00,False,False,True
31004_20180806_1200_12,2018,8,12,False,True,False
31004_20180807_0000_00,2018,8,00,False,False,False
31004_20180807_1200_12,2018,8,12,True,False,False
31004_20180808_0000_00,2018,8,00,False,False,False
31004_20180808_1200_12,2018,8,12,True,False,False
31004_20180809_0000_00,2018,8,00,False,False,False
31004_20180809_1200_12,2018,8,12,False,False,True
31004_20180810_0000_00,2018,8,00,False,False,False
31004_20180810_1200_12,2018,8,12,False,False,False
31004_20180811_0000_00,2018,8,00,False,False,False
31004_20180811_1200_12,2018,8,12,False,False,False
31004_20180812_0000_00,2018,8,00,False,False,True
31004_20180812_1200_12,2018,8,12,False,False,True
31004_20180813_0000_00,2018,8,00,False,False,False
31004_20180813_1200_12,2018,8,12,True,False,False
31004_20180814_0000_00,2018,8,00,False,False,False
31004_20180814_1200_12,2018,8,12,True,False,False
31004_20180815_0000_00,2018,8,00,True,False,False
31004_20180815_1200_12,2018,8,12,True,False,False
31004_20180816_0000_00,2018,8,00,False,False,False
31004_20180816_1200_12,2018,8,12,False,False,False
31004_20180817_0000_00,2018,8,00,False,False,False
31004_20180817_1200_12,2018,8,12,False,False,False
31004_20180818_0000_00,2018,8,00,False,False,False
31004_20180818_1200_12,2018,8,12,False,False,False
31004_20180819_0000_00,2018,8,00,False,False,False
31004_20180819_1200_12,2018,8,12,True,False,False
31004_20180820_0000_00,2018,8,00,False,True,True
31004_20180820_1200_12,2018,8,12,False,True,False
31004_20180821_0000_00,2018,8,00,False,False,False
31004_20180821_1200_12,2018,8,12,False,False,False
31004_20180822_0000_00,2018,8,00,False,False,False
31004_20180822_1200_12,2018,8,12,True,False,False
31004_20180823_0000_00,2018,8,00,False,False,False
31004_20180823_1200_12,2018,8,12,True,False,False
31004_20180824_0000_00,2018,8,00,False,False,False
31004_20180824_1200_12,2018,8,12,False,True,False
31004_20180825_0000_00,2018,8,00,False,False,False
31004_20180825_1200_12,2018,8,12,False,True,False
31004_20180826_0000_00,2018,8,00,False,False,False
31004_20180826_1200_12,2018,8,12,False,False,False
31004_20180827_0000_00,2018,8,00,False,False,True
31004_20180827_1200_12,2018,8,12,False,False,False
31004_20180828_0000_00,2018,8,00,True,False,True
31004_20180828_1200_12,2018,8,12,False,False,False
31004_20180829_0000_00,2018,8,00,True,False,False
31004_20180829_1200_12,2018,8,12,True,False,False
31004_20180830_0000_00,2018,8,00,False,False,False
31004_20180830_1200_12,2018,8,12,True,False,False
31004_20180831_0000_00,2018,8,00,False,False,True
31004_20180831_1200_12,2018,8,12,False,False,True
31004_20180901_0000_00,2018,9,00,False,False,False
31004_20180901_1200_12,2018,9,12,True,False,False
31004_20180902_0000_00,2018,9,00,True,False,False
31004_20180902_1200_12,2018,9,12,False,False,False
31004_20180903_0000_00,2018,9,00,False,False,True
31004_20180903_1200_12,2018,9,12,False,False,True
31004_20180904_0000_00,2018,9,00,False,False,False
31004_20180904_1200_12,2018,9,12,False,True,False
31004_20180905_0000_00,2018,9,00,False,False,False
31004_20180905_1200_12,2018,9,12,False,False,False
31004_20180906_0000_00,2018,9,00,False,False,True
31004_20180906_1200_12,2018,9,12,False,False,True
31004_20180907_0000_00,2018,9,00,False,False,False
31004_20180907_1200_12,2018,9,12,False,False,False
31004_20180908_0000_00,2018,9,00,False,False,False
31004_20180908_1200_12,2018,9,12,False,False,False
31004_20180909_0000_00,2018,9,00,False,False,True
31004_20180909_1200_12,2018,9,12,True,False,False
31004_20180910_0000_00,2018,9,00,True,False,False
31004_20180910_1200_12,2018,9,12,True,False,True
31004_20180911_0000_00,2018,9,00,False,False,True
31004_20180911_1200_12,2018,9,12,False,False,False
31004_20180912_0000_00,2018,9,00,True,False,False
31004_20180912_1200_12,2018,9,12,False,False,False
31004_20180913_0000_00,2018,9,00,False,True,False
31004_20180913_1200_12,2018,9,12,False,False,False
31004_20180914_0000_00,2018,9,00,False,False,True
31004_20180914_1200_12,2018,9,12,False,False,False
31004_20180915_0000_00,2018,9,00,True,False,False
31004_20180915_1200_12,2018,9,12,False,False,False
31004_20180916_0000_00,2018,9,00,False,False,False
31004_20180916_1200_12,2018,9,12,False,False,False
31004_20180917_0000_00,2018,9,00,False,False,False
31004_20180917_1200_12,2018,9,12,False,False,False
31004_20180918_0000_00,2018,9,00,False,False,False
31004_20180918_1200_12,2018,9,12,True,False,False
31004_20180919_0000_00,2018,9,00,True,False,True
31004_20180919_1200_12,2018,9,12,False,True,False
31004_20180920_0000_00,2018,9,00,False,False,False
31004_20180920_1200_12,2018,9,12,True,False,False
31004_20180921_0000_00,2018,9,00,True,False,False
31004_20180921_1200_12,2018,9,12,True,False,False
31004_20180922_0000_00,2018,9,00,False,False,False
31004_20180922_1200_12,2018,9,12,False,False,True
31004_20180923_0000_00,2018,9,00,False,False,True
31004_20180923_1200_12,2018,9,12,False,False,True
31004_20180924_0000_00,2018,9,00,False,False,True
31004_20180924_1200_12,2018,9,12,True,False,True
31004_20180925_0000_00,2018,9,00,True,False,False
31004_20180925_1200_12,2018,9,12,True,False,False
31004_20180926_0000_00,2018,9,00,True,False,True
31004_20180926_1200_12,2018,9,12,True,False,False
31004_20180927_0000_00,2018,9,00,True,False,False
31004_20180927_1200_12,2018,9,12,True,False,False
31004_20180928_0000_00,2018,9,00,False,False,False
31004_20180928_1200_12,2018,9,12,False,False,False
31004_20180929_0000_00,2018,9,00,False,False,True
31004_20180929_1200_12,2018,9,12,False,False,False
31004_20180930_0000_00,2018,9,00,False,False,False
31004_20180930_1200_12,2018,9,12,False,False,False
31004_20181001_0000_00,2018,10,00,False,False,True
31004_20181001_1200_12,2018,10,12,False,False,False
31004_20181002_0000_00,2018,10,00,False,False,False
31004_20181002_1200_12,2018,10,12,False,False,False
31004_20181003_0000_00,2018,10,00,False,False,True
31004_20181003_1200_12,2018,10,12,False,True,False
31004_20181004_0000_00,2018,10,00,False,False,False
31004_20181004_1200_12,2018,10,12,False,False,False
31004_20181005_0000_00,2018,10,00,True,False,True
31004_20181005_1200_12,2018,10,12,False,False,True
31004_20181006_0000_00,2018,10,00,False,False,True
31004_20181006_1200_12,2018,10,12,False,False,True
31004_20181007_0000_00,2018,10,00,True,False,True
31004_20181007_1200_12,2018,10,12,False,False,False
31004_20181008_0000_00,2018,10,00,False,False,True
31004_20181008_1200_12,2018,10,12,False,False,False
31004_20181009_0000_00,2018,10,00,False,False,False
31004_20181009_1200_12,2018,10,12,False,False,False
31004_20181010_0000_00,2018,10,00,False,False,False
31004_20181010_1200_12,2018,10,12,False,False,True
31004_20181011_0000_00,2018,10,00,False,False,False
31004_20181011_1200_12,2018,10,12,False,False,False
31004_20181012_0000_00,2018,10,00,True,False,False
31004_20181012_1200_12,2018,10,12,False,False,False
31004_20181013_0000_00,2018,10,00,False,False,True
31004_20181013_1200_12,2018,10,12,False,False,False
31004_20181014_0000_00,2018,10,00,False,False,False
31004_20181014_1200_12,2018,10,12,False,False,False
31004_20181015_0000_00,2018,10,00,False,False,True
31004_20181015_1200_12,2018,10,12,False,False,False
31004_20181016_0000_00,2018,10,00,False,False,False
31004_20181016_1200_12,2018,10,12,False,False,False
31004_20181017_0000_00,2018,10,00,False,False,True
31004_20181017_1200_12,2018,10,12,False,True,False
31004_20181018_0000_00,2018,10,00,False,False,False
31004_20181018_1200_12,2018,10,12,False,False,False
31004_20181019_0000_00,2018,10,00,False,False,False
31004_20181019_1200_12,2018,10,12,False,False,False
31004_20181020_0000_00,2018,10,00,False,False,True
31004_20181020_1200_12,2018,10,12,True,False,True
31004_20181021_0000_00,2018,10,00,False,False,False
31004_20181021_1200_12,2018,10,12,False,True,False
31004_20181022_0000_00,2018,10,00,False,False,False
31004_20181022_1200_12,2018,10,12,False,False,True
31004_20181023_0000_00,2018,10,00,False,False,False
31004_20181023_1200_12,2018,10,12,False,False,False
31004_20181024_0000_00,2018,10,00,False,False,True
31004_20181024_1200_12,2018,10,12,False,False,False
31004_20181025_0000_00,2018,10,00,False,False,False
31004_20181025_1200_12,2018,10,12,False,False,False
31004_20181026_0000_00,2018,10,00,False,False,False
31004_20181026_1200_12,2018,10,12,True,False,False
31004_20181027_0000_00,2018,10,00,True,False,False
31004_20181027_1200_12,2018,10,12,False,False,True
31004_20181028_0000_00,2018,10,00,False,False,True
31004_20181028_1200_12,2018,10,12,False,False,False
31004_20181029_0000_00,2018,10,00,True,False,False
31004_20181029_1200_12,2018,10,12,False,False,True
31004_20181030_0000_00,2018,10,00,True,False,False
31004_20181030_1200_12,2018,10,12,False,False,True
31004_20181031_0000_00,2018,10,00,False,False,True
31004_20181031_1200_12,2018,10,12,False,False,False
31004_20181101_0000_00,2018,11,00,False,False,False
31004_20181101_1200_12,2018,11,12,False,False,True
31004_20181102_0000_00,2018,11,00,False,False,False
31004_20181102_1200_12,2018,11,12,False,False,False
31004_20181103_0000_00,2018,11,00,False,False,True
31004_20181103_1200_12,2018,11,12,False,False,False
31004_20181104_0000_00,2018,11,00,False,False,True
31004_20181104_1200_12,2018,11,12,False,False,False
31004_20181105_0000_00,2018,11,00,False,False,False
31004_20181105_1200_12,2018,11,12,False,False,False
31004_20181106_0000_00,2018,11,00,False,False,False
31004_20181106_1200_12,2018,11,12,True,False,False
31004_20181107_0000_00,2018,11,00,False,False,False
31004_20181107_1200_12,2018,11,12,False,False,False
31004_20181108_0000_00,2018,11,00,True,False,True
31004_20181108_1200_12,2018,11,12,False,False,True
31004_20181109_0000_00,2018,11,00,False,False,True
31004_20181109_1200_12,2018,11,12,True,False,False
31004_20181110_0000_00,2018,11,00,False,False,False
31004_20181110_1200_12,2018,11,12,False,False,False
31004_20181111_0000_00,2018,11,00,False,False,False
31004_20181111_1200_12,2018,11,12,False,False,False
31004_20181112_0000_00,2018,11,00,False,False,True
31004_20181112_1200_12,2018,11,12,False,False,True
31004_20181113_0000_00,2018,11,00,False,False,True
31004_20181113_1200_12,2018,11,12,False,False,True
31004_20181114_0000_00,2018,11,00,False,False,False
31004_20181114_1200_12,2018,11,12,False,False,False
31004_20181115_0000_00,2018,11,00,False,False,True
31004_20181115_1200_12,2018,11,12,False,False,True
31004_20181116_0000_00,2018,11,00,True,False,False
31004_20181116_1200_12,2018,11,12,False,False,False
31004_20181117_0000_00,2018,11,00,True,False,False
31004_20181117_1200_12,2018,11,12,True,False,False
31004_20181118_0000_00,2018,11,00,False,False,False
31004_20181118_1200_12,2018,11,12,False,False,False
31004_20181119_0000_00,2018,11,00,False,False,False
31004_20181119_1200_12,2018,11,12,False,False,True
31004_20181120_0000_00,2018,11,00,False,False,False
31004_20181120_1200_12,2018,11,12,True,False,False
31004_20181121_0000_00,2018,11,00,False,False,True
31004_20181121_1200_12,2018,11,12,False,False,True
31004_20181122_0000_00,2018,11,00,False,True,True
31004_20181122_1200_12,2018,11,12,True,False,True
31004_20181123_0000_00,2018,11,00,False,False,True
31004_20181123_1200_12,2018,11,12,True,False,True
31004_20181124_0000_00,2018,11,00,False,False,False
31004_20181124_1200_12,2018,11,12,False,False,False
31004_20181125_0000_00,2018,11,00,True,False,False
31004_20181125_1200_12,2018,11,12,True,False,False
31004_20181126_0000_00,2018,11,00,False,False,False
31004_20181126_1200_12,2018,11,12,False,False,True
31004_20181127_0000_00,2018,11,00,False,False,True
31004_20181127_1200_12,2018,11,12,False,False,True
31004_20181128_0000_00,2018,11,00,False,False,False
31004_20181128_1200_12,2018,11,12,False,False,True
31004_20181129_0000_00,2018,11,00,False,False,True
31004_20181129_1200_12,2018,11,12,False,False,False
31004_20181130_0000_00,2018,11,00,True,False,False
31004_20181130_1200_12,2018,11,12,False,True,False
31004_20181201_0000_00,2018,12,00,True,False,False
31004_20181201_1200_12,2018,12,12,True,False,True
31004_20181202_0000_00,2018,12,00,True,False,False
31004_20181202_1200_12,2018,12,12,True,False,False
31004_20181203_0000_00,2018,12,00,False,True,False
31004_20181203_1200_12,2018,12,12,False,False,False
31004_20181204_0000_00,2018,12,00,False,False,True
31004_20181204_1200_12,2018,12,12,False,False,True
31004_20181205_0000_00,2018,12,00,False,False,True
31004_20181205_1200_12,2018,12,12,False,False,True
31004_20181206_0000_00,2018,12,00,True,False,False
31004_20181206_1200_12,2018,12,12,False,False,False
31004_20181207_0000_00,2018,12,00,False,False,False
31004_20181207_1200_12,2018,12,12,False,False,False
31004_20181208_0000_00,2018,12,00,False,False,True
31004_20181208_1200_12,2018,12,12,False,False,False
31004_20181209_0000_00,2018,12,00,False,False,True
31004_20181209_1200_12,2018,12,12,True,False,False
31004_20181210_0000_00,2018,12,00,False,False,True
31004_20181210_1200_12,2018,12,12,False,False,True
31004_20181211_0000_00,2018,12,00,False,False,False
31004_20181211_1200_12,2018,12,12,False,False,True
31004_20181212_0000_00,2018,12,00,False,True,True
31004_20181212_1200_12,2018,12,12,False,True,True
31004_20181213_0000_00,2018,12,00,False,False,False
31004_20181213_1200_12,2018,12,12,False,False,False
31004_20181214_0000_00,2018,12,00,False,False,False
31004_20181214_1200_12,2018,12,12,False,False,True
31004_20181215_0000_00,2018,12,00,True,False,True
31004_20181215_1200_12,2018,12,12,False,False,False
31004_20181216_0000_00,2018,12,00,True,False,False
31004_20181216_1200_12,2018,12,12,False,False,False
31004_20181217_0000_00,2018,12,00,False,False,False
31004_20181217_1200_12,2018,12,12,True,False,False
31004_20181218_0000_00,2018,12,00,False,False,False
31004_20181218_1200_12,2018,12,12,False,False,True
31004_20181219_0000_00,2018,12,00,False,False,False
31004_20181219_1200_12,2018,12,12,False,True,True
31004_20181220_0000_00,2018,12,00,False,False,False
31004_20181220_1200_12,2018,12,12,False,False,False
31004_20181221_0000_00,2018,12,00,False,False,False
31004_20181221_1200_12,2018,12,12,False,False,False
31004_20181222_0000_00,2018,12,00,False,False,True
31004_20181222_1200_12,2018,12,12,False,False,True
31004_20181223_0000_00,2018,12,00,False,False,True
31004_20181223_1200_12,2018,12,12,False,False,False
31004_20181224_0000_00,2018,12,00,True,False,False
31004_20181224_1200_12,2018,12,12,False,False,True
31004_20181225_0000_00,2018,12,00,False,False,True
31004_20181225_1200_12,2018,12,12,False,False,True
31004_20181226_0000_00,2018,12,00,False,False,False
31004_20181226_1200_12,2018,12,12,False,False,False
31004_20181227_0000_00,2018,12,00,False,False,True
31004_20181227_1200_12,2018,12,12,False,False,True
31004_20181228_0000_00,2018,12,00,False,False,True
31004_20181228_1200_12,2018,12,12,False,False,False
31004_20181229_0000_00,2018,12,00,False,False,True
31004_20181229_1200_12,2018,12,12,False,False,True
31004_20181230_0000_00,2018,12,00,False,False,True
31004_20181230_1200_12,2018,12,12,False,False,False
31004_20181231_0000_00,2018,12,00,False,False,True
31004_20181231_1200_12,2018,12,12,False,False,False
31004_20190101_0000_00,2019,1,00,False,False,False
31004_20190101_1200_12,2019,1,12,False,False,False
31004_20190102_0000_00,2019,1,00,False,False,False
31004_20190102_1200_12,2019,1,12,False,False,True
31004_20190103_0000_00,2019,1,00,True,False,True
31004_20190103_1200_12,2019,1,12,False,False,True
31004_20190104_0000_00,2019,1,00,False,False,True
31004_20190104_1200_12,2019,1,12,False,False,True
31004_20190105_0000_00,2019,1,00,False,False,True
31004_20190105_1200_12,2019,1,12,True,False,True
31004_20190106_0000_00,2019,1,00,True,False,False
31004_20190106_1200_12,2019,1,12,False,False,False
31004_20190107_0000_00,2019,1,00,True,False,False
31004_20190107_1200_12,2019,1,12,False,False,False
31004_20190108_0000_00,2019,1,00,False,False,True
31004_20190108_1200_12,2019,1,12,True,False,False
31004_20190109_0000_00,2019,1,00,False,False,True
31004_20190109_1200_12,2019,1,12,False,False,False
31004_20190110_0000_00,2019,1,00,False,False,False
31004_20190110_1200_12,2019,1,12,False,False,False
31004_20190111_0000_00,2019,1,00,False,False,True
31004_20190111_1200_12,2019,1,12,False,False,False
31004_20190112_0000_00,2019,1,00,True,False,False
31004_20190112_1200_12,2019,1,12,False,False,False
31004_20190113_0000_00,2019,1,00,False,False,False
31004_20190113_1200_12,2019,1,12,True,False,False
31004_20190114_0000_00,2019,1,00,False,False,False
31004_20190114_1200_12,2019,1,12,True,False,False
31004_20190115_0000_00,2019,1,00,False,False,True
31004_20190115_1200_12,2019,1,12,False,False,True
31004_20190116_0000_00,2019,1,00,False,False,False
31004_20190116_1200_12,2019,1,12,False,False,True
31004_20190117_0000_00,2019,1,00,True,False,False
31004_20190117_1200_12,2019,1,12,True,False,False
31004_20190118_0000_00,2019,1,00,True,False,False
31004_20190118_1200_12,2019,1,12,False,False,True
31004_20190119_0000_00,2019,1,00,True,False,False
31004_20190119_1200_12,2019,1,12,True,False,True
31004_20190120_0000_00,2019,1,00,True,False,False
31004_20190120_1200_12,2019,1,12,False,False,False
31004_20190121_0000_00,2019,1,00,True,False,True
31004_20190121_1200_12,2019,1,12,True,False,False
31004_20190122_0000_00,2019,1,00,False,False,False
31004_20190122_1200_12,2019,1,12,False,False,True
31004_20190123_0000_00,2019,1,00,False,False,True
31004_20190123_1200_12,2019,1,12,False,True,False
31004_20190124_0000_00,2019,1,00,False,True,False
31004_20190124_1200_12,2019,1,12,True,False,False
31004_20190125_0000_00,2019,1,00,False,False,False
31004_20190125_1200_12,2019,1,12,False,False,True
31004_20190126_0000_00,2019,1,00,True,False,True
31004_20190126_1200_12,2019,1,12,False,False,False
31004_20190127_0000_00,2019,1,00,False,False,True
31004_20190127_1200_12,2019,1,12,True,False,False
31004_20190128_0000_00,2019,1,00,True,False,False
31004_20190128_1200_12,2019,1,12,False,False,False
31004_20190129_0000_00,2019,1,00,False,False,True
31004_20190129_1200_12,2019,1,12,False,True,False
31004_20190130_0000_00,2019,1,00,True,False,True
31004_20190130_1200_12,2019,1,12,True,False,False
31004_20190131_0000_00,2019,1,00,False,True,True
31004_20190131_1200_12,2019,1,12,True,False,False
31004_20190201_0000_00,2019,2,00,False,False,True
31004_20190201_1200_12,2019,2,12,True,False,False
31004_20190202_0000_00,2019,2,00,False,False,False
31004_20190202_1200_12,2019,2,12,False,False,True
31004_20190203_0000_00,2019,2,00,False,False,False
31004_20190203_1200_12,2019,2,12,True,False,False
31004_20190204_0000_00,2019,2,00,False,False,True
31004_20190204_1200_12,2019,2,12,False,False,False
31004_20190205_0000_00,2019,2,00,False,False,True
31004_20190205_1200_12,2019,2,12,False,False,True
31004_20190206_0000_00,2019,2,00,False,False,True
31004_20190206_1200_12,2019,2,12,False,False,False
31004_20190207_0000_00,2019,2,00,False,False,True
31004_20190207_1200_12,2019,2,12,False,False,True
31004_20190208_0000_00,2019,2,00,False,False,True
31004_20190208_1200_12,2019,2,12,True,False,True
31004_20190209_0000_00,2019,2,00,False,False,True
31004_20190209_1200_12,2019,2,12,False,False,True
31004_20190210_0000_00,2019,2,00,False,False,False
31004_20190210_1200_12,2019,2,12,False,False,True
31004_20190211_0000_00,2019,2,00,False,False,True
31004_20190211_1200_12,2019,2,12,False,False,True
31004_20190212_0000_00,2019,2,00,False,False,True
31004_20190212_1200_12,2019,2,12,False,False,False
31004_20190213_0000_00,2019,2,00,False,False,True
31004_20190213_1200_12,2019,2,12,False,False,True
31004_20190214_0000_00,2019,2,00,False,False,True
31004_20190214_1200_12,2019,2,12,False,False,True
31004_20190215_0000_00,2019,2,00,False,False,True
31004_20190215_1200_12,2019,2,12,False,False,True
31004_20190216_0000_00,2019,2,00,False,False,False
31004_20190216_1200_12,2019,2,12,False,False,False
31004_20190217_0000_00,2019,2,00,False,False,False
31004_20190217_1200_12,2019,2,12,True,False,False
31004_20190218_0000_00,2019,2,00,False,False,False
31004_20190218_1200_12,2019,2,12,False,False,False
31004_20190219_0000_00,2019,2,00,True,False,False
31004_20190219_1200_12,2019,2,12,False,False,False
31004_20190220_0000_00,2019,2,00,False,False,False
31004_20190220_1200_12,2019,2,12,False,False,False
31004_20190221_0000_00,2019,2,00,False,False,False
31004_20190221_1200_12,2019,2,12,True,False,False
31004_20190222_0000_00,2019,2,00,False,False,False
31004_20190222_1200_12,2019,2,12,True,False,False
31004_20190223_0000_00,2019,2,00,True,False,False
31004_20190223_1200_12,2019,2,12,False,False,False
31004_20190224_0000_00,2019,2,00,True,False,False
31004_20190224_1200_12,2019,2,12,True,False,False
31004_20190225_0000_00,2019,2,00,True,False,False
31004_20190225_1200_12,2019,2,12,True,False,False
31004_20190226_0000_00,2019,2,00,True,False,False
31004_20190226_1200_12,2019,2,12,True,False,False
31004_20190227_0000_00,2019,2,00,False,False,False
31004_20190227_1200_12,2019,2,12,False,False,False
31004_20190228_0000_00,2019,2,00,True,False,False
31004_20190228_1200_12,2019,2,12,True,False,True
31004_20190301_0000_00,2019,3,00,True,False,False
31004_20190301_1200_12,2019,3,12,True,False,False
31004_20190302_0000_00,2019,3,00,False,False,False
31004_20190302_1200_12,2019,3,12,True,False,False
31004_20190303_0000_00,2019,3,00,True,False,True
31004_20190303_1200_12,2019,3,12,True,False,False
31004_20190304_0000_00,2019,3,00,True,False,False
31004_20190304_1200_12,2019,3,12,False,False,False
31004_20190305_0000_00,2019,3,00,False,False,False
31004_20190305_1200_12,2019,3,12,False,False,False
31004_20190306_0000_00,2019,3,00,True,False,True
31004_20190306_1200_12,2019,3,12,True,False,False
31004_20190307_0000_00,2019,3,00,True,False,False
31004_20190307_1200_12,2019,3,12,False,False,False
31004_20190308_0000_00,2019,3,00,True,False,False
31004_20190308_1200_12,2019,3,12,True,False,False
31004_20190309_0000_00,2019,3,00,True,False,False
31004_20190309_1200_12,2019,3,12,False,False,False
31004_20190310_0000_00,2019,3,00,True,False,False
31004_20190310_1200_12,2019,3,12,False,False,False
31004_20190311_0000_00,2019,3,00,True,False,False
31004_20190311_1200_12,2019,3,12,True,False,False
31004_20190312_0000_00,2019,3,00,True,False,False
31004_20190312_1200_12,2019,3,12,True,False,False
31004_20190313_0000_00,2019,3,00,True,False,False
31004_20190313_1200_12,2019,3,12,True,False,False
31004_20190314_0000_00,2019,3,00,True,False,False
31004_20190314_1200_12,2019,3,12,True,False,False
31004_20190315_0000_00,2019,3,00,True,False,True
31004_20190315_1200_12,2019,3,12,False,False,False
31004_20190316_0000_00,2019,3,00,False,False,False
31004_20190316_1200_12,2019,3,12,False,False,False
31004_20190317_0000_00,2019,3,00,False,False,False
31004_20190317_1200_12,2019,3,12,False,False,False
31004_20190318_0000_00,2019,3,00,True,False,True
31004_20190318_1200_12,2019,3,12,True,False,False
31004_20190319_0000_00,2019,3,00,True,False,False
31004_20190319_1200_12,2019,3,12,True,False,False
31004_20190320_0000_00,2019,3,00,False,False,False
31004_20190320_1200_12,2019,3,12,True,False,False
31004_20190321_0000_00,2019,3,00,False,False,False
31004_20190321_1200_12,2019,3,12,True,False,False
31004_20190322_0000_00,2019,3,00,True,False,False
31004_20190322_1200_12,2019,3,12,True,False,False
31004_20190323_0000_00,2019,3,00,True,False,False
31004_20190323_1200_12,2019,3,12,False,False,False
31004_20190324_0000_00,2019,3,00,False,False,False
31004_20190324_1200_12,2019,3,12,False,False,False
31004_20190325_0000_00,2019,3,00,True,False,True
31004_20190325_1200_12,2019,3,12,False,False,True
31004_20190326_0000_00,2019,3,00,True,False,True
31004_20190326_1200_12,2019,3,12,True,False,False
31004_20190327_0000_00,2019,3,00,True,False,False
31004_20190327_1200_12,2019,3,12,True,False,False
31004_20190328_0000_00,2019,3,00,False,False,False
31004_20190328_1200_12,2019,3,12,True,False,False
31004_20190329_0000_00,2019,3,00,False,False,True
31004_20190329_1200_12,2019,3,12,True,False,True
31004_20190330_0000_00,2019,3,00,True,False,False
31004_20190330_1200_12,2019,3,12,True,False,False
31004_20190331_0000_00,2019,3,00,False,False,False
31004_20190331_1200_12,2019,3,12,True,False,False
31004_20190401_0000_00,2019,4,00,False,False,True
31004_20190401_1200_12,2019,4,12,True,False,False
31004_20190402_0000_00,2019,4,00,True,False,True
31004_20190402_1200_12,2019,4,12,False,True,False
31004_20190403_0000_00,2019,4,00,False,False,False
31004_20190403_1200_12,2019,4,12,False,False,False
31004_20190404_0000_00,2019,4,00,True,False,False
31004_20190405_0000_00,2019,4,00,True,False,False
31004_20190405_1200_12,2019,4,12,True,False,False
31004_20190406_0000_00,2019,4,00,True,False,False
31004_20190406_1200_12,2019,4,12,True,False,True
31004_20190407_0000_00,2019,4,00,False,False,False
31004_20190407_1200_12,2019,4,12,False,False,True
31004_20190408_0000_00,2019,4,00,True,False,True
31004_20190408_1200_12,2019,4,12,False,False,False
31004_20190409_0000_00,2019,4,00,False,False,True
31004_20190409_1200_12,2019,4,12,False,False,False
31004_20190410_0000_00,2019,4,00,False,False,True
31004_20190410_1200_12,2019,4,12,False,False,False
31004_20190411_0000_00,2019,4,00,False,False,False
31004_20190411_1200_12,2019,4,12,False,False,False
31004_20190412_0000_00,2019,4,00,False,False,True
31004_20190412_1200_12,2019,4,12,False,False,False
31004_20190413_0000_00,2019,4,00,True,False,False
31004_20190413_1200_12,2019,4,12,False,False,False
31004_20190414_0000_00,2019,4,00,False,False,True
31004_20190414_1200_12,2019,4,12,False,False,False
31004_20190415_0000_00,2019,4,00,False,False,False
31004_20190415_1200_12,2019,4,12,False,False,False
31004_20190416_0000_00,2019,4,00,True,False,False
31004_20190416_1200_12,2019,4,12,False,False,False
31004_20190417_0000_00,2019,4,00,True,False,False
31004_20190417_1200_12,2019,4,12,False,False,False
31004_20190418_0000_00,2019,4,00,True,False,False
31004_20190418_1200_12,2019,4,12,False,False,False
31004_20190419_0000_00,2019,4,00,False,False,False
31004_20190419_1200_12,2019,4,12,False,False,True
31004_20190420_0000_00,2019,4,00,False,False,False
31004_20190420_1200_12,2019,4,12,False,False,False
31004_20190421_0000_00,2019,4,00,False,False,False
31004_20190421_1200_12,2019,4,12,True,False,False
31004_20190422_0000_00,2019,4,00,False,False,False
31004_20190422_1200_12,2019,4,12,False,False,False
31004_20190423_0000_00,2019,4,00,False,False,False
31004_20190423_1200_12,2019,4,12,False,False,False
31004_20190424_0000_00,2019,4,00,False,False,False
31004_20190424_1200_12,2019,4,12,False,False,False
31004_20190425_0000_00,2019,4,00,False,False,True
31004_20190425_1200_12,2019,4,12,False,True,True
31004_20190426_0000_00,2019,4,00,True,False,True
31004_20190426_1200_12,2019,4,12,False,True,False
31004_20190427_0000_00,2019,4,00,False,False,False
31004_20190427_1200_12,2019,4,12,True,False,False
31004_20190428_0000_00,2019,4,00,False,False,False
31004_20190428_1200_12,2019,4,12,False,False,False
31004_20190429_0000_00,2019,4,00,False,False,False
31004_20190429_1200_12,2019,4,12,False,False,True
31004_20190430_0000_00,2019,4,00,False,False,False
31004_20190430_1200_12,2019,4,12,True,False,False
31004_20190501_0000_00,2019,5,00,False,False,True
31004_20190501_1200_12,2019,5,12,True,False,False
31004_20190502_0000_00,2019,5,00,False,False,False
31004_20190502_1200_12,2019,5,12,True,False,False
31004_20190503_0000_00,2019,5,00,False,False,True
31004_20190503_1200_12,2019,5,12,False,False,True
31004_20190504_0000_00,2019,5,00,False,False,False
31004_20190504_1200_12,2019,5,12,False,False,False
31004_20190505_0000_00,2019,5,00,False,False,False
31004_20190505_1200_12,2019,5,12,False,False,False
31004_20190506_0000_00,2019,5,00,False,False,True
31004_20190506_1200_12,2019,5,12,False,False,False
31004_20190507_0000_00,2019,5,00,False,False,False
31004_20190507_1200_12,2019,5,12,False,False,False
31004_20190508_0000_00,2019,5,00,False,False,False
31004_20190508_1200_12,2019,5,12,False,False,False
31004_20190509_0000_00,2019,5,00,False,False,False
31004_20190509_1200_12,2019,5,12,False,False,False
31004_20190510_0000_00,2019,5,00,False,False,False
31004_20190510_1200_12,2019,5,12,False,False,False
31004_20190511_0000_00,2019,5,00,False,False,False
31004_20190511_1200_12,2019,5,12,False,False,False
31004_20190512_0000_00,2019,5,00,False,False,True
31004_20190512_1200_12,2019,5,12,False,False,True
31004_20190513_0000_00,2019,5,00,False,False,False
31004_20190513_1200_12,2019,5,12,False,False,False
31004_20190514_0000_00,2019,5,00,False,False,True
31004_20190514_1200_12,2019,5,12,False,False,False
31004_20190515_0000_00,2019,5,00,False,False,False
31004_20190515_1200_12,2019,5,12,False,False,False
31004_20190516_0000_00,2019,5,00,False,False,False
31004_20190516_1200_12,2019,5,12,True,False,False
31004_20190517_0000_00,2019,5,00,False,False,False
31004_20190517_1200_12,2019,5,12,False,False,False
31004_20190518_0000_00,2019,5,00,False,False,False
31004_20190518_1200_12,2019,5,12,False,False,True
31004_20190519_0000_00,2019,5,00,False,False,True
31004_20190519_1200_12,2019,5,12,False,False,False
31004_20190520_0000_00,2019,5,00,False,False,True
31004_20190520_1200_12,2019,5,12,False,False,False
31004_20190521_0000_00,2019,5,00,False,False,False
31004_20190522_0000_00,2019,5,00,False,False,True
31004_20190522_1200_12,2019,5,12,False,False,False
31004_20190523_0000_00,2019,5,00,False,True,False
31004_20190523_1200_12,2019,5,12,False,False,False
31004_20190524_0000_00,2019,5,00,False,False,False
31004_20190524_1200_12,2019,5,12,True,False,False
31004_20190525_0000_00,2019,5,00,True,False,False
31004_20190525_1200_12,2019,5,12,False,False,True
31004_20190526_0000_00,2019,5,00,True,False,False
31004_20190526_1200_12,2019,5,12,False,False,False
31004_20190527_0000_00,2019,5,00,False,False,False
31004_20190527_1200_12,2019,5,12,False,True,False
31004_20190528_0000_00,2019,5,00,False,False,False
31004_20190528_1200_12,2019,5,12,True,False,False
31004_20190529_0000_00,2019,5,00,False,False,False
31004_20190529_1200_12,2019,5,12,False,False,False
31004_20190530_0000_00,2019,5,00,False,False,False
31004_20190530_1200_12,2019,5,12,False,False,False
31004_20190531_0000_00,2019,5,00,False,False,True
31004_20190531_1200_12,2019,5,12,False,False,False
31004_20190601_0000_00,2019,6,00,True,False,False
31004_20190601_1200_12,2019,6,12,False,False,False
31004_20190602_0000_00,2019,6,00,False,False,False
31004_20190602_1200_12,2019,6,12,False,False,False
31004_20190603_0000_00,2019,6,00,False,False,False
31004_20190603_1200_12,2019,6,12,True,False,False
31004_20190604_0000_00,2019,6,00,False,False,False
31004_20190604_1200_12,2019,6,12,True,False,False
31004_20190605_0000_00,2019,6,00,False,False,False
31004_20190605_1200_12,2019,6,12,True,False,False
31004_20190606_0000_00,2019,6,00,False,False,False
31004_20190606_1200_12,2019,6,12,True,False,False
31004_20190607_0000_00,2019,6,00,False,False,False
31004_20190607_1200_12,2019,6,12,True,False,False
31004_20190608_0000_00,2019,6,00,False,False,False
31004_20190608_1200_12,2019,6,12,True,False,False
31004_20190609_0000_00,2019,6,00,False,False,False
31004_20190609_1200_12,2019,6,12,True,False,False
31004_20190610_0000_00,2019,6,00,False,False,False
31004_20190610_1200_12,2019,6,12,False,False,False
31004_20190611_0000_00,2019,6,00,False,False,False
31004_20190611_1200_12,2019,6,12,False,False,False
31004_20190612_0000_00,2019,6,00,False,False,False
31004_20190612_1200_12,2019,6,12,False,False,True
31004_20190613_0000_00,2019,6,00,False,False,True
31004_20190613_1200_12,2019,6,12,False,False,False
31004_20190614_0000_00,2019,6,00,False,False,True
31004_20190614_1200_12,2019,6,12,False,False,False
31004_20190615_0000_00,2019,6,00,False,False,False
31004_20190615_1200_12,2019,6,12,False,False,False
31004_20190616_0000_00,2019,6,00,False,False,False
31004_20190616_1200_12,2019,6,12,False,False,False
31004_20190617_0000_00,2019,6,00,False,False,False
31004_20190617_1200_12,2019,6,12,False,False,False
31004_20190618_0000_00,2019,6,00,False,True,False
31004_20190618_1200_12,2019,6,12,False,False,True
31004_20190619_0000_00,2019,6,00,False,False,True
31004_20190619_1200_12,2019,6,12,False,False,True
31004_20190620_0000_00,2019,6,00,False,False,False
31004_20190620_1200_12,2019,6,12,False,False,False
31004_20190621_0000_00,2019,6,00,False,False,True
31004_20190621_1200_12,2019,6,12,False,False,False
31004_20190622_0000_00,2019,6,00,False,False,False
31004_20190622_1200_12,2019,6,12,False,False,False
31004_20190623_0000_00,2019,6,00,True,False,False
31004_20190623_1200_12,2019,6,12,False,False,False
31004_20190624_0000_00,2019,6,00,False,False,False
31004_20190624_1200_12,2019,6,12,False,False,False
31004_20190625_0000_00,2019,6,00,False,False,False
31004_20190625_1200_12,2019,6,12,True,False,False
31004_20190626_0000_00,2019,6,00,False,False,False
31004_20190626_1200_12,2019,6,12,False,False,False
31004_20190627_0000_00,2019,6,00,False,False,False
31004_20190627_1200_12,2019,6,12,False,True,False
31004_20190628_0000_00,2019,6,00,False,False,False
31004_20190628_1200_12,2019,6,12,False,False,False
31004_20190629_0000_00,2019,6,00,False,False,False
31004_20190629_1200_12,2019,6,12,True,False,False
31004_20190630_0000_00,2019,6,00,False,False,False
31004_20190630_1200_12,2019,6,12,False,True,False
31004_20190701_0000_00,2019,7,00,False,False,True
31004_20190701_1200_12,2019,7,12,False,False,True
31004_20190702_0000_00,2019,7,00,False,False,False
31004_20190702_1200_12,2019,7,12,False,False,False
31004_20190703_0000_00,2019,7,00,False,False,False
31004_20190703_1200_12,2019,7,12,False,False,True
31004_20190704_0000_00,2019,7,00,False,False,False
31004_20190704_1200_12,2019,7,12,False,False,False
31004_20190705_0000_00,2019,7,00,False,False,False
31004_20190705_1200_12,2019,7,12,False,False,False
31004_20190706_0000_00,2019,7,00,True,False,False
31004_20190706_1200_12,2019,7,12,True,False,False
31004_20190707_0000_00,2019,7,00,False,False,True
31004_20190707_1200_12,2019,7,12,True,False,False
31004_20190708_0000_00,2019,7,00,False,False,False
31004_20190708_1200_12,2019,7,12,True,False,False
31004_20190709_0000_00,2019,7,00,False,False,False
31004_20190709_1200_12,2019,7,12,True,False,False
31004_20190710_0000_00,2019,7,00,False,False,False
31004_20190710_1200_12,2019,7,12,True,False,False
31004_20190711_0000_00,2019,7,00,False,False,False
31004_20190711_1200_12,2019,7,12,True,False,False
31004_20190712_0000_00,2019,7,00,False,False,False
31004_20190712_1200_12,2019,7,12,False,False,False
31004_20190713_0000_00,2019,7,00,True,False,False
31004_20190714_0000_00,2019,7,00,False,False,False
31004_20190714_1200_12,2019,7,12,False,False,False
31004_20190715_0000_00,2019,7,00,False,False,False
31004_20190715_1200_12,2019,7,12,True,False,False
31004_20190716_0000_00,2019,7,00,False,False,False
31004_20190716_1200_12,2019,7,12,False,False,False
31004_20190717_0000_00,2019,7,00,True,False,False
31004_20190717_1200_12,2019,7,12,False,False,False
31004_20190718_0000_00,2019,7,00,True,False,False
31004_20190718_1200_12,2019,7,12,False,False,False
31004_20190719_0000_00,2019,7,00,False,False,False
31004_20190719_1200_12,2019,7,12,False,True,True
31004_20190720_0000_00,2019,7,00,False,False,False
31004_20190720_1200_12,2019,7,12,False,False,False
31004_20190721_0000_00,2019,7,00,False,False,True
31004_20190721_1200_12,2019,7,12,False,False,False
31004_20190722_0000_00,2019,7,00,True,False,True
31004_20190722_1200_12,2019,7,12,False,False,False
31004_20190723_0000_00,2019,7,00,False,True,False
31004_20190723_1200_12,2019,7,12,True,False,True
31004_20190724_0000_00,2019,7,00,False,False,False
31004_20190724_1200_12,2019,7,12,True,False,True
31004_20190725_0000_00,2019,7,00,False,False,True
31004_20190725_1200_12,2019,7,12,True,False,True
31004_20190726_0000_00,2019,7,00,False,False,False
31004_20190726_1200_12,2019,7,12,True,False,False
31004_20190727_0000_00,2019,7,00,False,False,False
31004_20190727_1200_12,2019,7,12,True,False,True
31004_20190728_0000_00,2019,7,00,False,False,False
31004_20190728_1200_12,2019,7,12,True,False,False
31004_20190729_0000_00,2019,7,00,False,False,False
31004_20190730_0000_00,2019,7,00,False,False,True
31004_20190730_1200_12,2019,7,12,False,False,False
31004_20190731_0000_00,2019,7,00,False,False,True
31004_20190731_1200_12,2019,7,12,False,False,False
31004_20190801_0000_00,2019,8,00,False,False,False
31004_20190801_1200_12,2019,8,12,True,False,False
31004_20190802_0000_00,2019,8,00,False,False,False
31004_20190802_1200_12,2019,8,12,False,True,False
31004_20190803_0000_00,2019,8,00,False,False,False
31004_20190803_1200_12,2019,8,12,True,False,False
31004_20190804_0000_00,2019,8,00,False,False,False
31004_20190804_1200_12,2019,8,12,False,False,False
31004_20190805_0000_00,2019,8,00,False,False,True
31004_20190805_1200_12,2019,8,12,False,False,False
31004_20190806_0000_00,2019,8,00,False,False,True
31004_20190806_1200_12,2019,8,12,True,False,False
31004_20190807_0000_00,2019,8,00,True,False,True
31004_20190807_1200_12,2019,8,12,True,False,False
31004_20190808_0000_00,2019,8,00,True,False,True
31004_20190808_1200_12,2019,8,12,True,False,False
31004_20190809_0000_00,2019,8,00,False,True,False
31004_20190809_1200_12,2019,8,12,True,False,False
31004_20190810_0000_00,2019,8,00,False,True,True
31004_20190810_1200_12,2019,8,12,True,False,True
31004_20190811_0000_00,2019,8,00,True,False,False
31004_20190811_1200_12,2019,8,12,True,False,False
31004_20190812_0000_00,2019,8,00,True,False,False
31004_20190812_1200_12,2019,8,12,True,False,False
31004_20190813_0000_00,2019,8,00,False,False,False
31004_20190813_1200_12,2019,8,12,True,False,False
31004_20190814_0000_00,2019,8,00,False,False,False
31004_20190814_1200_12,2019,8,12,False,False,True
31004_20190815_0000_00,2019,8,00,False,False,False
31004_20190815_1200_12,2019,8,12,False,True,False
31004_20190816_0000_00,2019,8,00,False,False,False
31004_20190816_1200_12,2019,8,12,True,False,False
31004_20190817_0000_00,2019,8,00,True,False,False
31004_20190817_1200_12,2019,8,12,False,False,False
31004_20190818_0000_00,2019,8,00,False,False,False
31004_20190818_1200_12,2019,8,12,False,True,False
31004_20190819_0000_00,2019,8,00,False,False,False
31004_20190819_1200_12,2019,8,12,True,False,False
31004_20190820_0000_00,2019,8,00,False,False,False
31004_20190820_1200_12,2019,8,12,True,False,False
31004_20190821_0000_00,2019,8,00,False,False,False
31004_20190821_1200_12,2019,8,12,False,False,False
31004_20190822_0000_00,2019,8,00,True,False,False
31004_20190822_1200_12,2019,8,12,True,False,True
31004_20190823_0000_00,2019,8,00,False,False,False
31004_20190823_1200_12,2019,8,12,True,False,False
31004_20190824_0000_00,2019,8,00,False,False,False
31004_20190824_1200_12,2019,8,12,True,False,False
31004_20190825_0000_00,2019,8,00,False,False,False
31004_20190825_1200_12,2019,8,12,False,False,False
31004_20190826_0000_00,2019,8,00,False,False,False
31004_20190826_1200_12,2019,8,12,True,False,False
31004_20190827_0000_00,2019,8,00,True,False,False
31004_20190827_1200_12,2019,8,12,False,True,False
31004_20190828_0000_00,2019,8,00,True,False,False
31004_20190828_1200_12,2019,8,12,False,False,True
31004_20190829_0000_00,2019,8,00,False,False,False
31004_20190829_1200_12,2019,8,12,False,False,False
31004_20190830_0000_00,2019,8,00,False,False,False
31004_20190830_1200_12,2019,8,12,True,False,False
31004_20190831_0000_00,2019,8,00,True,False,False
31004_20190831_1200_12,2019,8,12,True,False,False
31004_20190901_0000_00,2019,9,00,False,False,True
31004_20190901_1200_12,2019,9,12,True,False,False
31004_20190902_0000_00,2019,9,00,True,False,False
31004_20190902_1200_12,2019,9,12,False,False,False
31004_20190903_1200_12,2019,9,12,True,False,False
31004_20190904_0000_00,2019,9,00,False,False,True
31004_20190904_1200_12,2019,9,12,False,True,False
31004_20190905_0000_00,2019,9,00,False,False,False
31004_20190905_1200_12,2019,9,12,True,False,False
31004_20190906_0000_00,2019,9,00,True,False,False
31004_20190906_1200_12,2019,9,12,False,False,False
31004_20190907_0000_00,2019,9,00,False,False,False
31004_20190907_1200_12,2019,9,12,False,False,False
31004_20190908_0000_00,2019,9,00,False,True,True
31004_20190908_1200_12,2019,9,12,False,False,False
31004_20190909_0000_00,2019,9,00,False,False,False
31004_20190909_1200_12,2019,9,12,True,False,False
31004_20190910_0000_00,2019,9,00,False,False,False
31004_20190910_1200_12,2019,9,12,False,False,True
31004_20190911_0000_00,2019,9,00,True,False,False
31004_20190911_1200_12,2019,9,12,False,False,False
31004_20190912_0000_00,2019,9,00,False,False,True
31004_20190912_1200_12,2019,9,12,False,False,False
31004_20190913_0000_00,2019,9,00,False,False,False
31004_20190913_1200_12,2019,9,12,True,False,False
31004_20190914_0000_00,2019,9,00,True,False,True
31004_20190914_1200_12,2019,9,12,True,False,False
31004_20190915_0000_00,2019,9,00,False,False,False
31004_20190915_1200_12,2019,9,12,False,False,True
31004_20190916_0000_00,2019,9,00,False,False,False
31004_20190916_1200_12,2019,9,12,False,False,False
31004_20190917_0000_00,2019,9,00,False,False,False
31004_20190917_1200_12,2019,9,12,False,False,False
31004_20190918_0000_00,2019,9,00,False,False,False
31004_20190918_1200_12,2019,9,12,False,False,True
31004_20190919_0000_00,2019,9,00,False,False,True
31004_20190919_1200_12,2019,9,12,False,False,False
31004_20190920_0000_00,2019,9,00,False,False,True
31004_20190920_1200_12,2019,9,12,False,False,True
31004_20190921_0000_00,2019,9,00,False,False,False
31004_20190921_1200_12,2019,9,12,True,False,False
31004_20190922_0000_00,2019,9,00,False,True,False
31004_20190922_1200_12,2019,9,12,True,False,False
31004_20190923_0000_00,2019,9,00,False,False,False
31004_20190923_1200_12,2019,9,12,False,False,False
31004_20190924_0000_00,2019,9,00,False,False,False
31004_20190924_1200_12,2019,9,12,False,False,True
31004_20190925_0000_00,2019,9,00,False,False,True
31004_20190925_1200_12,2019,9,12,False,False,True
31004_20190926_0000_00,2019,9,00,True,False,True
31004_20190926_1200_12,2019,9,12,False,False,False
31004_20190927_0000_00,2019,9,00,False,False,True
31004_20190927_1200_12,2019,9,12,False,False,True
31004_20190928_0000_00,2019,9,00,False,False,True
31004_20190928_1200_12,2019,9,12,False,False,True
31004_20190929_0000_00,2019,9,00,False,False,True
31004_20190929_1200_12,2019,9,12,False,False,False
31004_20190930_0000_00,2019,9,00,False,False,False
31004_20190930_1200_12,2019,9,12,False,False,False
31004_20191001_0000_00,2019,10,00,False,False,False
31004_20191001_1200_12,2019,10,12,False,False,False
31004_20191002_0000_00,2019,10,00,False,False,False
31004_20191002_1200_12,2019,10,12,False,False,False
31004_20191003_0000_00,2019,10,00,False,False,False
31004_20191003_1200_12,2019,10,12,False,False,False
31004_20191004_0000_00,2019,10,00,False,False,False
31004_20191004_1200_12,2019,10,12,False,False,False
31004_20191005_0000_00,2019,10,00,False,False,False
31004_20191005_1200_12,2019,10,12,False,False,False
31004_20191006_0000_00,2019,10,00,True,False,False
31004_20191006_1200_12,2019,10,12,False,False,False
31004_20191007_0000_00,2019,10,00,False,False,False
31004_20191007_1200_12,2019,10,12,False,False,False
31004_20191008_0000_00,2019,10,00,False,False,False
31004_20191008_1200_12,2019,10,12,False,False,False
31004_20191009_1200_12,2019,10,12,False,False,False
31004_20191010_0000_00,2019,10,00,False,False,False
31004_20191010_1200_12,2019,10,12,False,False,True
31004_20191011_0000_00,2019,10,00,False,False,False
31004_20191011_1200_12,2019,10,12,False,False,True
31004_20191012_0000_00,2019,10,00,False,False,False
31004_20191012_1200_12,2019,10,12,False,False,False
31004_20191013_0000_00,2019,10,00,False,False,True
31004_20191013_1200_12,2019,10,12,False,False,False
31004_20191014_0000_00,2019,10,00,False,False,True
31004_20191014_1200_12,2019,10,12,False,False,False
31004_20191015_0000_00,2019,10,00,False,False,False
31004_20191015_1200_12,2019,10,12,False,False,True
31004_20191016_0000_00,2019,10,00,True,False,True
31004_20191016_1200_12,2019,10,12,False,False,False
31004_20191017_0000_00,2019,10,00,True,False,False
31004_20191017_1200_12,2019,10,12,False,False,False
31004_20191018_0000_00,2019,10,00,False,False,True
31004_20191018_1200_12,2019,10,12,False,False,False
31004_20191019_0000_00,2019,10,00,False,False,True
31004_20191019_1200_12,2019,10,12,True,False,True
31004_20191020_0000_00,2019,10,00,True,False,False
31004_20191020_1200_12,2019,10,12,False,False,False
31004_20191021_0000_00,2019,10,00,True,False,False
31004_20191021_1200_12,2019,10,12,False,False,False
31004_20191022_0000_00,2019,10,00,False,False,False
31004_20191022_1200_12,2019,10,12,False,False,False
31004_20191023_0000_00,2019,10,00,False,False,True
31004_20191023_1200_12,2019,10,12,False,False,False
31004_20191024_0000_00,2019,10,00,False,False,False
31004_20191024_1200_12,2019,10,12,False,False,False
31004_20191025_0000_00,2019,10,00,False,False,False
31004_20191025_1200_12,2019,10,12,False,True,False
31004_20191026_0000_00,2019,10,00,False,False,False
31004_20191026_1200_12,2019,10,12,False,False,True
31004_20191027_0000_00,2019,10,00,True,False,False
31004_20191027_1200_12,2019,10,12,False,False,False
31004_20191028_0000_00,2019,10,00,False,False,False
31004_20191028_1200_12,2019,10,12,False,False,False
31004_20191029_0000_00,2019,10,00,True,False,True
31004_20191029_1200_12,2019,10,12,False,False,True
31004_20191030_0000_00,2019,10,00,False,False,False
31004_20191030_1200_12,2019,10,12,False,False,False
31004_20191031_0000_00,2019,10,00,False,False,False
31004_20191031_1200_12,2019,10,12,False,False,True
31004_20191101_0000_00,2019,11,00,True,False,False
31004_20191101_1200_12,2019,11,12,True,False,False
31004_20191102_0000_00,2019,11,00,False,False,False
31004_20191102_1200_12,2019,11,12,True,False,False
31004_20191103_0000_00,2019,11,00,False,False,False
31004_20191103_1200_12,2019,11,12,True,False,False
31004_20191104_0000_00,2019,11,00,False,False,True
31004_20191104_1200_12,2019,11,12,False,False,True
31004_20191105_0000_00,2019,11,00,False,False,False
31004_20191105_1200_12,2019,11,12,False,False,True
31004_20191106_0000_00,2019,11,00,False,False,True
31004_20191106_1200_12,2019,11,12,False,False,True
31004_20191107_0000_00,2019,11,00,False,False,True
31004_20191107_1200_12,2019,11,12,False,False,False
31004_20191108_0000_00,2019,11,00,False,False,True
31004_20191108_1200_12,2019,11,12,False,False,False
31004_20191109_0000_00,2019,11,00,True,False,False
31004_20191109_1200_12,2019,11,12,False,False,False
31004_20191110_0000_00,2019,11,00,False,False,True
31004_20191110_1200_12,2019,11,12,False,False,False
31004_20191111_0000_00,2019,11,00,False,False,False
31004_20191111_1200_12,2019,11,12,False,False,False
31004_20191112_0000_00,2019,11,00,False,False,True
31004_20191112_1200_12,2019,11,12,False,False,True
31004_20191113_0000_00,2019,11,00,False,False,True
31004_20191113_1200_12,2019,11,12,True,False,False
31004_20191114_0000_00,2019,11,00,False,False,False
31004_20191114_1200_12,2019,11,12,False,False,True
31004_20191115_0000_00,2019,11,00,False,False,False
31004_20191115_1200_12,2019,11,12,False,False,False
31004_20191116_0000_00,2019,11,00,False,False,True
31004_20191116_1200_12,2019,11,12,False,False,False
31004_20191117_0000_00,2019,11,00,False,False,True
31004_20191117_1200_12,2019,11,12,False,False,True
31004_20191118_0000_00,2019,11,00,True,False,True
31004_20191118_1200_12,2019,11,12,False,False,True
31004_20191119_0000_00,2019,11,00,False,False,True
31004_20191119_1200_12,2019,11,12,False,False,False
31004_20191120_0000_00,2019,11,00,False,False,True
31004_20191120_1200_12,2019,11,12,True,False,False
31004_20191121_0000_00,2019,11,00,True,False,True
31004_20191121_1200_12,2019,11,12,False,False,True
31004_20191122_0000_00,2019,11,00,True,False,True
31004_20191122_1200_12,2019,11,12,False,True,True
31004_20191123_0000_00,2019,11,00,False,False,True
31004_20191123_1200_12,2019,11,12,False,False,False
31004_20191124_0000_00,2019,11,00,False,False,True
31004_20191124_1200_12,2019,11,12,True,False,False
31004_20191125_0000_00,2019,11,00,False,False,True
31004_20191125_1200_12,2019,11,12,False,False,False
31004_20191126_0000_00,2019,11,00,False,False,True
31004_20191126_1200_12,2019,11,12,False,False,True
31004_20191127_0000_00,2019,11,00,False,False,False
31004_20191127_1200_12,2019,11,12,False,False,True
31004_20191128_0000_00,2019,11,00,False,False,True
31004_20191128_1200_12,2019,11,12,False,False,True
31004_20191129_0000_00,2019,11,00,False,False,True
31004_20191129_1200_12,2019,11,12,False,False,True
31004_20191130_0000_00,2019,11,00,True,False,False
31004_20191130_1200_12,2019,11,12,False,False,False
31004_20191201_0000_00,2019,12,00,True,False,True
31004_20191201_1200_12,2019,12,12,True,False,True
31004_20191202_0000_00,2019,12,00,False,False,True
31004_20191202_1200_12,2019,12,12,False,False,True
31004_20191203_0000_00,2019,12,00,False,False,True
31004_20191203_1200_12,2019,12,12,False,False,True
31004_20191204_0000_00,2019,12,00,False,False,True
31004_20191204_1200_12,2019,12,12,True,False,False
31004_20191205_0000_00,2019,12,00,False,True,False
31004_20191205_1200_12,2019,12,12,False,False,False
31004_20191206_0000_00,2019,12,00,False,False,True
31004_20191206_1200_12,2019,12,12,True,False,False
31004_20191207_0000_00,2019,12,00,False,False,True
31004_20191207_1200_12,2019,12,12,False,False,False
31004_20191208_0000_00,2019,12,00,True,False,False
31004_20191208_1200_12,2019,12,12,False,False,True
31004_20191209_0000_00,2019,12,00,False,False,False
31004_20191209_1200_12,2019,12,12,False,True,True
31004_20191210_0000_00,2019,12,00,True,False,True
31004_20191210_1200_12,2019,12,12,False,True,False
31004_20191211_0000_00,2019,12,00,False,False,True
31004_20191211_1200_12,2019,12,12,True,False,False
31004_20191212_0000_00,2019,12,00,True,False,False
31004_20191212_1200_12,2019,12,12,False,False,False
31004_20191213_0000_00,2019,12,00,True,False,False
31004_20191213_1200_12,2019,12,12,False,False,True
31004_20191214_0000_00,2019,12,00,True,False,False
31004_20191214_1200_12,2019,12,12,False,False,True
31004_20191215_0000_00,2019,12,00,False,False,False
31004_20191215_1200_12,2019,12,12,True,False,False
31004_20191216_0000_00,2019,12,00,False,False,False
31004_20191216_1200_12,2019,12,12,False,False,False
31004_20191217_0000_00,2019,12,00,False,False,True
31004_20191217_1200_12,2019,12,12,False,False,True
31004_20191218_0000_00,2019,12,00,False,False,True
31004_20191218_1200_12,2019,12,12,False,False,True
31004_20191219_0000_00,2019,12,00,False,False,True
31004_20191219_1200_12,2019,12,12,False,False,True
31004_20191220_0000_00,2019,12,00,False,False,False
31004_20191220_1200_12,2019,12,12,False,False,True
31004_20191221_0000_00,2019,12,00,False,False,False
31004_20191221_1200_12,2019,12,12,False,False,False
31004_20191222_0000_00,2019,12,00,False,False,True
31004_20191222_1200_12,2019,12,12,False,False,True
31004_20191223_0000_00,2019,12,00,False,False,True
31004_20191223_1200_12,2019,12,12,False,False,True
31004_20191224_0000_00,2019,12,00,False,False,False
31004_20191224_1200_12,2019,12,12,False,False,False
31004_20191225_0000_00,2019,12,00,False,False,True
31004_20191225_1200_12,2019,12,12,False,False,True
31004_20191226_0000_00,2019,12,00,False,False,False
31004_20191226_1200_12,2019,12,12,True,False,False
31004_20191227_0000_00,2019,12,00,True,False,False
31004_20191227_1200_12,2019,12,12,False,False,False
31004_20191228_0000_00,2019,12,00,True,False,False
31004_20191228_1200_12,2019,12,12,True,False,False
31004_20191229_0000_00,2019,12,00,False,False,False
31004_20191229_1200_12,2019,12,12,False,False,True
31004_20191230_0000_00,2019,12,00,False,False,True
31004_20191230_1200_12,2019,12,12,False,False,True
31004_20191231_0000_00,2019,12,00,True,False,False
31004_20191231_1200_12,2019,12,12,False,False,False
31004_20200101_0000_00,2020,1,00,False,True,True
31004_20200101_1200_12,2020,1,12,False,False,True
31004_20200102_0000_00,2020,1,00,False,False,False
31004_20200102_1200_12,2020,1,12,False,False,True
31004_20200103_0000_00,2020,1,00,False,False,False
31004_20200103_1200_12,2020,1,12,True,False,False
31004_20200104_0000_00,2020,1,00,False,True,False
31004_20200104_1200_12,2020,1,12,False,False,False
31004_20200105_0000_00,2020,1,00,False,False,False
31004_20200105_1200_12,2020,1,12,False,False,False
31004_20200106_0000_00,2020,1,00,False,False,True
31004_20200106_1200_12,2020,1,12,False,False,False
31004_20200107_0000_00,2020,1,00,False,False,True
31004_20200107_1200_12,2020,1,12,False,False,True
31004_20200108_0000_00,2020,1,00,False,False,True
31004_20200108_1200_12,2020,1,12,False,False,True
31004_20200109_0000_00,2020,1,00,False,False,False
31004_20200109_1200_12,2020,1,12,False,False,True
31004_20200110_0000_00,2020,1,00,False,False,True
31004_20200110_1200_12,2020,1,12,False,False,True
31004_20200111_0000_00,2020,1,00,False,False,True
31004_20200111_1200_12,2020,1,12,True,False,True
31004_20200112_0000_00,2020,1,00,False,False,False
31004_20200112_1200_12,2020,1,12,False,False,True
31004_20200113_0000_00,2020,1,00,False,False,True
31004_20200113_1200_12,2020,1,12,True,False,False
31004_20200114_0000_00,2020,1,00,True,False,False
31004_20200114_1200_12,2020,1,12,True,False,False
31004_20200115_0000_00,2020,1,00,False,False,False
31004_20200115_1200_12,2020,1,12,True,False,False
31004_20200116_0000_00,2020,1,00,False,False,False
31004_20200116_1200_12,2020,1,12,False,False,False
31004_20200117_0000_00,2020,1,00,False,False,False
31004_20200117_1200_12,2020,1,12,False,False,False
31004_20200118_0000_00,2020,1,00,False,False,False
31004_20200118_1200_12,2020,1,12,True,False,False
31004_20200119_0000_00,2020,1,00,True,False,False
31004_20200119_1200_12,2020,1,12,False,False,False
31004_20200120_0000_00,2020,1,00,False,False,False
31004_20200120_1200_12,2020,1,12,False,False,False
31004_20200121_0000_00,2020,1,00,False,False,False
31004_20200121_1200_12,2020,1,12,True,False,False
31004_20200122_0000_00,2020,1,00,False,False,False
31004_20200122_1200_12,2020,1,12,False,False,False
31004_20200123_0000_00,2020,1,00,False,False,True
31004_20200123_1200_12,2020,1,12,True,False,False
31004_20200124_0000_00,2020,1,00,False,False,True
31004_20200124_1200_12,2020,1,12,True,False,True
31004_20200125_0000_00,2020,1,00,True,False,False
31004_20200125_1200_12,2020,1,12,True,False,False
31004_20200126_0000_00,2020,1,00,True,False,True
31004_20200126_1200_12,2020,1,12,False,False,True
31004_20200127_0000_00,2020,1,00,False,False,False
31004_20200127_1200_12,2020,1,12,False,False,False
31004_20200128_0000_00,2020,1,00,False,False,False
31004_20200128_1200_12,2020,1,12,False,False,False
31004_20200129_0000_00,2020,1,00,True,False,False
31004_20200129_1200_12,2020,1,12,False,False,True
31004_20200130_0000_00,2020,1,00,False,False,False
31004_20200130_1200_12,2020,1,12,False,False,False
31004_20200131_0000_00,2020,1,00,False,False,False
31004_20200131_1200_12,2020,1,12,False,False,False
31004_20200201_0000_00,2020,2,00,False,False,True
31004_20200201_1200_12,2020,2,12,False,False,True
31004_20200202_0000_00,2020,2,00,False,False,False
31004_20200202_1200_12,2020,2,12,False,False,True
31004_20200203_0000_00,2020,2,00,False,False,True
31004_20200203_1200_12,2020,2,12,False,False,False
31004_20200204_0000_00,2020,2,00,False,False,True
31004_20200204_1200_12,2020,2,12,True,False,False
31004_20200205_0000_00,2020,2,00,False,False,False
31004_20200205_1200_12,2020,2,12,True,False,False
31004_20200206_0000_00,2020,2,00,False,False,False
31004_20200206_1200_12,2020,2,12,False,False,False
31004_20200207_0000_00,2020,2,00,False,False,False
31004_20200207_1200_12,2020,2,12,False,False,True
31004_20200208_0000_00,2020,2,00,False,False,False
31004_20200208_1200_12,2020,2,12,False,False,True
31004_20200209_0000_00,2020,2,00,False,False,False
31004_20200209_1200_12,2020,2,12,True,False,False
31004_20200210_0000_00,2020,2,00,False,False,False
31004_20200210_1200_12,2020,2,12,False,False,True
31004_20200211_0000_00,2020,2,00,False,True,False
31004_20200211_1200_12,2020,2,12,False,False,False
31004_20200212_0000_00,2020,2,00,False,False,False
31004_20200212_1200_12,2020,2,12,False,False,True
31004_20200213_0000_00,2020,2,00,False,False,True
31004_20200213_1200_12,2020,2,12,False,False,False
31004_20200214_1200_12,2020,2,12,False,False,False
31004_20200215_0000_00,2020,2,00,False,False,True
31004_20200215_1200_12,2020,2,12,False,False,True
31004_20200216_0000_00,2020,2,00,False,True,True
31004_20200216_1200_12,2020,2,12,False,False,True
31004_20200217_0000_00,2020,2,00,False,False,True
31004_20200217_1200_12,2020,2,12,False,False,False
31004_20200218_0000_00,2020,2,00,False,False,False
31004_20200218_1200_12,2020,2,12,False,False,False
31004_20200219_0000_00,2020,2,00,False,False,True
31004_20200219_1200_12,2020,2,12,False,False,False
31004_20200220_0000_00,2020,2,00,False,False,False
31004_20200220_1200_12,2020,2,12,False,False,False
31004_20200221_0000_00,2020,2,00,False,True,False
31004_20200221_1200_12,2020,2,12,False,False,False
31004_20200222_0000_00,2020,2,00,False,False,False
31004_20200222_1200_12,2020,2,12,False,False,False
31004_20200223_0000_00,2020,2,00,False,False,False
31004_20200223_1200_12,2020,2,12,True,False,False
31004_20200224_0000_00,2020,2,00,False,False,True
31004_20200224_1200_12,2020,2,12,True,False,False
31004_20200225_0000_00,2020,2,00,False,False,True
31004_20200225_1200_12,2020,2,12,False,False,True
31004_20200226_0000_00,2020,2,00,False,False,True
31004_20200226_1200_12,2020,2,12,False,False,False
31004_20200227_0000_00,2020,2,00,False,False,True
31004_20200227_1200_12,2020,2,12,True,False,True
31004_20200228_0000_00,2020,2,00,False,False,False
31004_20200228_1200_12,2020,2,12,True,False,True
31004_20200229_0000_00,2020,2,00,False,False,True
31004_20200229_1200_12,2020,2,12,True,False,False
31004_20200301_0000_00,2020,3,00,False,False,False
31004_20200301_1200_12,2020,3,12,False,False,False
31004_20200302_0000_00,2020,3,00,False,False,False
31004_20200302_1200_12,2020,3,12,False,False,False
31004_20200303_0000_00,2020,3,00,False,False,False
31004_20200303_1200_12,2020,3,12,True,False,True
31004_20200304_0000_00,2020,3,00,True,False,True
31004_20200304_1200_12,2020,3,12,False,False,True
31004_20200305_0000_00,2020,3,00,False,False,False
31004_20200305_1200_12,2020,3,12,True,False,True
31004_20200306_0000_00,2020,3,00,False,False,True
31004_20200306_1200_12,2020,3,12,False,False,True
31004_20200307_0000_00,2020,3,00,False,False,False
31004_20200307_1200_12,2020,3,12,False,False,False
31004_20200308_0000_00,2020,3,00,True,False,False
31004_20200308_1200_12,2020,3,12,True,False,False
31004_20200309_0000_00,2020,3,00,True,False,False
31004_20200309_1200_12,2020,3,12,False,False,False
31004_20200310_0000_00,2020,3,00,True,False,False
31004_20200310_1200_12,2020,3,12,True,False,False
31004_20200311_0000_00,2020,3,00,False,False,False
31004_20200311_1200_12,2020,3,12,False,False,False
31004_20200312_0000_00,2020,3,00,False,False,False
31004_20200312_1200_12,2020,3,12,False,False,False
31004_20200313_0000_00,2020,3,00,False,False,False
31004_20200313_1200_12,2020,3,12,False,False,False
31004_20200314_0000_00,2020,3,00,False,True,True
31004_20200314_1200_12,2020,3,12,False,False,True
31004_20200315_0000_00,2020,3,00,True,False,True
31004_20200315_1200_12,2020,3,12,True,False,False
31004_20200316_0000_00,2020,3,00,True,False,False
31004_20200317_0000_00,2020,3,00,False,False,False
31004_20200317_1200_12,2020,3,12,True,False,False
31004_20200318_0000_00,2020,3,00,True,False,False
31004_20200318_1200_12,2020,3,12,False,False,False
31004_20200319_0000_00,2020,3,00,False,False,False
31004_20200319_1200_12,2020,3,12,False,False,False
31004_20200320_0000_00,2020,3,00,False,False,False
31004_20200320_1200_12,2020,3,12,True,False,True
31004_20200321_0000_00,2020,3,00,False,False,False
31004_20200321_1200_12,2020,3,12,True,False,False
31004_20200322_0000_00,2020,3,00,False,False,False
31004_20200322_1200_12,2020,3,12,True,False,False
31004_20200323_0000_00,2020,3,00,True,False,True
31004_20200323_1200_12,2020,3,12,False,False,False
31004_20200324_0000_00,2020,3,00,False,False,False
31004_20200324_1200_12,2020,3,12,False,False,False
31004_20200325_0000_00,2020,3,00,True,False,False
31004_20200325_1200_12,2020,3,12,False,False,True
31004_20200326_0000_00,2020,3,00,False,False,True
31004_20200326_1200_12,2020,3,12,False,False,False
31004_20200327_0000_00,2020,3,00,False,False,False
31004_20200327_1200_12,2020,3,12,False,False,False
31004_20200328_0000_00,2020,3,00,False,False,True
31004_20200328_1200_12,2020,3,12,False,False,False
31004_20200329_0000_00,2020,3,00,False,False,False
31004_20200329_1200_12,2020,3,12,False,False,False
31004_20200330_0000_00,2020,3,00,False,False,False
31004_20200330_1200_12,2020,3,12,False,False,False
31004_20200331_0000_00,2020,3,00,False,False,False
31004_20200331_1200_12,2020,3,12,False,False,False
31004_20200401_0000_00,2020,4,00,True,False,False
31004_20200401_1200_12,2020,4,12,False,False,False
31004_20200402_0000_00,2020,4,00,False,False,False
31004_20200402_1200_12,2020,4,12,True,False,True
31004_20200403_0000_00,2020,4,00,False,False,False
31004_20200403_1200_12,2020,4,12,False,False,False
31004_20200404_0000_00,2020,4,00,False,False,True
31004_20200404_1200_12,2020,4,12,False,False,True
31004_20200405_0000_00,2020,4,00,False,False,True
31004_20200405_1200_12,2020,4,12,False,False,False
31004_20200406_0000_00,2020,4,00,False,False,False
31004_20200406_1200_12,2020,4,12,False,False,False
31004_20200407_0000_00,2020,4,00,False,False,False
31004_20200407_1200_12,2020,4,12,False,False,False
31004_20200408_0000_00,2020,4,00,True,False,False
31004_20200408_1200_12,2020,4,12,False,False,True
31004_20200409_0000_00,2020,4,00,False,False,False
31004_20200409_1200_12,2020,4,12,False,False,False
31004_20200410_0000_00,2020,4,00,False,False,False
31004_20200410_1200_12,2020,4,12,False,False,False
31004_20200411_0000_00,2020,4,00,False,False,True
31004_20200411_1200_12,2020,4,12,True,False,False
31004_20200412_0000_00,2020,4,00,False,False,True
31004_20200412_1200_12,2020,4,12,False,False,False
31004_20200413_0000_00,2020,4,00,False,False,True
31004_20200413_1200_12,2020,4,12,False,False,False
31004_20200414_0000_00,2020,4,00,False,False,False
31004_20200414_1200_12,2020,4,12,False,False,False
31004_20200415_0000_00,2020,4,00,True,False,False
31004_20200415_1200_12,2020,4,12,False,False,False
31004_20200416_0000_00,2020,4,00,False,False,False
31004_20200416_1200_12,2020,4,12,False,True,True
31004_20200417_0000_00,2020,4,00,False,False,False
31004_20200417_1200_12,2020,4,12,False,False,False
31004_20200418_0000_00,2020,4,00,False,False,True
31004_20200418_1200_12,2020,4,12,False,False,False
31004_20200419_0000_00,2020,4,00,False,False,True
31004_20200419_1200_12,2020,4,12,False,False,False
31004_20200420_0000_00,2020,4,00,False,False,True
31004_20200420_1200_12,2020,4,12,False,False,False
31004_20200421_0000_00,2020,4,00,False,False,False
31004_20200421_1200_12,2020,4,12,False,False,True
31004_20200422_0000_00,2020,4,00,False,False,False
31004_20200422_1200_12,2020,4,12,True,False,False
31004_20200423_0000_00,2020,4,00,False,False,True
31004_20200423_1200_12,2020,4,12,False,False,False
31004_20200424_0000_00,2020,4,00,False,False,False
31004_20200424_1200_12,2020,4,12,True,False,True
31004_20200425_0000_00,2020,4,00,False,False,False
31004_20200425_1200_12,2020,4,12,True,False,False
31004_20200426_0000_00,2020,4,00,False,False,False
31004_20200426_1200_12,2020,4,12,False,False,False
31004_20200427_0000_00,2020,4,00,False,False,False
31004_20200427_1200_12,2020,4,12,False,False,True
31004_20200428_0000_00,2020,4,00,False,False,False
31004_20200428_1200_12,2020,4,12,False,False,False
31004_20200429_0000_00,2020,4,00,False,False,False
31004_20200429_1200_12,2020,4,12,False,False,False
31004_20200430_0000_00,2020,4,00,False,False,False
31004_20200430_1200_12,2020,4,12,False,False,False
31004_20200501_0000_00,2020,5,00,False,False,False
31004_20200501_1200_12,2020,5,12,False,False,False
31004_20200502_0000_00,2020,5,00,True,False,False
31004_20200502_1200_12,2020,5,12,False,False,False
31004_20200503_0000_00,2020,5,00,False,False,True
31004_20200503_1200_12,2020,5,12,False,True,True
31004_20200504_0000_00,2020,5,00,False,False,True
31004_20200504_1200_12,2020,5,12,True,False,False
31004_20200505_0000_00,2020,5,00,False,False,False
31004_20200505_1200_12,2020,5,12,True,False,False
31004_20200506_0000_00,2020,5,00,True,False,False
31004_20200506_1200_12,2020,5,12,True,False,False
31004_20200507_0000_00,2020,5,00,False,False,False
31004_20200507_1200_12,2020,5,12,False,False,False
31004_20200508_0000_00,2020,5,00,False,False,False
31004_20200509_0000_00,2020,5,00,False,False,True
31004_20200509_1200_12,2020,5,12,False,False,False
31004_20200510_0000_00,2020,5,00,False,False,False
31004_20200510_1200_12,2020,5,12,True,False,False
31004_20200511_0000_00,2020,5,00,False,False,False
31004_20200511_1200_12,2020,5,12,False,False,False
31004_20200512_0000_00,2020,5,00,False,False,True
31004_20200512_1200_12,2020,5,12,False,False,True
31004_20200513_0000_00,2020,5,00,False,False,True
31004_20200513_1200_12,2020,5,12,False,False,False
31004_20200514_0000_00,2020,5,00,False,False,False
31004_20200514_1200_12,2020,5,12,True,False,False
31004_20200515_0000_00,2020,5,00,False,False,False
31004_20200515_1200_12,2020,5,12,False,False,False
31004_20200516_0000_00,2020,5,00,False,False,True
31004_20200516_1200_12,2020,5,12,False,False,False
31004_20200517_0000_00,2020,5,00,False,False,True
31004_20200517_1200_12,2020,5,12,False,False,False
31004_20200518_0000_00,2020,5,00,False,False,False
31004_20200518_1200_12,2020,5,12,False,False,False
31004_20200519_0000_00,2020,5,00,False,False,False
31004_20200519_1200_12,2020,5,12,False,False,False
31004_20200520_0000_00,2020,5,00,False,False,False
31004_20200520_1200_12,2020,5,12,False,False,False
31004_20200521_0000_00,2020,5,00,False,False,False
31004_20200521_1200_12,2020,5,12,True,False,False
31004_20200522_0000_00,2020,5,00,False,False,False
31004_20200522_1200_12,2020,5,12,False,False,False
31004_20200523_0000_00,2020,5,00,False,False,False
31004_20200523_1200_12,2020,5,12,False,False,False
31004_20200524_0000_00,2020,5,00,False,False,False
31004_20200524_1200_12,2020,5,12,False,True,False
31004_20200525_0000_00,2020,5,00,False,False,True
31004_20200525_1200_12,2020,5,12,False,False,True
31004_20200526_0000_00,2020,5,00,False,False,True
31004_20200526_1200_12,2020,5,12,False,False,False
31004_20200527_0000_00,2020,5,00,False,False,False
31004_20200527_1200_12,2020,5,12,False,False,False
31004_20200528_0000_00,2020,5,00,False,False,False
31004_20200528_1200_12,2020,5,12,False,False,False
31004_20200529_0000_00,2020,5,00,False,False,True
31004_20200529_1200_12,2020,5,12,False,False,False
31004_20200530_0000_00,2020,5,00,False,False,True
31004_20200530_1200_12,2020,5,12,False,False,True
31004_20200531_0000_00,2020,5,00,False,False,False
31004_20200531_1200_12,2020,5,12,False,True,False
31004_20200601_0000_00,2020,6,00,False,False,True
31004_20200601_1200_12,2020,6,12,False,False,False
31004_20200602_0000_00,2020,6,00,False,False,True
31004_20200602_1200_12,2020,6,12,False,False,True
31004_20200603_0000_00,2020,6,00,False,False,False
31004_20200603_1200_12,2020,6,12,False,False,False
31004_20200604_0000_00,2020,6,00,False,False,False
31004_20200604_1200_12,2020,6,12,False,False,False
31004_20200605_0000_00,2020,6,00,False,False,False
31004_20200605_1200_12,2020,6,12,False,False,False
31004_20200606_0000_00,2020,6,00,False,False,False
31004_20200606_1200_12,2020,6,12,False,False,False
31004_20200607_0000_00,2020,6,00,False,False,False
31004_20200607_1200_12,2020,6,12,True,False,False
31004_20200608_0000_00,2020,6,00,False,False,False
31004_20200608_1200_12,2020,6,12,False,False,False
31004_20200609_0000_00,2020,6,00,False,False,False
31004_20200610_0000_00,2020,6,00,False,False,False
31004_20200610_1200_12,2020,6,12,False,False,False
31004_20200611_0000_00,2020,6,00,False,False,False
31004_20200611_1200_12,2020,6,12,False,False,False
31004_20200612_0000_00,2020,6,00,False,False,False
31004_20200612_1200_12,2020,6,12,False,False,False
31004_20200613_0000_00,2020,6,00,False,False,False
31004_20200613_1200_12,2020,6,12,False,False,False
31004_20200614_0000_00,2020,6,00,False,False,False
31004_20200614_1200_12,2020,6,12,False,False,False
31004_20200615_0000_00,2020,6,00,False,False,False
31004_20200615_1200_12,2020,6,12,True,False,False
31004_20200616_0000_00,2020,6,00,False,False,True
31004_20200616_1200_12,2020,6,12,False,False,True
31004_20200617_0000_00,2020,6,00,False,False,False
31004_20200617_1200_12,2020,6,12,True,False,False
31004_20200618_0000_00,2020,6,00,False,False,True
31004_20200618_1200_12,2020,6,12,False,True,False
31004_20200619_0000_00,2020,6,00,False,False,False
31004_20200619_1200_12,2020,6,12,False,True,False
31004_20200620_0000_00,2020,6,00,False,False,False
31004_20200620_1200_12,2020,6,12,False,False,False
31004_20200621_0000_00,2020,6,00,False,False,False
31004_20200621_1200_12,2020,6,12,False,False,False
31004_20200622_0000_00,2020,6,00,False,False,False
31004_20200622_1200_12,2020,6,12,False,False,False
31004_20200623_0000_00,2020,6,00,False,False,False
31004_20200623_1200_12,2020,6,12,False,False,False
31004_20200624_0000_00,2020,6,00,False,False,False
31004_20200624_1200_12,2020,6,12,False,False,False
31004_20200625_0000_00,2020,6,00,False,False,False
31004_20200625_1200_12,2020,6,12,True,False,False
31004_20200626_0000_00,2020,6,00,False,False,False
31004_20200626_1200_12,2020,6,12,True,False,False
31004_20200627_0000_00,2020,6,00,False,False,True
31004_20200627_1200_12,2020,6,12,False,False,False
31004_20200628_0000_00,2020,6,00,False,False,False
31004_20200628_1200_12,2020,6,12,False,False,False
31004_20200629_0000_00,2020,6,00,False,False,False
31004_20200629_1200_12,2020,6,12,False,False,False
31004_20200630_0000_00,2020,6,00,False,False,False
31004_20200630_1200_12,2020,6,12,True,False,False
31004_20200701_0000_00,2020,7,00,False,False,False
31004_20200701_1200_12,2020,7,12,False,True,False
31004_20200702_0000_00,2020,7,00,False,False,False
31004_20200702_1200_12,2020,7,12,False,False,False
31004_20200703_1200_12,2020,7,12,False,False,False
31004_20200704_0000_00,2020,7,00,False,False,False
31004_20200704_1200_12,2020,7,12,False,False,False
31004_20200705_0000_00,2020,7,00,False,False,True
31004_20200705_1200_12,2020,7,12,False,False,False
31004_20200706_0000_00,2020,7,00,False,False,False
31004_20200706_1200_12,2020,7,12,False,False,False
31004_20200707_0000_00,2020,7,00,False,False,False
31004_20200707_1200_12,2020,7,12,True,False,False
31004_20200708_0000_00,2020,7,00,False,False,False
31004_20200708_1200_12,2020,7,12,False,False,True
31004_20200709_0000_00,2020,7,00,False,False,False
31004_20200709_1200_12,2020,7,12,False,False,False
31004_20200710_0000_00,2020,7,00,False,False,True
31004_20200710_1200_12,2020,7,12,False,False,False
31004_20200711_0000_00,2020,7,00,False,False,True
31004_20200711_1200_12,2020,7,12,False,False,False
31004_20200712_0000_00,2020,7,00,False,False,False
31004_20200712_1200_12,2020,7,12,True,False,False
31004_20200713_0000_00,2020,7,00,False,False,False
31004_20200713_1200_12,2020,7,12,False,False,False
31004_20200714_0000_00,2020,7,00,False,False,False
31004_20200714_1200_12,2020,7,12,False,False,False
31004_20200715_0000_00,2020,7,00,False,False,False
31004_20200715_1200_12,2020,7,12,False,False,False
31004_20200716_0000_00,2020,7,00,False,False,False
31004_20200716_1200_12,2020,7,12,False,False,False
31004_20200717_0000_00,2020,7,00,False,False,False
31004_20200717_1200_12,2020,7,12,True,False,False
31004_20200718_0000_00,2020,7,00,False,False,False
31004_20200718_1200_12,2020,7,12,False,False,True
31004_20200719_0000_00,2020,7,00,False,False,False
31004_20200719_1200_12,2020,7,12,False,False,False
31004_20200720_0000_00,2020,7,00,False,False,False
31004_20200720_1200_12,2020,7,12,False,False,False
31004_20200721_0000_00,2020,7,00,False,False,False
31004_20200721_1200_12,2020,7,12,False,False,False
31004_20200722_0000_00,2020,7,00,False,False,True
31004_20200722_1200_12,2020,7,12,False,False,False
31004_20200723_0000_00,2020,7,00,False,False,False
31004_20200723_1200_12,2020,7,12,False,False,False
31004_20200724_0000_00,2020,7,00,False,False,False
31004_20200724_1200_12,2020,7,12,False,False,False
31004_20200725_0000_00,2020,7,00,False,False,False
31004_20200725_1200_12,2020,7,12,False,False,False
31004_20200726_0000_00,2020,7,00,False,False,True
31004_20200726_1200_12,2020,7,12,False,False,False
31004_20200727_0000_00,2020,7,00,False,False,False
31004_20200727_1200_12,2020,7,12,False,False,False
31004_20200728_0000_00,2020,7,00,False,False,False
31004_20200728_1200_12,2020,7,12,False,False,False
31004_20200729_0000_00,2020,7,00,False,False,False
31004_20200730_0000_00,2020,7,00,False,False,False
31004_20200730_1200_12,2020,7,12,False,False,True
31004_20200731_0000_00,2020,7,00,False,False,False
31004_20200731_1200_12,2020,7,12,False,False,False
31004_20200801_0000_00,2020,8,00,False,False,True
31004_20200801_1200_12,2020,8,12,False,False,False
31004_20200802_0000_00,2020,8,00,False,False,True
31004_20200802_1200_12,2020,8,12,False,False,True
31004_20200803_0000_00,2020,8,00,False,False,False
31004_20200803_1200_12,2020,8,12,False,False,False
31004_20200804_0000_00,2020,8,00,False,False,False
31004_20200804_1200_12,2020,8,12,False,False,False
31004_20200805_0000_00,2020,8,00,True,False,False
31004_20200805_1200_12,2020,8,12,False,False,False
31004_20200806_0000_00,2020,8,00,True,False,True
31004_20200806_1200_12,2020,8,12,False,False,False
31004_20200807_0000_00,2020,8,00,False,False,True
31004_20200807_1200_12,2020,8,12,False,False,False
31004_20200808_0000_00,2020,8,00,False,False,False
31004_20200808_1200_12,2020,8,12,False,False,False
31004_20200809_0000_00,2020,8,00,True,False,False
31004_20200809_1200_12,2020,8,12,True,False,True
31004_20200810_0000_00,2020,8,00,False,False,True
31004_20200810_1200_12,2020,8,12,False,True,False
31004_20200811_0000_00,2020,8,00,False,False,False
31004_20200811_1200_12,2020,8,12,False,True,False
31004_20200812_0000_00,2020,8,00,False,False,False
31004_20200812_1200_12,2020,8,12,False,False,False
31004_20200813_0000_00,2020,8,00,False,False,False
31004_20200813_1200_12,2020,8,12,False,True,False
31004_20200814_0000_00,2020,8,00,False,False,True
31004_20200814_1200_12,2020,8,12,False,False,False
31004_20200815_0000_00,2020,8,00,False,False,False
31004_20200815_1200_12,2020,8,12,False,False,True
31004_20200816_0000_00,2020,8,00,False,False,False
31004_20200816_1200_12,2020,8,12,False,False,False
31004_20200817_0000_00,2020,8,00,False,False,False
31004_20200817_1200_12,2020,8,12,True,False,False
31004_20200818_0000_00,2020,8,00,False,False,False
31004_20200818_1200_12,2020,8,12,True,False,False
31004_20200819_0000_00,2020,8,00,False,False,True
31004_20200819_1200_12,2020,8,12,False,True,False
31004_20200820_0000_00,2020,8,00,False,True,True
31004_20200820_1200_12,2020,8,12,False,True,False
31004_20200821_0000_00,2020,8,00,True,False,False
31004_20200821_1200_12,2020,8,12,False,False,False
31004_20200822_0000_00,2020,8,00,False,False,False
31004_20200822_1200_12,2020,8,12,False,False,False
31004_20200823_0000_00,2020,8,00,True,False,False
31004_20200823_1200_12,2020,8,12,False,True,False
31004_20200824_0000_00,2020,8,00,False,False,False
31004_20200824_1200_12,2020,8,12,False,True,True
31004_20200825_0000_00,2020,8,00,True,False,False
31004_20200825_1200_12,2020,8,12,False,False,True
31004_20200826_0000_00,2020,8,00,True,False,False
31004_20200826_1200_12,2020,8,12,False,True,False
31004_20200827_0000_00,2020,8,00,False,False,True
31004_20200827_1200_12,2020,8,12,True,False,False
31004_20200828_0000_00,2020,8,00,False,False,False
31004_20200828_1200_12,2020,8,12,True,False,True
31004_20200829_0000_00,2020,8,00,False,False,True
31004_20200829_1200_12,2020,8,12,False,False,True
31004_20200830_0000_00,2020,8,00,False,False,True
31004_20200830_1200_12,2020,8,12,False,True,False
31004_20200831_0000_00,2020,8,00,False,False,False
31004_20200831_1200_12,2020,8,12,False,False,True
31004_20200901_0000_00,2020,9,00,True,False,False
31004_20200901_1200_12,2020,9,12,True,False,False
31004_20200902_0000_00,2020,9,00,False,False,False
31004_20200902_1200_12,2020,9,12,False,False,False
31004_20200903_0000_00,2020,9,00,True,False,True
31004_20200903_1200_12,2020,9,12,True,False,False
31004_20200904_0000_00,2020,9,00,True,False,False
31004_20200904_1200_12,2020,9,12,False,False,False
31004_20200905_0000_00,2020,9,00,False,True,False
31004_20200905_1200_12,2020,9,12,False,False,True
31004_20200906_0000_00,2020,9,00,False,False,True
31004_20200906_1200_12,2020,9,12,True,False,True
31004_20200907_0000_00,2020,9,00,False,False,False
31004_20200907_1200_12,2020,9,12,False,False,False
31004_20200908_0000_00,2020,9,00,False,False,False
31004_20200908_1200_12,2020,9,12,False,False,True
31004_20200909_0000_00,2020,9,00,False,False,False
31004_20200909_1200_12,2020,9,12,False,False,False
31004_20200910_0000_00,2020,9,00,False,False,False
31004_20200910_1200_12,2020,9,12,False,False,False
31004_20200911_0000_00,2020,9,00,False,False,False
31004_20200911_1200_12,2020,9,12,False,False,False
31004_20200912_0000_00,2020,9,00,False,False,False
31004_20200912_1200_12,2020,9,12,True,False,False
31004_20200913_0000_00,2020,9,00,False,False,True
31004_20200913_1200_12,2020,9,12,True,False,True
31004_20200914_0000_00,2020,9,00,False,False,True
31004_20200914_1200_12,2020,9,12,True,False,True
31004_20200915_0000_00,2020,9,00,True,False,True
31004_20200915_1200_12,2020,9,12,False,False,False
31004_20200916_0000_00,2020,9,00,True,False,True
31004_20200916_1200_12,2020,9,12,False,True,False
31004_20200917_0000_00,2020,9,00,True,False,True
31004_20200917_1200_12,2020,9,12,True,False,False
31004_20200918_0000_00,2020,9,00,True,False,False
31004_20200918_1200_12,2020,9,12,True,False,True
31004_20200919_0000_00,2020,9,00,True,False,False
31004_20200919_1200_12,2020,9,12,True,False,True
31004_20200920_0000_00,2020,9,00,False,False,True
31004_20200920_1200_12,2020,9,12,False,False,True
31004_20200921_0000_00,2020,9,00,True,False,False
31004_20200921_1200_12,2020,9,12,True,False,False
31004_20200922_0000_00,2020,9,00,True,False,False
31004_20200922_1200_12,2020,9,12,True,False,False
31004_20200923_0000_00,2020,9,00,True,False,False
31004_20200923_1200_12,2020,9,12,False,False,False
31004_20200924_0000_00,2020,9,00,False,False,False
31004_20200924_1200_12,2020,9,12,True,False,False
31004_20200925_0000_00,2020,9,00,False,False,False
31004_20200925_1200_12,2020,9,12,False,False,False
31004_20200926_0000_00,2020,9,00,False,False,False
31004_20200926_1200_12,2020,9,12,False,False,True
31004_20200927_0000_00,2020,9,00,False,False,False
31004_20200927_1200_12,2020,9,12,False,False,False
31004_20200928_0000_00,2020,9,00,False,False,False
31004_20200928_1200_12,2020,9,12,False,False,False
31004_20200929_0000_00,2020,9,00,True,False,True
31004_20200929_1200_12,2020,9,12,False,False,False
31004_20200930_0000_00,2020,9,00,True,False,True
31004_20200930_1200_12,2020,9,12,False,False,False
31004_20201001_0000_00,2020,10,00,False,False,False
31004_20201001_1200_12,2020,10,12,False,False,True
31004_20201002_0000_00,2020,10,00,False,False,False
31004_20201002_1200_12,2020,10,12,False,False,True
31004_20201003_0000_00,2020,10,00,False,False,True
31004_20201003_1200_12,2020,10,12,False,False,True
31004_20201004_0000_00,2020,10,00,False,False,False
31004_20201004_1200_12,2020,10,12,False,False,True
31004_20201005_0000_00,2020,10,00,False,False,True
31004_20201005_1200_12,2020,10,12,False,False,False
31004_20201006_0000_00,2020,10,00,False,False,False
31004_20201006_1200_12,2020,10,12,True,False,False
31004_20201007_0000_00,2020,10,00,True,False,False
31004_20201007_1200_12,2020,10,12,True,False,False
31004_20201008_0000_00,2020,10,00,True,False,False
31004_20201008_1200_12,2020,10,12,True,False,False
31004_20201009_0000_00,2020,10,00,True,False,False
31004_20201009_1200_12,2020,10,12,True,False,False
31004_20201010_0000_00,2020,10,00,False,False,False
31004_20201010_1200_12,2020,10,12,False,False,False
31004_20201011_0000_00,2020,10,00,False,False,True
31004_20201011_1200_12,2020,10,12,False,False,True
31004_20201012_0000_00,2020,10,00,False,False,True
31004_20201012_1200_12,2020,10,12,False,False,False
31004_20201013_0000_00,2020,10,00,False,False,False
31004_20201013_1200_12,2020,10,12,False,False,False
31004_20201014_0000_00,2020,10,00,False,False,True
31004_20201014_1200_12,2020,10,12,False,False,False
31004_20201015_0000_00,2020,10,00,True,False,False
31004_20201015_1200_12,2020,10,12,False,False,True
31004_20201016_0000_00,2020,10,00,False,False,False
31004_20201016_1200_12,2020,10,12,False,False,False
31004_20201017_0000_00,2020,10,00,False,False,False
31004_20201017_1200_12,2020,10,12,False,False,False
31004_20201018_0000_00,2020,10,00,False,False,False
31004_20201018_1200_12,2020,10,12,True,False,False
31004_20201019_0000_00,2020,10,00,True,False,False
31004_20201019_1200_12,2020,10,12,False,False,False
31004_20201020_0000_00,2020,10,00,False,False,True
31004_20201020_1200_12,2020,10,12,False,False,False
31004_20201021_0000_00,2020,10,00,False,False,False
31004_20201021_1200_12,2020,10,12,False,False,False
31004_20201022_0000_00,2020,10,00,True,False,True
31004_20201022_1200_12,2020,10,12,False,False,True
31004_20201023_0000_00,2020,10,00,False,False,True
31004_20201023_1200_12,2020,10,12,False,False,False
31004_20201024_0000_00,2020,10,00,True,False,False
31004_20201024_1200_12,2020,10,12,False,False,False
31004_20201025_0000_00,2020,10,00,True,False,True
31004_20201025_1200_12,2020,10,12,True,False,False
31004_20201026_0000_00,2020,10,00,False,True,False
31004_20201026_1200_12,2020,10,12,False,False,True
31004_20201027_0000_00,2020,10,00,False,False,True
31004_20201027_1200_12,2020,10,12,False,False,True
31004_20201028_0000_00,2020,10,00,False,False,False
31004_20201028_1200_12,2020,10,12,False,False,False
31004_20201029_0000_00,2020,10,00,False,False,True
31004_20201029_1200_12,2020,10,12,False,False,False
31004_20201030_0000_00,2020,10,00,False,True,True
31004_20201030_1200_12,2020,10,12,False,False,True
31004_20201031_0000_00,2020,10,00,False,True,False
31004_20201031_1200_12,2020,10,12,False,False,False
31004_20201101_0000_00,2020,11,00,True,False,False
31004_20201101_1200_12,2020,11,12,False,False,True
31004_20201102_0000_00,2020,11,00,False,False,False
31004_20201102_1200_12,2020,11,12,False,False,False
31004_20201103_0000_00,2020,11,00,False,False,False
31004_20201103_1200_12,2020,11,12,False,False,True
31004_20201104_0000_00,2020,11,00,False,False,False
31004_20201104_1200_12,2020,11,12,False,False,True
31004_20201105_0000_00,2020,11,00,False,False,False
31004_20201105_1200_12,2020,11,12,False,False,False
31004_20201106_0000_00,2020,11,00,False,False,False
31004_20201106_1200_12,2020,11,12,True,False,False
31004_20201107_0000_00,2020,11,00,False,False,False
31004_20201107_1200_12,2020,11,12,False,False,True
31004_20201108_0000_00,2020,11,00,False,False,True
31004_20201108_1200_12,2020,11,12,False,False,False
31004_20201109_0000_00,2020,11,00,False,False,True
31004_20201109_1200_12,2020,11,12,True,False,False
31004_20201110_0000_00,2020,11,00,False,False,False
31004_20201110_1200_12,2020,11,12,False,False,False
31004_20201111_0000_00,2020,11,00,False,False,False
31004_20201111_1200_12,2020,11,12,False,False,True
31004_20201112_0000_00,2020,11,00,False,False,False
31004_20201112_1200_12,2020,11,12,False,False,False
31004_20201113_0000_00,2020,11,00,True,False,True
31004_20201113_1200_12,2020,11,12,True,False,False
31004_20201114_0000_00,2020,11,00,False,False,False
31004_20201114_1200_12,2020,11,12,False,False,False
31004_20201115_0000_00,2020,11,00,False,False,False
31004_20201115_1200_12,2020,11,12,False,False,False
31004_20201116_0000_00,2020,11,00,False,False,True
31004_20201116_1200_12,2020,11,12,False,False,False
31004_20201117_0000_00,2020,11,00,False,False,False
31004_20201117_1200_12,2020,11,12,False,False,False
31004_20201118_0000_00,2020,11,00,False,False,True
31004_20201118_1200_12,2020,11,12,True,False,False
31004_20201119_0000_00,2020,11,00,True,False,False
31004_20201119_1200_12,2020,11,12,True,False,False
31004_20201120_0000_00,2020,11,00,False,False,True
31004_20201120_1200_12,2020,11,12,False,False,True
31004_20201121_0000_00,2020,11,00,False,False,True
31004_20201121_1200_12,2020,11,12,False,False,False
31004_20201122_0000_00,2020,11,00,False,False,True
31004_20201122_1200_12,2020,11,12,False,False,False
31004_20201123_0000_00,2020,11,00,False,False,False
31004_20201123_1200_12,2020,11,12,False,False,False
31004_20201124_1200_12,2020,11,12,False,False,False
31004_20201125_0000_00,2020,11,00,False,False,False
31004_20201125_1200_12,2020,11,12,False,False,False
31004_20201126_0000_00,2020,11,00,False,False,False
31004_20201126_1200_12,2020,11,12,False,False,True
31004_20201127_0000_00,2020,11,00,False,False,True
31004_20201127_1200_12,2020,11,12,False,False,True
31004_20201128_0000_00,2020,11,00,False,False,True
31004_20201128_1200_12,2020,11,12,False,False,True
31004_20201129_0000_00,2020,11,00,False,False,True
31004_20201129_1200_12,2020,11,12,False,False,False
31004_20201130_1200_12,2020,11,12,False,False,True
31004_20201201_0000_00,2020,12,00,False,False,True
31004_20201201_1200_12,2020,12,12,False,False,True
31004_20201202_0000_00,2020,12,00,False,False,False
31004_20201202_1200_12,2020,12,12,False,False,False
31004_20201203_0000_00,2020,12,00,True,False,True
31004_20201203_1200_12,2020,12,12,False,False,True
31004_20201204_0000_00,2020,12,00,False,False,False
31004_20201204_1200_12,2020,12,12,False,False,False
31004_20201205_0000_00,2020,12,00,False,False,False
31004_20201205_1200_12,2020,12,12,False,False,False
31004_20201206_0000_00,2020,12,00,False,False,False
31004_20201206_1200_12,2020,12,12,False,False,False
31004_20201207_0000_00,2020,12,00,False,False,False
31004_20201207_1200_12,2020,12,12,False,False,False
31004_20201208_0000_00,2020,12,00,False,False,False
31004_20201208_1200_12,2020,12,12,False,False,True
31004_20201209_0000_00,2020,12,00,False,False,False
31004_20201209_1200_12,2020,12,12,False,False,False
31004_20201210_0000_00,2020,12,00,True,False,False
31004_20201210_1200_12,2020,12,12,False,False,True
31004_20201211_0000_00,2020,12,00,True,False,False
31004_20201211_1200_12,2020,12,12,False,False,False
31004_20201212_0000_00,2020,12,00,True,False,False
31004_20201212_1200_12,2020,12,12,True,False,False
31004_20201213_0000_00,2020,12,00,True,False,False
31004_20201213_1200_12,2020,12,12,True,False,False
31004_20201214_0000_00,2020,12,00,False,False,False
31004_20201214_1200_12,2020,12,12,True,False,False
31004_20201215_0000_00,2020,12,00,True,False,False
31004_20201215_1200_12,2020,12,12,False,False,True
31004_20201216_0000_00,2020,12,00,True,False,False
31004_20201216_1200_12,2020,12,12,False,False,False
31004_20201217_0000_00,2020,12,00,False,False,False
31004_20201217_1200_12,2020,12,12,False,False,False
31004_20201218_0000_00,2020,12,00,False,False,True
31004_20201218_1200_12,2020,12,12,False,False,False
31004_20201219_0000_00,2020,12,00,True,False,True
31004_20201219_1200_12,2020,12,12,True,False,True
31004_20201220_0000_00,2020,12,00,False,True,True
31004_20201220_1200_12,2020,12,12,False,False,False
31004_20201221_0000_00,2020,12,00,False,False,False
31004_20201221_1200_12,2020,12,12,False,False,False
31004_20201222_0000_00,2020,12,00,False,False,False
31004_20201222_1200_12,2020,12,12,False,False,False
31004_20201223_0000_00,2020,12,00,True,False,True
31004_20201223_1200_12,2020,12,12,False,False,False
31004_20201224_0000_00,2020,12,00,True,False,False
31004_20201224_1200_12,2020,12,12,False,False,False
31004_20201225_0000_00,2020,12,00,False,False,True
31004_20201225_1200_12,2020,12,12,False,False,False
31004_20201226_0000_00,2020,12,00,False,False,True
31004_20201226_1200_12,2020,12,12,False,False,False
31004_20201227_0000_00,2020,12,00,False,False,False
31004_20201227_1200_12,2020,12,12,False,False,False
31004_20201228_0000_00,2020,12,00,False,True,True
31004_20201228_1200_12,2020,12,12,False,False,True
31004_20201229_0000_00,2020,12,00,False,False,True
31004_20201229_1200_12,2020,12,12,False,False,False
31004_20201230_0000_00,2020,12,00,False,False,True
31004_20201230_1200_12,2020,12,12,False,False,True
31004_20201231_0000_00,2020,12,00,False,False,True
31004_20201231_1200_12,2020,12,12,False,False,True
31004_20210101_0000_00,2021,1,00,False,False,False
31004_20210101_1200_12,2021,1,12,False,False,True
31004_20210102_0000_00,2021,1,00,False,False,True
31004_20210102_1200_12,2021,1,12,False,False,False
31004_20210103_0000_00,2021,1,00,False,False,True
31004_20210103_1200_12,2021,1,12,False,False,True
31004_20210104_0000_00,2021,1,00,True,False,True
31004_20210104_1200_12,2021,1,12,True,False,False
31004_20210105_0000_00,2021,1,00,False,False,False
31004_20210105_1200_12,2021,1,12,False,False,True
31004_20210106_0000_00,2021,1,00,False,False,False
31004_20210106_1200_12,2021,1,12,False,False,True
31004_20210107_0000_00,2021,1,00,False,False,False
31004_20210107_1200_12,2021,1,12,False,False,True
31004_20210108_0000_00,2021,1,00,False,False,True
31004_20210108_1200_12,2021,1,12,False,False,True
31004_20210109_0000_00,2021,1,00,False,False,False
31004_20210109_1200_12,2021,1,12,False,False,True
31004_20210110_0000_00,2021,1,00,False,False,False
31004_20210110_1200_12,2021,1,12,False,False,True
31004_20210111_0000_00,2021,1,00,True,False,True
31004_20210111_1200_12,2021,1,12,False,False,False
31004_20210112_0000_00,2021,1,00,True,False,False
31004_20210112_1200_12,2021,1,12,True,False,False
31004_20210113_0000_00,2021,1,00,False,False,True
31004_20210113_1200_12,2021,1,12,False,False,False
31004_20210114_0000_00,2021,1,00,False,False,True
31004_20210114_1200_12,2021,1,12,False,False,False
31004_20210115_0000_00,2021,1,00,True,False,True
31004_20210115_1200_12,2021,1,12,False,True,False
31004_20210116_0000_00,2021,1,00,True,False,False
31004_20210116_1200_12,2021,1,12,False,False,False
31004_20210117_0000_00,2021,1,00,False,False,True
31004_20210117_1200_12,2021,1,12,True,False,True
31004_20210118_0000_00,2021,1,00,True,False,False
31004_20210118_1200_12,2021,1,12,False,False,True
31004_20210119_0000_00,2021,1,00,True,False,True
31004_20210119_1200_12,2021,1,12,False,False,False
31004_20210120_0000_00,2021,1,00,False,True,False
31004_20210120_1200_12,2021,1,12,False,False,False
31004_20210121_0000_00,2021,1,00,False,False,True
31004_20210121_1200_12,2021,1,12,False,False,True
31004_20210122_0000_00,2021,1,00,False,False,False
31004_20210122_1200_12,2021,1,12,True,False,False
31004_20210123_0000_00,2021,1,00,False,False,True
31004_20210123_1200_12,2021,1,12,True,False,False
31004_20210124_0000_00,2021,1,00,True,False,False
31004_20210124_1200_12,2021,1,12,False,False,True
31004_20210125_0000_00,2021,1,00,True,False,False
31004_20210125_1200_12,2021,1,12,True,False,False
31004_20210126_0000_00,2021,1,00,True,False,False
31004_20210126_1200_12,2021,1,12,False,False,False
31004_20210127_0000_00,2021,1,00,False,False,True
31004_20210127_1200_12,2021,1,12,False,False,True
31004_20210128_0000_00,2021,1,00,True,False,False
31004_20210128_1200_12,2021,1,12,False,False,True
31004_20210129_0000_00,2021,1,00,False,False,True
31004_20210129_1200_12,2021,1,12,False,False,True
31004_20210130_0000_00,2021,1,00,False,False,True
31004_20210130_1200_12,2021,1,12,False,False,True
31004_20210131_0000_00,2021,1,00,True,False,False
31004_20210131_1200_12,2021,1,12,False,False,True
31004_20210201_0000_00,2021,2,00,False,False,False
31004_20210201_1200_12,2021,2,12,False,False,False
31004_20210202_0000_00,2021,2,00,False,False,False
31004_20210202_1200_12,2021,2,12,False,False,True
31004_20210203_0000_00,2021,2,00,False,False,False
31004_20210203_1200_12,2021,2,12,False,False,False
31004_20210204_0000_00,2021,2,00,False,False,True
31004_20210204_1200_12,2021,2,12,True,False,False
31004_20210205_0000_00,2021,2,00,True,False,False
31004_20210205_1200_12,2021,2,12,False,False,True
31004_20210206_0000_00,2021,2,00,False,False,True
31004_20210206_1200_12,2021,2,12,False,False,False
31004_20210207_0000_00,2021,2,00,False,False,False
31004_20210207_1200_12,2021,2,12,True,False,False
31004_20210208_0000_00,2021,2,00,False,False,False
31004_20210208_1200_12,2021,2,12,True,False,False
31004_20210209_0000_00,2021,2,00,True,False,False
31004_20210209_1200_12,2021,2,12,True,False,False
31004_20210210_1200_12,2021,2,12,True,False,False
31004_20210211_0000_00,2021,2,00,False,False,True
31004_20210211_1200_12,2021,2,12,True,False,True
31004_20210212_0000_00,2021,2,00,False,True,False
31004_20210212_1200_12,2021,2,12,False,False,False
31004_20210213_0000_00,2021,2,00,False,False,True
31004_20210213_1200_12,2021,2,12,False,False,False
31004_20210214_0000_00,2021,2,00,False,False,False
31004_20210214_1200_12,2021,2,12,True,False,True
31004_20210215_0000_00,2021,2,00,False,False,True
31004_20210215_1200_12,2021,2,12,False,False,False
31004_20210216_0000_00,2021,2,00,False,False,True
31004_20210216_1200_12,2021,2,12,False,False,False
31004_20210217_0000_00,2021,2,00,False,False,False
31004_20210217_1200_12,2021,2,12,True,False,False
31004_20210218_0000_00,2021,2,00,True,False,True
31004_20210218_1200_12,2021,2,12,True,False,False
31004_20210219_0000_00,2021,2,00,True,False,False
31004_20210219_1200_12,2021,2,12,True,False,True
31004_20210220_0000_00,2021,2,00,True,False,True
31004_20210220_1200_12,2021,2,12,True,False,True
31004_20210221_0000_00,2021,2,00,False,False,False
31004_20210221_1200_12,2021,2,12,True,False,False
31004_20210222_0000_00,2021,2,00,False,False,False
31004_20210222_1200_12,2021,2,12,False,False,True
31004_20210223_0000_00,2021,2,00,False,False,True
31004_20210223_1200_12,2021,2,12,False,False,True
31004_20210224_0000_00,2021,2,00,False,False,False
31004_20210224_1200_12,2021,2,12,True,False,False
31004_20210225_0000_00,2021,2,00,False,False,False
31004_20210225_1200_12,2021,2,12,True,False,False
31004_20210226_0000_00,2021,2,00,False,False,False
31004_20210226_1200_12,2021,2,12,False,True,False
31004_20210227_0000_00,2021,2,00,False,False,False
31004_20210227_1200_12,2021,2,12,False,False,False
31004_20210228_0000_00,2021,2,00,False,False,True
31004_20210228_1200_12,2021,2,12,False,False,False
31004_20210301_0000_00,2021,3,00,False,False,False
31004_20210301_1200_12,2021,3,12,True,False,False
31004_20210302_0000_00,2021,3,00,True,False,False
31004_20210302_1200_12,2021,3,12,True,False,False
31004_20210303_0000_00,2021,3,00,True,False,False
31004_20210303_1200_12,2021,3,12,True,False,False
31004_20210304_0000_00,2021,3,00,True,False,False
31004_20210304_1200_12,2021,3,12,False,False,True
31004_20210305_0000_00,2021,3,00,False,False,True
31004_20210305_1200_12,2021,3,12,False,False,True
31004_20210306_0000_00,2021,3,00,False,False,False
31004_20210306_1200_12,2021,3,12,False,False,False
31004_20210307_0000_00,2021,3,00,False,False,False
31004_20210307_1200_12,2021,3,12,True,False,True
31004_20210308_0000_00,2021,3,00,False,False,True
31004_20210308_1200_12,2021,3,12,False,False,False
31004_20210309_0000_00,2021,3,00,False,False,False
31004_20210309_1200_12,2021,3,12,True,False,False
31004_20210310_0000_00,2021,3,00,True,False,False
31004_20210310_1200_12,2021,3,12,False,False,False
31004_20210311_0000_00,2021,3,00,False,False,False
31004_20210311_1200_12,2021,3,12,False,False,False
31004_20210312_0000_00,2021,3,00,True,False,False
31004_20210312_1200_12,2021,3,12,False,False,False
31004_20210313_0000_00,2021,3,00,False,False,False
31004_20210313_1200_12,2021,3,12,False,False,False
31004_20210314_0000_00,2021,3,00,False,False,False
31004_20210314_1200_12,2021,3,12,False,False,True
31004_20210315_0000_00,2021,3,00,False,False,True
31004_20210315_1200_12,2021,3,12,False,False,False
31004_20210316_0000_00,2021,3,00,False,False,False
31004_20210316_1200_12,2021,3,12,True,False,True
31004_20210317_0000_00,2021,3,00,True,False,False
31004_20210317_1200_12,2021,3,12,False,False,True
31004_20210318_0000_00,2021,3,00,False,False,False
31004_20210318_1200_12,2021,3,12,True,False,False
31004_20210319_0000_00,2021,3,00,False,True,False
31004_20210319_1200_12,2021,3,12,True,False,False
31004_20210320_0000_00,2021,3,00,False,False,False
31004_20210320_1200_12,2021,3,12,False,True,False
31004_20210321_0000_00,2021,3,00,False,False,False
31004_20210321_1200_12,2021,3,12,False,False,False
31004_20210322_0000_00,2021,3,00,False,False,False
31004_20210322_1200_12,2021,3,12,False,False,True
31004_20210323_0000_00,2021,3,00,False,False,True
31004_20210323_1200_12,2021,3,12,True,False,False
31004_20210324_0000_00,2021,3,00,True,False,False
31004_20210324_1200_12,2021,3,12,True,False,False
31004_20210325_0000_00,2021,3,00,True,False,False
31004_20210325_1200_12,2021,3,12,True,False,True
31004_20210326_0000_00,2021,3,00,False,False,False
31004_20210326_1200_12,2021,3,12,True,False,True
31004_20210327_0000_00,2021,3,00,False,False,False
31004_20210327_1200_12,2021,3,12,False,False,False
31004_20210328_0000_00,2021,3,00,False,False,False
31004_20210328_1200_12,2021,3,12,True,False,False
31004_20210329_0000_00,2021,3,00,False,False,False
31004_20210329_1200_12,2021,3,12,False,False,False
31004_20210330_0000_00,2021,3,00,False,False,False
31004_20210330_1200_12,2021,3,12,False,True,False
31004_20210331_0000_00,2021,3,00,False,False,False
31004_20210331_1200_12,2021,3,12,False,False,False
31004_20210401_0000_00,2021,4,00,False,False,False
31004_20210401_1200_12,2021,4,12,False,False,False
31004_20210402_0000_00,2021,4,00,False,False,False
31004_20210402_1200_12,2021,4,12,False,False,False
31004_20210403_0000_00,2021,4,00,True,False,False
31004_20210403_1200_12,2021,4,12,True,False,False
31004_20210404_0000_00,2021,4,00,True,False,False
31004_20210404_1200_12,2021,4,12,False,False,False
31004_20210405_0000_00,2021,4,00,False,False,False
31004_20210405_1200_12,2021,4,12,False,False,False
31004_20210406_0000_00,2021,4,00,False,False,False
31004_20210406_1200_12,2021,4,12,True,False,False
31004_20210407_0000_00,2021,4,00,True,False,True
31004_20210407_1200_12,2021,4,12,False,False,True
31004_20210408_0000_00,2021,4,00,False,False,True
31004_20210408_1200_12,2021,4,12,False,True,False
31004_20210409_0000_00,2021,4,00,True,False,False
31004_20210409_1200_12,2021,4,12,False,False,False
31004_20210410_0000_00,2021,4,00,False,False,False
31004_20210410_1200_12,2021,4,12,False,False,True
31004_20210411_0000_00,2021,4,00,False,False,False
31004_20210411_1200_12,2021,4,12,False,False,False
31004_20210412_0000_00,2021,4,00,False,False,False
31004_20210412_1200_12,2021,4,12,False,False,True
31004_20210413_0000_00,2021,4,00,False,False,False
31004_20210413_1200_12,2021,4,12,True,False,True
31004_20210414_0000_00,2021,4,00,False,False,False
31004_20210414_1200_12,2021,4,12,False,False,False
31004_20210415_0000_00,2021,4,00,False,False,False
31004_20210415_1200_12,2021,4,12,False,False,False
31004_20210416_0000_00,2021,4,00,False,False,False
31004_20210416_1200_12,2021,4,12,True,False,False
31004_20210417_0000_00,2021,4,00,False,False,False
31004_20210417_1200_12,2021,4,12,False,False,True
31004_20210418_0000_00,2021,4,00,False,False,True
31004_20210418_1200_12,2021,4,12,False,False,False
31004_20210419_0000_00,2021,4,00,False,False,False
31004_20210419_1200_12,2021,4,12,False,False,False
31004_20210420_0000_00,2021,4,00,False,False,True
31004_20210420_1200_12,2021,4,12,False,False,True
31004_20210421_0000_00,2021,4,00,False,False,False
31004_20210421_1200_12,2021,4,12,False,False,False
31004_20210422_0000_00,2021,4,00,False,False,False
31004_20210422_1200_12,2021,4,12,False,False,False
31004_20210423_0000_00,2021,4,00,False,False,False
31004_20210423_1200_12,2021,4,12,False,False,False
31004_20210424_0000_00,2021,4,00,False,False,True
31004_20210424_1200_12,2021,4,12,False,False,False
31004_20210425_0000_00,2021,4,00,False,False,True
31004_20210425_1200_12,2021,4,12,False,False,False
31004_20210426_0000_00,2021,4,00,False,False,False
31004_20210426_1200_12,2021,4,12,False,False,False
31004_20210427_0000_00,2021,4,00,False,False,False
31004_20210427_1200_12,2021,4,12,False,False,True
31004_20210428_0000_00,2021,4,00,False,False,True
31004_20210428_1200_12,2021,4,12,False,False,True
31004_20210429_0000_00,2021,4,00,False,False,True
31004_20210429_1200_12,2021,4,12,False,False,True
31004_20210430_0000_00,2021,4,00,False,False,True
31004_20210430_1200_12,2021,4,12,False,False,False
31004_20210501_0000_00,2021,5,00,False,False,False
31004_20210501_1200_12,2021,5,12,False,False,False
31004_20210502_0000_00,2021,5,00,True,False,False
31004_20210502_1200_12,2021,5,12,False,False,False
31004_20210503_0000_00,2021,5,00,False,False,True
31004_20210503_1200_12,2021,5,12,False,False,False
31004_20210504_0000_00,2021,5,00,False,False,False
31004_20210504_1200_12,2021,5,12,False,False,False
31004_20210505_0000_00,2021,5,00,False,False,False
31004_20210505_1200_12,2021,5,12,False,False,False
31004_20210506_0000_00,2021,5,00,True,False,False
31004_20210506_1200_12,2021,5,12,False,False,False
31004_20210507_0000_00,2021,5,00,False,False,True
31004_20210507_1200_12,2021,5,12,False,False,False
31004_20210508_0000_00,2021,5,00,False,False,False
31004_20210508_1200_12,2021,5,12,False,True,False
31004_20210509_0000_00,2021,5,00,False,False,False
31004_20210509_1200_12,2021,5,12,True,False,False
31004_20210510_0000_00,2021,5,00,False,False,False
31004_20210510_1200_12,2021,5,12,False,False,False
31004_20210511_0000_00,2021,5,00,False,False,False
31004_20210511_1200_12,2021,5,12,True,False,False
31004_20210512_0000_00,2021,5,00,False,False,False
31004_20210512_1200_12,2021,5,12,False,False,False
31004_20210513_0000_00,2021,5,00,False,False,False
31004_20210513_1200_12,2021,5,12,False,False,False
31004_20210514_0000_00,2021,5,00,False,False,False
31004_20210514_1200_12,2021,5,12,False,False,True
31004_20210515_0000_00,2021,5,00,False,False,False
31004_20210515_1200_12,2021,5,12,False,False,False
31004_20210516_0000_00,2021,5,00,False,False,False
31004_20210516_1200_12,2021,5,12,False,False,False
31004_20210517_0000_00,2021,5,00,False,False,False
31004_20210517_1200_12,2021,5,12,False,False,False
31004_20210518_0000_00,2021,5,00,False,False,False
31004_20210518_1200_12,2021,5,12,False,False,False
31004_20210519_0000_00,2021,5,00,False,False,False
31004_20210519_1200_12,2021,5,12,False,False,False
31004_20210520_0000_00,2021,5,00,False,False,False
31004_20210520_1200_12,2021,5,12,False,False,False
31004_20210521_0000_00,2021,5,00,False,False,False
31004_20210521_1200_12,2021,5,12,False,False,False
31004_20210522_0000_00,2021,5,00,False,False,False
31004_20210522_1200_12,2021,5,12,False,False,True
31004_20210523_0000_00,2021,5,00,False,True,True
31004_20210524_0000_00,2021,5,00,False,False,False
31004_20210524_1200_12,2021,5,12,False,False,False
31004_20210525_0000_00,2021,5,00,False,False,False
31004_20210525_1200_12,2021,5,12,False,False,False
31004_20210526_0000_00,2021,5,00,False,False,True
31004_20210526_1200_12,2021,5,12,False,False,False
31004_20210527_0000_00,2021,5,00,False,False,False
31004_20210527_1200_12,2021,5,12,False,False,False
31004_20210528_0000_00,2021,5,00,False,False,False
31004_20210528_1200_12,2021,5,12,False,False,False
31004_20210529_0000_00,2021,5,00,False,False,False
31004_20210529_1200_12,2021,5,12,False,False,False
31004_20210530_0000_00,2021,5,00,False,False,False
31004_20210530_1200_12,2021,5,12,False,False,False
31004_20210531_0000_00,2021,5,00,False,False,False
31004_20210531_1200_12,2021,5,12,False,False,False
31004_20210601_0000_00,2021,6,00,False,False,False
31004_20210601_1200_12,2021,6,12,False,False,False
31004_20210602_0000_00,2021,6,00,False,False,False
31004_20210602_1200_12,2021,6,12,False,False,True
31004_20210603_0000_00,2021,6,00,False,False,False
31004_20210603_1200_12,2021,6,12,False,False,False
31004_20210604_0000_00,2021,6,00,False,False,False
31004_20210604_1200_12,2021,6,12,False,False,True
31004_20210605_1200_12,2021,6,12,False,False,False
31004_20210606_0000_00,2021,6,00,False,False,False
31004_20210606_1200_12,2021,6,12,True,False,False
31004_20210607_1200_12,2021,6,12,False,False,True
31004_20210608_0000_00,2021,6,00,False,False,False
31004_20210608_1200_12,2021,6,12,False,False,False
31004_20210609_0000_00,2021,6,00,False,False,False
31004_20210609_1200_12,2021,6,12,False,False,True
31004_20210610_0000_00,2021,6,00,False,False,True
31004_20210610_1200_12,2021,6,12,False,False,True
31004_20210611_0000_00,2021,6,00,False,False,False
31004_20210611_1200_12,2021,6,12,False,False,False
31004_20210612_0000_00,2021,6,00,False,False,False
31004_20210612_1200_12,2021,6,12,False,False,True
31004_20210613_0000_00,2021,6,00,False,False,False
31004_20210613_1200_12,2021,6,12,False,False,True
31004_20210614_0000_00,2021,6,00,True,False,False
31004_20210614_1200_12,2021,6,12,False,False,False
31004_20210615_0000_00,2021,6,00,False,False,False
31004_20210615_1200_12,2021,6,12,False,False,False
31004_20210616_0000_00,2021,6,00,False,False,False
31004_20210616_1200_12,2021,6,12,False,False,False
31004_20210617_0000_00,2021,6,00,False,False,False
31004_20210617_1200_12,2021,6,12,False,False,False
31004_20210618_0000_00,2021,6,00,False,False,True
31004_20210618_1200_12,2021,6,12,False,False,False
31004_20210619_0000_00,2021,6,00,False,False,False
31004_20210619_1200_12,2021,6,12,True,False,True
31004_20210620_0000_00,2021,6,00,False,False,False
31004_20210620_1200_12,2021,6,12,False,False,False
31004_20210621_0000_00,2021,6,00,False,False,True
31004_20210621_1200_12,2021,6,12,False,False,False
31004_20210622_0000_00,2021,6,00,False,False,False
31004_20210622_1200_12,2021,6,12,False,False,False
31004_20210623_0000_00,2021,6,00,False,False,False
31004_20210623_1200_12,2021,6,12,False,False,False
31004_20210624_0000_00,2021,6,00,False,False,False
31004_20210624_1200_12,2021,6,12,False,False,False
31004_20210625_0000_00,2021,6,00,False,False,False
31004_20210625_1200_12,2021,6,12,False,False,False
31004_20210626_0000_00,2021,6,00,False,False,False
31004_20210626_1200_12,2021,6,12,True,False,False
31004_20210627_0000_00,2021,6,00,False,False,False
31004_20210627_1200_12,2021,6,12,False,False,False
31004_20210628_0000_00,2021,6,00,False,False,False
31004_20210628_1200_12,2021,6,12,False,False,False
31004_20210629_0000_00,2021,6,00,False,False,False
31004_20210629_1200_12,2021,6,12,False,False,False
31004_20210630_0000_00,2021,6,00,False,False,False
31004_20210630_1200_12,2021,6,12,False,False,True
31004_20210701_0000_00,2021,7,00,False,False,True
31004_20210701_1200_12,2021,7,12,False,False,False
31004_20210702_0000_00,2021,7,00,False,False,False
31004_20210702_1200_12,2021,7,12,False,False,False
31004_20210703_0000_00,2021,7,00,False,False,False
31004_20210703_1200_12,2021,7,12,False,False,False
31004_20210704_0000_00,2021,7,00,False,False,False
31004_20210704_1200_12,2021,7,12,False,False,False
31004_20210705_0000_00,2021,7,00,False,False,False
31004_20210705_1200_12,2021,7,12,False,False,True
31004_20210706_0000_00,2021,7,00,False,False,False
31004_20210706_1200_12,2021,7,12,False,False,False
31004_20210707_0000_00,2021,7,00,False,False,False
31004_20210707_1200_12,2021,7,12,False,False,False
31004_20210708_0000_00,2021,7,00,False,False,True
31004_20210708_1200_12,2021,7,12,True,False,False
31004_20210709_0000_00,2021,7,00,False,False,True
31004_20210709_1200_12,2021,7,12,False,False,False
31004_20210710_0000_00,2021,7,00,False,False,True
31004_20210710_1200_12,2021,7,12,False,False,False
31004_20210711_0000_00,2021,7,00,False,False,True
31004_20210711_1200_12,2021,7,12,False,False,False
31004_20210712_0000_00,2021,7,00,False,False,False
31004_20210712_1200_12,2021,7,12,False,False,False
31004_20210713_0000_00,2021,7,00,True,False,False
31004_20210713_1200_12,2021,7,12,False,False,False
31004_20210714_0000_00,2021,7,00,False,False,False
31004_20210714_1200_12,2021,7,12,False,False,True
31004_20210715_0000_00,2021,7,00,False,False,False
31004_20210715_1200_12,2021,7,12,False,False,False
31004_20210716_0000_00,2021,7,00,False,False,False
31004_20210716_1200_12,2021,7,12,False,False,False
31004_20210717_0000_00,2021,7,00,False,False,True
31004_20210717_1200_12,2021,7,12,False,True,False
31004_20210718_0000_00,2021,7,00,False,True,False
31004_20210718_1200_12,2021,7,12,True,False,False
31004_20210719_0000_00,2021,7,00,False,False,False
31004_20210719_1200_12,2021,7,12,False,False,False
31004_20210720_0000_00,2021,7,00,False,False,False
31004_20210720_1200_12,2021,7,12,False,False,False
31004_20210721_0000_00,2021,7,00,False,False,False
31004_20210721_1200_12,2021,7,12,False,False,True
31004_20210722_0000_00,2021,7,00,False,False,True
31004_20210722_1200_12,2021,7,12,False,False,True
31004_20210723_0000_00,2021,7,00,False,False,False
31004_20210723_1200_12,2021,7,12,True,False,False
31004_20210724_0000_00,2021,7,00,False,False,False
31004_20210724_1200_12,2021,7,12,False,False,False
31004_20210725_0000_00,2021,7,00,False,False,True
31004_20210725_1200_12,2021,7,12,False,False,False
31004_20210726_0000_00,2021,7,00,False,False,False
31004_20210726_1200_12,2021,7,12,True,False,False
31004_20210727_0000_00,2021,7,00,False,False,False
31004_20210727_1200_12,2021,7,12,True,False,False
31004_20210728_0000_00,2021,7,00,False,False,True
31004_20210728_1200_12,2021,7,12,True,False,False
31004_20210729_0000_00,2021,7,00,False,False,False
31004_20210729_1200_12,2021,7,12,False,False,False
31004_20210730_0000_00,2021,7,00,False,False,True
31004_20210730_1200_12,2021,7,12,False,False,True
31004_20210731_0000_00,2021,7,00,False,False,False
31004_20210731_1200_12,2021,7,12,False,False,True
31004_20210801_0000_00,2021,8,00,False,False,True
31004_20210801_1200_12,2021,8,12,False,False,True
31004_20210802_0000_00,2021,8,00,False,False,False
31004_20210802_1200_12,2021,8,12,False,False,False
31004_20210803_0000_00,2021,8,00,False,False,False
31004_20210803_1200_12,2021,8,12,False,True,False
31004_20210804_0000_00,2021,8,00,False,False,False
31004_20210804_1200_12,2021,8,12,False,False,False
31004_20210805_0000_00,2021,8,00,False,False,True
31004_20210805_1200_12,2021,8,12,True,False,False
31004_20210806_0000_00,2021,8,00,True,False,False
31004_20210806_1200_12,2021,8,12,False,False,False
31004_20210807_0000_00,2021,8,00,False,False,False
31004_20210807_1200_12,2021,8,12,False,False,False
31004_20210808_0000_00,2021,8,00,False,False,False
31004_20210808_1200_12,2021,8,12,False,False,False
31004_20210809_0000_00,2021,8,00,False,False,False
31004_20210809_1200_12,2021,8,12,False,True,False
31004_20210810_0000_00,2021,8,00,False,False,False
31004_20210810_1200_12,2021,8,12,False,False,False
31004_20210811_0000_00,2021,8,00,False,False,True
31004_20210811_1200_12,2021,8,12,True,False,False
31004_20210812_0000_00,2021,8,00,False,False,True
31004_20210812_1200_12,2021,8,12,True,False,False
31004_20210813_0000_00,2021,8,00,False,False,False
31004_20210813_1200_12,2021,8,12,True,False,False
31004_20210814_0000_00,2021,8,00,False,False,False
31004_20210814_1200_12,2021,8,12,False,False,False
31004_20210815_0000_00,2021,8,00,False,False,False
31004_20210815_1200_12,2021,8,12,True,False,False
31004_20210816_0000_00,2021,8,00,False,False,True
31004_20210816_1200_12,2021,8,12,True,False,True
31004_20210817_0000_00,2021,8,00,False,False,True
31004_20210817_1200_12,2021,8,12,False,False,False
31004_20210818_0000_00,2021,8,00,False,False,True
31004_20210818_1200_12,2021,8,12,True,False,False
31004_20210819_0000_00,2021,8,00,False,False,False
31004_20210819_1200_12,2021,8,12,True,False,False
31004_20210820_0000_00,2021,8,00,False,False,False
31004_20210820_1200_12,2021,8,12,False,False,False
31004_20210821_0000_00,2021,8,00,False,False,False
31004_20210821_1200_12,2021,8,12,False,False,False
31004_20210822_0000_00,2021,8,00,False,False,False
31004_20210822_1200_12,2021,8,12,False,False,False
31004_20210823_0000_00,2021,8,00,False,False,False
31004_20210823_1200_12,2021,8,12,False,False,False
31004_20210824_0000_00,2021,8,00,False,False,True
31004_20210824_1200_12,2021,8,12,False,False,True
31004_20210825_0000_00,2021,8,00,False,False,True
31004_20210825_1200_12,2021,8,12,False,False,True
31004_20210826_0000_00,2021,8,00,False,False,False
31004_20210826_1200_12,2021,8,12,True,False,False
31004_20210827_0000_00,2021,8,00,False,False,False
31004_20210827_1200_12,2021,8,12,False,False,False
31004_20210828_0000_00,2021,8,00,False,False,False
31004_20210828_1200_12,2021,8,12,True,False,False
31004_20210829_0000_00,2021,8,00,False,False,True
31004_20210829_1200_12,2021,8,12,False,False,True
31004_20210830_0000_00,2021,8,00,False,False,False
31004_20210830_1200_12,2021,8,12,True,False,False
31004_20210831_0000_00,2021,8,00,True,False,False
31004_20210831_1200_12,2021,8,12,False,False,False
31004_20210901_0000_00,2021,9,00,False,False,False
31004_20210901_1200_12,2021,9,12,True,False,False
31004_20210902_1200_12,2021,9,12,True,False,False
31004_20210903_0000_00,2021,9,00,False,False,True
31004_20210903_1200_12,2021,9,12,False,False,True
31004_20210904_0000_00,2021,9,00,False,True,True
31004_20210904_1200_12,2021,9,12,False,False,True
31004_20210905_0000_00,2021,9,00,False,False,True
31004_20210905_1200_12,2021,9,12,False,False,True
31004_20210906_0000_00,2021,9,00,False,False,False
31004_20210906_1200_12,2021,9,12,True,False,False
31004_20210907_0000_00,2021,9,00,False,True,False
31004_20210907_1200_12,2021,9,12,False,True,True
31004_20210908_1200_12,2021,9,12,False,True,False
31004_20210909_0000_00,2021,9,00,False,False,False
31004_20210909_1200_12,2021,9,12,True,False,False
31004_20210910_0000_00,2021,9,00,False,False,True
31004_20210910_1200_12,2021,9,12,False,True,False
31004_20210911_0000_00,2021,9,00,True,False,True
31004_20210911_1200_12,2021,9,12,False,False,False
31004_20210912_0000_00,2021,9,00,True,False,False
31004_20210912_1200_12,2021,9,12,True,False,False
31004_20210913_0000_00,2021,9,00,False,False,False
31004_20210913_1200_12,2021,9,12,False,False,True
31004_20210914_0000_00,2021,9,00,False,False,False
31004_20210914_1200_12,2021,9,12,True,False,False
31004_20210915_0000_00,2021,9,00,False,False,True
31004_20210915_1200_12,2021,9,12,False,False,False
31004_20210916_0000_00,2021,9,00,False,False,True
31004_20210917_1200_12,2021,9,12,False,False,False
31004_20210918_0000_00,2021,9,00,False,False,True
31004_20210918_1200_12,2021,9,12,False,False,True
31004_20210919_0000_00,2021,9,00,False,False,False
31004_20210919_1200_12,2021,9,12,False,True,True
31004_20210920_0000_00,2021,9,00,False,False,False
31004_20210920_1200_12,2021,9,12,False,False,False
31004_20210921_0000_00,2021,9,00,True,False,False
31004_20210921_1200_12,2021,9,12,False,False,False
31004_20210922_0000_00,2021,9,00,False,False,True
31004_20210922_1200_12,2021,9,12,False,False,False
31004_20210923_0000_00,2021,9,00,False,False,True
31004_20210923_1200_12,2021,9,12,True,False,False
31004_20210924_0000_00,2021,9,00,False,False,False
31004_20210924_1200_12,2021,9,12,False,False,False
31004_20210925_0000_00,2021,9,00,False,False,True
31004_20210925_1200_12,2021,9,12,False,False,False
31004_20210926_0000_00,2021,9,00,False,False,False
31004_20210926_1200_12,2021,9,12,False,True,False
31004_20210927_0000_00,2021,9,00,False,False,False
31004_20210927_1200_12,2021,9,12,True,False,False
31004_20210928_0000_00,2021,9,00,False,False,True
31004_20210928_1200_12,2021,9,12,False,False,False
31004_20210929_0000_00,2021,9,00,False,False,False
31004_20210929_1200_12,2021,9,12,False,False,False
31004_20210930_0000_00,2021,9,00,False,False,True
31004_20210930_1200_12,2021,9,12,False,False,False
31004_20211001_0000_00,2021,10,00,False,False,True
31004_20211001_1200_12,2021,10,12,False,False,True
31004_20211002_0000_00,2021,10,00,False,False,False
31004_20211002_1200_12,2021,10,12,False,False,True
31004_20211003_0000_00,2021,10,00,False,False,True
31004_20211003_1200_12,2021,10,12,False,False,True
31004_20211004_0000_00,2021,10,00,False,False,False
31004_20211004_1200_12,2021,10,12,False,False,True
31004_20211005_0000_00,2021,10,00,False,False,True
31004_20211005_1200_12,2021,10,12,False,False,True
31004_20211006_0000_00,2021,10,00,False,False,False
31004_20211006_1200_12,2021,10,12,False,True,False
31004_20211007_0000_00,2021,10,00,False,False,False
31004_20211007_1200_12,2021,10,12,False,False,False
31004_20211008_0000_00,2021,10,00,False,False,True
31004_20211008_1200_12,2021,10,12,False,False,False
31004_20211009_0000_00,2021,10,00,False,False,False
31004_20211009_1200_12,2021,10,12,True,False,False
31004_20211010_0000_00,2021,10,00,True,False,True
31004_20211010_1200_12,2021,10,12,False,False,False
31004_20211011_0000_00,2021,10,00,False,False,False
31004_20211011_1200_12,2021,10,12,False,False,False
31004_20211012_0000_00,2021,10,00,False,False,False
31004_20211012_1200_12,2021,10,12,False,False,False
31004_20211013_0000_00,2021,10,00,True,False,True
31004_20211013_1200_12,2021,10,12,False,False,False
31004_20211014_0000_00,2021,10,00,True,False,False
31004_20211014_1200_12,2021,10,12,True,False,True
31004_20211015_0000_00,2021,10,00,False,False,True
31004_20211015_1200_12,2021,10,12,False,False,False
31004_20211016_0000_00,2021,10,00,False,False,False
31004_20211016_1200_12,2021,10,12,False,False,True
31004_20211017_0000_00,2021,10,00,True,False,False
31004_20211017_1200_12,2021,10,12,True,False,False
31004_20211018_0000_00,2021,10,00,False,False,True
31004_20211018_1200_12,2021,10,12,False,False,False
31004_20211019_0000_00,2021,10,00,False,False,False
31004_20211019_1200_12,2021,10,12,False,False,False
31004_20211020_0000_00,2021,10,00,False,False,True
31004_20211020_1200_12,2021,10,12,False,False,False
31004_20211021_0000_00,2021,10,00,False,False,True
31004_20211021_1200_12,2021,10,12,False,False,False
31004_20211022_0000_00,2021,10,00,False,False,False
31004_20211022_1200_12,2021,10,12,False,True,True
31004_20211023_0000_00,2021,10,00,False,False,True
31004_20211023_1200_12,2021,10,12,False,False,True
31004_20211024_0000_00,2021,10,00,False,False,True
31004_20211024_1200_12,2021,10,12,False,False,True
31004_20211025_0000_00,2021,10,00,False,False,False
31004_20211025_1200_12,2021,10,12,False,False,False
31004_20211026_0000_00,2021,10,00,False,False,False
31004_20211026_1200_12,2021,10,12,True,False,False
31004_20211027_0000_00,2021,10,00,False,False,False
31004_20211027_1200_12,2021,10,12,True,False,False
31004_20211028_0000_00,2021,10,00,False,False,True
31004_20211028_1200_12,2021,10,12,False,False,False
31004_20211029_0000_00,2021,10,00,False,False,False
31004_20211029_1200_12,2021,10,12,False,False,False
31004_20211030_0000_00,2021,10,00,False,False,False
31004_20211030_1200_12,2021,10,12,False,False,False
31004_20211031_0000_00,2021,10,00,False,False,False
31004_20211031_1200_12,2021,10,12,False,False,False
31004_20211101_0000_00,2021,11,00,False,False,False
31004_20211101_1200_12,2021,11,12,False,False,False
31004_20211102_0000_00,2021,11,00,True,False,False
31004_20211102_1200_12,2021,11,12,False,False,False
31004_20211103_0000_00,2021,11,00,False,False,True
31004_20211103_1200_12,2021,11,12,False,False,True
31004_20211104_0000_00,2021,11,00,True,False,True
31004_20211104_1200_12,2021,11,12,True,False,False
31004_20211105_0000_00,2021,11,00,False,False,True
31004_20211105_1200_12,2021,11,12,False,False,False
31004_20211106_0000_00,2021,11,00,True,False,False
31004_20211106_1200_12,2021,11,12,False,False,True
31004_20211107_0000_00,2021,11,00,True,False,False
31004_20211107_1200_12,2021,11,12,False,False,True
31004_20211108_0000_00,2021,11,00,False,False,True
31004_20211108_1200_12,2021,11,12,False,False,False
31004_20211109_0000_00,2021,11,00,False,False,True
31004_20211109_1200_12,2021,11,12,False,False,False
31004_20211110_0000_00,2021,11,00,False,False,False
31004_20211110_1200_12,2021,11,12,False,False,True
31004_20211111_0000_00,2021,11,00,False,False,False
31004_20211111_1200_12,2021,11,12,True,False,False
31004_20211112_0000_00,2021,11,00,False,False,False
31004_20211112_1200_12,2021,11,12,False,False,False
31004_20211113_0000_00,2021,11,00,False,False,True
31004_20211113_1200_12,2021,11,12,True,False,True
31004_20211114_0000_00,2021,11,00,False,False,True
31004_20211114_1200_12,2021,11,12,True,False,False
31004_20211115_0000_00,2021,11,00,True,False,False
31004_20211115_1200_12,2021,11,12,False,False,False
31004_20211116_0000_00,2021,11,00,False,False,True
31004_20211116_1200_12,2021,11,12,False,False,False
31004_20211117_0000_00,2021,11,00,False,False,False
31004_20211117_1200_12,2021,11,12,False,False,True
31004_20211118_0000_00,2021,11,00,False,False,True
31004_20211118_1200_12,2021,11,12,False,False,False
31004_20211119_0000_00,2021,11,00,False,False,True
31004_20211119_1200_12,2021,11,12,False,False,True
31004_20211120_0000_00,2021,11,00,False,False,False
31004_20211120_1200_12,2021,11,12,False,False,False
31004_20211121_0000_00,2021,11,00,False,False,False
31004_20211121_1200_12,2021,11,12,False,False,True
31004_20211122_0000_00,2021,11,00,False,False,False
31004_20211122_1200_12,2021,11,12,False,False,False
31004_20211123_0000_00,2021,11,00,False,True,False
31004_20211123_1200_12,2021,11,12,False,True,True
31004_20211124_0000_00,2021,11,00,False,False,False
31004_20211124_1200_12,2021,11,12,False,False,False
31004_20211125_0000_00,2021,11,00,False,False,True
31004_20211125_1200_12,2021,11,12,False,False,False
31004_20211126_0000_00,2021,11,00,False,False,False
31004_20211126_1200_12,2021,11,12,False,False,True
31004_20211127_0000_00,2021,11,00,False,False,False
31004_20211127_1200_12,2021,11,12,False,False,False
31004_20211128_0000_00,2021,11,00,False,False,False
31004_20211128_1200_12,2021,11,12,False,False,True
31004_20211129_0000_00,2021,11,00,False,False,False
31004_20211129_1200_12,2021,11,12,True,False,False
31004_20211130_0000_00,2021,11,00,True,False,False
31004_20211130_1200_12,2021,11,12,True,False,False
31004_20211201_0000_00,2021,12,00,True,False,False
31004_20211201_1200_12,2021,12,12,False,False,False
31004_20211202_0000_00,2021,12,00,False,False,True
31004_20211202_1200_12,2021,12,12,False,False,True
31004_20211203_0000_00,2021,12,00,False,False,False
31004_20211203_1200_12,2021,12,12,False,False,True
31004_20211204_0000_00,2021,12,00,False,False,True
31004_20211204_1200_12,2021,12,12,False,False,True
31004_20211205_0000_00,2021,12,00,False,False,False
31004_20211205_1200_12,2021,12,12,False,False,False
31004_20211206_0000_00,2021,12,00,True,False,False
31004_20211206_1200_12,2021,12,12,False,False,False
31004_20211207_0000_00,2021,12,00,True,False,False
31004_20211207_1200_12,2021,12,12,False,False,True
31004_20211208_0000_00,2021,12,00,False,False,True
31004_20211208_1200_12,2021,12,12,False,False,False
31004_20211209_0000_00,2021,12,00,False,False,False
31004_20211209_1200_12,2021,12,12,False,False,False
31004_20211210_0000_00,2021,12,00,True,False,True
31004_20211210_1200_12,2021,12,12,True,False,False
31004_20211211_0000_00,2021,12,00,True,False,False
31004_20211211_1200_12,2021,12,12,True,False,False
31004_20211212_0000_00,2021,12,00,True,False,False
31004_20211212_1200_12,2021,12,12,True,False,False
31004_20211213_0000_00,2021,12,00,True,False,True
31004_20211213_1200_12,2021,12,12,False,False,True
31004_20211214_0000_00,2021,12,00,False,False,True
31004_20211214_1200_12,2021,12,12,False,False,False
31004_20211215_0000_00,2021,12,00,False,False,False
31004_20211215_1200_12,2021,12,12,False,False,False
31004_20211216_0000_00,2021,12,00,False,False,True
31004_20211216_1200_12,2021,12,12,False,False,True
31004_20211217_0000_00,2021,12,00,False,False,True
31004_20211217_1200_12,2021,12,12,False,False,True
31004_20211218_0000_00,2021,12,00,True,False,False
31004_20211218_1200_12,2021,12,12,True,False,False
31004_20211219_0000_00,2021,12,00,False,False,False
31004_20211219_1200_12,2021,12,12,False,False,False
31004_20211220_0000_00,2021,12,00,False,False,True
31004_20211220_1200_12,2021,12,12,False,False,False
31004_20211221_0000_00,2021,12,00,False,False,True
31004_20211221_1200_12,2021,12,12,True,False,True
31004_20211222_0000_00,2021,12,00,False,False,True
31004_20211222_1200_12,2021,12,12,False,False,True
31004_20211223_0000_00,2021,12,00,False,False,True
31004_20211223_1200_12,2021,12,12,True,False,True
31004_20211224_0000_00,2021,12,00,False,False,False
31004_20211224_1200_12,2021,12,12,False,False,True
31004_20211225_0000_00,2021,12,00,False,False,True
31004_20211225_1200_12,2021,12,12,False,False,False
31004_20211226_0000_00,2021,12,00,True,False,False
31004_20211226_1200_12,2021,12,12,False,False,True
31004_20211227_0000_00,2021,12,00,True,False,False
31004_20211227_1200_12,2021,12,12,False,False,True
31004_20211228_0000_00,2021,12,00,False,False,True
31004_20211228_1200_12,2021,12,12,False,False,True
31004_20211229_0000_00,2021,12,00,True,False,True
31004_20211229_1200_12,2021,12,12,False,False,False
31004_20211230_0000_00,2021,12,00,False,False,False
31004_20211230_1200_12,2021,12,12,False,False,True
31004_20211231_0000_00,2021,12,00,True,False,False
31004_20211231_1200_12,2021,12,12,True,False,False
31004_20220101_0000_00,2022,1,00,True,False,True
31004_20220101_1200_12,2022,1,12,False,False,True
31004_20220102_0000_00,2022,1,00,True,False,False
31004_20220102_1200_12,2022,1,12,True,False,False
31004_20220103_0000_00,2022,1,00,False,False,False
31004_20220103_1200_12,2022,1,12,True,False,False
31004_20220104_0000_00,2022,1,00,True,False,False
31004_20220104_1200_12,2022,1,12,False,False,True
31004_20220105_0000_00,2022,1,00,True,False,True
31004_20220105_1200_12,2022,1,12,True,False,True
31004_20220106_0000_00,2022,1,00,False,False,True
31004_20220106_1200_12,2022,1,12,False,False,False
31004_20220107_0000_00,2022,1,00,False,False,False
31004_20220107_1200_12,2022,1,12,True,False,False
31004_20220108_0000_00,2022,1,00,True,False,False
31004_20220108_1200_12,2022,1,12,False,False,False
31004_20220109_0000_00,2022,1,00,False,False,False
31004_20220109_1200_12,2022,1,12,False,False,True
31004_20220110_0000_00,2022,1,00,False,False,True
31004_20220110_1200_12,2022,1,12,False,False,True
31004_20220111_0000_00,2022,1,00,False,False,True
31004_20220111_1200_12,2022,1,12,False,False,True
31004_20220112_0000_00,2022,1,00,False,False,True
31004_20220112_1200_12,2022,1,12,True,False,False
31004_20220113_0000_00,2022,1,00,False,False,False
31004_20220113_1200_12,2022,1,12,False,False,False
31004_20220114_0000_00,2022,1,00,False,True,False
31004_20220114_1200_12,2022,1,12,True,False,True
31004_20220115_0000_00,2022,1,00,True,False,False
31004_20220115_1200_12,2022,1,12,True,False,False
31004_20220116_0000_00,2022,1,00,True,False,True
31004_20220116_1200_12,2022,1,12,False,False,False
31004_20220117_0000_00,2022,1,00,True,False,False
31004_20220117_1200_12,2022,1,12,True,False,False
31004_20220118_0000_00,2022,1,00,False,False,True
31004_20220118_1200_12,2022,1,12,False,False,True
31004_20220119_0000_00,2022,1,00,True,False,False
31004_20220119_1200_12,2022,1,12,True,False,False
31004_20220120_0000_00,2022,1,00,False,False,False
31004_20220120_1200_12,2022,1,12,False,False,False
31004_20220121_0000_00,2022,1,00,False,False,False
31004_20220121_1200_12,2022,1,12,True,False,True
31004_20220122_0000_00,2022,1,00,True,False,False
31004_20220122_1200_12,2022,1,12,False,False,False
31004_20220123_0000_00,2022,1,00,False,False,True
31004_20220123_1200_12,2022,1,12,False,False,True
31004_20220124_0000_00,2022,1,00,False,False,False
31004_20220124_1200_12,2022,1,12,False,False,True
31004_20220125_0000_00,2022,1,00,True,False,False
31004_20220125_1200_12,2022,1,12,False,False,True
31004_20220126_0000_00,2022,1,00,False,False,False
31004_20220126_1200_12,2022,1,12,False,False,True
31004_20220127_0000_00,2022,1,00,False,False,False
31004_20220127_1200_12,2022,1,12,False,False,False
31004_20220128_0000_00,2022,1,00,False,False,False
31004_20220128_1200_12,2022,1,12,False,False,True
31004_20220129_0000_00,2022,1,00,True,False,False
31004_20220129_1200_12,2022,1,12,False,False,True
31004_20220130_0000_00,2022,1,00,False,False,True
31004_20220130_1200_12,2022,1,12,False,False,False
31004_20220131_0000_00,2022,1,00,False,False,True
31004_20220131_1200_12,2022,1,12,False,False,False
31004_20220201_0000_00,2022,2,00,False,False,True
31004_20220201_1200_12,2022,2,12,False,False,False
31004_20220202_0000_00,2022,2,00,False,False,True
31004_20220202_1200_12,2022,2,12,False,False,True
31004_20220203_0000_00,2022,2,00,False,False,False
31004_20220203_1200_12,2022,2,12,False,False,False
31004_20220204_0000_00,2022,2,00,False,False,True
31004_20220204_1200_12,2022,2,12,False,False,True
31004_20220205_0000_00,2022,2,00,False,False,False
31004_20220205_1200_12,2022,2,12,False,False,False
31004_20220206_0000_00,2022,2,00,True,False,False
31004_20220206_1200_12,2022,2,12,False,False,False
31004_20220207_0000_00,2022,2,00,False,False,False
31004_20220207_1200_12,2022,2,12,False,False,False
31004_20220208_0000_00,2022,2,00,True,False,False
31004_20220208_1200_12,2022,2,12,True,False,False
31004_20220209_0000_00,2022,2,00,True,False,False
31004_20220209_1200_12,2022,2,12,False,False,False
31004_20220210_0000_00,2022,2,00,False,False,False
31004_20220210_1200_12,2022,2,12,False,False,True
31004_20220211_0000_00,2022,2,00,True,False,True
31004_20220211_1200_12,2022,2,12,False,True,False
31004_20220212_0000_00,2022,2,00,False,False,True
31004_20220212_1200_12,2022,2,12,False,False,True
31004_20220213_0000_00,2022,2,00,False,False,False
31004_20220213_1200_12,2022,2,12,False,False,True
31004_20220214_0000_00,2022,2,00,False,False,False
31004_20220214_1200_12,2022,2,12,False,False,False
31004_20220215_0000_00,2022,2,00,False,False,False
31004_20220215_1200_12,2022,2,12,True,False,False
31004_20220216_0000_00,2022,2,00,False,False,False
31004_20220216_1200_12,2022,2,12,False,False,True
31004_20220217_0000_00,2022,2,00,False,False,False
31004_20220217_1200_12,2022,2,12,False,False,False
31004_20220218_0000_00,2022,2,00,False,False,True
31004_20220218_1200_12,2022,2,12,False,False,True
31004_20220219_0000_00,2022,2,00,False,False,True
31004_20220219_1200_12,2022,2,12,False,False,True
31004_20220220_0000_00,2022,2,00,False,False,False
31004_20220220_1200_12,2022,2,12,False,False,True
31004_20220221_0000_00,2022,2,00,False,False,True
31004_20220221_1200_12,2022,2,12,False,False,True
31004_20220222_0000_00,2022,2,00,False,False,False
31004_20220222_1200_12,2022,2,12,False,False,True
31004_20220223_0000_00,2022,2,00,False,False,False
31004_20220223_1200_12,2022,2,12,True,False,False
31004_20220224_0000_00,2022,2,00,False,False,True
31004_20220224_1200_12,2022,2,12,True,False,False
31004_20220225_0000_00,2022,2,00,True,False,False
31004_20220225_1200_12,2022,2,12,False,False,False
31004_20220226_0000_00,2022,2,00,False,False,False
31004_20220226_1200_12,2022,2,12,False,False,False
31004_20220227_0000_00,2022,2,00,False,False,True
31004_20220227_1200_12,2022,2,12,False,False,True
31004_20220228_0000_00,2022,2,00,False,False,False
31004_20220228_1200_12,2022,2,12,False,False,True
31004_20220301_0000_00,2022,3,00,True,False,False
31004_20220301_1200_12,2022,3,12,True,False,False
31004_20220302_0000_00,2022,3,00,True,False,False
31004_20220302_1200_12,2022,3,12,True,False,True
31004_20220303_0000_00,2022,3,00,False,False,False
31004_20220303_1200_12,2022,3,12,False,False,False
31004_20220304_0000_00,2022,3,00,False,False,False
31004_20220304_1200_12,2022,3,12,False,False,False
31004_20220305_0000_00,2022,3,00,True,False,False
31004_20220305_1200_12,2022,3,12,True,False,False
31004_20220306_0000_00,2022,3,00,True,False,False
31004_20220306_1200_12,2022,3,12,False,False,False
31004_20220307_0000_00,2022,3,00,False,False,False
31004_20220307_1200_12,2022,3,12,True,False,False
31004_20220308_0000_00,2022,3,00,False,False,False
31004_20220308_1200_12,2022,3,12,True,False,False
31004_20220309_0000_00,2022,3,00,False,False,True
31004_20220310_0000_00,2022,3,00,False,False,False
31004_20220310_1200_12,2022,3,12,True,False,False
31004_20220311_0000_00,2022,3,00,False,False,True
31004_20220311_1200_12,2022,3,12,False,False,False
31004_20220312_0000_00,2022,3,00,True,False,False
31004_20220312_1200_12,2022,3,12,True,False,True
31004_20220313_0000_00,2022,3,00,True,False,False
31004_20220313_1200_12,2022,3,12,False,False,False
31004_20220314_0000_00,2022,3,00,True,False,False
31004_20220314_1200_12,2022,3,12,False,False,False
31004_20220315_0000_00,2022,3,00,False,True,False
31004_20220315_1200_12,2022,3,12,False,False,False
31004_20220316_0000_00,2022,3,00,False,False,False
31004_20220316_1200_12,2022,3,12,False,False,True
31004_20220317_0000_00,2022,3,00,False,False,True
31004_20220317_1200_12,2022,3,12,True,False,True
31004_20220318_0000_00,2022,3,00,True,False,False
31004_20220318_1200_12,2022,3,12,True,False,False
31004_20220319_0000_00,2022,3,00,True,False,True
31004_20220319_1200_12,2022,3,12,True,False,False
31004_20220320_0000_00,2022,3,00,True,False,False
31004_20220320_1200_12,2022,3,12,True,False,False
31004_20220321_0000_00,2022,3,00,False,False,True
31004_20220321_1200_12,2022,3,12,False,False,False
31004_20220322_0000_00,2022,3,00,False,False,False
31004_20220322_1200_12,2022,3,12,False,False,False
31004_20220323_0000_00,2022,3,00,False,False,True
31004_20220323_1200_12,2022,3,12,True,False,False
31004_20220324_0000_00,2022,3,00,True,False,False
31004_20220324_1200_12,2022,3,12,False,False,False
31004_20220325_0000_00,2022,3,00,False,False,False
31004_20220325_1200_12,2022,3,12,True,False,False
31004_20220326_0000_00,2022,3,00,False,False,False
31004_20220326_1200_12,2022,3,12,True,False,False
31004_20220327_0000_00,2022,3,00,False,False,False
31004_20220327_1200_12,2022,3,12,True,False,False
31004_20220328_0000_00,2022,3,00,False,False,False
31004_20220328_1200_12,2022,3,12,False,False,False
31004_20220329_0000_00,2022,3,00,False,False,False
31004_20220329_1200_12,2022,3,12,False,False,False
31004_20220330_0000_00,2022,3,00,False,False,False
31004_20220330_1200_12,2022,3,12,False,False,False
31004_20220331_0000_00,2022,3,00,False,False,False
31004_20220331_1200_12,2022,3,12,True,False,False
31004_20220401_0000_00,2022,4,00,False,False,False
31004_20220401_1200_12,2022,4,12,False,False,False
31004_20220402_1200_12,2022,4,12,False,False,False
31004_20220403_0000_00,2022,4,00,False,False,False
31004_20220403_1200_12,2022,4,12,False,False,False
31004_20220404_0000_00,2022,4,00,False,False,False
31004_20220404_1200_12,2022,4,12,False,False,False
31004_20220405_0000_00,2022,4,00,False,False,False
31004_20220405_1200_12,2022,4,12,False,False,False
31004_20220406_0000_00,2022,4,00,False,False,False
31004_20220406_1200_12,2022,4,12,False,False,False
31004_20220407_0000_00,2022,4,00,False,False,True
31004_20220407_1200_12,2022,4,12,True,False,False
31004_20220408_0000_00,2022,4,00,False,False,False
31004_20220408_1200_12,2022,4,12,False,False,False
31004_20220409_0000_00,2022,4,00,False,False,False
31004_20220409_1200_12,2022,4,12,True,False,False
31004_20220410_0000_00,2022,4,00,True,False,False
31004_20220410_1200_12,2022,4,12,True,False,False
31004_20220411_0000_00,2022,4,00,False,False,False
31004_20220411_1200_12,2022,4,12,False,False,True
31004_20220412_0000_00,2022,4,00,False,False,False
31004_20220412_1200_12,2022,4,12,True,False,False
31004_20220413_0000_00,2022,4,00,True,False,True
31004_20220413_1200_12,2022,4,12,False,False,False
31004_20220414_0000_00,2022,4,00,False,False,False
31004_20220414_1200_12,2022,4,12,False,False,False
31004_20220415_0000_00,2022,4,00,False,False,False
31004_20220415_1200_12,2022,4,12,True,False,False
31004_20220416_0000_00,2022,4,00,False,False,True
31004_20220416_1200_12,2022,4,12,False,False,False
31004_20220417_0000_00,2022,4,00,False,False,False
31004_20220417_1200_12,2022,4,12,False,False,False
31004_20220418_0000_00,2022,4,00,False,False,True
31004_20220418_1200_12,2022,4,12,False,False,False
31004_20220419_0000_00,2022,4,00,False,False,False
31004_20220419_1200_12,2022,4,12,False,False,False
31004_20220420_0000_00,2022,4,00,False,False,False
31004_20220420_1200_12,2022,4,12,False,False,False
31004_20220421_0000_00,2022,4,00,True,False,True
31004_20220421_1200_12,2022,4,12,False,False,False
31004_20220422_0000_00,2022,4,00,False,False,False
31004_20220422_1200_12,2022,4,12,True,False,False
31004_20220423_0000_00,2022,4,00,False,False,False
31004_20220423_1200_12,2022,4,12,True,False,False
31004_20220424_0000_00,2022,4,00,False,False,False
31004_20220424_1200_12,2022,4,12,True,False,False
31004_20220425_0000_00,2022,4,00,False,False,False
31004_20220425_1200_12,2022,4,12,False,False,False
31004_20220426_0000_00,2022,4,00,False,False,False
31004_20220426_1200_12,2022,4,12,False,True,False
31004_20220427_0000_00,2022,4,00,False,False,False
31004_20220427_1200_12,2022,4,12,False,True,False
31004_20220428_0000_00,2022,4,00,False,False,False
31004_20220428_1200_12,2022,4,12,False,False,False
31004_20220429_0000_00,2022,4,00,False,False,False
31004_20220429_1200_12,2022,4,12,False,False,False
31004_20220430_0000_00,2022,4,00,False,False,True
31004_20220430_1200_12,2022,4,12,False,False,True
31004_20220501_0000_00,2022,5,00,False,False,False
31004_20220501_1200_12,2022,5,12,False,False,True
31004_20220502_0000_00,2022,5,00,False,False,False
31004_20220502_1200_12,2022,5,12,True,False,True
31004_20220503_0000_00,2022,5,00,False,False,True
31004_20220503_1200_12,2022,5,12,False,False,True
31004_20220504_0000_00,2022,5,00,False,False,True
31004_20220504_1200_12,2022,5,12,False,False,False
31004_20220505_0000_00,2022,5,00,False,False,False
31004_20220505_1200_12,2022,5,12,False,True,False
31004_20220506_0000_00,2022,5,00,False,False,False
31004_20220506_1200_12,2022,5,12,False,False,False
31004_20220507_0000_00,2022,5,00,False,False,True
31004_20220507_1200_12,2022,5,12,False,False,True
31004_20220508_0000_00,2022,5,00,False,True,False
31004_20220508_1200_12,2022,5,12,True,False,False
31004_20220509_0000_00,2022,5,00,False,False,False
31004_20220509_1200_12,2022,5,12,False,False,False
31004_20220510_0000_00,2022,5,00,False,False,True
31004_20220510_1200_12,2022,5,12,False,False,False
31004_20220511_0000_00,2022,5,00,False,False,True
31004_20220511_1200_12,2022,5,12,False,False,True
31004_20220512_0000_00,2022,5,00,False,False,True
31004_20220512_1200_12,2022,5,12,False,False,True
31004_20220513_0000_00,2022,5,00,False,False,True
31004_20220513_1200_12,2022,5,12,False,False,False
31004_20220514_0000_00,2022,5,00,False,False,False
31004_20220514_1200_12,2022,5,12,False,False,False
31004_20220515_0000_00,2022,5,00,False,False,False
31004_20220515_1200_12,2022,5,12,False,False,False
31004_20220516_0000_00,2022,5,00,False,False,True
31004_20220516_1200_12,2022,5,12,False,False,False
31004_20220517_0000_00,2022,5,00,False,False,False
31004_20220517_1200_12,2022,5,12,True,False,False
31004_20220518_0000_00,2022,5,00,False,False,False
31004_20220518_1200_12,2022,5,12,False,False,False
31004_20220519_0000_00,2022,5,00,False,False,True
31004_20220519_1200_12,2022,5,12,False,False,False
31004_20220520_0000_00,2022,5,00,False,False,False
31004_20220520_1200_12,2022,5,12,True,False,False
31004_20220521_0000_00,2022,5,00,False,False,False
31004_20220521_1200_12,2022,5,12,False,False,False
31004_20220522_0000_00,2022,5,00,False,False,False
31004_20220522_1200_12,2022,5,12,False,False,False
31004_20220523_0000_00,2022,5,00,False,False,False
31004_20220523_1200_12,2022,5,12,False,False,False
31004_20220524_0000_00,2022,5,00,False,False,False
31004_20220524_1200_12,2022,5,12,False,False,False
31004_20220525_0000_00,2022,5,00,False,False,False
31004_20220525_1200_12,2022,5,12,False,False,False
31004_20220526_0000_00,2022,5,00,False,False,True
31004_20220526_1200_12,2022,5,12,False,False,False
31004_20220527_0000_00,2022,5,00,False,False,True
31004_20220527_1200_12,2022,5,12,False,False,False
31004_20220528_0000_00,2022,5,00,False,False,True
31004_20220528_1200_12,2022,5,12,False,False,False
31004_20220529_0000_00,2022,5,00,False,False,True
31004_20220529_1200_12,2022,5,12,False,False,False
31004_20220530_0000_00,2022,5,00,False,False,False
31004_20220530_1200_12,2022,5,12,False,False,False
31004_20220531_0000_00,2022,5,00,False,False,False
31004_20220531_1200_12,2022,5,12,False,False,False
31004_20220601_0000_00,2022,6,00,False,False,False
31004_20220601_1200_12,2022,6,12,False,False,True
31004_20220602_0000_00,2022,6,00,False,False,False
31004_20220602_1200_12,2022,6,12,False,False,False
31004_20220603_0000_00,2022,6,00,False,False,True
31004_20220604_0000_00,2022,6,00,False,False,True
31004_20220604_1200_12,2022,6,12,False,False,False
31004_20220605_0000_00,2022,6,00,False,False,False
31004_20220605_1200_12,2022,6,12,True,False,True
31004_20220606_0000_00,2022,6,00,False,False,False
31004_20220606_1200_12,2022,6,12,False,False,False
31004_20220607_0000_00,2022,6,00,False,False,False
31004_20220607_1200_12,2022,6,12,False,False,False
31004_20220608_0000_00,2022,6,00,False,False,False
31004_20220608_1200_12,2022,6,12,True,False,True
31004_20220609_0000_00,2022,6,00,False,False,False
31004_20220609_1200_12,2022,6,12,False,False,False
31004_20220610_0000_00,2022,6,00,True,False,False
31004_20220610_1200_12,2022,6,12,False,False,False
31004_20220611_0000_00,2022,6,00,False,False,False
31004_20220611_1200_12,2022,6,12,False,False,False
31004_20220612_0000_00,2022,6,00,False,False,False
31004_20220612_1200_12,2022,6,12,False,False,False
31004_20220613_0000_00,2022,6,00,False,True,True
31004_20220613_1200_12,2022,6,12,False,False,False
31004_20220614_0000_00,2022,6,00,False,False,False
31004_20220614_1200_12,2022,6,12,False,False,False
31004_20220615_0000_00,2022,6,00,False,False,False
31004_20220615_1200_12,2022,6,12,False,False,True
31004_20220616_0000_00,2022,6,00,False,False,False
31004_20220616_1200_12,2022,6,12,False,False,False
31004_20220617_0000_00,2022,6,00,False,False,False
31004_20220617_1200_12,2022,6,12,False,False,False
31004_20220618_0000_00,2022,6,00,True,False,False
31004_20220618_1200_12,2022,6,12,False,False,False
31004_20220619_0000_00,2022,6,00,False,False,False
31004_20220619_1200_12,2022,6,12,False,False,False
31004_20220620_0000_00,2022,6,00,False,False,False
31004_20220620_1200_12,2022,6,12,False,False,False
31004_20220621_0000_00,2022,6,00,False,False,True
31004_20220621_1200_12,2022,6,12,False,False,False
31004_20220622_0000_00,2022,6,00,False,False,False
31004_20220622_1200_12,2022,6,12,True,False,False
31004_20220623_0000_00,2022,6,00,False,False,False
31004_20220623_1200_12,2022,6,12,False,False,False
31004_20220624_0000_00,2022,6,00,False,False,False
31004_20220624_1200_12,2022,6,12,False,False,False
31004_20220625_0000_00,2022,6,00,False,False,False
31004_20220625_1200_12,2022,6,12,False,True,False
31004_20220626_0000_00,2022,6,00,False,False,False
31004_20220626_1200_12,2022,6,12,False,False,False
31004_20220627_0000_00,2022,6,00,False,False,False
31004_20220627_1200_12,2022,6,12,False,False,False
31004_20220628_0000_00,2022,6,00,False,False,False
31004_20220628_1200_12,2022,6,12,False,False,False
31004_20220629_0000_00,2022,6,00,False,False,False
31004_20220629_1200_12,2022,6,12,False,False,False
31004_20220630_0000_00,2022,6,00,False,False,False
31004_20220701_0000_00,2022,7,00,False,False,False
31004_20220701_1200_12,2022,7,12,False,False,False
31004_20220702_0000_00,2022,7,00,False,False,False
31004_20220702_1200_12,2022,7,12,False,False,False
31004_20220703_0000_00,2022,7,00,False,False,False
31004_20220703_1200_12,2022,7,12,True,False,False
31004_20220704_0000_00,2022,7,00,False,False,True
31004_20220704_1200_12,2022,7,12,False,False,False
31004_20220705_0000_00,2022,7,00,False,False,False
31004_20220705_1200_12,2022,7,12,False,False,False
31004_20220706_0000_00,2022,7,00,False,False,False
31004_20220706_1200_12,2022,7,12,False,False,False
31004_20220707_0000_00,2022,7,00,True,False,False
31004_20220707_1200_12,2022,7,12,False,False,True
31004_20220708_0000_00,2022,7,00,False,False,True
31004_20220708_1200_12,2022,7,12,False,False,False
31004_20220709_0000_00,2022,7,00,True,False,True
31004_20220709_1200_12,2022,7,12,False,False,True
31004_20220710_0000_00,2022,7,00,False,False,False
31004_20220710_1200_12,2022,7,12,False,False,False
31004_20220711_0000_00,2022,7,00,False,False,False
31004_20220711_1200_12,2022,7,12,False,False,False
31004_20220712_0000_00,2022,7,00,False,False,False
31004_20220712_1200_12,2022,7,12,False,False,False
31004_20220713_0000_00,2022,7,00,False,False,False
31004_20220713_1200_12,2022,7,12,False,True,False
31004_20220714_0000_00,2022,7,00,False,False,False
31004_20220714_1200_12,2022,7,12,False,False,False
31004_20220715_0000_00,2022,7,00,False,False,False
31004_20220715_1200_12,2022,7,12,True,False,False
31004_20220716_0000_00,2022,7,00,False,False,True
31004_20220716_1200_12,2022,7,12,False,False,False
31004_20220717_0000_00,2022,7,00,False,False,False
31004_20220717_1200_12,2022,7,12,False,False,False
31004_20220718_0000_00,2022,7,00,False,False,False
31004_20220718_1200_12,2022,7,12,False,False,False
31004_20220719_0000_00,2022,7,00,False,False,False
31004_20220719_1200_12,2022,7,12,False,False,False
31004_20220720_0000_00,2022,7,00,False,False,False
31004_20220720_1200_12,2022,7,12,False,False,False
31004_20220721_0000_00,2022,7,00,False,False,False
31004_20220721_1200_12,2022,7,12,False,False,False
31004_20220722_0000_00,2022,7,00,False,False,True
31004_20220722_1200_12,2022,7,12,False,False,True
31004_20220723_0000_00,2022,7,00,False,False,True
31004_20220723_1200_12,2022,7,12,False,False,False
31004_20220724_0000_00,2022,7,00,False,False,False
31004_20220724_1200_12,2022,7,12,False,False,False
31004_20220725_0000_00,2022,7,00,False,False,False
31004_20220725_1200_12,2022,7,12,True,False,False
31004_20220726_0000_00,2022,7,00,False,False,True
31004_20220726_1200_12,2022,7,12,False,False,False
31004_20220727_0000_00,2022,7,00,False,False,False
31004_20220727_1200_12,2022,7,12,False,False,False
31004_20220728_0000_00,2022,7,00,False,False,False
31004_20220728_1200_12,2022,7,12,True,False,True
31004_20220729_0000_00,2022,7,00,False,False,True
31004_20220729_1200_12,2022,7,12,True,False,True
31004_20220730_0000_00,2022,7,00,False,False,False
31004_20220730_1200_12,2022,7,12,False,False,True
31004_20220731_0000_00,2022,7,00,False,True,False
31004_20220731_1200_12,2022,7,12,True,False,False
31004_20220801_0000_00,2022,8,00,False,False,False
31004_20220801_1200_12,2022,8,12,False,False,False
31004_20220802_0000_00,2022,8,00,False,False,False
31004_20220802_1200_12,2022,8,12,True,False,False
31004_20220803_0000_00,2022,8,00,False,False,False
31004_20220803_1200_12,2022,8,12,True,False,False
31004_20220804_0000_00,2022,8,00,False,False,False
31004_20220804_1200_12,2022,8,12,False,False,False
31004_20220805_0000_00,2022,8,00,False,False,False
31004_20220805_1200_12,2022,8,12,False,False,True
31004_20220806_0000_00,2022,8,00,False,False,False
31004_20220806_1200_12,2022,8,12,False,False,False
31004_20220807_0000_00,2022,8,00,False,False,False
31004_20220807_1200_12,2022,8,12,False,False,False
31004_20220808_0000_00,2022,8,00,False,False,True
31004_20220808_1200_12,2022,8,12,False,False,False
31004_20220809_0000_00,2022,8,00,False,False,True
31004_20220809_1200_12,2022,8,12,False,False,False
31004_20220810_0000_00,2022,8,00,False,False,False
31004_20220810_1200_12,2022,8,12,True,False,False
31004_20220811_0000_00,2022,8,00,False,False,True
31004_20220811_1200_12,2022,8,12,True,False,False
31004_20220812_0000_00,2022,8,00,False,False,False
31004_20220812_1200_12,2022,8,12,False,False,False
31004_20220813_0000_00,2022,8,00,False,False,False
31004_20220813_1200_12,2022,8,12,False,False,False
31004_20220814_0000_00,2022,8,00,False,False,False
31004_20220814_1200_12,2022,8,12,True,False,False
31004_20220815_0000_00,2022,8,00,False,False,False
31004_20220815_1200_12,2022,8,12,True,False,False
31004_20220816_0000_00,2022,8,00,False,False,False
31004_20220816_1200_12,2022,8,12,True,False,False
31004_20220817_0000_00,2022,8,00,False,False,False
31004_20220817_1200_12,2022,8,12,False,False,False
31004_20220818_0000_00,2022,8,00,False,False,False
31004_20220818_1200_12,2022,8,12,False,False,False
31004_20220819_0000_00,2022,8,00,False,False,True
31004_20220819_1200_12,2022,8,12,True,False,False
31004_20220820_0000_00,2022,8,00,False,False,False
31004_20220820_1200_12,2022,8,12,True,False,True
31004_20220821_0000_00,2022,8,00,False,False,False
31004_20220821_1200_12,2022,8,12,True,False,True
31004_20220822_0000_00,2022,8,00,False,False,True
31004_20220822_1200_12,2022,8,12,True,False,False
31004_20220823_0000_00,2022,8,00,False,False,False
31004_20220823_1200_12,2022,8,12,False,False,False
31004_20220824_0000_00,2022,8,00,False,False,False
31004_20220824_1200_12,2022,8,12,False,False,True
31004_20220825_0000_00,2022,8,00,False,False,False
31004_20220825_1200_12,2022,8,12,False,False,True
31004_20220826_0000_00,2022,8,00,False,False,False
31004_20220826_1200_12,2022,8,12,True,False,False
31004_20220827_0000_00,2022,8,00,False,False,False
31004_20220827_1200_12,2022,8,12,False,False,False
31004_20220828_0000_00,2022,8,00,False,False,True
31004_20220828_1200_12,2022,8,12,True,False,False
31004_20220829_0000_00,2022,8,00,True,False,True
31004_20220829_1200_12,2022,8,12,False,False,False
31004_20220830_0000_00,2022,8,00,False,False,False
31004_20220830_1200_12,2022,8,12,True,False,True
31004_20220831_0000_00,2022,8,00,False,False,False
31004_20220831_1200_12,2022,8,12,True,False,False
31004_20220901_0000_00,2022,9,00,False,False,True
31004_20220901_1200_12,2022,9,12,False,False,False
31004_20220902_1200_12,2022,9,12,False,False,False
31004_20220903_0000_00,2022,9,00,False,False,False
31004_20220903_1200_12,2022,9,12,False,False,False
31004_20220904_0000_00,2022,9,00,False,False,False
31004_20220904_1200_12,2022,9,12,False,False,False
31004_20220905_0000_00,2022,9,00,False,False,True
31004_20220905_1200_12,2022,9,12,True,False,False
31004_20220906_0000_00,2022,9,00,False,False,False
31004_20220906_1200_12,2022,9,12,False,False,False
31004_20220907_0000_00,2022,9,00,False,False,False
31004_20220907_1200_12,2022,9,12,True,False,False
31004_20220908_0000_00,2022,9,00,False,False,False
31004_20220908_1200_12,2022,9,12,True,False,False
31004_20220909_0000_00,2022,9,00,True,False,False
31004_20220909_1200_12,2022,9,12,False,False,True
31004_20220910_0000_00,2022,9,00,False,False,True
31004_20220910_1200_12,2022,9,12,True,False,False
31004_20220911_0000_00,2022,9,00,True,False,False
31004_20220911_1200_12,2022,9,12,False,False,False
31004_20220912_0000_00,2022,9,00,False,False,False
31004_20220912_1200_12,2022,9,12,True,False,False
31004_20220913_0000_00,2022,9,00,False,False,False
31004_20220913_1200_12,2022,9,12,False,False,False
31004_20220914_0000_00,2022,9,00,False,False,False
31004_20220914_1200_12,2022,9,12,False,False,False
31004_20220915_0000_00,2022,9,00,False,False,True
31004_20220915_1200_12,2022,9,12,True,False,False
31004_20220916_0000_00,2022,9,00,False,False,False
31004_20220916_1200_12,2022,9,12,False,False,True
31004_20220917_0000_00,2022,9,00,False,False,True
31004_20220917_1200_12,2022,9,12,True,False,True
31004_20220918_0000_00,2022,9,00,False,False,False
31004_20220918_1200_12,2022,9,12,False,False,False
31004_20220919_0000_00,2022,9,00,False,False,False
31004_20220919_1200_12,2022,9,12,True,False,True
31004_20220920_0000_00,2022,9,00,False,False,False
31004_20220921_0000_00,2022,9,00,False,False,False
31004_20220921_1200_12,2022,9,12,False,False,False
31004_20220922_0000_00,2022,9,00,False,False,False
31004_20220922_1200_12,2022,9,12,False,False,False
31004_20220923_0000_00,2022,9,00,True,False,False
31004_20220923_1200_12,2022,9,12,False,False,False
31004_20220924_0000_00,2022,9,00,False,False,False
31004_20220924_1200_12,2022,9,12,False,False,False
31004_20220925_0000_00,2022,9,00,False,False,True
31004_20220925_1200_12,2022,9,12,False,False,False
31004_20220926_0000_00,2022,9,00,False,False,False
31004_20220926_1200_12,2022,9,12,False,False,False
31004_20220927_0000_00,2022,9,00,False,False,False
31004_20220927_1200_12,2022,9,12,False,False,False
31004_20220928_0000_00,2022,9,00,False,False,False
31004_20220928_1200_12,2022,9,12,False,False,False
31004_20220929_0000_00,2022,9,00,False,False,True
31004_20220929_1200_12,2022,9,12,False,False,False
31004_20220930_0000_00,2022,9,00,False,False,True
31004_20220930_1200_12,2022,9,12,False,False,False
31004_20221001_0000_00,2022,10,00,False,False,True
31004_20221001_1200_12,2022,10,12,False,False,False
31004_20221002_0000_00,2022,10,00,False,False,False
31004_20221002_1200_12,2022,10,12,False,False,True
31004_20221003_0000_00,2022,10,00,False,False,False
31004_20221003_1200_12,2022,10,12,False,False,True
31004_20221004_0000_00,2022,10,00,False,False,False
31004_20221004_1200_12,2022,10,12,False,False,False
31004_20221005_0000_00,2022,10,00,False,False,False
31004_20221005_1200_12,2022,10,12,False,False,False
31004_20221006_0000_00,2022,10,00,False,False,False
31004_20221006_1200_12,2022,10,12,False,False,False
31004_20221007_0000_00,2022,10,00,False,False,True
31004_20221007_1200_12,2022,10,12,False,False,False
31004_20221008_0000_00,2022,10,00,False,False,True
31004_20221008_1200_12,2022,10,12,False,False,True
31004_20221009_0000_00,2022,10,00,False,False,True
31004_20221009_1200_12,2022,10,12,False,False,False
31004_20221010_0000_00,2022,10,00,False,False,False
31004_20221010_1200_12,2022,10,12,False,False,False
31004_20221011_0000_00,2022,10,00,False,False,True
31004_20221011_1200_12,2022,10,12,False,False,False
31004_20221012_0000_00,2022,10,00,False,False,False
31004_20221012_1200_12,2022,10,12,False,False,False
31004_20221013_0000_00,2022,10,00,False,False,False
31004_20221013_1200_12,2022,10,12,False,False,False
31004_20221014_0000_00,2022,10,00,True,False,False
31004_20221014_1200_12,2022,10,12,True,False,False
31004_20221015_0000_00,2022,10,00,False,False,False
31004_20221015_1200_12,2022,10,12,False,False,False
31004_20221016_0000_00,2022,10,00,False,False,False
31004_20221016_1200_12,2022,10,12,False,False,False
31004_20221017_0000_00,2022,10,00,False,False,False
31004_20221017_1200_12,2022,10,12,False,False,False
31004_20221018_0000_00,2022,10,00,False,False,True
31004_20221018_1200_12,2022,10,12,False,False,False
31004_20221019_0000_00,2022,10,00,True,False,True
31004_20221019_1200_12,2022,10,12,False,False,False
31004_20221020_0000_00,2022,10,00,False,False,False
31004_20221020_1200_12,2022,10,12,False,False,True
31004_20221021_0000_00,2022,10,00,False,False,True
31004_20221021_1200_12,2022,10,12,False,False,True
31004_20221022_0000_00,2022,10,00,False,False,False
31004_20221022_1200_12,2022,10,12,False,False,True
31004_20221023_0000_00,2022,10,00,False,False,False
31004_20221023_1200_12,2022,10,12,False,False,False
31004_20221024_0000_00,2022,10,00,False,False,True
31004_20221024_1200_12,2022,10,12,False,False,True
31004_20221025_0000_00,2022,10,00,False,False,True
31004_20221025_1200_12,2022,10,12,False,False,False
31004_20221026_0000_00,2022,10,00,False,False,False
31004_20221026_1200_12,2022,10,12,False,False,False
31004_20221027_0000_00,2022,10,00,False,False,False
31004_20221027_1200_12,2022,10,12,False,True,False
31004_20221028_0000_00,2022,10,00,False,False,False
31004_20221028_1200_12,2022,10,12,False,False,False
31004_20221029_0000_00,2022,10,00,False,False,True
31004_20221029_1200_12,2022,10,12,False,True,False
31004_20221030_0000_00,2022,10,00,False,False,False
31004_20221030_1200_12,2022,10,12,False,False,False
31004_20221031_0000_00,2022,10,00,False,False,False
31004_20221031_1200_12,2022,10,12,False,False,True
31004_20221101_0000_00,2022,11,00,False,False,True
31004_20221101_1200_12,2022,11,12,False,False,True
31004_20221102_0000_00,2022,11,00,False,False,True
31004_20221102_1200_12,2022,11,12,False,False,True
31004_20221103_0000_00,2022,11,00,False,False,False
31004_20221103_1200_12,2022,11,12,True,False,False
31004_20221104_0000_00,2022,11,00,True,False,False
31004_20221104_1200_12,2022,11,12,False,False,False
31004_20221105_0000_00,2022,11,00,False,False,False
31004_20221105_1200_12,2022,11,12,False,False,True
31004_20221106_0000_00,2022,11,00,False,False,False
31004_20221106_1200_12,2022,11,12,False,False,False
31004_20221107_0000_00,2022,11,00,False,False,False
31004_20221107_1200_12,2022,11,12,False,False,False
31004_20221108_0000_00,2022,11,00,False,False,True
31004_20221108_1200_12,2022,11,12,False,False,False
31004_20221109_0000_00,2022,11,00,False,False,False
31004_20221109_1200_12,2022,11,12,False,False,False
31004_20221110_0000_00,2022,11,00,False,False,False
31004_20221110_1200_12,2022,11,12,False,False,False
31004_20221111_0000_00,2022,11,00,False,False,False
31004_20221111_1200_12,2022,11,12,False,False,False
31004_20221112_0000_00,2022,11,00,True,False,False
31004_20221112_1200_12,2022,11,12,False,False,False
31004_20221113_0000_00,2022,11,00,False,False,False
31004_20221113_1200_12,2022,11,12,False,False,False
31004_20221114_0000_00,2022,11,00,False,False,False
31004_20221114_1200_12,2022,11,12,False,False,True
31004_20221115_0000_00,2022,11,00,False,False,False
31004_20221115_1200_12,2022,11,12,True,False,False
31004_20221116_0000_00,2022,11,00,False,False,False
31004_20221116_1200_12,2022,11,12,True,False,True
31004_20221117_0000_00,2022,11,00,False,False,True
31004_20221117_1200_12,2022,11,12,True,False,False
31004_20221118_0000_00,2022,11,00,False,False,False
31004_20221118_1200_12,2022,11,12,True,False,False
31004_20221119_0000_00,2022,11,00,False,False,True
31004_20221119_1200_12,2022,11,12,False,False,True
31004_20221120_0000_00,2022,11,00,False,False,True
31004_20221120_1200_12,2022,11,12,False,True,False
31004_20221121_0000_00,2022,11,00,False,False,True
31004_20221121_1200_12,2022,11,12,True,False,False
31004_20221122_0000_00,2022,11,00,True,False,False
31004_20221122_1200_12,2022,11,12,False,True,False
31004_20221123_0000_00,2022,11,00,False,False,False
31004_20221123_1200_12,2022,11,12,False,True,False
31004_20221124_0000_00,2022,11,00,False,False,False
31004_20221124_1200_12,2022,11,12,True,False,False
31004_20221125_0000_00,2022,11,00,False,False,False
31004_20221125_1200_12,2022,11,12,False,False,False
31004_20221126_0000_00,2022,11,00,True,False,False
31004_20221126_1200_12,2022,11,12,False,False,False
31004_20221127_0000_00,2022,11,00,False,False,False
31004_20221127_1200_12,2022,11,12,True,False,False
31004_20221128_0000_00,2022,11,00,False,False,True
31004_20221128_1200_12,2022,11,12,False,False,False
31004_20221129_0000_00,2022,11,00,False,False,True
31004_20221129_1200_12,2022,11,12,True,False,True
31004_20221130_0000_00,2022,11,00,False,False,True
31004_20221130_1200_12,2022,11,12,False,False,False
31004_20221201_0000_00,2022,12,00,False,False,True
31004_20221201_1200_12,2022,12,12,False,False,False
31004_20221202_0000_00,2022,12,00,True,False,True
31004_20221202_1200_12,2022,12,12,False,False,True
31004_20221203_0000_00,2022,12,00,False,False,True
31004_20221203_1200_12,2022,12,12,True,False,True
31004_20221204_0000_00,2022,12,00,False,False,False
31004_20221204_1200_12,2022,12,12,False,False,True
31004_20221205_0000_00,2022,12,00,False,False,False
31004_20221205_1200_12,2022,12,12,False,False,False
31004_20221206_0000_00,2022,12,00,False,False,False
31004_20221206_1200_12,2022,12,12,False,False,True
31004_20221207_0000_00,2022,12,00,False,False,False
31004_20221207_1200_12,2022,12,12,False,False,False
31004_20221208_0000_00,2022,12,00,False,False,False
31004_20221208_1200_12,2022,12,12,False,False,False
31004_20221209_0000_00,2022,12,00,False,False,False
31004_20221209_1200_12,2022,12,12,False,False,True
31004_20221210_0000_00,2022,12,00,False,False,True
31004_20221210_1200_12,2022,12,12,False,False,False
31004_20221211_0000_00,2022,12,00,False,False,True
31004_20221211_1200_12,2022,12,12,False,False,False
31004_20221212_0000_00,2022,12,00,False,False,True
31004_20221212_1200_12,2022,12,12,False,False,True
31004_20221213_0000_00,2022,12,00,False,False,False
31004_20221213_1200_12,2022,12,12,False,False,False
31004_20221214_0000_00,2022,12,00,False,False,True
31004_20221214_1200_12,2022,12,12,False,False,False
31004_20221215_0000_00,2022,12,00,False,False,True
31004_20221215_1200_12,2022,12,12,False,False,False
31004_20221216_0000_00,2022,12,00,False,False,False
31004_20221216_1200_12,2022,12,12,False,False,True
31004_20221217_0000_00,2022,12,00,False,False,False
31004_20221217_1200_12,2022,12,12,False,False,True
31004_20221218_0000_00,2022,12,00,False,False,True
31004_20221218_1200_12,2022,12,12,False,False,True
31004_20221219_0000_00,2022,12,00,False,False,True
31004_20221219_1200_12,2022,12,12,False,True,True
31004_20221220_0000_00,2022,12,00,True,False,True
31004_20221220_1200_12,2022,12,12,True,False,False
31004_20221221_0000_00,2022,12,00,False,False,False
31004_20221221_1200_12,2022,12,12,True,False,False
31004_20221222_0000_00,2022,12,00,False,False,True
31004_20221222_1200_12,2022,12,12,False,False,False
31004_20221223_0000_00,2022,12,00,False,True,False
31004_20221223_1200_12,2022,12,12,False,False,False
31004_20221224_0000_00,2022,12,00,False,False,False
31004_20221224_1200_12,2022,12,12,False,False,True
31004_20221225_0000_00,2022,12,00,True,False,True
31004_20221225_1200_12,2022,12,12,False,False,True
31004_20221226_0000_00,2022,12,00,True,False,False
31004_20221226_1200_12,2022,12,12,True,False,False
31004_20221227_0000_00,2022,12,00,False,False,False
31004_20221227_1200_12,2022,12,12,False,False,False
31004_20221228_0000_00,2022,12,00,False,False,False
31004_20221228_1200_12,2022,12,12,True,False,False
31004_20221229_0000_00,2022,12,00,True,False,True
31004_20221229_1200_12,2022,12,12,True,False,False
31004_20221230_0000_00,2022,12,00,False,False,False
31004_20221230_1200_12,2022,12,12,False,False,True
31004_20221231_0000_00,2022,12,00,False,False,True
31004_20221231_1200_12,2022,12,12,False,False,False
31004_20230101_0000_00,2023,1,00,False,False,True
31004_20230101_1200_12,2023,1,12,False,False,True
31004_20230102_0000_00,2023,1,00,False,False,True
31004_20230102_1200_12,2023,1,12,False,False,True
31004_20230103_0000_00,2023,1,00,False,False,False
31004_20230103_1200_12,2023,1,12,False,False,False
31004_20230104_0000_00,2023,1,00,False,False,False
31004_20230104_1200_12,2023,1,12,False,False,False
31004_20230105_0000_00,2023,1,00,False,False,False
31004_20230105_1200_12,2023,1,12,True,False,False
31004_20230106_0000_00,2023,1,00,False,False,False
31004_20230106_1200_12,2023,1,12,True,False,True
31004_20230107_0000_00,2023,1,00,False,False,True
31004_20230107_1200_12,2023,1,12,False,True,True
31004_20230108_0000_00,2023,1,00,False,False,True
31004_20230108_1200_12,2023,1,12,False,False,False
31004_20230109_0000_00,2023,1,00,False,False,True
31004_20230109_1200_12,2023,1,12,True,False,False
31004_20230110_0000_00,2023,1,00,False,False,False
31004_20230110_1200_12,2023,1,12,True,False,False
31004_20230111_0000_00,2023,1,00,False,False,False
31004_20230111_1200_12,2023,1,12,True,False,False
31004_20230112_0000_00,2023,1,00,True,False,False
31004_20230112_1200_12,2023,1,12,False,False,True
31004_20230113_0000_00,2023,1,00,False,False,False
31004_20230113_1200_12,2023,1,12,False,False,False
31004_20230114_0000_00,2023,1,00,False,False,False
31004_20230114_1200_12,2023,1,12,False,False,False
31004_20230115_0000_00,2023,1,00,True,False,True
31004_20230115_1200_12,2023,1,12,True,False,False
31004_20230116_0000_00,2023,1,00,False,False,True
31004_20230116_1200_12,2023,1,12,False,False,False
31004_20230117_0000_00,2023,1,00,False,False,True
31004_20230117_1200_12,2023,1,12,False,False,True
31004_20230118_0000_00,2023,1,00,False,False,True
31004_20230118_1200_12,2023,1,12,True,False,False
31004_20230119_0000_00,2023,1,00,False,False,False
31004_20230119_1200_12,2023,1,12,False,False,True
31004_20230120_0000_00,2023,1,00,False,False,True
31004_20230120_1200_12,2023,1,12,True,False,False
31004_20230121_0000_00,2023,1,00,True,False,False
31004_20230121_1200_12,2023,1,12,True,False,False
31004_20230122_0000_00,2023,1,00,False,False,True
31004_20230122_1200_12,2023,1,12,False,True,False
31004_20230123_0000_00,2023,1,00,False,False,True
31004_20230123_1200_12,2023,1,12,False,False,True
31004_20230124_0000_00,2023,1,00,True,False,True
31004_20230124_1200_12,2023,1,12,True,False,False
31004_20230125_0000_00,2023,1,00,True,False,False
31004_20230125_1200_12,2023,1,12,False,False,True
31004_20230126_0000_00,2023,1,00,True,False,True
31004_20230126_1200_12,2023,1,12,False,False,False
31004_20230127_0000_00,2023,1,00,False,False,True
31004_20230127_1200_12,2023,1,12,False,False,False
31004_20230128_0000_00,2023,1,00,True,False,False
31004_20230128_1200_12,2023,1,12,False,False,True
31004_20230129_0000_00,2023,1,00,True,False,False
31004_20230129_1200_12,2023,1,12,False,False,False
31004_20230130_0000_00,2023,1,00,False,False,False
31004_20230130_1200_12,2023,1,12,True,False,False
31004_20230131_0000_00,2023,1,00,True,False,False
31004_20230201_0000_00,2023,2,00,False,False,True
31004_20230201_1200_12,2023,2,12,False,False,False
31004_20230202_0000_00,2023,2,00,False,False,True
31004_20230202_1200_12,2023,2,12,False,False,False
31004_20230203_0000_00,2023,2,00,False,False,False
31004_20230203_1200_12,2023,2,12,True,False,True
31004_20230204_0000_00,2023,2,00,False,False,False
31004_20230204_1200_12,2023,2,12,True,False,False
31004_20230205_0000_00,2023,2,00,True,False,True
31004_20230205_1200_12,2023,2,12,False,False,True
31004_20230206_0000_00,2023,2,00,False,False,True
31004_20230206_1200_12,2023,2,12,False,False,False
31004_20230207_0000_00,2023,2,00,True,False,False
31004_20230207_1200_12,2023,2,12,False,False,True
31004_20230208_0000_00,2023,2,00,False,False,False
31004_20230208_1200_12,2023,2,12,False,False,True
31004_20230209_0000_00,2023,2,00,False,False,True
31004_20230209_1200_12,2023,2,12,True,False,False
31004_20230210_0000_00,2023,2,00,False,False,True
31004_20230210_1200_12,2023,2,12,False,False,True
31004_20230211_0000_00,2023,2,00,False,False,False
31004_20230211_1200_12,2023,2,12,False,False,True
31004_20230212_0000_00,2023,2,00,False,False,True
31004_20230212_1200_12,2023,2,12,False,False,False
31004_20230213_0000_00,2023,2,00,False,False,False
31004_20230213_1200_12,2023,2,12,True,False,True
31004_20230214_0000_00,2023,2,00,False,False,True
31004_20230214_1200_12,2023,2,12,False,True,False
31004_20230215_0000_00,2023,2,00,False,False,True
31004_20230215_1200_12,2023,2,12,False,False,True
31004_20230216_0000_00,2023,2,00,True,False,True
31004_20230216_1200_12,2023,2,12,True,False,True
31004_20230217_0000_00,2023,2,00,True,False,False
31004_20230217_1200_12,2023,2,12,False,False,False
31004_20230218_0000_00,2023,2,00,True,False,False
31004_20230218_1200_12,2023,2,12,False,False,False
31004_20230219_0000_00,2023,2,00,False,False,False
31004_20230219_1200_12,2023,2,12,False,False,True
31004_20230220_0000_00,2023,2,00,False,False,False
31004_20230220_1200_12,2023,2,12,False,False,False
31004_20230221_0000_00,2023,2,00,False,False,True
31004_20230221_1200_12,2023,2,12,True,False,False
31004_20230222_0000_00,2023,2,00,True,False,True
31004_20230222_1200_12,2023,2,12,True,False,False
31004_20230223_0000_00,2023,2,00,False,False,False
31004_20230223_1200_12,2023,2,12,False,False,False
31004_20230224_0000_00,2023,2,00,False,False,False
31004_20230224_1200_12,2023,2,12,False,False,False
31004_20230225_0000_00,2023,2,00,False,False,False
31004_20230225_1200_12,2023,2,12,False,False,False
31004_20230226_0000_00,2023,2,00,False,True,True
31004_20230226_1200_12,2023,2,12,False,False,False
31004_20230227_0000_00,2023,2,00,False,False,False
31004_20230227_1200_12,2023,2,12,False,False,False
31004_20230228_0000_00,2023,2,00,False,False,False
31004_20230228_1200_12,2023,2,12,False,False,False
31004_20230301_0000_00,2023,3,00,False,False,False
31004_20230301_1200_12,2023,3,12,False,False,False
31004_20230302_0000_00,2023,3,00,True,False,False
31004_20230302_1200_12,2023,3,12,True,False,False
31004_20230303_0000_00,2023,3,00,True,False,False
31004_20230303_1200_12,2023,3,12,False,False,False
31004_20230304_0000_00,2023,3,00,False,False,False
31004_20230304_1200_12,2023,3,12,False,False,False
31004_20230305_0000_00,2023,3,00,False,False,False
31004_20230305_1200_12,2023,3,12,False,False,False
31004_20230306_0000_00,2023,3,00,False,False,False
31004_20230306_1200_12,2023,3,12,False,False,False
31004_20230307_0000_00,2023,3,00,False,False,False
31004_20230307_1200_12,2023,3,12,False,False,False
31004_20230308_0000_00,2023,3,00,True,False,False
31004_20230308_1200_12,2023,3,12,True,False,False
31004_20230309_0000_00,2023,3,00,True,False,False
31004_20230309_1200_12,2023,3,12,False,False,True
31004_20230310_0000_00,2023,3,00,True,False,False
31004_20230310_1200_12,2023,3,12,False,False,False
31004_20230311_0000_00,2023,3,00,False,False,True
31004_20230311_1200_12,2023,3,12,False,False,False
31004_20230312_0000_00,2023,3,00,False,False,True
31004_20230312_1200_12,2023,3,12,True,False,False
31004_20230313_0000_00,2023,3,00,False,False,True
31004_20230313_1200_12,2023,3,12,True,False,True
31004_20230314_0000_00,2023,3,00,False,False,False
31004_20230314_1200_12,2023,3,12,True,False,True
31004_20230315_0000_00,2023,3,00,False,False,False
31004_20230315_1200_12,2023,3,12,False,False,True
31004_20230316_0000_00,2023,3,00,False,False,False
31004_20230316_1200_12,2023,3,12,False,False,True
31004_20230317_0000_00,2023,3,00,False,False,False
31004_20230317_1200_12,2023,3,12,False,False,False
31004_20230318_0000_00,2023,3,00,False,False,True
31004_20230318_1200_12,2023,3,12,False,False,False
31004_20230319_0000_00,2023,3,00,False,False,False
31004_20230319_1200_12,2023,3,12,True,False,False
31004_20230320_0000_00,2023,3,00,False,False,True
31004_20230320_1200_12,2023,3,12,False,False,True
31004_20230321_0000_00,2023,3,00,False,False,True
31004_20230321_1200_12,2023,3,12,True,False,True
31004_20230322_0000_00,2023,3,00,False,False,False
31004_20230322_1200_12,2023,3,12,False,False,True
31004_20230323_0000_00,2023,3,00,False,False,True
31004_20230323_1200_12,2023,3,12,False,False,False
31004_20230324_0000_00,2023,3,00,False,False,False
31004_20230324_1200_12,2023,3,12,True,False,True
31004_20230325_0000_00,2023,3,00,False,False,False
31004_20230325_1200_12,2023,3,12,True,False,True
31004_20230326_0000_00,2023,3,00,False,False,False
31004_20230326_1200_12,2023,3,12,False,False,True
31004_20230327_0000_00,2023,3,00,False,False,False
31004_20230327_1200_12,2023,3,12,True,False,False
31004_20230328_0000_00,2023,3,00,False,False,False
31004_20230328_1200_12,2023,3,12,False,False,False
31004_20230329_0000_00,2023,3,00,False,False,False
31004_20230329_1200_12,2023,3,12,False,False,True
31004_20230330_0000_00,2023,3,00,False,False,True
31004_20230330_1200_12,2023,3,12,False,False,False
31004_20230331_0000_00,2023,3,00,False,False,False
31004_20230331_1200_12,2023,3,12,False,False,False
31004_20230401_0000_00,2023,4,00,False,False,True
31004_20230401_1200_12,2023,4,12,False,False,True
31004_20230402_0000_00,2023,4,00,False,False,False
31004_20230402_1200_12,2023,4,12,True,False,False
31004_20230403_0000_00,2023,4,00,False,False,True
31004_20230403_1200_12,2023,4,12,False,False,True
31004_20230404_0000_00,2023,4,00,False,False,False
31004_20230404_1200_12,2023,4,12,False,False,False
31004_20230405_0000_00,2023,4,00,False,False,False
31004_20230405_1200_12,2023,4,12,True,False,False
31004_20230406_0000_00,2023,4,00,False,False,False
31004_20230406_1200_12,2023,4,12,False,False,False
31004_20230407_0000_00,2023,4,00,False,False,True
31004_20230407_1200_12,2023,4,12,False,False,False
31004_20230408_0000_00,2023,4,00,False,True,True
31004_20230408_1200_12,2023,4,12,False,False,False
31004_20230409_0000_00,2023,4,00,False,False,False
31004_20230409_1200_12,2023,4,12,False,False,False
31004_20230410_0000_00,2023,4,00,False,False,False
31004_20230410_1200_12,2023,4,12,True,False,True
31004_20230411_0000_00,2023,4,00,False,False,False
31004_20230411_1200_12,2023,4,12,False,False,True
31004_20230412_0000_00,2023,4,00,False,False,True
31004_20230412_1200_12,2023,4,12,False,False,True
31004_20230413_0000_00,2023,4,00,False,False,False
31004_20230413_1200_12,2023,4,12,True,False,False
31004_20230414_0000_00,2023,4,00,False,False,True
31004_20230414_1200_12,2023,4,12,False,False,False
31004_20230415_0000_00,2023,4,00,False,False,False
31004_20230415_1200_12,2023,4,12,True,False,True
31004_20230416_0000_00,2023,4,00,False,False,False
31004_20230416_1200_12,2023,4,12,False,False,False
31004_20230417_0000_00,2023,4,00,False,False,False
31004_20230417_1200_12,2023,4,12,False,False,True
31004_20230418_0000_00,2023,4,00,False,False,False
31004_20230418_1200_12,2023,4,12,False,False,True
31004_20230419_0000_00,2023,4,00,False,False,False
31004_20230419_1200_12,2023,4,12,True,False,True
31004_20230420_0000_00,2023,4,00,False,False,False
31004_20230420_1200_12,2023,4,12,False,False,False
31004_20230421_0000_00,2023,4,00,False,False,False
31004_20230421_1200_12,2023,4,12,False,False,False
31004_20230422_0000_00,2023,4,00,False,False,False
31004_20230422_1200_12,2023,4,12,True,False,False
31004_20230423_0000_00,2023,4,00,False,False,True
31004_20230423_1200_12,2023,4,12,True,False,True
31004_20230424_0000_00,2023,4,00,False,False,False
31004_20230424_1200_12,2023,4,12,False,False,False
31004_20230425_0000_00,2023,4,00,False,False,False
31004_20230425_1200_12,2023,4,12,False,False,False
31004_20230426_0000_00,2023,4,00,False,False,False
31004_20230426_1200_12,2023,4,12,True,False,False
31004_20230427_0000_00,2023,4,00,False,False,False
31004_20230427_1200_12,2023,4,12,False,False,False
31004_20230428_0000_00,2023,4,00,False,False,False
31004_20230428_1200_12,2023,4,12,False,False,False
31004_20230429_0000_00,2023,4,00,False,False,True
31004_20230429_1200_12,2023,4,12,True,False,False
31004_20230430_0000_00,2023,4,00,False,False,False
31004_20230430_1200_12,2023,4,12,False,False,False
31004_20230501_0000_00,2023,5,00,False,False,False
31004_20230501_1200_12,2023,5,12,True,False,False
31004_20230502_0000_00,2023,5,00,False,False,False
31004_20230502_1200_12,2023,5,12,False,False,True
31004_20230503_0000_00,2023,5,00,False,False,False
31004_20230503_1200_12,2023,5,12,False,False,False
31004_20230504_0000_00,2023,5,00,False,False,False
31004_20230504_1200_12,2023,5,12,True,False,False
31004_20230505_0000_00,2023,5,00,False,False,False
31004_20230505_1200_12,2023,5,12,False,False,False
31004_20230506_0000_00,2023,5,00,False,False,False
31004_20230506_1200_12,2023,5,12,False,False,False
31004_20230507_0000_00,2023,5,00,False,False,False
31004_20230507_1200_12,2023,5,12,False,False,False
31004_20230508_0000_00,2023,5,00,False,False,False
31004_20230508_1200_12,2023,5,12,False,False,True
31004_20230509_0000_00,2023,5,00,False,False,False
31004_20230509_1200_12,2023,5,12,False,False,True
31004_20230510_0000_00,2023,5,00,False,False,False
31004_20230510_1200_12,2023,5,12,False,False,True
31004_20230511_0000_00,2023,5,00,False,False,True
31004_20230511_1200_12,2023,5,12,False,False,True
31004_20230512_0000_00,2023,5,00,False,False,True
31004_20230512_1200_12,2023,5,12,False,False,False
31004_20230513_0000_00,2023,5,00,False,False,True
31004_20230513_1200_12,2023,5,12,False,False,False
31004_20230514_0000_00,2023,5,00,False,False,False
31004_20230514_1200_12,2023,5,12,False,False,False
31004_20230515_0000_00,2023,5,00,False,False,False
31004_20230515_1200_12,2023,5,12,False,False,False
31004_20230516_0000_00,2023,5,00,False,False,True
31004_20230516_1200_12,2023,5,12,False,False,True
31004_20230517_0000_00,2023,5,00,False,False,True
31004_20230517_1200_12,2023,5,12,False,False,False
31004_20230518_0000_00,2023,5,00,False,False,False
31004_20230518_1200_12,2023,5,12,True,False,True
31004_20230519_0000_00,2023,5,00,False,False,True
31004_20230519_1200_12,2023,5,12,False,False,False
31004_20230520_0000_00,2023,5,00,False,False,True
31004_20230520_1200_12,2023,5,12,False,False,False
31004_20230521_0000_00,2023,5,00,False,False,True
31004_20230521_1200_12,2023,5,12,False,False,False
31004_20230522_0000_00,2023,5,00,False,False,False
31004_20230522_1200_12,2023,5,12,False,False,True
31004_20230523_0000_00,2023,5,00,False,False,True
31004_20230523_1200_12,2023,5,12,False,False,True
31004_20230524_0000_00,2023,5,00,False,False,True
31004_20230524_1200_12,2023,5,12,False,False,False
31004_20230525_0000_00,2023,5,00,False,False,False
31004_20230525_1200_12,2023,5,12,False,False,False
31004_20230526_0000_00,2023,5,00,False,False,True
31004_20230526_1200_12,2023,5,12,False,False,True
31004_20230527_0000_00,2023,5,00,False,False,True
31004_20230527_1200_12,2023,5,12,False,False,True
31004_20230528_0000_00,2023,5,00,False,False,False
31004_20230528_1200_12,2023,5,12,False,False,False
31004_20230529_0000_00,2023,5,00,False,False,False
31004_20230529_1200_12,2023,5,12,False,False,False
31004_20230530_0000_00,2023,5,00,False,False,False
31004_20230530_1200_12,2023,5,12,False,False,True
31004_20230531_0000_00,2023,5,00,False,False,False
31004_20230531_1200_12,2023,5,12,False,False,False
31004_20230601_0000_00,2023,6,00,False,False,False
31004_20230601_1200_12,2023,6,12,False,False,True
31004_20230602_0000_00,2023,6,00,False,False,False
31004_20230602_1200_12,2023,6,12,False,False,True
31004_20230603_0000_00,2023,6,00,False,False,False
31004_20230603_1200_12,2023,6,12,False,False,True
31004_20230604_0000_00,2023,6,00,False,False,False
31004_20230604_1200_12,2023,6,12,False,False,False
31004_20230605_0000_00,2023,6,00,False,False,False
31004_20230605_1200_12,2023,6,12,False,False,False
31004_20230606_0000_00,2023,6,00,False,False,False
31004_20230606_1200_12,2023,6,12,False,False,False
31004_20230607_0000_00,2023,6,00,False,False,True
31004_20230607_1200_12,2023,6,12,False,False,False
31004_20230608_0000_00,2023,6,00,False,False,False
31004_20230608_1200_12,2023,6,12,False,False,False
31004_20230609_0000_00,2023,6,00,False,False,True
31004_20230609_1200_12,2023,6,12,False,False,False
31004_20230610_0000_00,2023,6,00,False,False,False
31004_20230610_1200_12,2023,6,12,False,False,False
31004_20230611_1200_12,2023,6,12,True,False,False
31004_20230612_0000_00,2023,6,00,False,False,True
31004_20230612_1200_12,2023,6,12,False,False,False
31004_20230613_0000_00,2023,6,00,False,False,False
31004_20230613_1200_12,2023,6,12,False,False,True
31004_20230614_0000_00,2023,6,00,False,False,False
31004_20230614_1200_12,2023,6,12,False,False,True
31004_20230615_0000_00,2023,6,00,False,False,True
31004_20230615_1200_12,2023,6,12,False,False,False
31004_20230616_0000_00,2023,6,00,False,False,False
31004_20230616_1200_12,2023,6,12,False,False,False
31004_20230617_0000_00,2023,6,00,False,False,False
31004_20230617_1200_12,2023,6,12,False,False,False
31004_20230618_0000_00,2023,6,00,False,False,False
31004_20230618_1200_12,2023,6,12,True,False,False
31004_20230619_0000_00,2023,6,00,False,False,True
31004_20230619_1200_12,2023,6,12,False,False,False
31004_20230620_0000_00,2023,6,00,False,False,False
31004_20230620_1200_12,2023,6,12,False,False,True
31004_20230621_0000_00,2023,6,00,False,False,False
31004_20230621_1200_12,2023,6,12,False,False,False
31004_20230622_0000_00,2023,6,00,False,False,True
31004_20230622_1200_12,2023,6,12,False,False,True
31004_20230623_0000_00,2023,6,00,False,False,False
31004_20230623_1200_12,2023,6,12,False,False,True
31004_20230624_0000_00,2023,6,00,False,False,False
31004_20230624_1200_12,2023,6,12,False,False,False
31004_20230625_0000_00,2023,6,00,False,False,False
31004_20230625_1200_12,2023,6,12,True,False,False
31004_20230626_0000_00,2023,6,00,False,False,False
31004_20230626_1200_12,2023,6,12,False,False,True
31004_20230627_0000_00,2023,6,00,False,False,True
31004_20230627_1200_12,2023,6,12,True,False,False
31004_20230628_0000_00,2023,6,00,False,False,False
31004_20230628_1200_12,2023,6,12,False,False,False
31004_20230629_0000_00,2023,6,00,False,False,True
31004_20230629_1200_12,2023,6,12,True,False,False
31004_20230630_0000_00,2023,6,00,False,False,True
31004_20230630_1200_12,2023,6,12,True,False,False
31004_20230701_0000_00,2023,7,00,False,False,False
31004_20230701_1200_12,2023,7,12,True,False,False
31004_20230702_0000_00,2023,7,00,False,False,True
31004_20230702_1200_12,2023,7,12,False,False,False
31004_20230703_0000_00,2023,7,00,False,False,False
31004_20230703_1200_12,2023,7,12,False,False,False
31004_20230704_0000_00,2023,7,00,False,True,False
31004_20230704_1200_12,2023,7,12,True,False,False
31004_20230705_0000_00,2023,7,00,False,False,False
31004_20230705_1200_12,2023,7,12,True,False,True
31004_20230706_0000_00,2023,7,00,False,False,False
31004_20230706_1200_12,2023,7,12,False,False,False
31004_20230707_0000_00,2023,7,00,False,False,False
31004_20230707_1200_12,2023,7,12,True,False,False
31004_20230708_0000_00,2023,7,00,False,False,True
31004_20230708_1200_12,2023,7,12,False,False,True
31004_20230709_0000_00,2023,7,00,False,False,False
31004_20230709_1200_12,2023,7,12,False,False,False
31004_20230710_0000_00,2023,7,00,False,False,False
31004_20230710_1200_12,2023,7,12,False,False,False
31004_20230711_0000_00,2023,7,00,False,False,False
31004_20230711_1200_12,2023,7,12,False,False,False
31004_20230712_0000_00,2023,7,00,False,False,False
31004_20230712_1200_12,2023,7,12,False,False,False
31004_20230713_0000_00,2023,7,00,False,False,True
31004_20230713_1200_12,2023,7,12,False,False,False
31004_20230714_0000_00,2023,7,00,False,False,False
31004_20230714_1200_12,2023,7,12,False,False,True
31004_20230715_0000_00,2023,7,00,False,False,False
31004_20230715_1200_12,2023,7,12,False,False,False
31004_20230716_0000_00,2023,7,00,False,False,False
31004_20230716_1200_12,2023,7,12,False,False,True
31004_20230717_0000_00,2023,7,00,False,False,True
31004_20230717_1200_12,2023,7,12,True,False,False
31004_20230718_0000_00,2023,7,00,False,False,False
31004_20230718_1200_12,2023,7,12,False,False,False
31004_20230719_0000_00,2023,7,00,False,False,True
31004_20230719_1200_12,2023,7,12,False,False,True
31004_20230720_0000_00,2023,7,00,False,False,False
31004_20230720_1200_12,2023,7,12,False,False,True
31004_20230721_0000_00,2023,7,00,False,False,False
31004_20230721_1200_12,2023,7,12,False,False,True
31004_20230722_0000_00,2023,7,00,False,False,False
31004_20230722_1200_12,2023,7,12,False,False,False
31004_20230723_0000_00,2023,7,00,False,False,False
31004_20230723_1200_12,2023,7,12,False,False,False
31004_20230724_0000_00,2023,7,00,False,False,False
31004_20230724_1200_12,2023,7,12,False,False,False
31004_20230725_0000_00,2023,7,00,False,True,False
31004_20230725_1200_12,2023,7,12,False,True,False
31004_20230726_0000_00,2023,7,00,False,False,False
31004_20230726_1200_12,2023,7,12,True,False,False
31004_20230727_0000_00,2023,7,00,False,False,False
31004_20230727_1200_12,2023,7,12,False,False,False
31004_20230728_0000_00,2023,7,00,True,False,False
31004_20230728_1200_12,2023,7,12,True,False,False
31004_20230729_0000_00,2023,7,00,False,False,False
31004_20230729_1200_12,2023,7,12,False,False,False
31004_20230730_0000_00,2023,7,00,False,False,True
31004_20230730_1200_12,2023,7,12,True,False,False
31004_20230731_0000_00,2023,7,00,False,False,False
31004_20230731_1200_12,2023,7,12,False,False,False
31004_20230801_0000_00,2023,8,00,False,False,False
31004_20230801_1200_12,2023,8,12,False,False,True
31004_20230802_0000_00,2023,8,00,False,False,False
31004_20230802_1200_12,2023,8,12,False,False,False
31004_20230803_0000_00,2023,8,00,False,False,False
31004_20230803_1200_12,2023,8,12,False,False,False
31004_20230804_0000_00,2023,8,00,False,False,False
31004_20230804_1200_12,2023,8,12,False,True,False
31004_20230805_0000_00,2023,8,00,False,False,False
31004_20230805_1200_12,2023,8,12,True,False,False
31004_20230806_0000_00,2023,8,00,False,False,True
31004_20230806_1200_12,2023,8,12,True,False,False
31004_20230807_0000_00,2023,8,00,False,False,False
31004_20230807_1200_12,2023,8,12,False,True,False
31004_20230808_0000_00,2023,8,00,False,False,False
31004_20230808_1200_12,2023,8,12,False,False,False
31004_20230809_0000_00,2023,8,00,False,False,False
31004_20230809_1200_12,2023,8,12,True,False,False
31004_20230810_0000_00,2023,8,00,False,False,False
31004_20230810_1200_12,2023,8,12,True,False,False
31004_20230811_0000_00,2023,8,00,False,True,False
31004_20230811_1200_12,2023,8,12,False,False,False
31004_20230812_0000_00,2023,8,00,False,False,False
31004_20230812_1200_12,2023,8,12,False,False,False
31004_20230813_0000_00,2023,8,00,False,False,False
31004_20230813_1200_12,2023,8,12,False,False,False
31004_20230814_0000_00,2023,8,00,False,False,True
31004_20230814_1200_12,2023,8,12,False,False,False
31004_20230815_0000_00,2023,8,00,False,False,False
31004_20230815_1200_12,2023,8,12,False,False,True
31004_20230816_0000_00,2023,8,00,False,False,True
31004_20230816_1200_12,2023,8,12,False,False,False
31004_20230817_0000_00,2023,8,00,False,False,False
31004_20230817_1200_12,2023,8,12,False,False,False
31004_20230818_0000_00,2023,8,00,False,False,False
31004_20230818_1200_12,2023,8,12,True,False,True
31004_20230819_0000_00,2023,8,00,False,False,False
31004_20230819_1200_12,2023,8,12,True,False,False
31004_20230820_0000_00,2023,8,00,False,False,False
31004_20230820_1200_12,2023,8,12,False,False,False
31004_20230821_0000_00,2023,8,00,False,False,True
31004_20230821_1200_12,2023,8,12,False,False,True
31004_20230822_0000_00,2023,8,00,False,False,True
31004_20230822_1200_12,2023,8,12,False,False,False
31004_20230823_0000_00,2023,8,00,False,False,False
31004_20230823_1200_12,2023,8,12,True,False,False
31004_20230824_0000_00,2023,8,00,False,False,True
31004_20230824_1200_12,2023,8,12,False,False,True
31004_20230825_0000_00,2023,8,00,True,False,False
31004_20230825_1200_12,2023,8,12,True,False,True
31004_20230826_0000_00,2023,8,00,False,False,False
31004_20230826_1200_12,2023,8,12,True,False,True
31004_20230827_0000_00,2023,8,00,False,False,False
31004_20230827_1200_12,2023,8,12,True,False,True
31004_20230828_0000_00,2023,8,00,True,False,False
31004_20230828_1200_12,2023,8,12,False,False,False
31004_20230829_0000_00,2023,8,00,False,False,False
31004_20230829_1200_12,2023,8,12,True,False,False
31004_20230830_0000_00,2023,8,00,True,False,False
31004_20230830_1200_12,2023,8,12,False,False,False
31004_20230831_0000_00,2023,8,00,True,False,True
31004_20230831_1200_12,2023,8,12,True,False,False
31004_20230901_0000_00,2023,9,00,False,False,True
31004_20230901_1200_12,2023,9,12,False,False,True
31004_20230902_0000_00,2023,9,00,False,False,True
31004_20230902_1200_12,2023,9,12,False,False,True
31004_20230903_0000_00,2023,9,00,False,False,False
31004_20230903_1200_12,2023,9,12,False,False,False
31004_20230904_0000_00,2023,9,00,True,False,True
31004_20230904_1200_12,2023,9,12,False,False,True
31004_20230905_0000_00,2023,9,00,True,False,False
31004_20230905_1200_12,2023,9,12,False,False,True
31004_20230906_0000_00,2023,9,00,False,False,False
31004_20230906_1200_12,2023,9,12,True,False,True
31004_20230907_0000_00,2023,9,00,False,True,True
31004_20230907_1200_12,2023,9,12,False,False,False
31004_20230908_0000_00,2023,9,00,False,False,True
31004_20230908_1200_12,2023,9,12,False,False,False
31004_20230909_0000_00,2023,9,00,False,False,True
31004_20230909_1200_12,2023,9,12,False,False,False
31004_20230910_0000_00,2023,9,00,False,False,True
31004_20230910_1200_12,2023,9,12,False,False,False
31004_20230911_0000_00,2023,9,00,False,False,True
31004_20230911_1200_12,2023,9,12,False,False,False
31004_20230912_0000_00,2023,9,00,True,False,False
31004_20230912_1200_12,2023,9,12,True,False,False
31004_20230913_0000_00,2023,9,00,False,False,True
31004_20230913_1200_12,2023,9,12,True,False,True
31004_20230914_0000_00,2023,9,00,False,False,False
31004_20230914_1200_12,2023,9,12,False,False,False
31004_20230915_0000_00,2023,9,00,False,False,False
31004_20230915_1200_12,2023,9,12,False,False,False
31004_20230916_0000_00,2023,9,00,False,False,False
31004_20230916_1200_12,2023,9,12,True,False,False
31004_20230917_0000_00,2023,9,00,False,False,True
31004_20230917_1200_12,2023,9,12,True,False,False
31004_20230918_0000_00,2023,9,00,False,False,False
31004_20230918_1200_12,2023,9,12,False,False,True
31004_20230919_0000_00,2023,9,00,False,False,False
31004_20230919_1200_12,2023,9,12,True,False,True
31004_20230920_0000_00,2023,9,00,False,False,False
31004_20230920_1200_12,2023,9,12,False,False,False
31004_20230921_0000_00,2023,9,00,False,False,False
31004_20230921_1200_12,2023,9,12,False,False,True
31004_20230922_0000_00,2023,9,00,False,True,True
31004_20230922_1200_12,2023,9,12,False,False,False
31004_20230923_0000_00,2023,9,00,False,False,False
31004_20230923_1200_12,2023,9,12,False,False,True
31004_20230924_0000_00,2023,9,00,True,False,False
31004_20230924_1200_12,2023,9,12,False,False,False
31004_20230925_0000_00,2023,9,00,False,False,False
31004_20230925_1200_12,2023,9,12,True,False,False
31004_20230926_0000_00,2023,9,00,True,False,False
31004_20230926_1200_12,2023,9,12,False,False,True
31004_20230927_0000_00,2023,9,00,True,False,False
31004_20230927_1200_12,2023,9,12,False,False,False
31004_20230928_0000_00,2023,9,00,False,False,True
31004_20230928_1200_12,2023,9,12,False,False,False
31004_20230929_0000_00,2023,9,00,True,False,False
31004_20230929_1200_12,2023,9,12,False,False,False
31004_20230930_0000_00,2023,9,00,True,False,True
31004_20230930_1200_12,2023,9,12,True,False,False
31004_20231001_0000_00,2023,10,00,False,False,True
31004_20231001_1200_12,2023,10,12,False,False,False
31004_20231002_0000_00,2023,10,00,False,False,False
31004_20231002_1200_12,2023,10,12,False,False,False
31004_20231003_0000_00,2023,10,00,False,False,True
31004_20231003_1200_12,2023,10,12,False,False,True
31004_20231004_0000_00,2023,10,00,False,False,False
31004_20231004_1200_12,2023,10,12,False,False,True
31004_20231005_0000_00,2023,10,00,False,False,True
31004_20231005_1200_12,2023,10,12,False,False,False
31004_20231006_0000_00,2023,10,00,True,False,False
31004_20231006_1200_12,2023,10,12,False,False,False
31004_20231007_0000_00,2023,10,00,False,False,False
31004_20231007_1200_12,2023,10,12,False,False,True
31004_20231008_0000_00,2023,10,00,False,False,True
31004_20231008_1200_12,2023,10,12,False,False,False
31004_20231009_0000_00,2023,10,00,False,False,False
31004_20231009_1200_12,2023,10,12,True,False,False
31004_20231010_0000_00,2023,10,00,False,False,True
31004_20231010_1200_12,2023,10,12,False,False,False
31004_20231011_0000_00,2023,10,00,False,False,True
31004_20231011_1200_12,2023,10,12,False,False,False
31004_20231012_0000_00,2023,10,00,False,False,False
31004_20231012_1200_12,2023,10,12,False,False,False
31004_20231013_0000_00,2023,10,00,False,False,True
31004_20231013_1200_12,2023,10,12,False,False,True
31004_20231014_0000_00,2023,10,00,False,False,True
31004_20231014_1200_12,2023,10,12,False,False,True
31004_20231015_0000_00,2023,10,00,False,False,True
31004_20231015_1200_12,2023,10,12,False,False,True
31004_20231016_0000_00,2023,10,00,True,False,False
31004_20231016_1200_12,2023,10,12,False,False,True
31004_20231017_0000_00,2023,10,00,False,False,True
31004_20231017_1200_12,2023,10,12,False,False,True
31004_20231018_0000_00,2023,10,00,False,False,True
31004_20231018_1200_12,2023,10,12,False,False,False
31004_20231019_0000_00,2023,10,00,False,False,False
31004_20231019_1200_12,2023,10,12,False,False,True
31004_20231020_0000_00,2023,10,00,False,False,True
31004_20231020_1200_12,2023,10,12,False,False,True
31004_20231021_0000_00,2023,10,00,True,False,True
31004_20231021_1200_12,2023,10,12,False,False,True
31004_20231022_0000_00,2023,10,00,False,False,False
31004_20231022_1200_12,2023,10,12,True,False,True
31004_20231023_0000_00,2023,10,00,True,False,True
31004_20231023_1200_12,2023,10,12,False,False,True
31004_20231024_0000_00,2023,10,00,True,False,False
31004_20231024_1200_12,2023,10,12,False,False,True
31004_20231025_0000_00,2023,10,00,False,False,False
31004_20231025_1200_12,2023,10,12,False,False,False
31004_20231026_0000_00,2023,10,00,False,False,True
31004_20231026_1200_12,2023,10,12,True,False,True
31004_20231027_0000_00,2023,10,00,False,False,True
31004_20231027_1200_12,2023,10,12,False,False,True
31004_20231028_0000_00,2023,10,00,False,True,True
31004_20231028_1200_12,2023,10,12,False,False,False
31004_20231029_0000_00,2023,10,00,False,False,True
31004_20231029_1200_12,2023,10,12,False,False,True
31004_20231030_0000_00,2023,10,00,False,False,False
31004_20231030_1200_12,2023,10,12,True,False,True
31004_20231031_0000_00,2023,10,00,True,False,False
31004_20231031_1200_12,2023,10,12,False,False,False
31004_20231101_0000_00,2023,11,00,False,True,False
31004_20231101_1200_12,2023,11,12,False,False,False
31004_20231102_0000_00,2023,11,00,True,False,False
31004_20231102_1200_12,2023,11,12,False,False,True
31004_20231103_0000_00,2023,11,00,True,False,True
31004_20231103_1200_12,2023,11,12,False,False,True
31004_20231104_1200_12,2023,11,12,False,False,True
31004_20231105_0000_00,2023,11,00,False,False,True
31004_20231105_1200_12,2023,11,12,False,False,False
31004_20231106_0000_00,2023,11,00,False,False,False
31004_20231106_1200_12,2023,11,12,False,False,False
31004_20231107_0000_00,2023,11,00,False,False,True
31004_20231107_1200_12,2023,11,12,True,False,False
31004_20231108_0000_00,2023,11,00,True,False,True
31004_20231108_1200_12,2023,11,12,True,False,True
31004_20231109_0000_00,2023,11,00,False,False,True
31004_20231109_1200_12,2023,11,12,False,False,False
31004_20231110_0000_00,2023,11,00,False,False,True
31004_20231110_1200_12,2023,11,12,False,False,True
31004_20231111_0000_00,2023,11,00,False,False,True
31004_20231111_1200_12,2023,11,12,False,False,True
31004_20231112_0000_00,2023,11,00,False,False,True
31004_20231112_1200_12,2023,11,12,False,False,False
31004_20231113_0000_00,2023,11,00,False,False,False
31004_20231113_1200_12,2023,11,12,False,False,False
31004_20231114_0000_00,2023,11,00,False,False,False
31004_20231114_1200_12,2023,11,12,False,False,False
31004_20231115_0000_00,2023,11,00,False,False,True
31004_20231116_0000_00,2023,11,00,False,False,False
31004_20231116_1200_12,2023,11,12,False,False,True
31004_20231117_0000_00,2023,11,00,False,False,True
31004_20231117_1200_12,2023,11,12,False,False,True
31004_20231118_0000_00,2023,11,00,False,False,False
31004_20231118_1200_12,2023,11,12,False,False,False
31004_20231119_0000_00,2023,11,00,False,False,False
31004_20231119_1200_12,2023,11,12,False,False,False
31004_20231120_0000_00,2023,11,00,False,False,True
31004_20231120_1200_12,2023,11,12,False,False,True
31004_20231121_0000_00,2023,11,00,False,False,True
31004_20231121_1200_12,2023,11,12,False,False,False
31004_20231122_0000_00,2023,11,00,False,False,False
31004_20231122_1200_12,2023,11,12,False,False,True
31004_20231123_0000_00,2023,11,00,False,False,True
31004_20231123_1200_12,2023,11,12,False,False,True
31004_20231124_0000_00,2023,11,00,False,False,True
31004_20231124_1200_12,2023,11,12,False,False,True
31004_20231125_0000_00,2023,11,00,False,False,True
31004_20231125_1200_12,2023,11,12,False,False,True
31004_20231126_0000_00,2023,11,00,False,False,True
31004_20231126_1200_12,2023,11,12,False,False,True
31004_20231127_0000_00,2023,11,00,False,False,True
31004_20231127_1200_12,2023,11,12,False,False,False
31004_20231128_0000_00,2023,11,00,False,False,False
31004_20231128_1200_12,2023,11,12,False,False,True
31004_20231129_0000_00,2023,11,00,False,False,True
31004_20231129_1200_12,2023,11,12,False,False,True
31004_20231130_0000_00,2023,11,00,False,False,True
31004_20231130_1200_12,2023,11,12,False,False,False
31004_20231201_0000_00,2023,12,00,False,False,True
31004_20231201_1200_12,2023,12,12,False,False,False
31004_20231202_0000_00,2023,12,00,False,False,False
31004_20231202_1200_12,2023,12,12,False,False,True
31004_20231203_0000_00,2023,12,00,True,False,True
31004_20231203_1200_12,2023,12,12,True,False,True
31004_20231204_0000_00,2023,12,00,False,False,False
31004_20231204_1200_12,2023,12,12,False,False,False
31004_20231205_0000_00,2023,12,00,False,False,True
31004_20231205_1200_12,2023,12,12,False,False,True
31004_20231206_0000_00,2023,12,00,False,False,True
31004_20231206_1200_12,2023,12,12,False,True,False
31004_20231207_0000_00,2023,12,00,False,False,True
31004_20231207_1200_12,2023,12,12,False,True,False
31004_20231208_0000_00,2023,12,00,False,False,True
31004_20231208_1200_12,2023,12,12,False,False,False
31004_20231209_0000_00,2023,12,00,False,False,True
31004_20231209_1200_12,2023,12,12,False,False,True
31004_20231210_0000_00,2023,12,00,False,False,True
31004_20231210_1200_12,2023,12,12,False,False,True
31004_20231211_0000_00,2023,12,00,False,False,True
31004_20231211_1200_12,2023,12,12,False,False,False
31004_20231212_0000_00,2023,12,00,False,False,True
31004_20231212_1200_12,2023,12,12,False,False,True
31004_20231213_0000_00,2023,12,00,False,False,False
31004_20231213_1200_12,2023,12,12,False,False,False
31004_20231214_0000_00,2023,12,00,False,False,True
31004_20231214_1200_12,2023,12,12,False,False,True
31004_20231215_0000_00,2023,12,00,False,False,True
31004_20231215_1200_12,2023,12,12,False,False,True
31004_20231216_0000_00,2023,12,00,False,False,True
31004_20231216_1200_12,2023,12,12,False,False,True
31004_20231217_0000_00,2023,12,00,False,False,True
31004_20231217_1200_12,2023,12,12,True,False,True
31004_20231218_0000_00,2023,12,00,False,False,True
31004_20231218_1200_12,2023,12,12,False,False,False
31004_20231219_0000_00,2023,12,00,False,False,True
31004_20231219_1200_12,2023,12,12,False,False,True
31004_20231220_0000_00,2023,12,00,False,False,True
31004_20231220_1200_12,2023,12,12,False,False,False
31004_20231221_0000_00,2023,12,00,False,False,True
31004_20231221_1200_12,2023,12,12,False,False,True
31004_20231222_0000_00,2023,12,00,False,False,True
31004_20231222_1200_12,2023,12,12,False,False,True
31004_20231223_0000_00,2023,12,00,False,False,True
31004_20231223_1200_12,2023,12,12,False,False,True
31004_20231224_0000_00,2023,12,00,False,False,True
31004_20231224_1200_12,2023,12,12,True,False,False
31004_20231225_0000_00,2023,12,00,False,False,False
31004_20231225_1200_12,2023,12,12,False,False,True
31004_20231226_1200_12,2023,12,12,False,False,False
31004_20231227_0000_00,2023,12,00,False,False,False
31004_20231227_1200_12,2023,12,12,True,False,False
31004_20231228_0000_00,2023,12,00,False,False,False
31004_20231228_1200_12,2023,12,12,False,False,False
31004_20231229_0000_00,2023,12,00,False,True,False
31004_20231229_1200_12,2023,12,12,False,False,True
31004_20231230_0000_00,2023,12,00,False,False,True
31004_20231230_1200_12,2023,12,12,False,False,True
31004_20231231_0000_00,2023,12,00,False,True,False
31004_20231231_1200_12,2023,12,12,False,False,False
31004_20240101_0000_00,2024,1,00,False,True,False
31004_20240101_1200_12,2024,1,12,True,False,True
31004_20240102_0000_00,2024,1,00,False,False,False
31004_20240102_1200_12,2024,1,12,False,False,False
31004_20240103_0000_00,2024,1,00,False,False,True
31004_20240103_1200_12,2024,1,12,True,False,False
31004_20240104_0000_00,2024,1,00,True,False,False
31004_20240104_1200_12,2024,1,12,False,False,True
31004_20240105_0000_00,2024,1,00,False,False,True
31004_20240105_1200_12,2024,1,12,True,False,True
31004_20240106_0000_00,2024,1,00,False,False,True
31004_20240106_1200_12,2024,1,12,False,False,False
31004_20240107_0000_00,2024,1,00,False,False,True
31004_20240107_1200_12,2024,1,12,False,False,True
31004_20240108_0000_00,2024,1,00,True,False,False
31004_20240108_1200_12,2024,1,12,False,False,False
31004_20240109_0000_00,2024,1,00,False,False,False
31004_20240109_1200_12,2024,1,12,False,False,False
31004_20240110_0000_00,2024,1,00,False,False,True
31004_20240110_1200_12,2024,1,12,True,False,True
31004_20240111_0000_00,2024,1,00,True,False,True
31004_20240111_1200_12,2024,1,12,False,False,True
31004_20240112_0000_00,2024,1,00,False,True,False
31004_20240112_1200_12,2024,1,12,False,False,True
31004_20240113_0000_00,2024,1,00,False,True,True
31004_20240113_1200_12,2024,1,12,False,False,True
31004_20240114_0000_00,2024,1,00,True,False,True
31004_20240114_1200_12,2024,1,12,True,False,False
31004_20240115_0000_00,2024,1,00,False,True,True
31004_20240115_1200_12,2024,1,12,True,False,False
31004_20240116_0000_00,2024,1,00,False,False,False
31004_20240116_1200_12,2024,1,12,False,False,False
31004_20240117_1200_12,2024,1,12,True,False,True
31004_20240118_0000_00,2024,1,00,False,False,True
31004_20240118_1200_12,2024,1,12,False,False,True
31004_20240119_0000_00,2024,1,00,False,False,True
31004_20240119_1200_12,2024,1,12,False,False,False
31004_20240120_0000_00,2024,1,00,False,False,True
31004_20240120_1200_12,2024,1,12,False,False,True
31004_20240121_0000_00,2024,1,00,False,False,True
31004_20240121_1200_12,2024,1,12,False,False,True
31004_20240122_0000_00,2024,1,00,False,False,False
31004_20240122_1200_12,2024,1,12,False,False,True
31004_20240123_0000_00,2024,1,00,False,False,True
31004_20240123_1200_12,2024,1,12,False,False,True
31004_20240124_0000_00,2024,1,00,False,False,True
31004_20240124_1200_12,2024,1,12,False,False,True
31004_20240125_0000_00,2024,1,00,False,False,False
31004_20240125_1200_12,2024,1,12,True,False,True
31004_20240126_0000_00,2024,1,00,False,False,False
31004_20240126_1200_12,2024,1,12,False,False,False
31004_20240127_0000_00,2024,1,00,False,False,True
31004_20240127_1200_12,2024,1,12,False,False,True
31004_20240128_0000_00,2024,1,00,True,False,True
31004_20240128_1200_12,2024,1,12,True,False,True
31004_20240129_0000_00,2024,1,00,False,False,True
31004_20240129_1200_12,2024,1,12,False,False,True
31004_20240130_0000_00,2024,1,00,True,False,False
31004_20240130_1200_12,2024,1,12,True,False,True
31004_20240131_0000_00,2024,1,00,False,False,False
31004_20240131_1200_12,2024,1,12,False,False,True
31004_20240201_0000_00,2024,2,00,True,False,False
31004_20240201_1200_12,2024,2,12,False,False,True
31004_20240202_0000_00,2024,2,00,False,False,False
31004_20240202_1200_12,2024,2,12,False,True,False
31004_20240203_0000_00,2024,2,00,False,False,False
31004_20240203_1200_12,2024,2,12,False,False,True
31004_20240204_0000_00,2024,2,00,True,False,True
31004_20240204_1200_12,2024,2,12,False,False,True
31004_20240205_0000_00,2024,2,00,False,False,False
31004_20240205_1200_12,2024,2,12,False,True,False
31004_20240206_0000_00,2024,2,00,False,False,False
31004_20240206_1200_12,2024,2,12,False,False,False
31004_20240207_0000_00,2024,2,00,False,False,True
31004_20240207_1200_12,2024,2,12,False,False,False
31004_20240208_0000_00,2024,2,00,False,False,False
31004_20240208_1200_12,2024,2,12,True,False,True
31004_20240209_0000_00,2024,2,00,False,False,False
31004_20240209_1200_12,2024,2,12,False,False,False
31004_20240210_0000_00,2024,2,00,False,False,False
31004_20240210_1200_12,2024,2,12,True,False,False
31004_20240211_0000_00,2024,2,00,True,False,False
31004_20240211_1200_12,2024,2,12,False,False,False
31004_20240212_0000_00,2024,2,00,False,False,False
31004_20240212_1200_12,2024,2,12,True,False,False
31004_20240213_0000_00,2024,2,00,True,False,False
31004_20240213_1200_12,2024,2,12,False,False,True
31004_20240214_0000_00,2024,2,00,False,False,True
31004_20240214_1200_12,2024,2,12,False,False,True
31004_20240215_0000_00,2024,2,00,False,False,False
31004_20240215_1200_12,2024,2,12,True,False,True
31004_20240216_0000_00,2024,2,00,False,True,True
31004_20240216_1200_12,2024,2,12,False,False,False
31004_20240217_0000_00,2024,2,00,False,False,False
31004_20240217_1200_12,2024,2,12,False,False,False
31004_20240218_0000_00,2024,2,00,False,False,True
31004_20240218_1200_12,2024,2,12,False,False,True
31004_20240219_0000_00,2024,2,00,False,False,False
31004_20240219_1200_12,2024,2,12,False,False,True
31004_20240220_0000_00,2024,2,00,False,False,True
31004_20240220_1200_12,2024,2,12,False,False,True
31004_20240221_0000_00,2024,2,00,False,False,True
31004_20240221_1200_12,2024,2,12,False,False,True
31004_20240222_0000_00,2024,2,00,False,False,True
31004_20240222_1200_12,2024,2,12,True,False,True
31004_20240223_0000_00,2024,2,00,False,False,True
31004_20240223_1200_12,2024,2,12,False,False,False
31004_20240224_0000_00,2024,2,00,False,False,True
31004_20240224_1200_12,2024,2,12,False,False,True
31004_20240225_0000_00,2024,2,00,False,False,True
31004_20240225_1200_12,2024,2,12,True,False,False
31004_20240226_0000_00,2024,2,00,True,False,True
31004_20240226_1200_12,2024,2,12,True,False,True
31004_20240227_0000_00,2024,2,00,False,False,False
31004_20240227_1200_12,2024,2,12,True,False,True
31004_20240228_0000_00,2024,2,00,True,False,False
31004_20240228_1200_12,2024,2,12,False,False,False
31004_20240229_0000_00,2024,2,00,False,False,True
31004_20240229_1200_12,2024,2,12,False,False,True
31004_20240301_0000_00,2024,3,00,False,False,True
31004_20240301_1200_12,2024,3,12,False,False,True
31004_20240302_0000_00,2024,3,00,False,False,True
31004_20240302_1200_12,2024,3,12,False,False,True
31004_20240303_0000_00,2024,3,00,False,False,True
31004_20240303_1200_12,2024,3,12,False,False,True
31004_20240304_0000_00,2024,3,00,False,False,False
31004_20240304_1200_12,2024,3,12,False,False,True
31004_20240305_0000_00,2024,3,00,False,False,False
31004_20240305_1200_12,2024,3,12,False,False,False
31004_20240306_0000_00,2024,3,00,False,False,False
31004_20240306_1200_12,2024,3,12,False,False,False
31004_20240307_0000_00,2024,3,00,False,True,True
31004_20240307_1200_12,2024,3,12,True,False,False
31004_20240308_0000_00,2024,3,00,False,False,False
31004_20240308_1200_12,2024,3,12,False,False,False
31004_20240309_0000_00,2024,3,00,False,False,False
31004_20240309_1200_12,2024,3,12,False,False,False
31004_20240310_0000_00,2024,3,00,False,False,False
31004_20240310_1200_12,2024,3,12,False,False,False
31004_20240311_0000_00,2024,3,00,True,False,False
31004_20240311_1200_12,2024,3,12,True,False,False
31004_20240312_0000_00,2024,3,00,True,False,False
31004_20240312_1200_12,2024,3,12,False,False,False
31004_20240313_0000_00,2024,3,00,True,False,False
31004_20240313_1200_12,2024,3,12,False,False,False
31004_20240314_0000_00,2024,3,00,False,False,False
31004_20240314_1200_12,2024,3,12,True,False,False
31004_20240315_0000_00,2024,3,00,False,False,True
31004_20240315_1200_12,2024,3,12,True,False,False
31004_20240316_0000_00,2024,3,00,False,False,False
31004_20240316_1200_12,2024,3,12,False,False,False
31004_20240317_0000_00,2024,3,00,False,False,False
31004_20240317_1200_12,2024,3,12,True,False,False
31004_20240318_0000_00,2024,3,00,False,False,False
31004_20240318_1200_12,2024,3,12,False,False,False
31004_20240319_0000_00,2024,3,00,False,False,False
31004_20240319_1200_12,2024,3,12,False,False,False
31004_20240320_0000_00,2024,3,00,False,True,False
31004_20240320_1200_12,2024,3,12,False,False,False
31004_20240321_0000_00,2024,3,00,False,False,False
31004_20240321_1200_12,2024,3,12,False,False,False
31004_20240322_0000_00,2024,3,00,False,False,False
31004_20240322_1200_12,2024,3,12,False,False,False
31004_20240323_0000_00,2024,3,00,False,False,True
31004_20240323_1200_12,2024,3,12,False,False,False
31004_20240324_0000_00,2024,3,00,False,False,True
31004_20240324_1200_12,2024,3,12,False,False,True
31004_20240325_0000_00,2024,3,00,True,False,False
31004_20240325_1200_12,2024,3,12,False,False,False
31004_20240326_0000_00,2024,3,00,True,False,False
31004_20240326_1200_12,2024,3,12,False,False,False
31004_20240327_0000_00,2024,3,00,False,False,False
31004_20240327_1200_12,2024,3,12,False,False,False
31004_20240328_0000_00,2024,3,00,False,False,True
31004_20240328_1200_12,2024,3,12,False,False,False
31004_20240329_0000_00,2024,3,00,False,False,True
31004_20240329_1200_12,2024,3,12,False,False,True
31004_20240330_0000_00,2024,3,00,False,False,True
31004_20240330_1200_12,2024,3,12,False,False,True
31004_20240331_0000_00,2024,3,00,False,False,False
31004_20240331_1200_12,2024,3,12,True,False,True
31004_20240401_0000_00,2024,4,00,False,False,True
31004_20240401_1200_12,2024,4,12,True,False,False
31004_20240402_0000_00,2024,4,00,False,False,False
31004_20240402_1200_12,2024,4,12,False,False,False
31004_20240403_0000_00,2024,4,00,False,False,False
31004_20240403_1200_12,2024,4,12,False,False,True
31004_20240404_0000_00,2024,4,00,False,False,True
31004_20240404_1200_12,2024,4,12,False,False,False
31004_20240405_0000_00,2024,4,00,False,False,False
31004_20240405_1200_12,2024,4,12,False,False,True
31004_20240406_0000_00,2024,4,00,False,False,False
31004_20240406_1200_12,2024,4,12,False,False,True
31004_20240407_0000_00,2024,4,00,False,False,True
31004_20240407_1200_12,2024,4,12,False,False,False
31004_20240408_0000_00,2024,4,00,False,False,True
31004_20240408_1200_12,2024,4,12,False,False,False
31004_20240409_0000_00,2024,4,00,False,False,True
31004_20240409_1200_12,2024,4,12,True,False,False
31004_20240410_0000_00,2024,4,00,False,False,False
31004_20240410_1200_12,2024,4,12,True,False,True
31004_20240411_0000_00,2024,4,00,False,False,False
31004_20240411_1200_12,2024,4,12,True,False,False
31004_20240412_0000_00,2024,4,00,False,False,False
31004_20240412_1200_12,2024,4,12,False,False,True
31004_20240413_0000_00,2024,4,00,False,False,True
31004_20240413_1200_12,2024,4,12,True,False,True
31004_20240414_0000_00,2024,4,00,False,False,False
31004_20240414_1200_12,2024,4,12,False,False,True
31004_20240415_0000_00,2024,4,00,True,False,True
31004_20240415_1200_12,2024,4,12,True,False,True
31004_20240416_0000_00,2024,4,00,False,False,True
31004_20240416_1200_12,2024,4,12,False,False,True
31004_20240417_0000_00,2024,4,00,False,False,True
31004_20240417_1200_12,2024,4,12,False,False,False
31004_20240418_0000_00,2024,4,00,False,False,True
31004_20240418_1200_12,2024,4,12,False,False,True
31004_20240419_0000_00,2024,4,00,False,False,True
31004_20240419_1200_12,2024,4,12,False,False,True
31004_20240420_0000_00,2024,4,00,False,False,True
31004_20240420_1200_12,2024,4,12,False,False,False
31004_20240421_0000_00,2024,4,00,False,False,False
31004_20240421_1200_12,2024,4,12,False,False,False
31004_20240422_0000_00,2024,4,00,False,False,True
31004_20240422_1200_12,2024,4,12,True,False,False
31004_20240423_0000_00,2024,4,00,False,False,True
31004_20240423_1200_12,2024,4,12,False,False,True
31004_20240424_0000_00,2024,4,00,False,False,True
31004_20240424_1200_12,2024,4,12,False,False,False
31004_20240425_0000_00,2024,4,00,False,False,True
31004_20240425_1200_12,2024,4,12,False,False,False
31004_20240426_0000_00,2024,4,00,False,False,False
31004_20240426_1200_12,2024,4,12,False,False,True
31004_20240427_0000_00,2024,4,00,False,False,False
31004_20240427_1200_12,2024,4,12,False,False,False
31004_20240428_0000_00,2024,4,00,False,False,True
31004_20240428_1200_12,2024,4,12,False,False,True
31004_20240429_0000_00,2024,4,00,False,False,True
31004_20240429_1200_12,2024,4,12,False,False,False
31004_20240430_0000_00,2024,4,00,False,False,False
31004_20240430_1200_12,2024,4,12,False,False,False
31004_20240501_0000_00,2024,5,00,False,False,True
31004_20240501_1200_12,2024,5,12,False,False,True
31004_20240502_0000_00,2024,5,00,False,False,False
31004_20240502_1200_12,2024,5,12,False,False,False
31004_20240503_0000_00,2024,5,00,False,False,False
31004_20240503_1200_12,2024,5,12,False,False,True
31004_20240504_0000_00,2024,5,00,False,False,False
31004_20240504_1200_12,2024,5,12,False,False,False
31004_20240505_0000_00,2024,5,00,False,False,False
31004_20240505_1200_12,2024,5,12,True,False,False
31004_20240506_0000_00,2024,5,00,False,False,False
31004_20240506_1200_12,2024,5,12,True,False,False
31004_20240507_0000_00,2024,5,00,True,False,False
31004_20240507_1200_12,2024,5,12,False,False,True
31004_20240508_0000_00,2024,5,00,False,False,False
31004_20240508_1200_12,2024,5,12,False,False,False
31004_20240509_0000_00,2024,5,00,False,False,False
31004_20240509_1200_12,2024,5,12,False,False,False
31004_20240510_0000_00,2024,5,00,False,False,True
31004_20240510_1200_12,2024,5,12,False,False,False
31004_20240511_0000_00,2024,5,00,False,False,False
31004_20240511_1200_12,2024,5,12,False,False,False
31004_20240512_0000_00,2024,5,00,False,False,False
31004_20240512_1200_12,2024,5,12,False,False,False
31004_20240513_0000_00,2024,5,00,False,False,True
31004_20240513_1200_12,2024,5,12,False,False,False
31004_20240514_0000_00,2024,5,00,False,False,False
31004_20240514_1200_12,2024,5,12,False,False,True
31004_20240515_0000_00,2024,5,00,False,True,False
31004_20240515_1200_12,2024,5,12,False,False,True
31004_20240516_0000_00,2024,5,00,False,False,False
31004_20240516_1200_12,2024,5,12,False,False,False
31004_20240517_1200_12,2024,5,12,False,False,False
31004_20240518_0000_00,2024,5,00,False,False,False
31004_20240518_1200_12,2024,5,12,False,False,False
31004_20240519_0000_00,2024,5,00,False,False,False
31004_20240519_1200_12,2024,5,12,False,False,True
31004_20240520_0000_00,2024,5,00,False,False,False
31004_20240520_1200_12,2024,5,12,False,False,False
31004_20240521_0000_00,2024,5,00,False,False,True
31004_20240521_1200_12,2024,5,12,False,False,False
31004_20240522_0000_00,2024,5,00,False,False,True
31004_20240522_1200_12,2024,5,12,False,True,True
31004_20240523_0000_00,2024,5,00,False,False,False
31004_20240523_1200_12,2024,5,12,False,False,False
31004_20240524_0000_00,2024,5,00,False,False,False
31004_20240524_1200_12,2024,5,12,False,False,True
31004_20240525_0000_00,2024,5,00,False,False,False
31004_20240525_1200_12,2024,5,12,False,False,False
31004_20240526_0000_00,2024,5,00,False,False,False
31004_20240526_1200_12,2024,5,12,False,False,False
31004_20240527_0000_00,2024,5,00,False,False,False
31004_20240527_1200_12,2024,5,12,False,False,True
31004_20240528_0000_00,2024,5,00,False,False,False
31004_20240528_1200_12,2024,5,12,False,False,False
31004_20240529_0000_00,2024,5,00,False,False,True
31004_20240529_1200_12,2024,5,12,False,False,True
31004_20240530_0000_00,2024,5,00,False,False,False
31004_20240530_1200_12,2024,5,12,False,False,False
31004_20240531_0000_00,2024,5,00,False,False,True
31004_20240531_1200_12,2024,5,12,False,False,True
31004_20240601_0000_00,2024,6,00,False,False,False
31004_20240601_1200_12,2024,6,12,False,False,False
31004_20240602_0000_00,2024,6,00,False,False,False
31004_20240602_1200_12,2024,6,12,False,False,False
31004_20240603_0000_00,2024,6,00,False,False,False
31004_20240603_1200_12,2024,6,12,False,False,False
31004_20240604_0000_00,2024,6,00,False,False,False
31004_20240604_1200_12,2024,6,12,False,False,False
31004_20240605_0000_00,2024,6,00,False,False,False
31004_20240605_1200_12,2024,6,12,False,False,True
31004_20240606_0000_00,2024,6,00,False,False,True
31004_20240606_1200_12,2024,6,12,False,False,False
31004_20240607_0000_00,2024,6,00,False,False,True
31004_20240607_1200_12,2024,6,12,False,False,False
31004_20240608_0000_00,2024,6,00,False,False,False
31004_20240608_1200_12,2024,6,12,False,False,False
31004_20240609_0000_00,2024,6,00,False,False,False
31004_20240609_1200_12,2024,6,12,False,False,False
31004_20240610_0000_00,2024,6,00,False,False,False
31004_20240610_1200_12,2024,6,12,True,False,False
31004_20240611_0000_00,2024,6,00,False,True,False
31004_20240611_1200_12,2024,6,12,False,False,False
31004_20240612_0000_00,2024,6,00,False,False,False
31004_20240612_1200_12,2024,6,12,True,False,False
31004_20240613_0000_00,2024,6,00,False,False,False
31004_20240613_1200_12,2024,6,12,False,True,False
31004_20240614_0000_00,2024,6,00,False,False,False
31004_20240614_1200_12,2024,6,12,True,False,False
31004_20240615_0000_00,2024,6,00,False,False,False
31004_20240615_1200_12,2024,6,12,False,False,False
31004_20240616_0000_00,2024,6,00,False,False,True
31004_20240617_0000_00,2024,6,00,False,False,False
31004_20240617_1200_12,2024,6,12,False,False,True
31004_20240618_0000_00,2024,6,00,False,False,False
31004_20240618_1200_12,2024,6,12,False,False,True
31004_20240619_0000_00,2024,6,00,False,False,False
31004_20240619_1200_12,2024,6,12,False,False,False
31004_20240620_0000_00,2024,6,00,False,False,True
31004_20240620_1200_12,2024,6,12,False,False,False
31004_20240621_0000_00,2024,6,00,False,False,False
31004_20240621_1200_12,2024,6,12,False,False,False
31004_20240622_0000_00,2024,6,00,False,False,True
31004_20240622_1200_12,2024,6,12,True,False,True
31004_20240623_0000_00,2024,6,00,False,False,True
31004_20240623_1200_12,2024,6,12,False,False,False
31004_20240624_0000_00,2024,6,00,False,False,False
31004_20240624_1200_12,2024,6,12,False,False,False
31004_20240625_0000_00,2024,6,00,False,False,False
31004_20240625_1200_12,2024,6,12,False,False,False
31004_20240626_0000_00,2024,6,00,False,False,False
31004_20240626_1200_12,2024,6,12,False,False,False
31004_20240627_0000_00,2024,6,00,False,False,True
31004_20240627_1200_12,2024,6,12,False,False,False
31004_20240628_0000_00,2024,6,00,False,False,False
31004_20240628_1200_12,2024,6,12,False,False,False
31004_20240629_0000_00,2024,6,00,False,False,True
31004_20240629_1200_12,2024,6,12,False,False,False
31004_20240630_0000_00,2024,6,00,False,False,False
31004_20240630_1200_12,2024,6,12,False,False,False
31004_20240701_0000_00,2024,7,00,False,False,False
31004_20240701_1200_12,2024,7,12,False,False,True
31004_20240702_0000_00,2024,7,00,False,False,True
31004_20240702_1200_12,2024,7,12,True,False,False
31004_20240703_0000_00,2024,7,00,False,False,True
31004_20240703_1200_12,2024,7,12,False,False,False
31004_20240704_0000_00,2024,7,00,False,False,True
31004_20240704_1200_12,2024,7,12,False,False,False
31004_20240705_0000_00,2024,7,00,True,False,False
31004_20240705_1200_12,2024,7,12,False,False,False
31004_20240706_0000_00,2024,7,00,False,False,False
31004_20240706_1200_12,2024,7,12,False,False,True
31004_20240707_0000_00,2024,7,00,False,False,True
31004_20240707_1200_12,2024,7,12,False,False,False
31004_20240708_0000_00,2024,7,00,False,False,True
31004_20240708_1200_12,2024,7,12,False,False,False
31004_20240709_0000_00,2024,7,00,False,False,True
31004_20240709_1200_12,2024,7,12,False,False,False
31004_20240710_0000_00,2024,7,00,False,False,False
31004_20240710_1200_12,2024,7,12,False,False,True
31004_20240711_0000_00,2024,7,00,False,False,False
31004_20240711_1200_12,2024,7,12,False,False,False
31004_20240712_0000_00,2024,7,00,False,False,False
31004_20240712_1200_12,2024,7,12,False,False,False
31004_20240713_0000_00,2024,7,00,False,False,False
31004_20240713_1200_12,2024,7,12,False,False,False
31004_20240714_0000_00,2024,7,00,False,False,False
31004_20240714_1200_12,2024,7,12,False,False,False
31004_20240715_0000_00,2024,7,00,False,False,False
31004_20240715_1200_12,2024,7,12,False,False,False
31004_20240716_0000_00,2024,7,00,True,False,True
31004_20240716_1200_12,2024,7,12,False,False,False
31004_20240717_0000_00,2024,7,00,False,False,False
31004_20240717_1200_12,2024,7,12,True,False,False
31004_20240718_0000_00,2024,7,00,False,False,False
31004_20240718_1200_12,2024,7,12,False,False,False
31004_20240719_0000_00,2024,7,00,False,False,False
31004_20240719_1200_12,2024,7,12,False,False,True
31004_20240720_0000_00,2024,7,00,False,False,False
31004_20240720_1200_12,2024,7,12,False,False,True
31004_20240721_0000_00,2024,7,00,False,False,False
31004_20240721_1200_12,2024,7,12,False,False,True
31004_20240722_0000_00,2024,7,00,False,False,False
31004_20240722_1200_12,2024,7,12,True,False,False
31004_20240723_0000_00,2024,7,00,True,False,False
31004_20240723_1200_12,2024,7,12,False,False,False
31004_20240724_0000_00,2024,7,00,False,False,True
31004_20240724_1200_12,2024,7,12,False,False,False
31004_20240725_0000_00,2024,7,00,False,False,False
31004_20240725_1200_12,2024,7,12,False,False,False
31004_20240726_0000_00,2024,7,00,False,False,True
31004_20240726_1200_12,2024,7,12,False,False,False
31004_20240727_0000_00,2024,7,00,False,False,True
31004_20240727_1200_12,2024,7,12,False,False,False
31004_20240728_0000_00,2024,7,00,False,True,False
31004_20240728_1200_12,2024,7,12,True,False,False
31004_20240729_0000_00,2024,7,00,False,False,False
31004_20240729_1200_12,2024,7,12,False,False,True
31004_20240730_0000_00,2024,7,00,False,False,False
31004_20240730_1200_12,2024,7,12,False,False,False
31004_20240731_0000_00,2024,7,00,False,False,True
31004_20240731_1200_12,2024,7,12,False,False,False
31004_20240801_0000_00,2024,8,00,False,False,True
31004_20240801_1200_12,2024,8,12,False,False,True
31004_20240802_0000_00,2024,8,00,False,False,False
31004_20240802_1200_12,2024,8,12,False,False,True
31004_20240803_0000_00,2024,8,00,False,False,False
31004_20240803_1200_12,2024,8,12,False,False,True
31004_20240804_0000_00,2024,8,00,False,True,True
31004_20240804_1200_12,2024,8,12,True,False,False
31004_20240805_0000_00,2024,8,00,False,False,False
31004_20240805_1200_12,2024,8,12,False,False,True
31004_20240806_0000_00,2024,8,00,False,False,False
31004_20240806_1200_12,2024,8,12,True,False,False
31004_20240807_0000_00,2024,8,00,False,False,True
31004_20240807_1200_12,2024,8,12,True,False,False
31004_20240808_0000_00,2024,8,00,False,True,True
31004_20240808_1200_12,2024,8,12,False,False,False
31004_20240809_0000_00,2024,8,00,False,False,False
31004_20240809_1200_12,2024,8,12,False,False,True
31004_20240810_0000_00,2024,8,00,False,False,False
31004_20240810_1200_12,2024,8,12,True,False,False
31004_20240811_0000_00,2024,8,00,False,True,True
31004_20240811_1200_12,2024,8,12,True,False,False
31004_20240812_0000_00,2024,8,00,False,False,True
31004_20240812_1200_12,2024,8,12,True,False,False
31004_20240813_0000_00,2024,8,00,False,False,False
31004_20240813_1200_12,2024,8,12,False,False,False
31004_20240814_0000_00,2024,8,00,False,False,True
31004_20240814_1200_12,2024,8,12,False,False,True
31004_20240815_0000_00,2024,8,00,False,False,False
31004_20240815_1200_12,2024,8,12,False,False,True
31004_20240816_0000_00,2024,8,00,False,False,True
31004_20240816_1200_12,2024,8,12,True,False,False
31004_20240817_0000_00,2024,8,00,False,True,False
31004_20240817_1200_12,2024,8,12,False,False,False
31004_20240818_0000_00,2024,8,00,False,False,False
31004_20240818_1200_12,2024,8,12,False,False,False
31004_20240819_0000_00,2024,8,00,False,False,False
31004_20240819_1200_12,2024,8,12,False,True,False
31004_20240820_0000_00,2024,8,00,False,False,True
31004_20240820_1200_12,2024,8,12,False,False,True
31004_20240821_0000_00,2024,8,00,False,False,True
31004_20240821_1200_12,2024,8,12,False,False,True
31004_20240822_0000_00,2024,8,00,False,False,False
31004_20240822_1200_12,2024,8,12,True,False,False
31004_20240823_0000_00,2024,8,00,False,False,False
31004_20240823_1200_12,2024,8,12,True,False,False
31004_20240824_0000_00,2024,8,00,True,False,False
31004_20240824_1200_12,2024,8,12,False,False,False
31004_20240825_0000_00,2024,8,00,False,False,False
31004_20240825_1200_12,2024,8,12,False,False,True
31004_20240826_0000_00,2024,8,00,False,False,False
31004_20240826_1200_12,2024,8,12,False,False,False
31004_20240827_0000_00,2024,8,00,False,False,False
31004_20240827_1200_12,2024,8,12,False,False,False
31004_20240828_0000_00,2024,8,00,False,False,False
31004_20240828_1200_12,2024,8,12,False,False,False
31004_20240829_0000_00,2024,8,00,False,False,True
31004_20240829_1200_12,2024,8,12,True,False,False
31004_20240830_0000_00,2024,8,00,False,False,True
31004_20240830_1200_12,2024,8,12,False,False,False
31004_20240831_0000_00,2024,8,00,False,False,True
31004_20240831_1200_12,2024,8,12,False,False,False
31004_20240901_0000_00,2024,9,00,False,False,True
31004_20240901_1200_12,2024,9,12,False,False,False
31004_20240902_0000_00,2024,9,00,False,False,True
31004_20240902_1200_12,2024,9,12,True,False,True
31004_20240903_0000_00,2024,9,00,False,False,False
31004_20240903_1200_12,2024,9,12,True,False,True
31004_20240904_0000_00,2024,9,00,False,False,True
31004_20240904_1200_12,2024,9,12,False,False,False
31004_20240905_0000_00,2024,9,00,False,False,False
31004_20240905_1200_12,2024,9,12,True,False,False
31004_20240906_0000_00,2024,9,00,False,False,False
31004_20240906_1200_12,2024,9,12,False,False,False
31004_20240907_0000_00,2024,9,00,False,False,True
31004_20240907_1200_12,2024,9,12,False,False,False
31004_20240908_0000_00,2024,9,00,False,False,True
31004_20240908_1200_12,2024,9,12,True,False,False
31004_20240909_0000_00,2024,9,00,False,False,False
31004_20240909_1200_12,2024,9,12,False,False,False
31004_20240910_0000_00,2024,9,00,False,False,False
31004_20240910_1200_12,2024,9,12,True,False,True
31004_20240911_0000_00,2024,9,00,False,False,False
31004_20240911_1200_12,2024,9,12,False,False,True
31004_20240912_0000_00,2024,9,00,False,False,True
31004_20240912_1200_12,2024,9,12,False,False,False
31004_20240913_0000_00,2024,9,00,False,False,True
31004_20240913_1200_12,2024,9,12,False,False,False
31004_20240914_0000_00,2024,9,00,False,False,False
31004_20240914_1200_12,2024,9,12,False,False,True
31004_20240915_0000_00,2024,9,00,False,False,False
31004_20240915_1200_12,2024,9,12,False,True,False
31004_20240916_0000_00,2024,9,00,False,True,False
31004_20240916_1200_12,2024,9,12,False,False,True
31004_20240917_0000_00,2024,9,00,False,True,True
31004_20240917_1200_12,2024,9,12,False,False,False
31004_20240918_0000_00,2024,9,00,False,False,False
31004_20240918_1200_12,2024,9,12,False,False,False
31004_20240919_0000_00,2024,9,00,False,False,True
31004_20240919_1200_12,2024,9,12,False,False,False
31004_20240920_0000_00,2024,9,00,False,False,False
31004_20240920_1200_12,2024,9,12,False,False,False
31004_20240921_0000_00,2024,9,00,False,False,True
31004_20240921_1200_12,2024,9,12,False,False,False
31004_20240922_0000_00,2024,9,00,False,False,True
31004_20240922_1200_12,2024,9,12,False,True,False
31004_20240923_0000_00,2024,9,00,True,False,True
31004_20240923_1200_12,2024,9,12,False,False,False
31004_20240924_0000_00,2024,9,00,False,False,False
31004_20240924_1200_12,2024,9,12,False,False,False
31004_20240925_0000_00,2024,9,00,False,True,True
31004_20240925_1200_12,2024,9,12,False,False,False
31004_20240926_0000_00,2024,9,00,False,False,False
31004_20240926_1200_12,2024,9,12,False,False,False
31004_20240927_0000_00,2024,9,00,False,False,True
31004_20240927_1200_12,2024,9,12,False,False,True
31004_20240928_0000_00,2024,9,00,False,False,False
31004_20240928_1200_12,2024,9,12,False,False,False
31004_20240929_0000_00,2024,9,00,False,False,False
31004_20240929_1200_12,2024,9,12,False,False,False
31004_20240930_0000_00,2024,9,00,False,False,True
31004_20240930_1200_12,2024,9,12,False,False,True
31004_20241001_0000_00,2024,10,00,False,False,False
31004_20241001_1200_12,2024,10,12,False,False,False
31004_20241002_0000_00,2024,10,00,False,False,False
31004_20241002_1200_12,2024,10,12,True,False,False
31004_20241003_0000_00,2024,10,00,False,False,False
31004_20241003_1200_12,2024,10,12,False,False,True
31004_20241004_0000_00,2024,10,00,False,False,True
31004_20241004_1200_12,2024,10,12,False,False,False
31004_20241005_0000_00,2024,10,00,True,False,True
31004_20241005_1200_12,2024,10,12,False,False,False
31004_20241006_0000_00,2024,10,00,False,False,False
31004_20241006_1200_12,2024,10,12,False,False,False
31004_20241007_0000_00,2024,10,00,False,False,False
31004_20241007_1200_12,2024,10,12,False,False,False
31004_20241008_0000_00,2024,10,00,False,False,True
31004_20241008_1200_12,2024,10,12,True,False,False
31004_20241009_0000_00,2024,10,00,False,True,False
31004_20241009_1200_12,2024,10,12,False,False,False
31004_20241010_0000_00,2024,10,00,False,False,True
31004_20241010_1200_12,2024,10,12,False,False,True
31004_20241011_0000_00,2024,10,00,False,False,False
31004_20241011_1200_12,2024,10,12,False,False,True
31004_20241012_0000_00,2024,10,00,False,False,False
31004_20241012_1200_12,2024,10,12,False,False,True
31004_20241013_0000_00,2024,10,00,False,False,False
31004_20241013_1200_12,2024,10,12,False,False,True
31004_20241014_0000_00,2024,10,00,False,False,True
31004_20241014_1200_12,2024,10,12,False,False,False
31004_20241015_0000_00,2024,10,00,False,False,True
31004_20241015_1200_12,2024,10,12,False,False,False
31004_20241016_0000_00,2024,10,00,False,False,False
31004_20241016_1200_12,2024,10,12,False,False,False
31004_20241017_0000_00,2024,10,00,False,False,False
31004_20241017_1200_12,2024,10,12,False,False,False
31004_20241018_0000_00,2024,10,00,False,False,False
31004_20241018_1200_12,2024,10,12,False,False,True
31004_20241019_0000_00,2024,10,00,False,False,True
31004_20241019_1200_12,2024,10,12,False,False,False
31004_20241020_0000_00,2024,10,00,True,False,False
31004_20241020_1200_12,2024,10,12,False,False,False
31004_20241021_0000_00,2024,10,00,False,False,True
31004_20241021_1200_12,2024,10,12,False,False,False
31004_20241022_0000_00,2024,10,00,False,False,False
31004_20241022_1200_12,2024,10,12,False,False,True
31004_20241023_0000_00,2024,10,00,False,False,False
31004_20241023_1200_12,2024,10,12,False,False,True
31004_20241024_0000_00,2024,10,00,False,False,False
31004_20241024_1200_12,2024,10,12,False,False,False
31004_20241025_0000_00,2024,10,00,False,False,True
31004_20241025_1200_12,2024,10,12,False,False,False
31004_20241026_0000_00,2024,10,00,False,False,True
31004_20241026_1200_12,2024,10,12,True,False,False
31004_20241027_0000_00,2024,10,00,False,False,False
31004_20241027_1200_12,2024,10,12,False,False,True
31004_20241028_0000_00,2024,10,00,False,False,True
31004_20241028_1200_12,2024,10,12,True,False,False
31004_20241029_0000_00,2024,10,00,False,False,False
31004_20241029_1200_12,2024,10,12,False,False,True
31004_20241030_0000_00,2024,10,00,False,False,True
31004_20241030_1200_12,2024,10,12,False,False,False
31004_20241031_0000_00,2024,10,00,True,False,True
31004_20241031_1200_12,2024,10,12,False,False,False
31004_20241101_0000_00,2024,11,00,False,False,True
31004_20241101_1200_12,2024,11,12,False,False,True
31004_20241102_0000_00,2024,11,00,False,False,False
31004_20241102_1200_12,2024,11,12,False,False,False
31004_20241103_0000_00,2024,11,00,False,False,False
31004_20241103_1200_12,2024,11,12,False,False,False
31004_20241104_0000_00,2024,11,00,False,False,True
31004_20241104_1200_12,2024,11,12,False,False,True
31004_20241105_0000_00,2024,11,00,False,False,False
31004_20241105_1200_12,2024,11,12,True,False,False
31004_20241106_0000_00,2024,11,00,True,False,True
31004_20241106_1200_12,2024,11,12,False,False,True
31004_20241107_0000_00,2024,11,00,False,False,True
31004_20241107_1200_12,2024,11,12,False,False,False
31004_20241108_0000_00,2024,11,00,False,False,False
31004_20241108_1200_12,2024,11,12,False,False,True
31004_20241109_0000_00,2024,11,00,False,False,False
31004_20241109_1200_12,2024,11,12,False,False,False
31004_20241110_0000_00,2024,11,00,False,False,False
31004_20241110_1200_12,2024,11,12,False,False,False
31004_20241111_0000_00,2024,11,00,False,False,False
31004_20241111_1200_12,2024,11,12,False,True,False
31004_20241112_0000_00,2024,11,00,False,False,False
31004_20241112_1200_12,2024,11,12,True,False,False
31004_20241113_0000_00,2024,11,00,False,False,True
31004_20241113_1200_12,2024,11,12,False,False,True
31004_20241114_0000_00,2024,11,00,False,False,False
31004_20241114_1200_12,2024,11,12,False,False,False
31004_20241115_0000_00,2024,11,00,False,True,True
31004_20241115_1200_12,2024,11,12,True,False,False
31004_20241116_0000_00,2024,11,00,True,False,False
31004_20241116_1200_12,2024,11,12,False,False,False
31004_20241117_0000_00,2024,11,00,True,False,True
31004_20241117_1200_12,2024,11,12,False,False,True
31004_20241118_0000_00,2024,11,00,False,True,True
31004_20241118_1200_12,2024,11,12,False,True,True
31004_20241119_0000_00,2024,11,00,False,True,False
31004_20241119_1200_12,2024,11,12,False,False,False
31004_20241120_0000_00,2024,11,00,False,False,False
31004_20241120_1200_12,2024,11,12,False,False,False
31004_20241121_0000_00,2024,11,00,True,False,True
31004_20241121_1200_12,2024,11,12,False,False,True
31004_20241122_0000_00,2024,11,00,False,False,False
31004_20241122_1200_12,2024,11,12,False,True,True
31004_20241123_0000_00,2024,11,00,False,False,True
31004_20241123_1200_12,2024,11,12,False,False,True
31004_20241124_0000_00,2024,11,00,False,False,True
31004_20241124_1200_12,2024,11,12,False,False,False
31004_20241125_0000_00,2024,11,00,False,False,False
31004_20241125_1200_12,2024,11,12,False,False,True
31004_20241126_0000_00,2024,11,00,False,False,True
31004_20241126_1200_12,2024,11,12,False,False,False
31004_20241127_0000_00,2024,11,00,True,False,False
31004_20241127_1200_12,2024,11,12,False,False,True
31004_20241128_0000_00,2024,11,00,False,False,False
31004_20241128_1200_12,2024,11,12,False,False,True
31004_20241129_0000_00,2024,11,00,False,True,False
31004_20241129_1200_12,2024,11,12,False,False,True
31004_20241130_0000_00,2024,11,00,False,False,False
31004_20241130_1200_12,2024,11,12,False,False,True
31004_20241201_0000_00,2024,12,00,False,False,True
31004_20241201_1200_12,2024,12,12,False,False,True
31004_20241202_0000_00,2024,12,00,False,False,True
31004_20241202_1200_12,2024,12,12,False,False,True
31004_20241203_0000_00,2024,12,00,False,False,True
31004_20241203_1200_12,2024,12,12,False,False,True
31004_20241204_0000_00,2024,12,00,False,False,True
31004_20241204_1200_12,2024,12,12,False,False,True
31004_20241205_0000_00,2024,12,00,False,False,True
31004_20241205_1200_12,2024,12,12,False,False,True
31004_20241206_0000_00,2024,12,00,False,False,True
31004_20241206_1200_12,2024,12,12,False,False,True
31004_20241207_0000_00,2024,12,00,True,False,True
31004_20241207_1200_12,2024,12,12,False,False,True
31004_20241208_0000_00,2024,12,00,False,False,False
31004_20241208_1200_12,2024,12,12,False,False,False
31004_20241209_0000_00,2024,12,00,False,False,True
31004_20241209_1200_12,2024,12,12,False,False,True
31004_20241210_0000_00,2024,12,00,False,False,False
31004_20241210_1200_12,2024,12,12,False,False,True
31004_20241211_0000_00,2024,12,00,False,False,True
31004_20241211_1200_12,2024,12,12,False,False,True
31004_20241212_0000_00,2024,12,00,False,False,True
31004_20241212_1200_12,2024,12,12,False,False,False
31004_20241213_0000_00,2024,12,00,False,False,True
31004_20241213_1200_12,2024,12,12,True,False,False
31004_20241214_0000_00,2024,12,00,False,False,False
31004_20241214_1200_12,2024,12,12,False,False,False
31004_20241215_0000_00,2024,12,00,False,False,True
31004_20241215_1200_12,2024,12,12,False,False,False
31004_20241216_0000_00,2024,12,00,False,False,True
31004_20241216_1200_12,2024,12,12,False,False,True
31004_20241217_0000_00,2024,12,00,False,False,True
31004_20241217_1200_12,2024,12,12,False,False,True
31004_20241218_0000_00,2024,12,00,False,False,True
31004_20241218_1200_12,2024,12,12,False,False,False
31004_20241219_0000_00,2024,12,00,False,False,False
31004_20241219_1200_12,2024,12,12,False,False,True
31004_20241220_0000_00,2024,12,00,False,False,True
31004_20241220_1200_12,2024,12,12,False,False,True
31004_20241221_0000_00,2024,12,00,False,False,True
31004_20241221_1200_12,2024,12,12,True,False,True
31004_20241222_0000_00,2024,12,00,True,False,True
31004_20241222_1200_12,2024,12,12,False,False,True
31004_20241223_0000_00,2024,12,00,False,False,True
31004_20241223_1200_12,2024,12,12,False,False,False
31004_20241224_0000_00,2024,12,00,False,False,True
31004_20241224_1200_12,2024,12,12,False,False,True
31004_20241225_0000_00,2024,12,00,False,False,True
31004_20241225_1200_12,2024,12,12,False,False,True
31004_20241226_0000_00,2024,12,00,False,False,True
31004_20241226_1200_12,2024,12,12,False,False,True
31004_20241227_0000_00,2024,12,00,False,True,True
31004_20241227_1200_12,2024,12,12,True,False,True
31004_20241228_0000_00,2024,12,00,False,False,False
31004_20241228_1200_12,2024,12,12,False,False,False
31004_20241229_0000_00,2024,12,00,True,False,False
31004_20241229_1200_12,2024,12,12,False,False,True
31004_20241230_0000_00,2024,12,00,False,False,True
31004_20241230_1200_12,2024,12,12,True,False,False
31004_20241231_0000_00,2024,12,00,False,False,False
31004_20241231_1200_12,2024,12,12,False,False,True
31004_20250101_0000_00,2025,1,00,True,False,True
31004_20250101_1200_12,2025,1,12,True,False,True
31004_20250102_0000_00,2025,1,00,False,False,True
31004_20250102_1200_12,2025,1,12,False,False,False
31004_20250103_0000_00,2025,1,00,True,False,False
31004_20250103_1200_12,2025,1,12,True,False,False
31004_20250104_0000_00,2025,1,00,False,False,False
31004_20250104_1200_12,2025,1,12,False,False,True
31004_20250105_0000_00,2025,1,00,False,False,True
31004_20250105_1200_12,2025,1,12,False,False,True
31004_20250106_0000_00,2025,1,00,False,False,False
31004_20250106_1200_12,2025,1,12,False,False,True
31004_20250107_0000_00,2025,1,00,False,False,True
31004_20250107_1200_12,2025,1,12,False,False,True
31004_20250108_0000_00,2025,1,00,False,False,True
31004_20250108_1200_12,2025,1,12,False,True,False
31004_20250109_0000_00,2025,1,00,False,False,False
31004_20250109_1200_12,2025,1,12,True,False,True
31004_20250110_0000_00,2025,1,00,False,False,True
31004_20250110_1200_12,2025,1,12,True,False,False
31004_20250111_0000_00,2025,1,00,False,False,False
31004_20250111_1200_12,2025,1,12,False,False,False
31004_20250112_0000_00,2025,1,00,False,False,True
31004_20250112_1200_12,2025,1,12,False,True,False
31004_20250113_0000_00,2025,1,00,True,False,False
31004_20250113_1200_12,2025,1,12,True,False,True
31004_20250114_0000_00,2025,1,00,False,False,True
31004_20250114_1200_12,2025,1,12,False,True,True
31004_20250115_0000_00,2025,1,00,False,True,True
31004_20250115_1200_12,2025,1,12,False,False,False
31004_20250116_0000_00,2025,1,00,True,False,False
31004_20250116_1200_12,2025,1,12,False,True,True
31004_20250117_0000_00,2025,1,00,False,False,True
31004_20250117_1200_12,2025,1,12,False,False,True
31004_20250118_0000_00,2025,1,00,False,False,False
31004_20250118_1200_12,2025,1,12,False,False,True
31004_20250119_0000_00,2025,1,00,True,False,False
31004_20250119_1200_12,2025,1,12,True,False,False
31004_20250120_0000_00,2025,1,00,False,False,True
31004_20250120_1200_12,2025,1,12,True,False,True
31004_20250121_0000_00,2025,1,00,False,True,True
31004_20250121_1200_12,2025,1,12,False,False,True
31004_20250122_0000_00,2025,1,00,False,True,True
31004_20250122_1200_12,2025,1,12,False,False,True
31004_20250123_0000_00,2025,1,00,False,False,True
31004_20250123_1200_12,2025,1,12,False,False,False
31004_20250124_0000_00,2025,1,00,False,False,True
31004_20250124_1200_12,2025,1,12,False,False,True
31004_20250125_0000_00,2025,1,00,True,False,False
31004_20250125_1200_12,2025,1,12,True,False,True
31004_20250126_0000_00,2025,1,00,False,False,False
31004_20250126_1200_12,2025,1,12,False,False,True
31004_20250127_0000_00,2025,1,00,True,False,False
31004_20250127_1200_12,2025,1,12,False,False,False
31004_20250128_0000_00,2025,1,00,False,True,True
31004_20250128_1200_12,2025,1,12,False,False,True
31004_20250129_0000_00,2025,1,00,False,False,False
31004_20250129_1200_12,2025,1,12,False,False,False
31004_20250130_0000_00,2025,1,00,False,False,False
31004_20250130_1200_12,2025,1,12,False,False,False
31004_20250131_0000_00,2025,1,00,False,False,True
31004_20250131_1200_12,2025,1,12,False,True,False
31004_20250201_0000_00,2025,2,00,False,False,False
31004_20250201_1200_12,2025,2,12,False,False,True
31004_20250202_0000_00,2025,2,00,False,False,True
31004_20250202_1200_12,2025,2,12,False,False,False
31004_20250203_0000_00,2025,2,00,False,False,False
31004_20250203_1200_12,2025,2,12,False,False,True
31004_20250204_0000_00,2025,2,00,False,False,False
31004_20250204_1200_12,2025,2,12,True,False,False
31004_20250205_0000_00,2025,2,00,False,False,False
31004_20250205_1200_12,2025,2,12,False,False,False
31004_20250206_0000_00,2025,2,00,False,False,False
31004_20250206_1200_12,2025,2,12,False,True,False
31004_20250207_0000_00,2025,2,00,False,True,False
31004_20250207_1200_12,2025,2,12,False,False,True
31004_20250208_0000_00,2025,2,00,False,False,False
31004_20250208_1200_12,2025,2,12,False,False,True
31004_20250209_0000_00,2025,2,00,False,False,True
31004_20250209_1200_12,2025,2,12,False,False,False
31004_20250210_0000_00,2025,2,00,True,False,True
31004_20250210_1200_12,2025,2,12,False,False,True
31004_20250211_0000_00,2025,2,00,False,False,True
31004_20250211_1200_12,2025,2,12,True,False,False
31004_20250212_0000_00,2025,2,00,True,False,True
31004_20250212_1200_12,2025,2,12,True,False,False
31004_20250213_0000_00,2025,2,00,False,False,True
31004_20250213_1200_12,2025,2,12,True,False,True
31004_20250214_0000_00,2025,2,00,False,False,True
31004_20250214_1200_12,2025,2,12,True,False,True
31004_20250215_0000_00,2025,2,00,True,False,False
31004_20250215_1200_12,2025,2,12,False,False,True
31004_20250216_0000_00,2025,2,00,True,False,False
31004_20250216_1200_12,2025,2,12,False,False,True
31004_20250217_0000_00,2025,2,00,False,False,True
31004_20250217_1200_12,2025,2,12,True,False,True
31004_20250218_0000_00,2025,2,00,False,False,True
31004_20250218_1200_12,2025,2,12,False,False,True
31004_20250219_0000_00,2025,2,00,False,False,True
31004_20250219_1200_12,2025,2,12,False,False,False
31004_20250220_0000_00,2025,2,00,True,False,True
31004_20250220_1200_12,2025,2,12,True,False,False
31004_20250221_0000_00,2025,2,00,True,False,True
31004_20250221_1200_12,2025,2,12,False,False,True
31004_20250222_0000_00,2025,2,00,False,False,False
31004_20250222_1200_12,2025,2,12,False,False,False
31004_20250223_0000_00,2025,2,00,False,False,False
31004_20250223_1200_12,2025,2,12,False,False,False
31004_20250224_0000_00,2025,2,00,False,False,False
31004_20250224_1200_12,2025,2,12,True,False,False
31004_20250225_0000_00,2025,2,00,True,False,False
31004_20250225_1200_12,2025,2,12,False,False,True
31004_20250226_0000_00,2025,2,00,False,False,False
31004_20250226_1200_12,2025,2,12,False,False,True
31004_20250227_0000_00,2025,2,00,False,False,True
31004_20250227_1200_12,2025,2,12,False,False,True
31004_20250228_0000_00,2025,2,00,False,False,True
31004_20250228_1200_12,2025,2,12,False,False,False
31004_20250301_0000_00,2025,3,00,False,False,True
31004_20250301_1200_12,2025,3,12,False,False,True
31004_20250302_0000_00,2025,3,00,False,False,False
31004_20250302_1200_12,2025,3,12,False,False,False
31004_20250303_0000_00,2025,3,00,True,False,True
31004_20250303_1200_12,2025,3,12,False,False,False
31004_20250304_0000_00,2025,3,00,False,False,False
31004_20250304_1200_12,2025,3,12,True,False,True
31004_20250305_0000_00,2025,3,00,True,False,True
31004_20250305_1200_12,2025,3,12,True,False,True
31004_20250306_0000_00,2025,3,00,False,False,False
31004_20250306_1200_12,2025,3,12,False,False,False
31004_20250307_0000_00,2025,3,00,False,True,False
31004_20250307_1200_12,2025,3,12,False,False,False
31004_20250308_0000_00,2025,3,00,True,False,True
31004_20250308_1200_12,2025,3,12,False,False,False
31004_20250309_0000_00,2025,3,00,False,False,False
31004_20250309_1200_12,2025,3,12,True,False,False
31004_20250310_0000_00,2025,3,00,False,False,False
31004_20250310_1200_12,2025,3,12,False,False,True
31004_20250311_0000_00,2025,3,00,False,False,True
31004_20250311_1200_12,2025,3,12,False,False,False
31004_20250312_0000_00,2025,3,00,False,False,True
31004_20250312_1200_12,2025,3,12,False,False,False
31004_20250313_0000_00,2025,3,00,True,False,False
31004_20250313_1200_12,2025,3,12,False,False,False
31004_20250314_0000_00,2025,3,00,False,False,False
31004_20250314_1200_12,2025,3,12,True,False,True
31004_20250315_0000_00,2025,3,00,False,True,True
31004_20250315_1200_12,2025,3,12,False,False,True
31004_20250316_0000_00,2025,3,00,False,False,True
31004_20250316_1200_12,2025,3,12,False,False,False
31004_20250317_0000_00,2025,3,00,False,False,False
31004_20250317_1200_12,2025,3,12,False,False,True
31004_20250318_0000_00,2025,3,00,False,False,False
31004_20250318_1200_12,2025,3,12,False,False,True
31004_20250319_0000_00,2025,3,00,False,False,True
31004_20250319_1200_12,2025,3,12,False,False,True
31004_20250320_0000_00,2025,3,00,False,False,False
31004_20250320_1200_12,2025,3,12,False,False,False
31004_20250321_0000_00,2025,3,00,False,False,False
31004_20250321_1200_12,2025,3,12,True,False,False
31004_20250322_0000_00,2025,3,00,True,False,False
31004_20250322_1200_12,2025,3,12,True,False,True
31004_20250323_0000_00,2025,3,00,False,False,True
31004_20250323_1200_12,2025,3,12,True,False,False
31004_20250324_0000_00,2025,3,00,False,False,False
31004_20250324_1200_12,2025,3,12,True,False,False
31004_20250325_0000_00,2025,3,00,True,False,False
31004_20250325_1200_12,2025,3,12,True,False,False
31004_20250326_0000_00,2025,3,00,True,False,False
31004_20250327_0000_00,2025,3,00,False,True,False
31004_20250327_1200_12,2025,3,12,False,False,True
31004_20250328_0000_00,2025,3,00,False,True,False
31004_20250328_1200_12,2025,3,12,False,False,True
31004_20250329_0000_00,2025,3,00,False,False,True
31004_20250329_1200_12,2025,3,12,True,False,False
31004_20250330_0000_00,2025,3,00,False,False,True
31004_20250330_1200_12,2025,3,12,True,False,False
31004_20250331_0000_00,2025,3,00,False,True,False
31004_20250331_1200_12,2025,3,12,False,False,False
31004_20250401_0000_00,2025,4,00,False,False,False
31004_20250401_1200_12,2025,4,12,False,False,False
31004_20250402_0000_00,2025,4,00,False,False,False
31004_20250402_1200_12,2025,4,12,False,False,False
31004_20250403_0000_00,2025,4,00,False,False,False
31004_20250403_1200_12,2025,4,12,False,False,True
31004_20250404_0000_00,2025,4,00,False,False,True
31004_20250404_1200_12,2025,4,12,True,False,False
31004_20250405_0000_00,2025,4,00,True,False,False
31004_20250405_1200_12,2025,4,12,False,False,False
31004_20250406_0000_00,2025,4,00,False,False,True
31004_20250406_1200_12,2025,4,12,False,False,False
31004_20250407_1200_12,2025,4,12,True,False,True
31004_20250408_0000_00,2025,4,00,False,False,False
31004_20250408_1200_12,2025,4,12,True,False,False
31004_20250409_0000_00,2025,4,00,False,False,True
31004_20250409_1200_12,2025,4,12,False,False,False
31004_20250410_0000_00,2025,4,00,False,False,True
31004_20250410_1200_12,2025,4,12,False,False,True
31004_20250411_0000_00,2025,4,00,False,False,True
31004_20250411_1200_12,2025,4,12,False,False,True
31004_20250412_0000_00,2025,4,00,False,False,True
31004_20250412_1200_12,2025,4,12,True,False,False
31004_20250413_0000_00,2025,4,00,True,False,True
31004_20250413_1200_12,2025,4,12,False,False,True
31004_20250414_0000_00,2025,4,00,False,False,False
31004_20250414_1200_12,2025,4,12,False,False,False
31004_20250415_0000_00,2025,4,00,False,False,True
31004_20250415_1200_12,2025,4,12,True,False,False
31004_20250416_0000_00,2025,4,00,False,True,False
31004_20250416_1200_12,2025,4,12,False,False,True
31004_20250417_0000_00,2025,4,00,False,False,False
31004_20250417_1200_12,2025,4,12,True,False,False
31004_20250418_0000_00,2025,4,00,True,False,True
31004_20250418_1200_12,2025,4,12,False,False,True
31004_20250419_0000_00,2025,4,00,True,False,True
31004_20250419_1200_12,2025,4,12,False,False,False
31004_20250420_0000_00,2025,4,00,False,False,True
31004_20250420_1200_12,2025,4,12,False,False,False
31004_20250421_0000_00,2025,4,00,False,False,False
31004_20250421_1200_12,2025,4,12,False,False,False
31004_20250422_0000_00,2025,4,00,False,False,False
31004_20250422_1200_12,2025,4,12,False,False,True
31004_20250423_0000_00,2025,4,00,False,False,False
31004_20250423_1200_12,2025,4,12,False,False,False
31004_20250424_0000_00,2025,4,00,False,False,True
31004_20250424_1200_12,2025,4,12,False,False,True
31004_20250425_0000_00,2025,4,00,False,False,True
31004_20250425_1200_12,2025,4,12,True,False,True
31004_20250426_0000_00,2025,4,00,False,False,True
31004_20250426_1200_12,2025,4,12,False,False,True
31004_20250427_0000_00,2025,4,00,False,False,True
31004_20250427_1200_12,2025,4,12,False,False,True
31004_20250428_0000_00,2025,4,00,True,False,True
31004_20250428_1200_12,2025,4,12,True,False,True
31004_20250429_0000_00,2025,4,00,True,False,False
31004_20250429_1200_12,2025,4,12,False,False,False
31004_20250430_0000_00,2025,4,00,False,False,True
31004_20250430_1200_12,2025,4,12,True,False,False
31004_20250501_0000_00,2025,5,00,False,False,False
31004_20250501_1200_12,2025,5,12,False,False,True
31004_20250502_0000_00,2025,5,00,False,False,True
31004_20250502_1200_12,2025,5,12,False,False,False
31004_20250503_0000_00,2025,5,00,False,False,True
31004_20250503_1200_12,2025,5,12,False,False,False
31004_20250504_0000_00,2025,5,00,False,False,False
31004_20250504_1200_12,2025,5,12,False,False,False
31004_20250505_0000_00,2025,5,00,False,False,True
31004_20250505_1200_12,2025,5,12,True,False,False
31004_20250506_0000_00,2025,5,00,False,False,False
31004_20250506_1200_12,2025,5,12,True,False,False
31004_20250507_0000_00,2025,5,00,False,False,False
31004_20250507_1200_12,2025,5,12,False,False,False
31004_20250508_0000_00,2025,5,00,False,False,False
31004_20250508_1200_12,2025,5,12,False,False,False
31004_20250509_0000_00,2025,5,00,False,False,False
31004_20250509_1200_12,2025,5,12,False,False,False
31004_20250510_0000_00,2025,5,00,False,False,True
31004_20250510_1200_12,2025,5,12,False,False,False
31004_20250511_0000_00,2025,5,00,False,False,False
31004_20250511_1200_12,2025,5,12,True,False,False
31004_20250512_0000_00,2025,5,00,False,False,False
31004_20250512_1200_12,2025,5,12,False,False,True
31004_20250513_1200_12,2025,5,12,False,False,False
31004_20250514_0000_00,2025,5,00,False,False,True
31004_20250514_1200_12,2025,5,12,False,False,False
31004_20250515_0000_00,2025,5,00,False,False,False
31004_20250515_1200_12,2025,5,12,False,False,False
31004_20250516_0000_00,2025,5,00,False,False,True
31004_20250516_1200_12,2025,5,12,False,False,False
31004_20250517_0000_00,2025,5,00,False,False,False
31004_20250517_1200_12,2025,5,12,False,False,False
31004_20250518_0000_00,2025,5,00,False,False,False
31004_20250518_1200_12,2025,5,12,False,False,True
31004_20250519_0000_00,2025,5,00,False,False,True
31004_20250519_1200_12,2025,5,12,False,False,True
31004_20250520_0000_00,2025,5,00,False,False,True
31004_20250520_1200_12,2025,5,12,False,False,False
31004_20250521_0000_00,2025,5,00,False,False,True
31004_20250521_1200_12,2025,5,12,False,False,True
31004_20250522_0000_00,2025,5,00,False,False,False
31004_20250522_1200_12,2025,5,12,False,False,False
31004_20250523_0000_00,2025,5,00,False,False,True
31004_20250523_1200_12,2025,5,12,False,False,True
31004_20250524_0000_00,2025,5,00,False,False,True
31004_20250524_1200_12,2025,5,12,False,False,False
31004_20250525_0000_00,2025,5,00,False,False,True
31004_20250525_1200_12,2025,5,12,False,False,False
31004_20250526_0000_00,2025,5,00,False,False,False
31004_20250526_1200_12,2025,5,12,False,False,True
31004_20250527_0000_00,2025,5,00,False,False,True
31004_20250527_1200_12,2025,5,12,True,False,False
31004_20250528_0000_00,2025,5,00,True,False,False
31004_20250528_1200_12,2025,5,12,False,True,False
31004_20250529_0000_00,2025,5,00,False,False,False
31004_20250529_1200_12,2025,5,12,False,False,True
31004_20250530_0000_00,2025,5,00,False,False,False
31004_20250530_1200_12,2025,5,12,False,False,True
31004_20250531_0000_00,2025,5,00,False,True,True
31004_20250531_1200_12,2025,5,12,False,False,True
31004_20250601_0000_00,2025,6,00,False,False,False
31004_20250601_1200_12,2025,6,12,False,False,False
31004_20250602_0000_00,2025,6,00,False,False,True
31004_20250602_1200_12,2025,6,12,False,False,False
31004_20250603_0000_00,2025,6,00,False,False,False
31004_20250603_1200_12,2025,6,12,False,False,False
31004_20250604_0000_00,2025,6,00,False,False,False
31004_20250604_1200_12,2025,6,12,False,False,True
31004_20250605_0000_00,2025,6,00,False,False,True
31004_20250605_1200_12,2025,6,12,False,False,False
31004_20250606_0000_00,2025,6,00,False,False,False
31004_20250606_1200_12,2025,6,12,False,False,False
31004_20250607_0000_00,2025,6,00,False,False,False
31004_20250607_1200_12,2025,6,12,False,False,False
31004_20250608_0000_00,2025,6,00,False,False,True
31004_20250608_1200_12,2025,6,12,True,False,True
31004_20250609_0000_00,2025,6,00,False,False,False
31004_20250609_1200_12,2025,6,12,False,False,True
31004_20250610_0000_00,2025,6,00,False,False,False
31004_20250610_1200_12,2025,6,12,False,False,True
31004_20250611_0000_00,2025,6,00,False,False,False
31004_20250611_1200_12,2025,6,12,False,False,True
31004_20250612_0000_00,2025,6,00,False,False,False
31004_20250612_1200_12,2025,6,12,False,False,True
31004_20250613_0000_00,2025,6,00,False,False,False
31004_20250613_1200_12,2025,6,12,True,False,False
31004_20250614_0000_00,2025,6,00,False,False,False
31004_20250614_1200_12,2025,6,12,False,False,False
31004_20250615_0000_00,2025,6,00,False,False,True
31004_20250615_1200_12,2025,6,12,False,False,False
31004_20250616_0000_00,2025,6,00,False,False,True
31004_20250616_1200_12,2025,6,12,False,False,True
31004_20250617_0000_00,2025,6,00,False,False,False
31004_20250617_1200_12,2025,6,12,False,False,True
31004_20250618_0000_00,2025,6,00,False,False,False
31004_20250618_1200_12,2025,6,12,False,False,True
31004_20250619_0000_00,2025,6,00,False,False,True
31004_20250619_1200_12,2025,6,12,False,False,True
31004_20250620_0000_00,2025,6,00,True,False,True
31004_20250620_1200_12,2025,6,12,False,False,False
31004_20250621_0000_00,2025,6,00,False,False,True
31004_20250621_1200_12,2025,6,12,False,False,False
31004_20250622_0000_00,2025,6,00,False,False,True
31004_20250622_1200_12,2025,6,12,False,False,False
31004_20250623_0000_00,2025,6,00,False,False,True
31004_20250623_1200_12,2025,6,12,False,False,True
31004_20250624_0000_00,2025,6,00,False,False,False
31004_20250624_1200_12,2025,6,12,False,False,False
31004_20250625_0000_00,2025,6,00,False,False,False
31004_20250625_1200_12,2025,6,12,False,False,False
31004_20250626_0000_00,2025,6,00,False,False,True
31004_20250626_1200_12,2025,6,12,True,False,False
31004_20250627_0000_00,2025,6,00,False,False,False
31004_20250627_1200_12,2025,6,12,False,False,False
31004_20250628_0000_00,2025,6,00,False,False,True
31004_20250628_1200_12,2025,6,12,False,False,True
31004_20250629_0000_00,2025,6,00,False,False,True
31004_20250629_1200_12,2025,6,12,False,False,True
31004_20250630_0000_00,2025,6,00,False,False,True
31004_20250630_1200_12,2025,6,12,False,False,True
31004_20250701_0000_00,2025,7,00,False,False,True
31004_20250701_1200_12,2025,7,12,False,False,False
31004_20250702_0000_00,2025,7,00,False,False,True
31004_20250702_1200_12,2025,7,12,False,False,True
31004_20250703_0000_00,2025,7,00,False,False,False
31004_20250703_1200_12,2025,7,12,False,False,False
31004_20250704_0000_00,2025,7,00,False,False,False
31004_20250704_1200_12,2025,7,12,False,False,False
31004_20250705_0000_00,2025,7,00,False,False,False
31004_20250705_1200_12,2025,7,12,False,False,True
31004_20250706_0000_00,2025,7,00,False,False,True
31004_20250706_1200_12,2025,7,12,False,False,False
31004_20250707_0000_00,2025,7,00,False,False,False
31004_20250707_1200_12,2025,7,12,False,False,False
31004_20250708_0000_00,2025,7,00,False,False,True
31004_20250708_1200_12,2025,7,12,False,False,True
31004_20250709_0000_00,2025,7,00,True,False,True
31004_20250709_1200_12,2025,7,12,False,False,False
31004_20250710_0000_00,2025,7,00,False,False,False
31004_20250710_1200_12,2025,7,12,False,False,True
31004_20250711_0000_00,2025,7,00,False,False,True
31004_20250711_1200_12,2025,7,12,False,False,True
31004_20250712_0000_00,2025,7,00,False,False,False
31004_20250712_1200_12,2025,7,12,False,False,True
31004_20250713_0000_00,2025,7,00,False,False,False
31004_20250713_1200_12,2025,7,12,False,False,False
31004_20250714_0000_00,2025,7,00,False,False,False
31004_20250714_1200_12,2025,7,12,True,False,False
31004_20250715_0000_00,2025,7,00,False,False,False
31004_20250715_1200_12,2025,7,12,False,False,False
31004_20250716_0000_00,2025,7,00,False,False,False
31004_20250716_1200_12,2025,7,12,False,False,False
31004_20250717_0000_00,2025,7,00,False,False,False
31004_20250717_1200_12,2025,7,12,False,False,False
31004_20250718_0000_00,2025,7,00,False,False,False
31004_20250718_1200_12,2025,7,12,False,False,False
31004_20250719_0000_00,2025,7,00,False,False,False
31004_20250719_1200_12,2025,7,12,False,False,True
31004_20250720_0000_00,2025,7,00,False,False,False
31004_20250720_1200_12,2025,7,12,False,False,False
31004_20250721_0000_00,2025,7,00,False,False,False
31004_20250721_1200_12,2025,7,12,True,False,False
31004_20250722_0000_00,2025,7,00,True,False,True
31004_20250722_1200_12,2025,7,12,False,False,False
31004_20250723_0000_00,2025,7,00,False,False,False
31004_20250723_1200_12,2025,7,12,False,False,False
31004_20250724_0000_00,2025,7,00,False,False,False
31004_20250724_1200_12,2025,7,12,False,False,False
31004_20250725_0000_00,2025,7,00,False,False,False
31004_20250725_1200_12,2025,7,12,False,False,False
31004_20250726_0000_00,2025,7,00,False,False,False
31004_20250726_1200_12,2025,7,12,False,False,True
31004_20250727_0000_00,2025,7,00,False,False,False
31004_20250727_1200_12,2025,7,12,False,True,False
31004_20250728_0000_00,2025,7,00,False,False,False
31004_20250728_1200_12,2025,7,12,True,False,False
31004_20250729_0000_00,2025,7,00,False,False,True
31004_20250729_1200_12,2025,7,12,False,False,False
31004_20250730_0000_00,2025,7,00,False,True,False
31004_20250730_1200_12,2025,7,12,False,False,False
31004_20250731_0000_00,2025,7,00,False,False,False
31004_20250731_1200_12,2025,7,12,False,False,True
31004_20250801_0000_00,2025,8,00,False,False,False
31004_20250801_1200_12,2025,8,12,False,False,False
31004_20250802_0000_00,2025,8,00,False,False,False
31004_20250802_1200_12,2025,8,12,True,False,False
31004_20250803_0000_00,2025,8,00,False,False,False
31004_20250803_1200_12,2025,8,12,False,False,True
31004_20250804_0000_00,2025,8,00,False,False,False
31004_20250804_1200_12,2025,8,12,False,False,False
31004_20250805_0000_00,2025,8,00,False,False,False
31004_20250805_1200_12,2025,8,12,False,False,False
31004_20250806_1200_12,2025,8,12,False,False,False
31004_20250807_1200_12,2025,8,12,False,False,True
31004_20250808_0000_00,2025,8,00,False,False,False
31004_20250808_1200_12,2025,8,12,False,False,False
31004_20250809_0000_00,2025,8,00,False,False,True
31004_20250809_1200_12,2025,8,12,False,False,True
31004_20250810_0000_00,2025,8,00,False,False,True
31004_20250810_1200_12,2025,8,12,False,False,True
31004_20250811_0000_00,2025,8,00,False,False,True
31004_20250811_1200_12,2025,8,12,False,False,False
31004_20250812_0000_00,2025,8,00,False,True,True
31004_20250813_0000_00,2025,8,00,False,False,True
31004_20250813_1200_12,2025,8,12,False,False,True
31004_20250814_0000_00,2025,8,00,False,False,True
31004_20250814_1200_12,2025,8,12,False,False,False
31004_20250815_0000_00,2025,8,00,False,False,True
31004_20250815_1200_12,2025,8,12,False,False,True
31004_20250816_0000_00,2025,8,00,False,False,True
31004_20250816_1200_12,2025,8,12,False,False,True
31004_20250817_0000_00,2025,8,00,False,True,True
31004_20250817_1200_12,2025,8,12,False,False,True
31004_20250818_0000_00,2025,8,00,False,False,True
31004_20250818_1200_12,2025,8,12,True,False,True
31004_20250819_0000_00,2025,8,00,True,False,True
31004_20250819_1200_12,2025,8,12,True,False,False
31004_20250820_0000_00,2025,8,00,False,False,True
31004_20250820_1200_12,2025,8,12,False,False,True
31004_20250821_0000_00,2025,8,00,False,False,True
31004_20250821_1200_12,2025,8,12,False,False,True
31004_20250822_0000_00,2025,8,00,True,False,True
31004_20250822_1200_12,2025,8,12,True,False,False
31004_20250823_0000_00,2025,8,00,False,False,False
31004_20250823_1200_12,2025,8,12,True,False,False
31004_20250824_0000_00,2025,8,00,False,False,False
31004_20250824_1200_12,2025,8,12,False,False,False
31004_20250825_0000_00,2025,8,00,False,False,False
31004_20250825_1200_12,2025,8,12,False,False,False
31004_20250826_0000_00,2025,8,00,False,False,False
31004_20250826_1200_12,2025,8,12,False,False,False
31004_20250827_0000_00,2025,8,00,True,False,False
31004_20250827_1200_12,2025,8,12,False,False,False
31004_20250828_0000_00,2025,8,00,True,False,False
31004_20250828_1200_12,2025,8,12,False,False,False
31004_20250829_0000_00,2025,8,00,False,False,True
31004_20250829_1200_12,2025,8,12,False,False,False
31004_20250830_0000_00,2025,8,00,False,False,False
31004_20250830_1200_12,2025,8,12,True,False,True
31004_20250831_0000_00,2025,8,00,False,False,False
31004_20250831_1200_12,2025,8,12,False,False,False
31004_20250901_0000_00,2025,9,00,True,False,False
31004_20250901_1200_12,2025,9,12,True,False,False
31004_20250902_0000_00,2025,9,00,False,False,False
31004_20250902_1200_12,2025,9,12,True,False,False
31004_20250903_0000_00,2025,9,00,True,False,True
31004_20250903_1200_12,2025,9,12,False,False,True
31004_20250904_0000_00,2025,9,00,False,False,True
31004_20250904_1200_12,2025,9,12,False,False,True
31004_20250905_0000_00,2025,9,00,False,False,True
31004_20250905_1200_12,2025,9,12,True,False,True
31004_20250906_0000_00,2025,9,00,False,False,True
31004_20250906_1200_12,2025,9,12,False,False,True
31004_20250907_0000_00,2025,9,00,False,True,False
31004_20250907_1200_12,2025,9,12,False,False,True
31004_20250908_0000_00,2025,9,00,False,False,False
31004_20250908_1200_12,2025,9,12,True,False,False
31004_20250909_0000_00,2025,9,00,False,False,False
31004_20250909_1200_12,2025,9,12,True,False,False
31004_20250910_0000_00,2025,9,00,False,False,False
31004_20250910_1200_12,2025,9,12,False,False,False
31004_20250911_0000_00,2025,9,00,False,False,False
31004_20250912_0000_00,2025,9,00,False,False,False
31004_20250912_1200_12,2025,9,12,True,False,False
31004_20250913_0000_00,2025,9,00,False,False,True
31004_20250913_1200_12,2025,9,12,True,False,False
31004_20250914_0000_00,2025,9,00,False,False,False
31004_20250914_1200_12,2025,9,12,True,False,False
31004_20250915_0000_00,2025,9,00,False,False,False
31004_20250915_1200_12,2025,9,12,True,False,False
31004_20250916_0000_00,2025,9,00,False,False,False
31004_20250916_1200_12,2025,9,12,False,False,False
31004_20250917_0000_00,2025,9,00,False,False,True
31004_20250917_1200_12,2025,9,12,True,False,False
31004_20250918_0000_00,2025,9,00,False,False,True
31004_20250918_1200_12,2025,9,12,True,False,False
31004_20250919_0000_00,2025,9,00,False,False,True
31004_20250919_1200_12,2025,9,12,True,False,True
31004_20250920_0000_00,2025,9,00,False,False,False
31004_20250920_1200_12,2025,9,12,False,False,False
31004_20250921_0000_00,2025,9,00,False,False,False
31004_20250921_1200_12,2025,9,12,False,False,False
31004_20250922_0000_00,2025,9,00,False,False,True
31004_20250922_1200_12,2025,9,12,True,False,False
31004_20250923_0000_00,2025,9,00,False,False,True
31004_20250923_1200_12,2025,9,12,False,False,False
31004_20250924_0000_00,2025,9,00,False,False,True
31004_20250924_1200_12,2025,9,12,False,True,False
31004_20250925_0000_00,2025,9,00,True,False,True
31004_20250925_1200_12,2025,9,12,False,False,False
31004_20250926_0000_00,2025,9,00,False,False,True
31004_20250926_1200_12,2025,9,12,False,False,False
31004_20250927_0000_00,2025,9,00,False,False,False
31004_20250927_1200_12,2025,9,12,False,False,False
31004_20250928_0000_00,2025,9,00,False,False,True
31004_20250928_1200_12,2025,9,12,True,False,False
31004_20250929_0000_00,2025,9,00,False,False,True
31004_20250929_1200_12,2025,9,12,False,False,True
31004_20250930_0000_00,2025,9,00,False,False,False
31004_20250930_1200_12,2025,9,12,False,False,True
31004_20251001_0000_00,2025,10,00,False,False,True
31004_20251001_1200_12,2025,10,12,True,False,True
31004_20251002_0000_00,2025,10,00,False,True,False
31004_20251002_1200_12,2025,10,12,True,False,False
31004_20251003_0000_00,2025,10,00,True,False,True
31004_20251003_1200_12,2025,10,12,False,False,False
31004_20251004_0000_00,2025,10,00,False,False,False
31004_20251004_1200_12,2025,10,12,False,False,False
31004_20251005_0000_00,2025,10,00,False,False,False
31004_20251005_1200_12,2025,10,12,False,False,True
31004_20251006_0000_00,2025,10,00,False,False,True
31004_20251006_1200_12,2025,10,12,False,False,False
31004_20251007_0000_00,2025,10,00,False,True,False
31004_20251007_1200_12,2025,10,12,False,False,True
31004_20251008_0000_00,2025,10,00,False,False,True
31004_20251008_1200_12,2025,10,12,False,False,True
31004_20251009_0000_00,2025,10,00,False,False,False
31004_20251009_1200_12,2025,10,12,False,False,True
31004_20251010_0000_00,2025,10,00,False,False,True
31004_20251010_1200_12,2025,10,12,True,False,True
31004_20251011_0000_00,2025,10,00,False,False,True
31004_20251011_1200_12,2025,10,12,False,False,False
31004_20251012_0000_00,2025,10,00,False,False,False
31004_20251012_1200_12,2025,10,12,False,False,True
31004_20251013_0000_00,2025,10,00,False,False,False
31004_20251013_1200_12,2025,10,12,False,False,False
31004_20251014_0000_00,2025,10,00,False,False,True
31004_20251014_1200_12,2025,10,12,False,False,True
31004_20251015_0000_00,2025,10,00,False,False,True
31004_20251015_1200_12,2025,10,12,False,False,True
31004_20251016_0000_00,2025,10,00,False,False,True
31004_20251016_1200_12,2025,10,12,False,False,True
31004_20251017_0000_00,2025,10,00,False,False,True
31004_20251017_1200_12,2025,10,12,False,False,True
31004_20251018_0000_00,2025,10,00,False,False,True
31004_20251018_1200_12,2025,10,12,False,False,True
31004_20251019_0000_00,2025,10,00,False,False,True
31004_20251019_1200_12,2025,10,12,False,False,False
31004_20251020_0000_00,2025,10,00,False,False,True
31004_20251020_1200_12,2025,10,12,False,False,True
31004_20251021_0000_00,2025,10,00,False,False,True
31004_20251021_1200_12,2025,10,12,False,False,True
31004_20251022_0000_00,2025,10,00,True,False,False
31004_20251022_1200_12,2025,10,12,False,False,False
31004_20251023_0000_00,2025,10,00,False,False,True
31004_20251023_1200_12,2025,10,12,True,False,True
31004_20251024_0000_00,2025,10,00,False,False,False
31004_20251024_1200_12,2025,10,12,False,False,False
31004_20251025_0000_00,2025,10,00,True,False,False
31004_20251025_1200_12,2025,10,12,True,False,False
31004_20251026_0000_00,2025,10,00,False,False,False
31004_20251026_1200_12,2025,10,12,False,False,False
31004_20251027_0000_00,2025,10,00,True,False,True
31004_20251027_1200_12,2025,10,12,False,False,False
31004_20251028_0000_00,2025,10,00,False,True,False
31004_20251028_1200_12,2025,10,12,False,False,True
31004_20251029_0000_00,2025,10,00,False,False,True
31004_20251029_1200_12,2025,10,12,False,False,False
31004_20251030_0000_00,2025,10,00,False,False,False
31004_20251030_1200_12,2025,10,12,False,False,False
31004_20251031_0000_00,2025,10,00,True,False,False
31004_20251031_1200_12,2025,10,12,True,False,False
31004_20251101_0000_00,2025,11,00,False,False,True
31004_20251101_1200_12,2025,11,12,False,False,True
31004_20251102_0000_00,2025,11,00,False,False,True
31004_20251102_1200_12,2025,11,12,False,False,True
31004_20251103_0000_00,2025,11,00,False,True,False
31004_20251103_1200_12,2025,11,12,False,False,False
31004_20251104_0000_00,2025,11,00,False,False,False
31004_20251104_1200_12,2025,11,12,False,False,True
31004_20251105_0000_00,2025,11,00,False,False,True
31004_20251105_1200_12,2025,11,12,False,False,True
31004_20251106_0000_00,2025,11,00,False,False,True
31004_20251106_1200_12,2025,11,12,False,False,False
31004_20251107_0000_00,2025,11,00,True,False,True
31004_20251107_1200_12,2025,11,12,False,False,True
31004_20251108_0000_00,2025,11,00,False,False,True
31004_20251108_1200_12,2025,11,12,False,False,False
31004_20251109_0000_00,2025,11,00,False,False,False
31004_20251109_1200_12,2025,11,12,True,False,True
31004_20251110_0000_00,2025,11,00,True,False,False
31004_20251110_1200_12,2025,11,12,False,False,True
31004_20251111_0000_00,2025,11,00,True,False,False
31004_20251111_1200_12,2025,11,12,True,False,False
31004_20251112_0000_00,2025,11,00,False,False,True
31004_20251112_1200_12,2025,11,12,False,False,True
31004_20251113_0000_00,2025,11,00,False,False,False
31004_20251113_1200_12,2025,11,12,False,False,False
31004_20251114_0000_00,2025,11,00,True,False,False
31004_20251114_1200_12,2025,11,12,True,False,False
31004_20251115_0000_00,2025,11,00,True,False,True
31004_20251115_1200_12,2025,11,12,False,False,True
31004_20251116_0000_00,2025,11,00,True,False,False
31004_20251116_1200_12,2025,11,12,False,False,False
31004_20251117_0000_00,2025,11,00,False,False,False
31004_20251117_1200_12,2025,11,12,False,False,True
31004_20251118_0000_00,2025,11,00,True,False,False
31004_20251118_1200_12,2025,11,12,False,False,False
31004_20251119_0000_00,2025,11,00,False,False,True
31004_20251119_1200_12,2025,11,12,False,False,False
31004_20251120_0000_00,2025,11,00,False,False,True
31004_20251120_1200_12,2025,11,12,False,False,False
31004_20251121_0000_00,2025,11,00,False,False,True
31004_20251121_1200_12,2025,11,12,False,False,True
31004_20251122_0000_00,2025,11,00,False,False,False
31004_20251122_1200_12,2025,11,12,True,False,False
31004_20251123_0000_00,2025,11,00,False,False,False
31004_20251123_1200_12,2025,11,12,False,False,False
31004_20251124_0000_00,2025,11,00,False,False,False
31004_20251124_1200_12,2025,11,12,False,True,False
31004_20251125_0000_00,2025,11,00,False,False,True
31004_20251125_1200_12,2025,11,12,False,False,True
31004_20251126_0000_00,2025,11,00,False,False,True
31004_20251126_1200_12,2025,11,12,False,False,False
31004_20251127_0000_00,2025,11,00,False,False,True
31004_20251127_1200_12,2025,11,12,True,False,False
31004_20251128_0000_00,2025,11,00,True,False,True
31004_20251128_1200_12,2025,11,12,False,False,True
31004_20251129_0000_00,2025,11,00,False,False,False
31004_20251129_1200_12,2025,11,12,False,False,True
31004_20251130_0000_00,2025,11,00,False,False,True
31004_20251130_1200_12,2025,11,12,False,False,False
31004_20251201_0000_00,2025,12,00,False,False,True
31004_20251201_1200_12,2025,12,12,False,False,False
31004_20251202_0000_00,2025,12,00,False,False,True
31004_20251202_1200_12,2025,12,12,False,False,True
31004_20251203_0000_00,2025,12,00,False,False,True
31004_20251203_1200_12,2025,12,12,False,False,True
31004_20251204_0000_00,2025,12,00,False,True,True
31004_20251204_1200_12,2025,12,12,False,False,False
31004_20251205_0000_00,2025,12,00,False,False,True
31004_20251205_1200_12,2025,12,12,False,False,True
31004_20251206_0000_00,2025,12,00,True,False,False
31004_20251207_0000_00,2025,12,00,False,False,True
31004_20251207_1200_12,2025,12,12,False,False,True
31004_20251208_0000_00,2025,12,00,False,False,True
31004_20251208_1200_12,2025,12,12,False,False,True
31004_20251209_0000_00,2025,12,00,False,True,False
31004_20251209_1200_12,2025,12,12,False,False,False
31004_20251210_0000_00,2025,12,00,False,False,True
31004_20251210_1200_12,2025,12,12,False,False,True
31004_20251211_0000_00,2025,12,00,False,False,True
31004_20251211_1200_12,2025,12,12,False,False,True
31004_20251212_0000_00,2025,12,00,False,False,False
31004_20251212_1200_12,2025,12,12,True,False,False
31004_20251213_0000_00,2025,12,00,False,True,False
31004_20251213_1200_12,2025,12,12,False,False,False
31004_20251214_0000_00,2025,12,00,True,False,False
31004_20251214_1200_12,2025,12,12,True,False,True
31004_20251215_0000_00,2025,12,00,False,False,False
31004_20251215_1200_12,2025,12,12,False,False,True
31004_20251216_0000_00,2025,12,00,True,False,False
31004_20251216_1200_12,2025,12,12,False,False,True
31004_20251217_0000_00,2025,12,00,False,False,True
31004_20251217_1200_12,2025,12,12,False,False,False
31004_20251218_0000_00,2025,12,00,False,False,True
31004_20251218_1200_12,2025,12,12,True,False,False
31004_20251219_0000_00,2025,12,00,False,False,True
31004_20251219_1200_12,2025,12,12,False,False,False
31004_20251220_0000_00,2025,12,00,True,False,True
31004_20251220_1200_12,2025,12,12,False,False,False
31004_20251221_0000_00,2025,12,00,False,True,False
31004_20251221_1200_12,2025,12,12,True,False,False
31004_20251222_0000_00,2025,12,00,False,False,True
31004_20251222_1200_12,2025,12,12,False,False,True
31004_20251223_0000_00,2025,12,00,False,False,True
31004_20251223_1200_12,2025,12,12,False,False,True
31004_20251224_0000_00,2025,12,00,True,False,True
31004_20251224_1200_12,2025,12,12,False,False,True
31004_20251225_0000_00,2025,12,00,True,False,True
31004_20251225_1200_12,2025,12,12,True,False,False
31004_20251226_0000_00,2025,12,00,False,False,False
31004_20251226_1200_12,2025,12,12,False,False,True
31004_20251227_0000_00,2025,12,00,True,False,True
31004_20251227_1200_12,2025,12,12,True,False,True
31004_20251228_0000_00,2025,12,00,False,True,True
31004_20251228_1200_12,2025,12,12,True,False,True
31004_20251229_0000_00,2025,12,00,True,False,True
31004_20251229_1200_12,2025,12,12,False,False,False
31004_20251230_0000_00,2025,12,00,False,False,True
31004_20251230_1200_12,2025,12,12,False,False,True
31004_20251231_0000_00,2025,12,00,False,False,False
31004_20251231_1200_12,2025,12,12,False,False,True
31004_20260101_0000_00,2026,1,00,True,False,True
31004_20260102_0000_00,2026,1,00,False,False,True
31004_20260103_0000_00,2026,1,00,False,False,False
31004_20260104_0000_00,2026,1,00,False,False,True
31004_20260105_0000_00,2026,1,00,False,False,True
31004_20260106_0000_00,2026,1,00,False,False,True
31004_20260107_0000_00,2026,1,00,False,True,False
31004_20260108_0000_00,2026,1,00,False,False,False
31004_20260109_0000_00,2026,1,00,False,False,False
31004_20260110_0000_00,2026,1,00,True,False,False
31004_20260110_1200_12,2026,1,12,False,False,True
31004_20260111_0000_00,2026,1,00,True,False,True
31004_20260111_1200_12,2026,1,12,False,False,True
31004_20260112_0000_00,2026,1,00,False,False,True
31004_20260112_1200_12,2026,1,12,True,False,True
31004_20260113_0000_00,2026,1,00,False,False,True
31004_20260113_1200_12,2026,1,12,False,True,False
31004_20260114_0000_00,2026,1,00,False,False,True
31004_20260114_1200_12,2026,1,12,False,False,True
31004_20260115_0000_00,2026,1,00,False,False,False
31004_20260115_1200_12,2026,1,12,False,False,False
31004_20260116_0000_00,2026,1,00,False,False,True
31004_20260116_1200_12,2026,1,12,False,False,True
31004_20260117_0000_00,2026,1,00,False,False,True
31004_20260117_1200_12,2026,1,12,False,False,True
31004_20260118_0000_00,2026,1,00,False,False,True
31004_20260118_1200_12,2026,1,12,False,False,True
31004_20260119_0000_00,2026,1,00,False,False,True
31004_20260119_1200_12,2026,1,12,False,False,False
31004_20260120_0000_00,2026,1,00,False,False,False
31004_20260121_0000_00,2026,1,00,True,False,True
31004_20260121_1200_12,2026,1,12,False,False,True
31004_20260122_0000_00,2026,1,00,False,False,True
31004_20260122_1200_12,2026,1,12,False,False,False
31004_20260123_0000_00,2026,1,00,False,False,True
31004_20260123_1200_12,2026,1,12,False,False,False
31004_20260124_0000_00,2026,1,00,False,False,False
31004_20260124_1200_12,2026,1,12,False,False,True
31004_20260125_0000_00,2026,1,00,False,True,True
31004_20260126_0000_00,2026,1,00,False,False,True
31004_20260126_1200_12,2026,1,12,False,False,True
31004_20260127_0000_00,2026,1,00,False,False,True
31004_20260127_1200_12,2026,1,12,False,False,False
31004_20260128_0000_00,2026,1,00,False,False,True
31004_20260128_1200_12,2026,1,12,False,False,False
31004_20260129_0000_00,2026,1,00,False,False,True
31004_20260129_1200_12,2026,1,12,False,True,True
31004_20260130_0000_00,2026,1,00,False,True,True
31004_20260130_1200_12,2026,1,12,False,False,True
31004_20260131_0000_00,2026,1,00,False,False,False
31004_20260131_1200_12,2026,1,12,True,False,False
31004_20260201_0000_00,2026,2,00,True,False,True
31004_20260201_1200_12,2026,2,12,True,False,True
31004_20260202_0000_00,2026,2,00,False,False,False
31004_20260202_1200_12,2026,2,12,True,False,False
31004_20260203_0000_00,2026,2,00,False,False,True
31004_20260205_0000_00,2026,2,00,False,False,True
31004_20260205_1200_12,2026,2,12,True,False,True
31004_20260206_0000_00,2026,2,00,False,False,False
31004_20260206_1200_12,2026,2,12,False,False,True
31004_20260207_0000_00,2026,2,00,True,False,True
31004_20260207_1200_12,2026,2,12,False,False,True
31004_20260208_0000_00,2026,2,00,False,False,False
31004_20260208_1200_12,2026,2,12,False,False,False
31004_20260209_0000_00,2026,2,00,False,False,True
31004_20260209_1200_12,2026,2,12,False,False,False
31004_20260211_0000_00,2026,2,00,False,False,True
31004_20260211_1200_12,2026,2,12,False,False,True
31004_20260212_0000_00,2026,2,00,False,False,True
31004_20260212_1200_12,2026,2,12,False,False,True
31004_20260213_0000_00,2026,2,00,False,False,True
31004_20260213_1200_12,2026,2,12,False,False,True
31004_20260214_0000_00,2026,2,00,False,False,True
31004_20260214_1200_12,2026,2,12,False,False,True
31004_20260215_0000_00,2026,2,00,True,False,True
31004_20260215_1200_12,2026,2,12,False,False,False
31004_20260216_0000_00,2026,2,00,False,False,False
31004_20260216_1200_12,2026,2,12,False,False,True
31004_20260217_0000_00,2026,2,00,True,False,True
31004_20260217_1200_12,2026,2,12,False,False,True
31004_20260218_0000_00,2026,2,00,False,False,False
31004_20260218_1200_12,2026,2,12,False,False,False
31004_20260219_0000_00,2026,2,00,False,True,False
31004_20260219_1200_12,2026,2,12,False,False,True
31004_20260220_0000_00,2026,2,00,False,False,True
31004_20260220_1200_12,2026,2,12,False,False,False
31004_20260221_0000_00,2026,2,00,False,False,False
31004_20260221_1200_12,2026,2,12,False,False,True
31004_20260222_0000_00,2026,2,00,False,False,True
31004_20260222_1200_12,2026,2,12,False,False,True
31004_20260223_0000_00,2026,2,00,False,False,True
31004_20260223_1200_12,2026,2,12,False,False,True
31004_20260224_0000_00,2026,2,00,False,False,False
31004_20260225_0000_00,2026,2,00,False,False,True
31004_20260225_1200_12,2026,2,12,True,False,True
31004_20260226_0000_00,2026,2,00,False,False,True
31004_20260226_1200_12,2026,2,12,False,False,False
31004_20260227_0000_00,2026,2,00,True,False,True
31004_20260227_1200_12,2026,2,12,False,False,True
31004_20260228_0000_00,2026,2,00,False,False,False
31004_20260228_1200_12,2026,2,12,True,False,False
31004_20260301_0000_00,2026,3,00,False,False,False
31004_20260301_1200_12,2026,3,12,False,False,False
31004_20260302_0000_00,2026,3,00,False,False,False
31004_20260302_1200_12,2026,3,12,False,False,False
31004_20260303_0000_00,2026,3,00,True,False,True
31004_20260303_1200_12,2026,3,12,False,False,False
31004_20260304_0000_00,2026,3,00,True,False,True
31004_20260304_1200_12,2026,3,12,False,False,True
31004_20260305_0000_00,2026,3,00,False,False,True
31004_20260305_1200_12,2026,3,12,True,False,False
31004_20260306_0000_00,2026,3,00,False,True,False
31004_20260306_1200_12,2026,3,12,False,False,True
31004_20260307_0000_00,2026,3,00,False,False,True
31004_20260307_1200_12,2026,3,12,False,False,False
31004_20260308_0000_00,2026,3,00,False,False,False
31004_20260308_1200_12,2026,3,12,False,False,False
31004_20260309_0000_00,2026,3,00,False,False,True
31004_20260309_1200_12,2026,3,12,True,False,False
31004_20260310_0000_00,2026,3,00,True,False,False
31004_20260310_1200_12,2026,3,12,True,False,False
31004_20260311_0000_00,2026,3,00,True,False,True
31004_20260311_1200_12,2026,3,12,False,False,True
31004_20260312_0000_00,2026,3,00,False,False,False
31004_20260312_1200_12,2026,3,12,False,False,False
31004_20260313_0000_00,2026,3,00,False,False,True
31004_20260313_1200_12,2026,3,12,False,False,True
31004_20260314_0000_00,2026,3,00,False,False,True
31004_20260314_1200_12,2026,3,12,False,False,False
31004_20260315_0000_00,2026,3,00,True,False,False
31004_20260315_1200_12,2026,3,12,False,True,False
31004_20260316_0000_00,2026,3,00,False,False,True
31004_20260316_1200_12,2026,3,12,False,False,True
31004_20260317_0000_00,2026,3,00,False,False,False
31004_20260317_1200_12,2026,3,12,True,False,True
31004_20260318_0000_00,2026,3,00,False,False,True
31004_20260318_1200_12,2026,3,12,False,False,False
31004_20260319_0000_00,2026,3,00,False,False,False
31004_20260319_1200_12,2026,3,12,True,False,True
31004_20260320_0000_00,2026,3,00,True,False,True
31004_20260320_1200_12,2026,3,12,False,False,False
31004_20260321_0000_00,2026,3,00,False,False,False
31004_20260321_1200_12,2026,3,12,False,False,False
31004_20260322_0000_00,2026,3,00,True,False,False
31004_20260322_1200_12,2026,3,12,True,False,False
31004_20260323_0000_00,2026,3,00,True,False,False
31004_20260323_1200_12,2026,3,12,False,False,False
31004_20260324_0000_00,2026,3,00,False,False,False
31004_20260324_1200_12,2026,3,12,True,False,False
31004_20260325_0000_00,2026,3,00,True,False,False
31004_20260325_1200_12,2026,3,12,True,False,False
31004_20260326_0000_00,2026,3,00,False,False,False
31004_20260326_1200_12,2026,3,12,False,False,False
31004_20260327_0000_00,2026,3,00,False,False,True
31004_20260327_1200_12,2026,3,12,False,False,False
31004_20260328_0000_00,2026,3,00,True,False,True
31004_20260328_1200_12,2026,3,12,True,False,False
31004_20260329_0000_00,2026,3,00,False,True,False
31004_20260329_1200_12,2026,3,12,False,False,False
31004_20260330_0000_00,2026,3,00,False,True,True
31004_20260330_1200_12,2026,3,12,False,False,False
31004_20260331_0000_00,2026,3,00,False,False,True
31004_20260331_1200_12,2026,3,12,False,False,True
31004_20260401_0000_00,2026,4,00,False,False,True
31004_20260401_1200_12,2026,4,12,False,False,False
31004_20260402_0000_00,2026,4,00,False,False,True
31004_20260402_1200_12,2026,4,12,False,False,False
31004_20260403_0000_00,2026,4,00,True,False,False
31004_20260403_1200_12,2026,4,12,True,False,False
31004_20260404_0000_00,2026,4,00,True,False,False
31004_20260404_1200_12,2026,4,12,True,False,False
31004_20260405_0000_00,2026,4,00,False,True,False
31004_20260405_1200_12,2026,4,12,True,False,False
31004_20260406_0000_00,2026,4,00,False,False,False
31004_20260406_1200_12,2026,4,12,False,False,False
31004_20260407_0000_00,2026,4,00,False,False,False
31004_20260407_1200_12,2026,4,12,False,False,True
31004_20260408_0000_00,2026,4,00,False,False,True
31004_20260408_1200_12,2026,4,12,False,False,False
31004_20260409_0000_00,2026,4,00,False,False,True
31004_20260409_1200_12,2026,4,12,False,False,True
31004_20260410_0000_00,2026,4,00,False,False,False
31004_20260410_1200_12,2026,4,12,True,False,False
31004_20260411_0000_00,2026,4,00,False,True,False
31004_20260411_1200_12,2026,4,12,False,False,False
31004_20260412_0000_00,2026,4,00,False,False,False
31004_20260412_1200_12,2026,4,12,True,False,False
31004_20260413_0000_00,2026,4,00,False,False,False
31004_20260413_1200_12,2026,4,12,False,False,False
31004_20260414_0000_00,2026,4,00,False,False,False
31004_20260415_0000_00,2026,4,00,False,False,False
31004_20260415_1200_12,2026,4,12,True,False,False
31004_20260416_0000_00,2026,4,00,False,True,False
31004_20260416_1200_12,2026,4,12,False,False,False
31004_20260417_0000_00,2026,4,00,False,False,False
31004_20260417_1200_12,2026,4,12,False,False,False
31004_20260418_0000_00,2026,4,00,False,False,True
31004_20260418_1200_12,2026,4,12,False,False,True
31004_20260419_1200_12,2026,4,12,False,False,False
31004_20260420_0000_00,2026,4,00,True,False,False
31004_20260420_1200_12,2026,4,12,False,False,True
31004_20260421_0000_00,2026,4,00,False,False,True
31004_20260421_1200_12,2026,4,12,False,False,False
31004_20260422_0000_00,2026,4,00,False,False,True
31004_20260422_1200_12,2026,4,12,True,False,False
31004_20260423_0000_00,2026,4,00,False,False,True
31004_20260423_1200_12,2026,4,12,False,False,False
31004_20260424_0000_00,2026,4,00,True,False,True
31004_20260424_1200_12,2026,4,12,False,False,False
31004_20260425_0000_00,2026,4,00,False,False,True
31004_20260425_1200_12,2026,4,12,False,False,True
31004_20260426_0000_00,2026,4,00,False,False,True
31004_20260426_1200_12,2026,4,12,True,False,True
31004_20260427_0000_00,2026,4,00,True,False,True
31004_20260427_1200_12,2026,4,12,False,False,False
31004_20260428_0000_00,2026,4,00,False,False,False
31004_20260428_1200_12,2026,4,12,True,False,True
31004_20260429_0000_00,2026,4,00,True,False,False
31004_20260429_1200_12,2026,4,12,False,False,False
31004_20260430_0000_00,2026,4,00,False,False,False
31004_20260430_1200_12,2026,4,12,False,False,False
31004_20260501_0000_00,2026,5,00,False,False,False
31004_20260501_1200_12,2026,5,12,False,False,False
31004_20260502_0000_00,2026,5,00,False,False,True
31004_20260502_1200_12,2026,5,12,False,False,True
31004_20260503_0000_00,2026,5,00,False,False,True
31004_20260503_1200_12,2026,5,12,False,False,False
31004_20260504_0000_00,2026,5,00,False,False,False
31004_20260504_1200_12,2026,5,12,True,False,False
31004_20260505_0000_00,2026,5,00,False,False,False
31004_20260505_1200_12,2026,5,12,False,False,False
31004_20260506_0000_00,2026,5,00,False,False,False
31004_20260506_1200_12,2026,5,12,True,False,True
31004_20260507_0000_00,2026,5,00,False,False,False
31004_20260507_1200_12,2026,5,12,False,False,False
31004_20260508_0000_00,2026,5,00,False,False,False
31004_20260508_1200_12,2026,5,12,True,False,True
31004_20260509_0000_00,2026,5,00,False,False,False
31004_20260509_1200_12,2026,5,12,False,False,False
31004_20260510_0000_00,2026,5,00,False,False,False
31004_20260510_1200_12,2026,5,12,False,False,False
31004_20260511_0000_00,2026,5,00,False,False,True
31004_20260511_1200_12,2026,5,12,False,False,True
31004_20260512_0000_00,2026,5,00,False,False,False
31004_20260512_1200_12,2026,5,12,False,False,True
31004_20260513_0000_00,2026,5,00,False,True,True
31004_20260513_1200_12,2026,5,12,False,False,True
31004_20260514_0000_00,2026,5,00,False,False,False
31004_20260514_1200_12,2026,5,12,False,False,False
31004_20260515_0000_00,2026,5,00,False,False,False
31004_20260515_1200_12,2026,5,12,False,False,False
31004_20260516_0000_00,2026,5,00,False,False,True
31004_20260516_1200_12,2026,5,12,False,True,False
31004_20260517_0000_00,2026,5,00,False,False,False
31004_20260517_1200_12,2026,5,12,False,False,False
31004_20260518_1200_12,2026,5,12,False,False,True
31004_20260519_0000_00,2026,5,00,False,False,False
31004_20260519_1200_12,2026,5,12,False,False,False
31004_20260520_0000_00,2026,5,00,False,False,True
31004_20260520_1200_12,2026,5,12,False,False,False
31004_20260521_0000_00,2026,5,00,False,False,False
31004_20260521_1200_12,2026,5,12,True,False,False
31004_20260522_0000_00,2026,5,00,True,False,False
31004_20260522_1200_12,2026,5,12,False,False,False
31004_20260523_0000_00,2026,5,00,False,False,False
31004_20260523_1200_12,2026,5,12,False,False,False
31004_20260524_0000_00,2026,5,00,False,False,False
31004_20260524_1200_12,2026,5,12,False,False,False
31004_20260525_0000_00,2026,5,00,False,False,True
31004_20260525_1200_12,2026,5,12,False,False,True
31004_20260526_0000_00,2026,5,00,False,False,True
31004_20260526_1200_12,2026,5,12,False,True,False
31004_20260527_0000_00,2026,5,00,False,False,False
31004_20260527_1200_12,2026,5,12,False,False,False
31004_20260528_0000_00,2026,5,00,True,False,False
31004_20260528_1200_12,2026,5,12,False,False,False
31004_20260529_0000_00,2026,5,00,False,False,True
31004_20260529_1200_12,2026,5,12,False,False,False
31004_20260530_1200_12,2026,5,12,False,False,False
31004_20260531_0000_00,2026,5,00,False,False,False
31004_20260531_1200_12,2026,5,12,False,False,True
31004_20260601_0000_00,2026,6,00,False,False,True
31004_20260601_1200_12,2026,6,12,False,False,True
31004_20260602_0000_00,2026,6,00,False,False,True
31004_20260602_1200_12,2026,6,12,False,False,True
31004_20260603_0000_00,2026,6,00,False,False,True
31004_20260603_1200_12,2026,6,12,False,False,False
31004_20260604_0000_00,2026,6,00,False,False,True
31004_20260605_0000_00,2026,6,00,False,False,False
31004_20260605_1200_12,2026,6,12,False,False,True
31004_20260606_0000_00,2026,6,00,False,False,False
31004_20260606_1200_12,2026,6,12,False,False,True
31004_20260607_0000_00,2026,6,00,False,False,False
31004_20260607_1200_12,2026,6,12,False,False,False
31004_20260608_0000_00,2026,6,00,False,False,False
31004_20260608_1200_12,2026,6,12,False,False,False
31004_20260609_0000_00,2026,6,00,False,False,False
31004_20260609_1200_12,2026,6,12,False,False,True
31004_20260610_0000_00,2026,6,00,False,False,False
31004_20260610_1200_12,2026,6,12,False,False,True
31004_20260611_0000_00,2026,6,00,False,False,False
31004_20260611_1200_12,2026,6,12,False,False,False
31004_20260612_0000_00,2026,6,00,False,False,False
31004_20260612_1200_12,2026,6,12,False,False,True
31004_20260613_0000_00,2026,6,00,False,False,False
31004_20260613_1200_12,2026,6,12,True,False,True
31004_20260614_0000_00,2026,6,00,False,False,True
31004_20260614_1200_12,2026,6,12,False,False,False
31004_20260615_0000_00,2026,6,00,False,False,False
31004_20260615_1200_12,2026,6,12,True,False,False
31004_20260616_0000_00,2026,6,00,False,False,False
31004_20260616_1200_12,2026,6,12,False,False,False
31004_20260617_0000_00,2026,6,00,False,False,True
31004_20260617_1200_12,2026,6,12,True,False,False
31004_20260618_0000_00,2026,6,00,False,False,False
31004_20260618_1200_12,2026,6,12,False,False,True
31004_20260619_0000_00,2026,6,00,False,False,True
31004_20260619_1200_12,2026,6,12,False,False,True
31004_20260620_0000_00,2026,6,00,False,False,True
31004_20260620_1200_12,2026,6,12,False,False,False
31004_20260621_0000_00,2026,6,00,False,False,True
31004_20260621_1200_12,2026,6,12,False,False,False
31004_20260622_0000_00,2026,6,00,False,True,False
31004_20260622_1200_12,2026,6,12,False,False,False
31004_20260623_1200_12,2026,6,12,False,False,False
31004_20260624_0000_00,2026,6,00,False,False,False
31004_20260624_1200_12,2026,6,12,False,False,False
31004_20260625_0000_00,2026,6,00,False,False,True
31004_20260625_1200_12,2026,6,12,False,False,True
31004_20260626_0000_00,2026,6,00,False,False,False
31004_20260626_1200_12,2026,6,12,False,False,False
31004_20260627_0000_00,2026,6,00,False,False,False
31004_20260627_1200_12,2026,6,12,False,False,False
31004_20260628_0000_00,2026,6,00,True,False,False
31004_20260628_1200_12,2026,6,12,False,True,False
31004_20260629_0000_00,2026,6,00,False,True,False
31004_20260629_1200_12,2026,6,12,False,False,False
31004_20260630_0000_00,2026,6,00,False,False,False
31004_20260630_1200_12,2026,6,12,True,False,False
31004_20260701_0000_00,2026,7,00,False,False,False
31004_20260701_1200_12,2026,7,12,False,False,True
31004_20260702_0000_00,2026,7,00,False,False,False
31004_20260702_1200_12,2026,7,12,True,False,False
31004_20260703_0000_00,2026,7,00,False,False,False
31004_20260703_1200_12,2026,7,12,False,False,False
31004_20260704_0000_00,2026,7,00,False,False,True
31004_20260704_1200_12,2026,7,12,True,False,False
31004_20260705_0000_00,2026,7,00,False,False,False
31004_20260705_1200_12,2026,7,12,False,False,False
31004_20260706_0000_00,2026,7,00,False,False,False
31004_20260706_1200_12,2026,7,12,False,False,False
31004_20260707_0000_00,2026,7,00,False,False,True
31004_20260707_1200_12,2026,7,12,False,False,False
31004_20260708_0000_00,2026,7,00,False,False,False
31004_20260708_1200_12,2026,7,12,False,False,False
31004_20260709_0000_00,2026,7,00,False,False,False
31004_20260709_1200_12,2026,7,12,False,False,False
31004_20260710_0000_00,2026,7,00,False,False,False
31004_20260710_1200_12,2026,7,12,False,False,False
31004_20260711_0000_00,2026,7,00,False,False,True
31004_20260711_1200_12,2026,7,12,False,False,False
31004_20260712_0000_00,2026,7,00,False,False,True
31004_20260712_1200_12,2026,7,12,False,True,False
31004_20260713_0000_00,2026,7,00,False,True,False
31004_20260713_1200_12,2026,7,12,False,True,True
31004_20260714_0000_00,2026,7,00,False,False,True
31004_20260714_1200_12,2026,7,12,False,False,True
31004_20260715_0000_00,2026,7,00,False,False,True
31004_20260715_1200_12,2026,7,12,False,True,False
31004_20260716_0000_00,2026,7,00,False,False,True
31004_20260716_1200_12,2026,7,12,False,False,False
31004_20260717_0000_00,2026,7,00,False,False,False
31004_20260717_1200_12,2026,7,12,False,False,False
31004_20260718_0000_00,2026,7,00,False,False,True
31004_20260718_1200_12,2026,7,12,False,False,False
31004_20260719_0000_00,2026,7,00,False,False,False
31004_20260719_1200_12,2026,7,12,False,False,False
