profile_id,station_name,source_file,station_id,subset_index,report_datetime_utc,data_status,REC,OBS,REPORT TIME,WMO/STATION/SATELLITE ID,LATI-,LONGI-,STN,SEQ,VSIG,PRES,GEOPOT,FLVL,AIR,DEW-,REL,WIND,WIND.1,replication_index,pressure_hpa,geopotential_height_m,height_010009_m,height_007007_m,height_bufr_m,height_phi_m,height_decoded_m,height_msl_m,height_msl_source,height_agl_m,station_elevation_m,below_station,in_working_profile,qc_flag,geopotential_m2s2,air_temperature_c,dew_point_temperature_c,wind_direction_deg,wind_speed,relative_humidity_percent,vertical_significance_code,VSIG_fxy,VSIG_unit,VSIG_kind,PRES_fxy,PRES_unit,PRES_kind,GEOPOT_fxy,GEOPOT_unit,GEOPOT_kind,FLVL_fxy,FLVL_unit,FLVL_kind,AIR_fxy,AIR_unit,AIR_kind,DEW-_fxy,DEW-_unit,DEW-_kind,REL_fxy,REL_unit,REL_kind,WIND_fxy,WIND_unit,WIND_kind,WIND.1_fxy,WIND.1_unit,WIND.1_kind
31004_19990101_0000_00,Aldan,gdas.adpupa.t00z.19990101.bufr,31004,0,1999-01-01T00:00:00Z,OK,ADPUPA,RAOBF,199901010000,31004,58.37,125.22,,,,1000.0,,0.0,-27.7,,,,,,1000.0,0.0,,,,,0.0,0.0,enriched,-679.0,679.0,True,False,below_station,,-27.7,,,,,,008001,Flag table,numeric,007004,Pa,numeric,010008,m2 s-2,numeric,010009,gpm,numeric,012101,K,numeric,012103,K,numeric,013003,%,numeric,011001,degree true,numeric,011002,m/s,numeric
31004_19990101_0000_00,Aldan,gdas.adpupa.t00z.19990101.bufr,31004,0,1999-01-01T00:00:00Z,OK,ADPUPA,RAOBF,199901010000,31004,58.37,125.22,,,,925.0,,500.0,-26.7,,,,,,925.0,500.0,,,,,500.0,500.0,enriched,-179.0,679.0,True,False,below_station,,-26.7,,,,,,008001,Flag table,numeric,007004,Pa,numeric,010008,m2 s-2,numeric,010009,gpm,numeric,012101,K,numeric,012103,K,numeric,013003,%,numeric,011001,degree true,numeric,011002,m/s,numeric
31004_19990101_0000_00,Aldan,gdas.adpupa.t00z.19990101.bufr,31004,0,1999-01-01T00:00:00Z,OK,ADPUPA,RAOBF,199901010000,31004,58.37,125.22,,,,850.0,,1000.0,-24.7,,,,,,850.0,1000.0,,,,,1000.0,1000.0,enriched,321.0,679.0,False,True,,,-24.7,,,,,,008001,Flag table,numeric,007004,Pa,numeric,010008,m2 s-2,numeric,010009,gpm,numeric,012101,K,numeric,012103,K,numeric,013003,%,numeric,011001,degree true,numeric,011002,m/s,numeric
31004_19990101_0000_00,Aldan,gdas.adpupa.t00z.19990101.bufr,31004,0,1999-01-01T00:00:00Z,OK,ADPUPA,RAOBF,199901010000,31004,58.37,125.22,,,,700.0,,1500.0,-26.7,,,,,,700.0,1500.0,,,,,1500.0,1500.0,enriched,821.0,679.0,False,True,,,-26.7,,,,,,008001,Flag table,numeric,007004,Pa,numeric,010008,m2 s-2,numeric,010009,gpm,numeric,012101,K,numeric,012103,K,numeric,013003,%,numeric,011001,degree true,numeric,011002,m/s,numeric
31004_19990101_0000_00,Aldan,gdas.adpupa.t00z.19990101.bufr,31004,0,1999-01-01T00:00:00Z,OK,ADPUPA,RAOBF,199901010000,31004,58.37,125.22,,,,600.0,,2000.0,-29.7,,,,,,600.0,2000.0,,,,,2000.0,2000.0,enriched,1321.0,679.0,False,True,,,-29.7,,,,,,008001,Flag table,numeric,007004,Pa,numeric,010008,m2 s-2,numeric,010009,gpm,numeric,012101,K,numeric,012103,K,numeric,013003,%,numeric,011001,degree true,numeric,011002,m/s,numeric
31004_19990101_0000_00,Aldan,gdas.adpupa.t00z.19990101.bufr,31004,0,1999-01-01T00:00:00Z,OK,ADPUPA,RAOBF,199901010000,31004,58.37,125.22,,,,500.0,,2500.0,-33.7,,,,,,500.0,2500.0,,,,,2500.0,2500.0,enriched,1821.0,679.0,False,True,,,-33.7,,,,,,008001,Flag table,numeric,007004,Pa,numeric,010008,m2 s-2,numeric,010009,gpm,numeric,012101,K,numeric,012103,K,numeric,013003,%,numeric,011001,degree true,numeric,011002,m/s,numeric
31004_19990101_1200_12,Aldan,gdas.adpupa.t12z.19990101.bufr,31004,0,1999-01-01T12:00:00Z,OK,ADPUPA,RAOBF,199901011200,31004,58.37,125.22,,,,1000.0,,0.0,-27.7,,,,,,1000.0,0.0,,,,,0.0,0.0,enriched,-679.0,679.0,True,False,below_station,,-27.7,,,,,,008001,Flag table,numeric,007004,Pa,numeric,010008,m2 s-2,numeric,010009,gpm,numeric,012101,K,numeric,012103,K,numeric,013003,%,numeric,011001,degree true,numeric,011002,m/s,numeric
31004_19990101_1200_12,Aldan,gdas.adpupa.t12z.19990101.bufr,31004,0,1999-01-01T12:00:00Z,OK,ADPUPA,RAOBF,199901011200,31004,58.37,125.22,,,,925.0,,500.0,-26.7,,,,,,925.0,500.0,,,,,500.0,500.0,enriched,-179.0,679.0,True,False,below_station,,-26.7,,,,,,008001,Flag table,numeric,007004,Pa,numeric,010008,m2 s-2,numeric,010009,gpm,numeric,012101,K,numeric,012103,K,numeric,013003,%,numeric,011001,degree true,numeric,011002,m/s,numeric
31004_19990101_1200_12,Aldan,gdas.adpupa.t12z.19990101.bufr,31004,0,1999-01-01T12:00:00Z,OK,ADPUPA,RAOBF,199901011200,31004,58.37,125.22,,,,850.0,,1000.0,-24.7,,,,,,850.0,1000.0,,,,,1000.0,1000.0,enriched,321.0,679.0,False,True,,,-24.7,,,,,,008001,Flag table,numeric,007004,Pa,numeric,010008,m2 s-2,numeric,010009,gpm,numeric,012101,K,numeric,012103,K,numeric,013003,%,numeric,011001,degree true,numeric,011002,m/s,numeric
31004_19990101_1200_12,Aldan,gdas.adpupa.t12z.19990101.bufr,31004,0,1999-01-01T12:00:00Z,OK,ADPUPA,RAOBF,199901011200,31004,58.37,125.22,,,,700.0,,1500.0,-26.7,,,,,,700.0,1500.0,,,,,1500.0,1500.0,enriched,821.0,679.0,False,True,,,-26.7,,,,,,008001,Flag table,numeric,007004,Pa,numeric,010008,m2 s-2,numeric,010009,gpm,numeric,012101,K,numeric,012103,K,numeric,013003,%,numeric,011001,degree true,numeric,011002,m/s,numeric
31004_19990101_1200_12,Aldan,gdas.adpupa.t12z.19990101.bufr,31004,0,1999-01-01T12:00:00Z,OK,ADPUPA,RAOBF,199901011200,31004,58.37,125.22,,,,600.0,,2000.0,-29.7,,,,,,600.0,2000.0,,,,,2000.0,2000.0,enriched,1321.0,679.0,False,True,,,-29.7,,,,,,008001,Flag table,numeric,007004,Pa,numeric,010008,m2 s-2,numeric,010009,gpm,numeric,012101,K,numeric,012103,K,numeric,013003,%,numeric,011001,degree true,numeric,011002,m/s,numeric
31004_19990101_1200_12,Aldan,gdas.adpupa.t12z.19990101.bufr,31004,0,1999-01-01T12:00:00Z,OK,ADPUPA,RAOBF,199901011200,31004,58.37,125.22,,,,500.0,,2500.0,-33.7,,,,,,500.0,2500.0,,,,,2500.0,2500.0,enriched,1821.0,679.0,False,True,,,-33.7,,,,,,008001,Flag table,numeric,007004,Pa,numeric,010008,m2 s-2,numeric,010009,gpm,numeric,012101,K,numeric,012103,K,numeric,013003,%,numeric,011001,degree true,numeric,011002,m/s,numeric
31004_19990102_0000_00,Aldan,gdas.adpupa.t00z.19990102.bufr,31004,0,1999-01-02T00:00:00Z,OK,ADPUPA,RAOBF,199901020000,31004,58.37,125.22,,,,1000.0,,0.0,-27.4,,,,,,1000.0,0.0,,,,,0.0,0.0,enriched,-679.0,679.0,True,False,below_station,,-27.4,,,,,,008001,Flag table,numeric,007004,Pa,numeric,010008,m2 s-2,numeric,010009,gpm,numeric,012101,K,numeric,012103,K,numeric,013003,%,numeric,011001,degree true,numeric,011002,m/s,numeric
31004_19990102_0000_00,Aldan,gdas.adpupa.t00z.19990102.bufr,31004,0,1999-01-02T00:00:00Z,OK,ADPUPA,RAOBF,199901020000,31004,58.37,125.22,,,,925.0,,500.0,-26.4,,,,,,925.0,500.0,,,,,500.0,500.0,enriched,-179.0,679.0,True,False,below_station,,-26.4,,,,,,008001,Flag table,numeric,007004,Pa,numeric,010008,m2 s-2,numeric,010009,gpm,numeric,012101,K,numeric,012103,K,numeric,013003,%,numeric,011001,degree true,numeric,011002,m/s,numeric
31004_19990102_0000_00,Aldan,gdas.adpupa.t00z.19990102.bufr,31004,0,1999-01-02T00:00:00Z,OK,ADPUPA,RAOBF,199901020000,31004,58.37,125.22,,,,850.0,,1000.0,-24.4,,,,,,850.0,1000.0,,,,,1000.0,1000.0,enriched,321.0,679.0,False,True,,,-24.4,,,,,,008001,Flag table,numeric,007004,Pa,numeric,010008,m2 s-2,numeric,010009,gpm,numeric,012101,K,numeric,012103,K,numeric,013003,%,numeric,011001,degree true,numeric,011002,m/s,numeric
31004_19990102_0000_00,Aldan,gdas.adpupa.t00z.19990102.bufr,31004,0,1999-01-02T00:00:00Z,OK,ADPUPA,RAOBF,199901020000,31004,58.37,125.22,,,,700.0,,1500.0,-26.4,,,,,,700.0,1500.0,,,,,1500.0,1500.0,enriched,821.0,679.0,False,True,,,-26.4,,,,,,008001,Flag table,numeric,007004,Pa,numeric,010008,m2 s-2,numeric,010009,gpm,numeric,012101,K,numeric,012103,K,numeric,013003,%,numeric,011001,degree true,numeric,011002,m/s,numeric
31004_19990102_0000_00,Aldan,gdas.adpupa.t00z.19990102.bufr,31004,0,1999-01-02T00:00:00Z,OK,ADPUPA,RAOBF,199901020000,31004,58.37,125.22,,,,600.0,,2000.0,-29.4,,,,,,600.0,2000.0,,,,,2000.0,2000.0,enriched,1321.0,679.0,False,True,,,-29.4,,,,,,008001,Flag table,numeric,007004,Pa,numeric,010008,m2 s-2,numeric,010009,gpm,numeric,012101,K,numeric,012103,K,numeric,013003,%,numeric,011001,degree true,numeric,011002,m/s,numeric
31004_19990102_0000_00,Aldan,gdas.adpupa.t00z.19990102.bufr,31004,0,1999-01-02T00:00:00Z,OK,ADPUPA,RAOBF,199901020000,31004,58.37,125.22,,,,500.0,,2500.0,-33.4,,,,,,500.0,2500.0,,,,,2500.0,2500.0,enriched,1821.0,679.0,False,True,,,-33.4,,,,,,008001,Flag table,numeric,007004,Pa,numeric,010008,m2 s-2,numeric,010009,gpm,numeric,012101,K,numeric,012103,K,numeric,013003,%,numeric,011001,degree true,numeric,011002,m/s,numeric
31004_19990102_1200_12,Aldan,gdas.adpupa.t12z.19990102.bufr,31004,0,1999-01-02T12:00:00Z,OK,ADPUPA,RAOBF,199901021200,31004,58.37,125.22,,,,1000.0,,0.0,-27.4,,,,,,1000.0,0.0,,,,,0.0,0.0,enriched,-679.0,679.0,True,False,below_station,,-27.4,,,,,,008001,Flag table,numeric,007004,Pa,numeric,010008,m2 s-2,numeric,010009,gpm,numeric,012101,K,numeric,012103,K,numeric,013003,%,numeric,011001,degree true,numeric,011002,m/s,numeric
31004_19990102_1200_12,Aldan,gdas.adpupa.t12z.19990102.bufr,31004,0,1999-01-02T12:00:00Z,OK,ADPUPA,RAOBF,199901021200,31004,58.37,125.22,,,,925.0,,500.0,-26.4,,,,,,925.0,500.0,,,,,500.0,500.0,enriched,-179.0,679.0,True,False,below_station,,-26.4,,,,,,008001,Flag table,numeric,007004,Pa,numeric,010008,m2 s-2,numeric,010009,gpm,numeric,012101,K,numeric,012103,K,numeric,013003,%,numeric,011001,degree true,numeric,011002,m/s,numeric
31004_19990102_1200_12,Aldan,gdas.adpupa.t12z.19990102.bufr,31004,0,1999-01-02T12:00:00Z,OK,ADPUPA,RAOBF,199901021200,31004,58.37,125.22,,,,850.0,,1000.0,-24.4,,,,,,850.0,1000.0,,,,,1000.0,1000.0,enriched,321.0,679.0,False,True,,,-24.4,,,,,,008001,Flag table,numeric,007004,Pa,numeric,010008,m2 s-2,numeric,010009,gpm,numeric,012101,K,numeric,012103,K,numeric,013003,%,numeric,011001,degree true,numeric,011002,m/s,numeric
31004_19990102_1200_12,Aldan,gdas.adpupa.t12z.19990102.bufr,31004,0,1999-01-02T12:00:00Z,OK,ADPUPA,RAOBF,199901021200,31004,58.37,125.22,,,,700.0,,1500.0,-26.4,,,,,,700.0,1500.0,,,,,1500.0,1500.0,enriched,821.0,679.0,False,True,,,-26.4,,,,,,008001,Flag table,numeric,007004,Pa,numeric,010008,m2 s-2,numeric,010009,gpm,numeric,012101,K,numeric,012103,K,numeric,013003,%,numeric,011001,degree true,numeric,011002,m/s,numeric
31004_19990102_1200_12,Aldan,gdas.adpupa.t12z.19990102.bufr,31004,0,1999-01-02T12:00:00Z,OK,ADPUPA,RAOBF,199901021200,31004,58.37,125.22,,,,600.0,,2000.0,-29.4,,,,,,600.0,2000.0,,,,,2000.0,2000.0,enriched,1321.0,679.0,False,True,,,-29.4,,,,,,008001,Flag table,numeric,007004,Pa,numeric,010008,m2 s-2,numeric,010009,gpm,numeric,012101,K,numeric,012103,K,numeric,013003,%,numeric,011001,degree true,numeric,011002,m/s,numeric
31004_19990102_1200_12,Aldan,gdas.adpupa.t12z.19990102.bufr,31004,0,1999-01-02T12:00:00Z,OK,ADPUPA,RAOBF,199901021200,31004,58.37,125.22,,,,500.0,,2500.0,-33.4,,,,,,500.0,2500.0,,,,,2500.0,2500.0,enriched,1821.0,679.0,False,True,,,-33.4,,,,,,008001,Flag table,numeric,007004,Pa,numeric,010008,m2 s-2,numeric,010009,gpm,numeric,012101,K,numeric,012103,K,numeric,013003,%,numeric,011001,degree true,numeric,011002,m/s,numeric
31004_19990103_0000_00,Aldan,gdas.adpupa.t00z.19990103.bufr,31004,0,1999-01-03T00:00:00Z,OK,ADPUPA,RAOBF,199901030000,31004,58.37,125.22,,,,1000.0,,0.0,-27.1,,,,,,1000.0,0.0,,,,,0.0,0.0,enriched,-679.0,679.0,True,False,below_station,,-27.1,,,,,,008001,Flag table,numeric,007004,Pa,numeric,010008,m2 s-2,numeric,010009,gpm,numeric,012101,K,numeric,012103,K,numeric,013003,%,numeric,011001,degree true,numeric,011002,m/s,numeric
31004_19990103_0000_00,Aldan,gdas.adpupa.t00z.19990103.bufr,31004,0,1999-01-03T00:00:00Z,OK,ADPUPA,RAOBF,199901030000,31004,58.37,125.22,,,,925.0,,500.0,-26.1,,,,,,925.0,500.0,,,,,500.0,500.0,enriched,-179.0,679.0,True,False,below_station,,-26.1,,,,,,008001,Flag table,numeric,007004,Pa,numeric,010008,m2 s-2,numeric,010009,gpm,numeric,012101,K,numeric,012103,K,numeric,013003,%,numeric,011001,degree true,numeric,011002,m/s,numeric
31004_19990103_0000_00,Aldan,gdas.adpupa.t00z.19990103.bufr,31004,0,1999-01-03T00:00:00Z,OK,ADPUPA,RAOBF,199901030000,31004,58.37,125.22,,,,850.0,,1000.0,-24.1,,,,,,850.0,1000.0,,,,,1000.0,1000.0,enriched,321.0,679.0,False,True,,,-24.1,,,,,,008001,Flag table,numeric,007004,Pa,numeric,010008,m2 s-2,numeric,010009,gpm,numeric,012101,K,numeric,012103,K,numeric,013003,%,numeric,011001,degree true,numeric,011002,m/s,numeric
31004_19990103_0000_00,Aldan,gdas.adpupa.t00z.19990103.bufr,31004,0,1999-01-03T00:00:00Z,OK,ADPUPA,RAOBF,199901030000,31004,58.37,125.22,,,,700.0,,1500.0,-26.1,,,,,,700.0,1500.0,,,,,1500.0,1500.0,enriched,821.0,679.0,False,True,,,-26.1,,,,,,008001,Flag table,numeric,007004,Pa,numeric,010008,m2 s-2,numeric,010009,gpm,numeric,012101,K,numeric,012103,K,numeric,013003,%,numeric,011001,degree true,numeric,011002,m/s,numeric
31004_19990103_0000_00,Aldan,gdas.adpupa.t00z.19990103.bufr,31004,0,1999-01-03T00:00:00Z,OK,ADPUPA,RAOBF,199901030000,31004,58.37,125.22,,,,600.0,,2000.0,-29.1,,,,,,600.0,2000.0,,,,,2000.0,2000.0,enriched,1321.0,679.0,False,True,,,-29.1,,,,,,008001,Flag table,numeric,007004,Pa,numeric,010008,m2 s-2,numeric,010009,gpm,numeric,012101,K,numeric,012103,K,numeric,013003,%,numeric,011001,degree true,numeric,011002,m/s,numeric
31004_19990103_0000_00,Aldan,gdas.adpupa.t00z.19990103.bufr,31004,0,1999-01-03T00:00:00Z,OK,ADPUPA,RAOBF,199901030000,31004,58.37,125.22,,,,500.0,,2500.0,-33.1,,,,,,500.0,2500.0,,,,,2500.0,2500.0,enriched,1821.0,679.0,False,True,,,-33.1,,,,,,008001,Flag table,numeric,007004,Pa,numeric,010008,m2 s-2,numeric,010009,gpm,numeric,012101,K,numeric,012103,K,numeric,013003,%,numeric,011001,degree true,numeric,011002,m/s,numeric
31004_19990103_1200_12,Aldan,gdas.adpupa.t12z.19990103.bufr,31004,0,1999-01-03T12:00:00Z,OK,ADPUPA,RAOBF,199901031200,31004,58.37,125.22,,,,1000.0,,0.0,-27.1,,,,,,1000.0,0.0,,,,,0.0,0.0,enriched,-679.0,679.0,True,False,below_station,,-27.1,,,,,,008001,Flag table,numeric,007004,Pa,numeric,010008,m2 s-2,numeric,010009,gpm,numeric,012101,K,numeric,012103,K,numeric,013003,%,numeric,011001,degree true,numeric,011002,m/s,numeric
31004_19990103_1200_12,Aldan,gdas.adpupa.t12z.19990103.bufr,31004,0,1999-01-03T12:00:00Z,OK,ADPUPA,RAOBF,199901031200,31004,58.37,125.22,,,,925.0,,500.0,-26.1,,,,,,925.0,500.0,,,,,500.0,500.0,enriched,-179.0,679.0,True,False,below_station,,-26.1,,,,,,008001,Flag table,numeric,007004,Pa,numeric,010008,m2 s-2,numeric,010009,gpm,numeric,012101,K,numeric,012103,K,numeric,013003,%,numeric,011001,degree true,numeric,011002,m/s,numeric
31004_19990103_1200_12,Aldan,gdas.adpupa.t12z.19990103.bufr,31004,0,1999-01-03T12:00:00Z,OK,ADPUPA,RAOBF,199901031200,31004,58.37,125.22,,,,850.0,,1000.0,-24.1,,,,,,850.0,1000.0,,,,,1000.0,1000.0,enriched,321.0,679.0,False,True,,,-24.1,,,,,,008001,Flag table,numeric,007004,Pa,numeric,010008,m2 s-2,numeric,010009,gpm,numeric,012101,K,numeric,012103,K,numeric,013003,%,numeric,011001,degree true,numeric,011002,m/s,numeric
31004_19990103_1200_12,Aldan,gdas.adpupa.t12z.19990103.bufr,31004,0,1999-01-03T12:00:00Z,OK,ADPUPA,RAOBF,199901031200,31004,58.37,125.22,,,,700.0,,1500.0,-26.1,,,,,,700.0,1500.0,,,,,1500.0,1500.0,enriched,821.0,679.0,False,True,,,-26.1,,,,,,008001,Flag table,numeric,007004,Pa,numeric,010008,m2 s-2,numeric,010009,gpm,numeric,012101,K,numeric,012103,K,numeric,013003,%,numeric,011001,degree true,numeric,011002,m/s,numeric
31004_19990103_1200_12,Aldan,gdas.adpupa.t12z.19990103.bufr,31004,0,1999-01-03T12:00:00Z,OK,ADPUPA,RAOBF,199901031200,31004,58.37,125.22,,,,600.0,,2000.0,-29.1,,,,,,600.0,2000.0,,,,,2000.0,2000.0,enriched,1321.0,679.0,False,True,,,-29.1,,,,,,008001,Flag table,numeric,007004,Pa,numeric,010008,m2 s-2,numeric,010009,gpm,numeric,012101,K,numeric,012103,K,numeric,013003,%,numeric,011001,degree true,numeric,011002,m/s,numeric
31004_19990103_1200_12,Aldan,gdas.adpupa.t12z.19990103.bufr,31004,0,1999-01-03T12:00:00Z,OK,ADPUPA,RAOBF,199901031200,31004,58.37,125.22,,,,500.0,,2500.0,-33.1,,,,,,500.0,2500.0,,,,,2500.0,2500.0,enriched,1821.0,679.0,False,True,,,-33.1,,,,,,008001,Flag table,numeric,007004,Pa,numeric,010008,m2 s-2,numeric,010009,gpm,numeric,012101,K,numeric,012103,K,numeric,013003,%,numeric,011001,degree true,numeric,011002,m/s,numeric
31004_19990104_0000_00,Aldan,gdas.adpupa.t00z.19990104.bufr,31004,0,1999-01-04T00:00:00Z,OK,ADPUPA,RAOBF,199901040000,31004,58.37,125.22,,,,1000.0,,0.0,-26.8,,,,,,1000.0,0.0,,,,,0.0,0.0,enriched,-679.0,679.0,True,False,below_station,,-26.8,,,,,,008001,Flag table,numeric,007004,Pa,numeric,010008,m2 s-2,numeric,010009,gpm,numeric,012101,K,numeric,012103,K,numeric,013003,%,numeric,011001,degree true,numeric,011002,m/s,numeric
31004_19990104_0000_00,Aldan,gdas.adpupa.t00z.19990104.bufr,31004,0,1999-01-04T00:00:00Z,OK,ADPUPA,RAOBF,199901040000,31004,58.37,125.22,,,,925.0,,500.0,-25.8,,,,,,925.0,500.0,,,,,500.0,500.0,enriched,-179.0,679.0,True,False,below_station,,-25.8,,,,,,008001,Flag table,numeric,007004,Pa,numeric,010008,m2 s-2,numeric,010009,gpm,numeric,012101,K,numeric,012103,K,numeric,013003,%,numeric,011001,degree true,numeric,011002,m/s,numeric
31004_19990104_0000_00,Aldan,gdas.adpupa.t00z.19990104.bufr,31004,0,1999-01-04T00:00:00Z,OK,ADPUPA,RAOBF,199901040000,31004,58.37,125.22,,,,850.0,,1000.0,-23.8,,,,,,850.0,1000.0,,,,,1000.0,1000.0,enriched,321.0,679.0,False,True,,,-23.8,,,,,,008001,Flag table,numeric,007004,Pa,numeric,010008,m2 s-2,numeric,010009,gpm,numeric,012101,K,numeric,012103,K,numeric,013003,%,numeric,011001,degree true,numeric,011002,m/s,numeric
31004_19990104_0000_00,Aldan,gdas.adpupa.t00z.19990104.bufr,31004,0,1999-01-04T00:00:00Z,OK,ADPUPA,RAOBF,199901040000,31004,58.37,125.22,,,,700.0,,1500.0,-25.8,,,,,,700.0,1500.0,,,,,1500.0,1500.0,enriched,821.0,679.0,False,True,,,-25.8,,,,,,008001,Flag table,numeric,007004,Pa,numeric,010008,m2 s-2,numeric,010009,gpm,numeric,012101,K,numeric,012103,K,numeric,013003,%,numeric,011001,degree true,numeric,011002,m/s,numeric
31004_19990104_0000_00,Aldan,gdas.adpupa.t00z.19990104.bufr,31004,0,1999-01-04T00:00:00Z,OK,ADPUPA,RAOBF,199901040000,31004,58.37,125.22,,,,600.0,,2000.0,-28.8,,,,,,600.0,2000.0,,,,,2000.0,2000.0,enriched,1321.0,679.0,False,True,,,-28.8,,,,,,008001,Flag table,numeric,007004,Pa,numeric,010008,m2 s-2,numeric,010009,gpm,numeric,012101,K,numeric,012103,K,numeric,013003,%,numeric,011001,degree true,numeric,011002,m/s,numeric
31004_19990104_0000_00,Aldan,gdas.adpupa.t00z.19990104.bufr,31004,0,1999-01-04T00:00:00Z,OK,ADPUPA,RAOBF,199901040000,31004,58.37,125.22,,,,500.0,,2500.0,-32.8,,,,,,500.0,2500.0,,,,,2500.0,2500.0,enriched,1821.0,679.0,False,True,,,-32.8,,,,,,008001,Flag table,numeric,007004,Pa,numeric,010008,m2 s-2,numeric,010009,gpm,numeric,012101,K,numeric,012103,K,numeric,013003,%,numeric,011001,degree true,numeric,011002,m/s,numeric
31004_19990104_1200_12,Aldan,gdas.adpupa.t12z.19990104.bufr,31004,0,1999-01-04T12:00:00Z,OK,ADPUPA,RAOBF,199901041200,31004,58.37,125.22,,,,1000.0,,0.0,-26.8,,,,,,1000.0,0.0,,,,,0.0,0.0,enriched,-679.0,679.0,True,False,below_station,,-26.8,,,,,,008001,Flag table,numeric,007004,Pa,numeric,010008,m2 s-2,numeric,010009,gpm,numeric,012101,K,numeric,012103,K,numeric,013003,%,numeric,011001,degree true,numeric,011002,m/s,numeric
31004_19990104_1200_12,Aldan,gdas.adpupa.t12z.19990104.bufr,31004,0,1999-01-04T12:00:00Z,OK,ADPUPA,RAOBF,199901041200,31004,58.37,125.22,,,,925.0,,500.0,-25.8,,,,,,925.0,500.0,,,,,500.0,500.0,enriched,-179.0,679.0,True,False,below_station,,-25.8,,,,,,008001,Flag table,numeric,007004,Pa,numeric,010008,m2 s-2,numeric,010009,gpm,numeric,012101,K,numeric,012103,K,numeric,013003,%,numeric,011001,degree true,numeric,011002,m/s,numeric
31004_19990104_1200_12,Aldan,gdas.adpupa.t12z.19990104.bufr,31004,0,1999-01-04T12:00:00Z,OK,ADPUPA,RAOBF,199901041200,31004,58.37,125.22,,,,850.0,,1000.0,-23.8,,,,,,850.0,1000.0,,,,,1000.0,1000.0,enriched,321.0,679.0,False,True,,,-23.8,,,,,,008001,Flag table,numeric,007004,Pa,numeric,010008,m2 s-2,numeric,010009,gpm,numeric,012101,K,numeric,012103,K,numeric,013003,%,numeric,011001,degree true,numeric,011002,m/s,numeric
31004_19990104_1200_12,Aldan,gdas.adpupa.t12z.19990104.bufr,31004,0,1999-01-04T12:00:00Z,OK,ADPUPA,RAOBF,199901041200,31004,58.37,125.22,,,,700.0,,1500.0,-25.8,,,,,,700.0,1500.0,,,,,1500.0,1500.0,enriched,821.0,679.0,False,True,,,-25.8,,,,,,008001,Flag table,numeric,007004,Pa,numeric,010008,m2 s-2,numeric,010009,gpm,numeric,012101,K,numeric,012103,K,numeric,013003,%,numeric,011001,degree true,numeric,011002,m/s,numeric
31004_19990104_1200_12,Aldan,gdas.adpupa.t12z.19990104.bufr,31004,0,1999-01-04T12:00:00Z,OK,ADPUPA,RAOBF,199901041200,31004,58.37,125.22,,,,600.0,,2000.0,-28.8,,,,,,600.0,2000.0,,,,,2000.0,2000.0,enriched,1321.0,679.0,False,True,,,-28.8,,,,,,008001,Flag table,numeric,007004,Pa,numeric,010008,m2 s-2,numeric,010009,gpm,numeric,012101,K,numeric,012103,K,numeric,013003,%,numeric,011001,degree true,numeric,011002,m/s,numeric
31004_19990104_1200_12,Aldan,gdas.adpupa.t12z.19990104.bufr,31004,0,1999-01-04T12:00:00Z,OK,ADPUPA,RAOBF,199901041200,31004,58.37,125.22,,,,500.0,,2500.0,-32.8,,,,,,500.0,2500.0,,,,,2500.0,2500.0,enriched,1821.0,679.0,False,True,,,-32.8,,,,,,008001,Flag table,numeric,007004,Pa,numeric,010008,m2 s-2,numeric,010009,gpm,numeric,012101,K,numeric,012103,K,numeric,013003,%,numeric,011001,degree true,numeric,011002,m/s,numeric
31004_19990105_0000_00,Aldan,gdas.adpupa.t00z.19990105.bufr,31004,0,1999-01-05T00:00:00Z,OK,ADPUPA,RAOBF,199901050000,31004,58.37,125.22,,,,1000.0,,0.0,-26.5,,,,,,1000.0,0.0,,,,,0.0,0.0,enriched,-679.0,679.0,True,False,below_station,,-26.5,,,,,,008001,Flag table,numeric,007004,Pa,numeric,010008,m2 s-2,numeric,010009,gpm,numeric,012101,K,numeric,012103,K,numeric,013003,%,numeric,011001,degree true,numeric,011002,m/s,numeric
31004_19990105_0000_00,Aldan,gdas.adpupa.t00z.19990105.bufr,31004,0,1999-01-05T00:00:00Z,OK,ADPUPA,RAOBF,199901050000,31004,58.37,125.22,,,,925.0,,500.0,-25.5,,,,,,925.0,500.0,,,,,500.0,500.0,enriched,-179.0,679.0,True,False,below_station,,-25.5,,,,,,008001,Flag table,numeric,007004,Pa,numeric,010008,m2 s-2,numeric,010009,gpm,numeric,012101,K,numeric,012103,K,numeric,013003,%,numeric,011001,degree true,numeric,011002,m/s,numeric
31004_19990105_0000_00,Aldan,gdas.adpupa.t00z.19990105.bufr,31004,0,1999-01-05T00:00:00Z,OK,ADPUPA,RAOBF,199901050000,31004,58.37,125.22,,,,850.0,,1000.0,-23.5,,,,,,850.0,1000.0,,,,,1000.0,1000.0,enriched,321.0,679.0,False,True,,,-23.5,,,,,,008001,Flag table,numeric,007004,Pa,numeric,010008,m2 s-2,numeric,010009,gpm,numeric,012101,K,numeric,012103,K,numeric,013003,%,numeric,011001,degree true,numeric,011002,m/s,numeric
31004_19990105_0000_00,Aldan,gdas.adpupa.t00z.19990105.bufr,31004,0,1999-01-05T00:00:00Z,OK,ADPUPA,RAOBF,199901050000,31004,58.37,125.22,,,,700.0,,1500.0,-25.5,,,,,,700.0,1500.0,,,,,1500.0,1500.0,enriched,821.0,679.0,False,True,,,-25.5,,,,,,008001,Flag table,numeric,007004,Pa,numeric,010008,m2 s-2,numeric,010009,gpm,numeric,012101,K,numeric,012103,K,numeric,013003,%,numeric,011001,degree true,numeric,011002,m/s,numeric
31004_19990105_0000_00,Aldan,gdas.adpupa.t00z.19990105.bufr,31004,0,1999-01-05T00:00:00Z,OK,ADPUPA,RAOBF,199901050000,31004,58.37,125.22,,,,600.0,,2000.0,-28.5,,,,,,600.0,2000.0,,,,,2000.0,2000.0,enriched,1321.0,679.0,False,True,,,-28.5,,,,,,008001,Flag table,numeric,007004,Pa,numeric,010008,m2 s-2,numeric,010009,gpm,numeric,012101,K,numeric,012103,K,numeric,013003,%,numeric,011001,degree true,numeric,011002,m/s,numeric
31004_19990105_0000_00,Aldan,gdas.adpupa.t00z.19990105.bufr,31004,0,1999-01-05T00:00:00Z,OK,ADPUPA,RAOBF,199901050000,31004,58.37,125.22,,,,500.0,,2500.0,-32.5,,,,,,500.0,2500.0,,,,,2500.0,2500.0,enriched,1821.0,679.0,False,True,,,-32.5,,,,,,008001,Flag table,numeric,007004,Pa,numeric,010008,m2 s-2,numeric,010009,gpm,numeric,012101,K,numeric,012103,K,numeric,013003,%,numeric,011001,degree true,numeric,011002,m/s,numeric
31004_19990105_1200_12,Aldan,gdas.adpupa.t12z.19990105.bufr,31004,0,1999-01-05T12:00:00Z,OK,ADPUPA,RAOBF,199901051200,31004,58.37,125.22,,,,1000.0,,0.0,-26.5,,,,,,1000.0,0.0,,,,,0.0,0.0,enriched,-679.0,679.0,True,False,below_station,,-26.5,,,,,,008001,Flag table,numeric,007004,Pa,numeric,010008,m2 s-2,numeric,010009,gpm,numeric,012101,K,numeric,012103,K,numeric,013003,%,numeric,011001,degree true,numeric,011002,m/s,numeric
31004_19990105_1200_12,Aldan,gdas.adpupa.t12z.19990105.bufr,31004,0,1999-01-05T12:00:00Z,OK,ADPUPA,RAOBF,199901051200,31004,58.37,125.22,,,,925.0,,500.0,-25.5,,,,,,925.0,500.0,,,,,500.0,500.0,enriched,-179.0,679.0,True,False,below_station,,-25.5,,,,,,008001,Flag table,numeric,007004,Pa,numeric,010008,m2 s-2,numeric,010009,gpm,numeric,012101,K,numeric,012103,K,numeric,013003,%,numeric,011001,degree true,numeric,011002,m/s,numeric
31004_19990105_1200_12,Aldan,gdas.adpupa.t12z.19990105.bufr,31004,0,1999-01-05T12:00:00Z,OK,ADPUPA,RAOBF,199901051200,31004,58.37,125.22,,,,850.0,,1000.0,-23.5,,,,,,850.0,1000.0,,,,,1000.0,1000.0,enriched,321.0,679.0,False,True,,,-23.5,,,,,,008001,Flag table,numeric,007004,Pa,numeric,010008,m2 s-2,numeric,010009,gpm,numeric,012101,K,numeric,012103,K,numeric,013003,%,numeric,011001,degree true,numeric,011002,m/s,numeric
31004_19990105_1200_12,Aldan,gdas.adpupa.t12z.19990105.bufr,31004,0,1999-01-05T12:00:00Z,OK,ADPUPA,RAOBF,199901051200,31004,58.37,125.22,,,,700.0,,1500.0,-25.5,,,,,,700.0,1500.0,,,,,1500.0,1500.0,enriched,821.0,679.0,False,True,,,-25.5,,,,,,008001,Flag table,numeric,007004,Pa,numeric,010008,m2 s-2,numeric,010009,gpm,numeric,012101,K,numeric,012103,K,numeric,013003,%,numeric,011001,degree true,numeric,011002,m/s,numeric
31004_19990105_1200_12,Aldan,gdas.adpupa.t12z.19990105.bufr,31004,0,1999-01-05T12:00:00Z,OK,ADPUPA,RAOBF,199901051200,31004,58.37,125.22,,,,600.0,,2000.0,-28.5,,,,,,600.0,2000.0,,,,,2000.0,2000.0,enriched,1321.0,679.0,False,True,,,-28.5,,,,,,008001,Flag table,numeric,007004,Pa,numeric,010008,m2 s-2,numeric,010009,gpm,numeric,012101,K,numeric,012103,K,numeric,013003,%,numeric,011001,degree true,numeric,011002,m/s,numeric
31004_19990105_1200_12,Aldan,gdas.adpupa.t12z.19990105.bufr,31004,0,1999-01-05T12:00:00Z,OK,ADPUPA,RAOBF,199901051200,31004,58.37,125.22,,,,500.0,,2500.0,-32.5,,,,,,500.0,2500.0,,,,,2500.0,2500.0,enriched,1821.0,679.0,False,True,,,-32.5,,,,,,008001,Flag table,numeric,007004,Pa,numeric,010008,m2 s-2,numeric,010009,gpm,numeric,012101,K,numeric,012103,K,numeric,013003,%,numeric,011001,degree true,numeric,011002,m/s,numeric
31004_19990106_0000_00,Aldan,gdas.adpupa.t00z.19990106.bufr,31004,0,1999-01-06T00:00:00Z,OK,ADPUPA,RAOBF,199901060000,31004,58.37,125.22,,,,1000.0,,0.0,-26.2,,,,,,1000.0,0.0,,,,,0.0,0.0,enriched,-679.0,679.0,True,False,below_station,,-26.2,,,,,,008001,Flag table,numeric,007004,Pa,numeric,010008,m2 s-2,numeric,010009,gpm,numeric,012101,K,numeric,012103,K,numeric,013003,%,numeric,011001,degree true,numeric,011002,m/s,numeric
31004_19990106_0000_00,Aldan,gdas.adpupa.t00z.19990106.bufr,31004,0,1999-01-06T00:00:00Z,OK,ADPUPA,RAOBF,199901060000,31004,58.37,125.22,,,,925.0,,500.0,-25.2,,,,,,925.0,500.0,,,,,500.0,500.0,enriched,-179.0,679.0,True,False,below_station,,-25.2,,,,,,008001,Flag table,numeric,007004,Pa,numeric,010008,m2 s-2,numeric,010009,gpm,numeric,012101,K,numeric,012103,K,numeric,013003,%,numeric,011001,degree true,numeric,011002,m/s,numeric
31004_19990106_0000_00,Aldan,gdas.adpupa.t00z.19990106.bufr,31004,0,1999-01-06T00:00:00Z,OK,ADPUPA,RAOBF,199901060000,31004,58.37,125.22,,,,850.0,,1000.0,-23.2,,,,,,850.0,1000.0,,,,,1000.0,1000.0,enriched,321.0,679.0,False,True,,,-23.2,,,,,,008001,Flag table,numeric,007004,Pa,numeric,010008,m2 s-2,numeric,010009,gpm,numeric,012101,K,numeric,012103,K,numeric,013003,%,numeric,011001,degree true,numeric,011002,m/s,numeric
31004_19990106_0000_00,Aldan,gdas.adpupa.t00z.19990106.bufr,31004,0,1999-01-06T00:00:00Z,OK,ADPUPA,RAOBF,199901060000,31004,58.37,125.22,,,,700.0,,1500.0,-25.2,,,,,,700.0,1500.0,,,,,1500.0,1500.0,enriched,821.0,679.0,False,True,,,-25.2,,,,,,008001,Flag table,numeric,007004,Pa,numeric,010008,m2 s-2,numeric,010009,gpm,numeric,012101,K,numeric,012103,K,numeric,013003,%,numeric,011001,degree true,numeric,011002,m/s,numeric
31004_19990106_0000_00,Aldan,gdas.adpupa.t00z.19990106.bufr,31004,0,1999-01-06T00:00:00Z,OK,ADPUPA,RAOBF,199901060000,31004,58.37,125.22,,,,600.0,,2000.0,-28.2,,,,,,600.0,2000.0,,,,,2000.0,2000.0,enriched,1321.0,679.0,False,True,,,-28.2,,,,,,008001,Flag table,numeric,007004,Pa,numeric,010008,m2 s-2,numeric,010009,gpm,numeric,012101,K,numeric,012103,K,numeric,013003,%,numeric,011001,degree true,numeric,011002,m/s,numeric
31004_19990106_0000_00,Aldan,gdas.adpupa.t00z.19990106.bufr,31004,0,1999-01-06T00:00:00Z,OK,ADPUPA,RAOBF,199901060000,31004,58.37,125.22,,,,500.0,,2500.0,-32.2,,,,,,500.0,2500.0,,,,,2500.0,2500.0,enriched,1821.0,679.0,False,True,,,-32.2,,,,,,008001,Flag table,numeric,007004,Pa,numeric,010008,m2 s-2,numeric,010009,gpm,numeric,012101,K,numeric,012103,K,numeric,013003,%,numeric,011001,degree true,numeric,011002,m/s,numeric
31004_19990106_1200_12,Aldan,gdas.adpupa.t12z.19990106.bufr,31004,0,1999-01-06T12:00:00Z,OK,ADPUPA,RAOBF,199901061200,31004,58.37,125.22,,,,1000.0,,0.0,-26.2,,,,,,1000.0,0.0,,,,,0.0,0.0,enriched,-679.0,679.0,True,False,below_station,,-26.2,,,,,,008001,Flag table,numeric,007004,Pa,numeric,010008,m2 s-2,numeric,010009,gpm,numeric,012101,K,numeric,012103,K,numeric,013003,%,numeric,011001,degree true,numeric,011002,m/s,numeric
31004_19990106_1200_12,Aldan,gdas.adpupa.t12z.19990106.bufr,31004,0,1999-01-06T12:00:00Z,OK,ADPUPA,RAOBF,199901061200,31004,58.37,125.22,,,,925.0,,500.0,-25.2,,,,,,925.0,500.0,,,,,500.0,500.0,enriched,-179.0,679.0,True,False,below_station,,-25.2,,,,,,008001,Flag table,numeric,007004,Pa,numeric,010008,m2 s-2,numeric,010009,gpm,numeric,012101,K,numeric,012103,K,numeric,013003,%,numeric,011001,degree true,numeric,011002,m/s,numeric
31004_19990106_1200_12,Aldan,gdas.adpupa.t12z.19990106.bufr,31004,0,1999-01-06T12:00:00Z,OK,ADPUPA,RAOBF,199901061200,31004,58.37,125.22,,,,850.0,,1000.0,-23.2,,,,,,850.0,1000.0,,,,,1000.0,1000.0,enriched,321.0,679.0,False,True,,,-23.2,,,,,,008001,Flag table,numeric,007004,Pa,numeric,010008,m2 s-2,numeric,010009,gpm,numeric,012101,K,numeric,012103,K,numeric,013003,%,numeric,011001,degree true,numeric,011002,m/s,numeric
31004_19990106_1200_12,Aldan,gdas.adpupa.t12z.19990106.bufr,31004,0,1999-01-06T12:00:00Z,OK,ADPUPA,RAOBF,199901061200,31004,58.37,125.22,,,,700.0,,1500.0,-25.2,,,,,,700.0,1500.0,,,,,1500.0,1500.0,enriched,821.0,679.0,False,True,,,-25.2,,,,,,008001,Flag table,numeric,007004,Pa,numeric,010008,m2 s-2,numeric,010009,gpm,numeric,012101,K,numeric,012103,K,numeric,013003,%,numeric,011001,degree true,numeric,011002,m/s,numeric
31004_19990106_1200_12,Aldan,gdas.adpupa.t12z.19990106.bufr,31004,0,1999-01-06T12:00:00Z,OK,ADPUPA,RAOBF,199901061200,31004,58.37,125.22,,,,600.0,,2000.0,-28.2,,,,,,600.0,2000.0,,,,,2000.0,2000.0,enriched,1321.0,679.0,False,True,,,-28.2,,,,,,008001,Flag table,numeric,007004,Pa,numeric,010008,m2 s-2,numeric,010009,gpm,numeric,012101,K,numeric,012103,K,numeric,013003,%,numeric,011001,degree true,numeric,011002,m/s,numeric
31004_19990106_1200_12,Aldan,gdas.adpupa.t12z.19990106.bufr,31004,0,1999-01-06T12:00:00Z,OK,ADPUPA,RAOBF,199901061200,31004,58.37,125.22,,,,500.0,,2500.0,-32.2,,,,,,500.0,2500.0,,,,,2500.0,2500.0,enriched,1821.0,679.0,False,True,,,-32.2,,,,,,008001,Flag table,numeric,007004,Pa,numeric,010008,m2 s-2,numeric,010009,gpm,numeric,012101,K,numeric,012103,K,numeric,013003,%,numeric,011001,degree true,numeric,011002,m/s,numeric
31004_19990107_0000_00,Aldan,gdas.adpupa.t00z.19990107.bufr,31004,0,1999-01-07T00:00:00Z,OK,ADPUPA,RAOBF,199901070000,31004,58.37,125.22,,,,1000.0,,0.0,-25.9,,,,,,1000.0,0.0,,,,,0.0,0.0,enriched,-679.0,679.0,True,False,below_station,,-25.9,,,,,,008001,Flag table,numeric,007004,Pa,numeric,010008,m2 s-2,numeric,010009,gpm,numeric,012101,K,numeric,012103,K,numeric,013003,%,numeric,011001,degree true,numeric,011002,m/s,numeric
31004_19990107_0000_00,Aldan,gdas.adpupa.t00z.19990107.bufr,31004,0,1999-01-07T00:00:00Z,OK,ADPUPA,RAOBF,199901070000,31004,58.37,125.22,,,,925.0,,500.0,-24.9,,,,,,925.0,500.0,,,,,500.0,500.0,enriched,-179.0,679.0,True,False,below_station,,-24.9,,,,,,008001,Flag table,numeric,007004,Pa,numeric,010008,m2 s-2,numeric,010009,gpm,numeric,012101,K,numeric,012103,K,numeric,013003,%,numeric,011001,degree true,numeric,011002,m/s,numeric
31004_19990107_0000_00,Aldan,gdas.adpupa.t00z.19990107.bufr,31004,0,1999-01-07T00:00:00Z,OK,ADPUPA,RAOBF,199901070000,31004,58.37,125.22,,,,850.0,,1000.0,-22.9,,,,,,850.0,1000.0,,,,,1000.0,1000.0,enriched,321.0,679.0,False,True,,,-22.9,,,,,,008001,Flag table,numeric,007004,Pa,numeric,010008,m2 s-2,numeric,010009,gpm,numeric,012101,K,numeric,012103,K,numeric,013003,%,numeric,011001,degree true,numeric,011002,m/s,numeric
31004_19990107_0000_00,Aldan,gdas.adpupa.t00z.19990107.bufr,31004,0,1999-01-07T00:00:00Z,OK,ADPUPA,RAOBF,199901070000,31004,58.37,125.22,,,,700.0,,1500.0,-24.9,,,,,,700.0,1500.0,,,,,1500.0,1500.0,enriched,821.0,679.0,False,True,,,-24.9,,,,,,008001,Flag table,numeric,007004,Pa,numeric,010008,m2 s-2,numeric,010009,gpm,numeric,012101,K,numeric,012103,K,numeric,013003,%,numeric,011001,degree true,numeric,011002,m/s,numeric
31004_19990107_0000_00,Aldan,gdas.adpupa.t00z.19990107.bufr,31004,0,1999-01-07T00:00:00Z,OK,ADPUPA,RAOBF,199901070000,31004,58.37,125.22,,,,600.0,,2000.0,-27.9,,,,,,600.0,2000.0,,,,,2000.0,2000.0,enriched,1321.0,679.0,False,True,,,-27.9,,,,,,008001,Flag table,numeric,007004,Pa,numeric,010008,m2 s-2,numeric,010009,gpm,numeric,012101,K,numeric,012103,K,numeric,013003,%,numeric,011001,degree true,numeric,011002,m/s,numeric
31004_19990107_0000_00,Aldan,gdas.adpupa.t00z.19990107.bufr,31004,0,1999-01-07T00:00:00Z,OK,ADPUPA,RAOBF,199901070000,31004,58.37,125.22,,,,500.0,,2500.0,-31.9,,,,,,500.0,2500.0,,,,,2500.0,2500.0,enriched,1821.0,679.0,False,True,,,-31.9,,,,,,008001,Flag table,numeric,007004,Pa,numeric,010008,m2 s-2,numeric,010009,gpm,numeric,012101,K,numeric,012103,K,numeric,013003,%,numeric,011001,degree true,numeric,011002,m/s,numeric
31004_19990107_1200_12,Aldan,gdas.adpupa.t12z.19990107.bufr,31004,0,1999-01-07T12:00:00Z,OK,ADPUPA,RAOBF,199901071200,31004,58.37,125.22,,,,1000.0,,0.0,-25.9,,,,,,1000.0,0.0,,,,,0.0,0.0,enriched,-679.0,679.0,True,False,below_station,,-25.9,,,,,,008001,Flag table,numeric,007004,Pa,numeric,010008,m2 s-2,numeric,010009,gpm,numeric,012101,K,numeric,012103,K,numeric,013003,%,numeric,011001,degree true,numeric,011002,m/s,numeric
31004_19990107_1200_12,Aldan,gdas.adpupa.t12z.19990107.bufr,31004,0,1999-01-07T12:00:00Z,OK,ADPUPA,RAOBF,199901071200,31004,58.37,125.22,,,,925.0,,500.0,-24.9,,,,,,925.0,500.0,,,,,500.0,500.0,enriched,-179.0,679.0,True,False,below_station,,-24.9,,,,,,008001,Flag table,numeric,007004,Pa,numeric,010008,m2 s-2,numeric,010009,gpm,numeric,012101,K,numeric,012103,K,numeric,013003,%,numeric,011001,degree true,numeric,011002,m/s,numeric
31004_19990107_1200_12,Aldan,gdas.adpupa.t12z.19990107.bufr,31004,0,1999-01-07T12:00:00Z,OK,ADPUPA,RAOBF,199901071200,31004,58.37,125.22,,,,850.0,,1000.0,-22.9,,,,,,850.0,1000.0,,,,,1000.0,1000.0,enriched,321.0,679.0,False,True,,,-22.9,,,,,,008001,Flag table,numeric,007004,Pa,numeric,010008,m2 s-2,numeric,010009,gpm,numeric,012101,K,numeric,012103,K,numeric,013003,%,numeric,011001,degree true,numeric,011002,m/s,numeric
31004_19990107_1200_12,Aldan,gdas.adpupa.t12z.19990107.bufr,31004,0,1999-01-07T12:00:00Z,OK,ADPUPA,RAOBF,199901071200,31004,58.37,125.22,,,,700.0,,1500.0,-24.9,,,,,,700.0,1500.0,,,,,1500.0,1500.0,enriched,821.0,679.0,False,True,,,-24.9,,,,,,008001,Flag table,numeric,007004,Pa,numeric,010008,m2 s-2,numeric,010009,gpm,numeric,012101,K,numeric,012103,K,numeric,013003,%,numeric,011001,degree true,numeric,011002,m/s,numeric
31004_19990107_1200_12,Aldan,gdas.adpupa.t12z.19990107.bufr,31004,0,1999-01-07T12:00:00Z,OK,ADPUPA,RAOBF,199901071200,31004,58.37,125.22,,,,600.0,,2000.0,-27.9,,,,,,600.0,2000.0,,,,,2000.0,2000.0,enriched,1321.0,679.0,False,True,,,-27.9,,,,,,008001,Flag table,numeric,007004,Pa,numeric,010008,m2 s-2,numeric,010009,gpm,numeric,012101,K,numeric,012103,K,numeric,013003,%,numeric,011001,degree true,numeric,011002,m/s,numeric
31004_19990107_1200_12,Aldan,gdas.adpupa.t12z.19990107.bufr,31004,0,1999-01-07T12:00:00Z,OK,ADPUPA,RAOBF,199901071200,31004,58.37,125.22,,,,500.0,,2500.0,-31.9,,,,,,500.0,2500.0,,,,,2500.0,2500.0,enriched,1821.0,679.0,False,True,,,-31.9,,,,,,008001,Flag table,numeric,007004,Pa,numeric,010008,m2 s-2,numeric,010009,gpm,numeric,012101,K,numeric,012103,K,numeric,013003,%,numeric,011001,degree true,numeric,011002,m/s,numeric
31004_19990108_0000_00,Aldan,gdas.adpupa.t00z.19990108.bufr,31004,0,1999-01-08T00:00:00Z,OK,ADPUPA,RAOBF,199901080000,31004,58.37,125.22,,,,1000.0,,0.0,-25.6,,,,,,1000.0,0.0,,,,,0.0,0.0,enriched,-679.0,679.0,True,False,below_station,,-25.6,,,,,,008001,Flag table,numeric,007004,Pa,numeric,010008,m2 s-2,numeric,010009,gpm,numeric,012101,K,numeric,012103,K,numeric,013003,%,numeric,011001,degree true,numeric,011002,m/s,numeric
31004_19990108_0000_00,Aldan,gdas.adpupa.t00z.19990108.bufr,31004,0,1999-01-08T00:00:00Z,OK,ADPUPA,RAOBF,199901080000,31004,58.37,125.22,,,,925.0,,500.0,-24.6,,,,,,925.0,500.0,,,,,500.0,500.0,enriched,-179.0,679.0,True,False,below_station,,-24.6,,,,,,008001,Flag table,numeric,007004,Pa,numeric,010008,m2 s-2,numeric,010009,gpm,numeric,012101,K,numeric,012103,K,numeric,013003,%,numeric,011001,degree true,numeric,011002,m/s,numeric
31004_19990108_0000_00,Aldan,gdas.adpupa.t00z.19990108.bufr,31004,0,1999-01-08T00:00:00Z,OK,ADPUPA,RAOBF,199901080000,31004,58.37,125.22,,,,850.0,,1000.0,-22.6,,,,,,850.0,1000.0,,,,,1000.0,1000.0,enriched,321.0,679.0,False,True,,,-22.6,,,,,,008001,Flag table,numeric,007004,Pa,numeric,010008,m2 s-2,numeric,010009,gpm,numeric,012101,K,numeric,012103,K,numeric,013003,%,numeric,011001,degree true,numeric,011002,m/s,numeric
31004_19990108_0000_00,Aldan,gdas.adpupa.t00z.19990108.bufr,31004,0,1999-01-08T00:00:00Z,OK,ADPUPA,RAOBF,199901080000,31004,58.37,125.22,,,,700.0,,1500.0,-24.6,,,,,,700.0,1500.0,,,,,1500.0,1500.0,enriched,821.0,679.0,False,True,,,-24.6,,,,,,008001,Flag table,numeric,007004,Pa,numeric,010008,m2 s-2,numeric,010009,gpm,numeric,012101,K,numeric,012103,K,numeric,013003,%,numeric,011001,degree true,numeric,011002,m/s,numeric
31004_19990108_0000_00,Aldan,gdas.adpupa.t00z.19990108.bufr,31004,0,1999-01-08T00:00:00Z,OK,ADPUPA,RAOBF,199901080000,31004,58.37,125.22,,,,600.0,,2000.0,-27.6,,,,,,600.0,2000.0,,,,,2000.0,2000.0,enriched,1321.0,679.0,False,True,,,-27.6,,,,,,008001,Flag table,numeric,007004,Pa,numeric,010008,m2 s-2,numeric,010009,gpm,numeric,012101,K,numeric,012103,K,numeric,013003,%,numeric,011001,degree true,numeric,011002,m/s,numeric
31004_19990108_0000_00,Aldan,gdas.adpupa.t00z.19990108.bufr,31004,0,1999-01-08T00:00:00Z,OK,ADPUPA,RAOBF,199901080000,31004,58.37,125.22,,,,500.0,,2500.0,-31.6,,,,,,500.0,2500.0,,,,,2500.0,2500.0,enriched,1821.0,679.0,False,True,,,-31.6,,,,,,008001,Flag table,numeric,007004,Pa,numeric,010008,m2 s-2,numeric,010009,gpm,numeric,012101,K,numeric,012103,K,numeric,013003,%,numeric,011001,degree true,numeric,011002,m/s,numeric
31004_19990108_1200_12,Aldan,gdas.adpupa.t12z.19990108.bufr,31004,0,1999-01-08T12:00:00Z,OK,ADPUPA,RAOBF,199901081200,31004,58.37,125.22,,,,1000.0,,0.0,-25.6,,,,,,1000.0,0.0,,,,,0.0,0.0,enriched,-679.0,679.0,True,False,below_station,,-25.6,,,,,,008001,Flag table,numeric,007004,Pa,numeric,010008,m2 s-2,numeric,010009,gpm,numeric,012101,K,numeric,012103,K,numeric,013003,%,numeric,011001,degree true,numeric,011002,m/s,numeric
31004_19990108_1200_12,Aldan,gdas.adpupa.t12z.19990108.bufr,31004,0,1999-01-08T12:00:00Z,OK,ADPUPA,RAOBF,199901081200,31004,58.37,125.22,,,,925.0,,500.0,-24.6,,,,,,925.0,500.0,,,,,500.0,500.0,enriched,-179.0,679.0,True,False,below_station,,-24.6,,,,,,008001,Flag table,numeric,007004,Pa,numeric,010008,m2 s-2,numeric,010009,gpm,numeric,012101,K,numeric,012103,K,numeric,013003,%,numeric,011001,degree true,numeric,011002,m/s,numeric
31004_19990108_1200_12,Aldan,gdas.adpupa.t12z.19990108.bufr,31004,0,1999-01-08T12:00:00Z,OK,ADPUPA,RAOBF,199901081200,31004,58.37,125.22,,,,850.0,,1000.0,-22.6,,,,,,850.0,1000.0,,,,,1000.0,1000.0,enriched,321.0,679.0,False,True,,,-22.6,,,,,,008001,Flag table,numeric,007004,Pa,numeric,010008,m2 s-2,numeric,010009,gpm,numeric,012101,K,numeric,012103,K,numeric,013003,%,numeric,011001,degree true,numeric,011002,m/s,numeric
31004_19990108_1200_12,Aldan,gdas.adpupa.t12z.19990108.bufr,31004,0,1999-01-08T12:00:00Z,OK,ADPUPA,RAOBF,199901081200,31004,58.37,125.22,,,,700.0,,1500.0,-24.6,,,,,,700.0,1500.0,,,,,1500.0,1500.0,enriched,821.0,679.0,False,True,,,-24.6,,,,,,008001,Flag table,numeric,007004,Pa,numeric,010008,m2 s-2,numeric,010009,gpm,numeric,012101,K,numeric,012103,K,numeric,013003,%,numeric,011001,degree true,numeric,011002,m/s,numeric
31004_19990108_1200_12,Aldan,gdas.adpupa.t12z.19990108.bufr,31004,0,1999-01-08T12:00:00Z,OK,ADPUPA,RAOBF,199901081200,31004,58.37,125.22,,,,600.0,,2000.0,-27.6,,,,,,600.0,2000.0,,,,,2000.0,2000.0,enriched,1321.0,679.0,False,True,,,-27.6,,,,,,008001,Flag table,numeric,007004,Pa,numeric,010008,m2 s-2,numeric,010009,gpm,numeric,012101,K,numeric,012103,K,numeric,013003,%,numeric,011001,degree true,numeric,011002,m/s,numeric
31004_19990108_1200_12,Aldan,gdas.adpupa.t12z.19990108.bufr,31004,0,1999-01-08T12:00:00Z,OK,ADPUPA,RAOBF,199901081200,31004,58.37,125.22,,,,500.0,,2500.0,-31.6,,,,,,500.0,2500.0,,,,,2500.0,2500.0,enriched,1821.0,679.0,False,True,,,-31.6,,,,,,008001,Flag table,numeric,007004,Pa,numeric,010008,m2 s-2,numeric,010009,gpm,numeric,012101,K,numeric,012103,K,numeric,013003,%,numeric,011001,degree true,numeric,011002,m/s,numeric
31004_19990109_0000_00,Aldan,gdas.adpupa.t00z.19990109.bufr,31004,0,1999-01-09T00:00:00Z,OK,ADPUPA,RAOBF,199901090000,31004,58.37,125.22,,,,1000.0,,0.0,-25.3,,,,,,1000.0,0.0,,,,,0.0,0.0,enriched,-679.0,679.0,True,False,below_station,,-25.3,,,,,,008001,Flag table,numeric,007004,Pa,numeric,010008,m2 s-2,numeric,010009,gpm,numeric,012101,K,numeric,012103,K,numeric,013003,%,numeric,011001,degree true,numeric,011002,m/s,numeric
31004_19990109_0000_00,Aldan,gdas.adpupa.t00z.19990109.bufr,31004,0,1999-01-09T00:00:00Z,OK,ADPUPA,RAOBF,199901090000,31004,58.37,125.22,,,,925.0,,500.0,-24.3,,,,,,925.0,500.0,,,,,500.0,500.0,enriched,-179.0,679.0,True,False,below_station,,-24.3,,,,,,008001,Flag table,numeric,007004,Pa,numeric,010008,m2 s-2,numeric,010009,gpm,numeric,012101,K,numeric,012103,K,numeric,013003,%,numeric,011001,degree true,numeric,011002,m/s,numeric
31004_19990109_0000_00,Aldan,gdas.adpupa.t00z.19990109.bufr,31004,0,1999-01-09T00:00:00Z,OK,ADPUPA,RAOBF,199901090000,31004,58.37,125.22,,,,850.0,,1000.0,-22.3,,,,,,850.0,1000.0,,,,,1000.0,1000.0,enriched,321.0,679.0,False,True,,,-22.3,,,,,,008001,Flag table,numeric,007004,Pa,numeric,010008,m2 s-2,numeric,010009,gpm,numeric,012101,K,numeric,012103,K,numeric,013003,%,numeric,011001,degree true,numeric,011002,m/s,numeric
31004_19990109_0000_00,Aldan,gdas.adpupa.t00z.19990109.bufr,31004,0,1999-01-09T00:00:00Z,OK,ADPUPA,RAOBF,199901090000,31004,58.37,125.22,,,,700.0,,1500.0,-24.3,,,,,,700.0,1500.0,,,,,1500.0,1500.0,enriched,821.0,679.0,False,True,,,-24.3,,,,,,008001,Flag table,numeric,007004,Pa,numeric,010008,m2 s-2,numeric,010009,gpm,numeric,012101,K,numeric,012103,K,numeric,013003,%,numeric,011001,degree true,numeric,011002,m/s,numeric
31004_19990109_0000_00,Aldan,gdas.adpupa.t00z.19990109.bufr,31004,0,1999-01-09T00:00:00Z,OK,ADPUPA,RAOBF,199901090000,31004,58.37,125.22,,,,600.0,,2000.0,-27.3,,,,,,600.0,2000.0,,,,,2000.0,2000.0,enriched,1321.0,679.0,False,True,,,-27.3,,,,,,008001,Flag table,numeric,007004,Pa,numeric,010008,m2 s-2,numeric,010009,gpm,numeric,012101,K,numeric,012103,K,numeric,013003,%,numeric,011001,degree true,numeric,011002,m/s,numeric
31004_19990109_0000_00,Aldan,gdas.adpupa.t00z.19990109.bufr,31004,0,1999-01-09T00:00:00Z,OK,ADPUPA,RAOBF,199901090000,31004,58.37,125.22,,,,500.0,,2500.0,-31.3,,,,,,500.0,2500.0,,,,,2500.0,2500.0,enriched,1821.0,679.0,False,True,,,-31.3,,,,,,008001,Flag table,numeric,007004,Pa,numeric,010008,m2 s-2,numeric,010009,gpm,numeric,012101,K,numeric,012103,K,numeric,013003,%,numeric,011001,degree true,numeric,011002,m/s,numeric
31004_19990109_1200_12,Aldan,gdas.adpupa.t12z.19990109.bufr,31004,0,1999-01-09T12:00:00Z,OK,ADPUPA,RAOBF,199901091200,31004,58.37,125.22,,,,1000.0,,0.0,-25.3,,,,,,1000.0,0.0,,,,,0.0,0.0,enriched,-679.0,679.0,True,False,below_station,,-25.3,,,,,,008001,Flag table,numeric,007004,Pa,numeric,010008,m2 s-2,numeric,010009,gpm,numeric,012101,K,numeric,012103,K,numeric,013003,%,numeric,011001,degree true,numeric,011002,m/s,numeric
31004_19990109_1200_12,Aldan,gdas.adpupa.t12z.19990109.bufr,31004,0,1999-01-09T12:00:00Z,OK,ADPUPA,RAOBF,199901091200,31004,58.37,125.22,,,,925.0,,500.0,-24.3,,,,,,925.0,500.0,,,,,500.0,500.0,enriched,-179.0,679.0,True,False,below_station,,-24.3,,,,,,008001,Flag table,numeric,007004,Pa,numeric,010008,m2 s-2,numeric,010009,gpm,numeric,012101,K,numeric,012103,K,numeric,013003,%,numeric,011001,degree true,numeric,011002,m/s,numeric
31004_19990109_1200_12,Aldan,gdas.adpupa.t12z.19990109.bufr,31004,0,1999-01-09T12:00:00Z,OK,ADPUPA,RAOBF,199901091200,31004,58.37,125.22,,,,850.0,,1000.0,-22.3,,,,,,850.0,1000.0,,,,,1000.0,1000.0,enriched,321.0,679.0,False,True,,,-22.3,,,,,,008001,Flag table,numeric,007004,Pa,numeric,010008,m2 s-2,numeric,010009,gpm,numeric,012101,K,numeric,012103,K,numeric,013003,%,numeric,011001,degree true,numeric,011002,m/s,numeric
31004_19990109_1200_12,Aldan,gdas.adpupa.t12z.19990109.bufr,31004,0,1999-01-09T12:00:00Z,OK,ADPUPA,RAOBF,199901091200,31004,58.37,125.22,,,,700.0,,1500.0,-24.3,,,,,,700.0,1500.0,,,,,1500.0,1500.0,enriched,821.0,679.0,False,True,,,-24.3,,,,,,008001,Flag table,numeric,007004,Pa,numeric,010008,m2 s-2,numeric,010009,gpm,numeric,012101,K,numeric,012103,K,numeric,013003,%,numeric,011001,degree true,numeric,011002,m/s,numeric
31004_19990109_1200_12,Aldan,gdas.adpupa.t12z.19990109.bufr,31004,0,1999-01-09T12:00:00Z,OK,ADPUPA,RAOBF,199901091200,31004,58.37,125.22,,,,600.0,,2000.0,-27.3,,,,,,600.0,2000.0,,,,,2000.0,2000.0,enriched,1321.0,679.0,False,True,,,-27.3,,,,,,008001,Flag table,numeric,007004,Pa,numeric,010008,m2 s-2,numeric,010009,gpm,numeric,012101,K,numeric,012103,K,numeric,013003,%,numeric,011001,degree true,numeric,011002,m/s,numeric
31004_19990109_1200_12,Aldan,gdas.adpupa.t12z.19990109.bufr,31004,0,1999-01-09T12:00:00Z,OK,ADPUPA,RAOBF,199901091200,31004,58.37,125.22,,,,500.0,,2500.0,-31.3,,,,,,500.0,2500.0,,,,,2500.0,2500.0,enriched,1821.0,679.0,False,True,,,-31.3,,,,,,008001,Flag table,numeric,007004,Pa,numeric,010008,m2 s-2,numeric,010009,gpm,numeric,012101,K,numeric,012103,K,numeric,013003,%,numeric,011001,degree true,numeric,011002,m/s,numeric
31004_19990110_0000_00,Aldan,gdas.adpupa.t00z.19990110.bufr,31004,0,1999-01-10T00:00:00Z,OK,ADPUPA,RAOBF,199901100000,31004,58.37,125.22,,,,1000.0,,0.0,-25.0,,,,,,1000.0,0.0,,,,,0.0,0.0,enriched,-679.0,679.0,True,False,below_station,,-25.0,,,,,,008001,Flag table,numeric,007004,Pa,numeric,010008,m2 s-2,numeric,010009,gpm,numeric,012101,K,numeric,012103,K,numeric,013003,%,numeric,011001,degree true,numeric,011002,m/s,numeric
31004_19990110_0000_00,Aldan,gdas.adpupa.t00z.19990110.bufr,31004,0,1999-01-10T00:00:00Z,OK,ADPUPA,RAOBF,199901100000,31004,58.37,125.22,,,,925.0,,500.0,-24.0,,,,,,925.0,500.0,,,,,500.0,500.0,enriched,-179.0,679.0,True,False,below_station,,-24.0,,,,,,008001,Flag table,numeric,007004,Pa,numeric,010008,m2 s-2,numeric,010009,gpm,numeric,012101,K,numeric,012103,K,numeric,013003,%,numeric,011001,degree true,numeric,011002,m/s,numeric
31004_19990110_0000_00,Aldan,gdas.adpupa.t00z.19990110.bufr,31004,0,1999-01-10T00:00:00Z,OK,ADPUPA,RAOBF,199901100000,31004,58.37,125.22,,,,850.0,,1000.0,-22.0,,,,,,850.0,1000.0,,,,,1000.0,1000.0,enriched,321.0,679.0,False,True,,,-22.0,,,,,,008001,Flag table,numeric,007004,Pa,numeric,010008,m2 s-2,numeric,010009,gpm,numeric,012101,K,numeric,012103,K,numeric,013003,%,numeric,011001,degree true,numeric,011002,m/s,numeric
31004_19990110_0000_00,Aldan,gdas.adpupa.t00z.19990110.bufr,31004,0,1999-01-10T00:00:00Z,OK,ADPUPA,RAOBF,199901100000,31004,58.37,125.22,,,,700.0,,1500.0,-24.0,,,,,,700.0,1500.0,,,,,1500.0,1500.0,enriched,821.0,679.0,False,True,,,-24.0,,,,,,008001,Flag table,numeric,007004,Pa,numeric,010008,m2 s-2,numeric,010009,gpm,numeric,012101,K,numeric,012103,K,numeric,013003,%,numeric,011001,degree true,numeric,011002,m/s,numeric
31004_19990110_0000_00,Aldan,gdas.adpupa.t00z.19990110.bufr,31004,0,1999-01-10T00:00:00Z,OK,ADPUPA,RAOBF,199901100000,31004,58.37,125.22,,,,600.0,,2000.0,-27.0,,,,,,600.0,2000.0,,,,,2000.0,2000.0,enriched,1321.0,679.0,False,True,,,-27.0,,,,,,008001,Flag table,numeric,007004,Pa,numeric,010008,m2 s-2,numeric,010009,gpm,numeric,012101,K,numeric,012103,K,numeric,013003,%,numeric,011001,degree true,numeric,011002,m/s,numeric
31004_19990110_0000_00,Aldan,gdas.adpupa.t00z.19990110.bufr,31004,0,1999-01-10T00:00:00Z,OK,ADPUPA,RAOBF,199901100000,31004,58.37,125.22,,,,500.0,,2500.0,-31.0,,,,,,500.0,2500.0,,,,,2500.0,2500.0,enriched,1821.0,679.0,False,True,,,-31.0,,,,,,008001,Flag table,numeric,007004,Pa,numeric,010008,m2 s-2,numeric,010009,gpm,numeric,012101,K,numeric,012103,K,numeric,013003,%,numeric,011001,degree true,numeric,011002,m/s,numeric
31004_19990110_1200_12,Aldan,gdas.adpupa.t12z.19990110.bufr,31004,0,1999-01-10T12:00:00Z,OK,ADPUPA,RAOBF,199901101200,31004,58.37,125.22,,,,1000.0,,0.0,-25.0,,,,,,1000.0,0.0,,,,,0.0,0.0,enriched,-679.0,679.0,True,False,below_station,,-25.0,,,,,,008001,Flag table,numeric,007004,Pa,numeric,010008,m2 s-2,numeric,010009,gpm,numeric,012101,K,numeric,012103,K,numeric,013003,%,numeric,011001,degree true,numeric,011002,m/s,numeric
31004_19990110_1200_12,Aldan,gdas.adpupa.t12z.19990110.bufr,31004,0,1999-01-10T12:00:00Z,OK,ADPUPA,RAOBF,199901101200,31004,58.37,125.22,,,,925.0,,500.0,-24.0,,,,,,925.0,500.0,,,,,500.0,500.0,enriched,-179.0,679.0,True,False,below_station,,-24.0,,,,,,008001,Flag table,numeric,007004,Pa,numeric,010008,m2 s-2,numeric,010009,gpm,numeric,012101,K,numeric,012103,K,numeric,013003,%,numeric,011001,degree true,numeric,011002,m/s,numeric
31004_19990110_1200_12,Aldan,gdas.adpupa.t12z.19990110.bufr,31004,0,1999-01-10T12:00:00Z,OK,ADPUPA,RAOBF,199901101200,31004,58.37,125.22,,,,850.0,,1000.0,-22.0,,,,,,850.0,1000.0,,,,,1000.0,1000.0,enriched,321.0,679.0,False,True,,,-22.0,,,,,,008001,Flag table,numeric,007004,Pa,numeric,010008,m2 s-2,numeric,010009,gpm,numeric,012101,K,numeric,012103,K,numeric,013003,%,numeric,011001,degree true,numeric,011002,m/s,numeric
31004_19990110_1200_12,Aldan,gdas.adpupa.t12z.19990110.bufr,31004,0,1999-01-10T12:00:00Z,OK,ADPUPA,RAOBF,199901101200,31004,58.37,125.22,,,,700.0,,1500.0,-24.0,,,,,,700.0,1500.0,,,,,1500.0,1500.0,enriched,821.0,679.0,False,True,,,-24.0,,,,,,008001,Flag table,numeric,007004,Pa,numeric,010008,m2 s-2,numeric,010009,gpm,numeric,012101,K,numeric,012103,K,numeric,013003,%,numeric,011001,degree true,numeric,011002,m/s,numeric
31004_19990110_1200_12,Aldan,gdas.adpupa.t12z.19990110.bufr,31004,0,1999-01-10T12:00:00Z,OK,ADPUPA,RAOBF,199901101200,31004,58.37,125.22,,,,600.0,,2000.0,-27.0,,,,,,600.0,2000.0,,,,,2000.0,2000.0,enriched,1321.0,679.0,False,True,,,-27.0,,,,,,008001,Flag table,numeric,007004,Pa,numeric,010008,m2 s-2,numeric,010009,gpm,numeric,012101,K,numeric,012103,K,numeric,013003,%,numeric,011001,degree true,numeric,011002,m/s,numeric
31004_19990110_1200_12,Aldan,gdas.adpupa.t12z.19990110.bufr,31004,0,1999-01-10T12:00:00Z,OK,ADPUPA,RAOBF,199901101200,31004,58.37,125.22,,,,500.0,,2500.0,-31.0,,,,,,500.0,2500.0,,,,,2500.0,2500.0,enriched,1821.0,679.0,False,True,,,-31.0,,,,,,008001,Flag table,numeric,007004,Pa,numeric,010008,m2 s-2,numeric,010009,gpm,numeric,012101,K,numeric,012103,K,numeric,013003,%,numeric,011001,degree true,numeric,011002,m/s,numeric
31004_19990111_0000_00,Aldan,gdas.adpupa.t00z.19990111.bufr,31004,0,1999-01-11T00:00:00Z,OK,ADPUPA,RAOBF,199901110000,31004,58.37,125.22,,,,1000.0,,0.0,-24.7,,,,,,1000.0,0.0,,,,,0.0,0.0,enriched,-679.0,679.0,True,False,below_station,,-24.7,,,,,,008001,Flag table,numeric,007004,Pa,numeric,010008,m2 s-2,numeric,010009,gpm,numeric,012101,K,numeric,012103,K,numeric,013003,%,numeric,011001,degree true,numeric,011002,m/s,numeric
31004_19990111_0000_00,Aldan,gdas.adpupa.t00z.19990111.bufr,31004,0,1999-01-11T00:00:00Z,OK,ADPUPA,RAOBF,199901110000,31004,58.37,125.22,,,,925.0,,500.0,-23.7,,,,,,925.0,500.0,,,,,500.0,500.0,enriched,-179.0,679.0,True,False,below_station,,-23.7,,,,,,008001,Flag table,numeric,007004,Pa,numeric,010008,m2 s-2,numeric,010009,gpm,numeric,012101,K,numeric,012103,K,numeric,013003,%,numeric,011001,degree true,numeric,011002,m/s,numeric
31004_19990111_0000_00,Aldan,gdas.adpupa.t00z.19990111.bufr,31004,0,1999-01-11T00:00:00Z,OK,ADPUPA,RAOBF,199901110000,31004,58.37,125.22,,,,850.0,,1000.0,-21.7,,,,,,850.0,1000.0,,,,,1000.0,1000.0,enriched,321.0,679.0,False,True,,,-21.7,,,,,,008001,Flag table,numeric,007004,Pa,numeric,010008,m2 s-2,numeric,010009,gpm,numeric,012101,K,numeric,012103,K,numeric,013003,%,numeric,011001,degree true,numeric,011002,m/s,numeric
31004_19990111_0000_00,Aldan,gdas.adpupa.t00z.19990111.bufr,31004,0,1999-01-11T00:00:00Z,OK,ADPUPA,RAOBF,199901110000,31004,58.37,125.22,,,,700.0,,1500.0,-23.7,,,,,,700.0,1500.0,,,,,1500.0,1500.0,enriched,821.0,679.0,False,True,,,-23.7,,,,,,008001,Flag table,numeric,007004,Pa,numeric,010008,m2 s-2,numeric,010009,gpm,numeric,012101,K,numeric,012103,K,numeric,013003,%,numeric,011001,degree true,numeric,011002,m/s,numeric
31004_19990111_0000_00,Aldan,gdas.adpupa.t00z.19990111.bufr,31004,0,1999-01-11T00:00:00Z,OK,ADPUPA,RAOBF,199901110000,31004,58.37,125.22,,,,600.0,,2000.0,-26.7,,,,,,600.0,2000.0,,,,,2000.0,2000.0,enriched,1321.0,679.0,False,True,,,-26.7,,,,,,008001,Flag table,numeric,007004,Pa,numeric,010008,m2 s-2,numeric,010009,gpm,numeric,012101,K,numeric,012103,K,numeric,013003,%,numeric,011001,degree true,numeric,011002,m/s,numeric
31004_19990111_0000_00,Aldan,gdas.adpupa.t00z.19990111.bufr,31004,0,1999-01-11T00:00:00Z,OK,ADPUPA,RAOBF,199901110000,31004,58.37,125.22,,,,500.0,,2500.0,-30.7,,,,,,500.0,2500.0,,,,,2500.0,2500.0,enriched,1821.0,679.0,False,True,,,-30.7,,,,,,008001,Flag table,numeric,007004,Pa,numeric,010008,m2 s-2,numeric,010009,gpm,numeric,012101,K,numeric,012103,K,numeric,013003,%,numeric,011001,degree true,numeric,011002,m/s,numeric
31004_19990111_1200_12,Aldan,gdas.adpupa.t12z.19990111.bufr,31004,0,1999-01-11T12:00:00Z,OK,ADPUPA,RAOBF,199901111200,31004,58.37,125.22,,,,1000.0,,0.0,-24.7,,,,,,1000.0,0.0,,,,,0.0,0.0,enriched,-679.0,679.0,True,False,below_station,,-24.7,,,,,,008001,Flag table,numeric,007004,Pa,numeric,010008,m2 s-2,numeric,010009,gpm,numeric,012101,K,numeric,012103,K,numeric,013003,%,numeric,011001,degree true,numeric,011002,m/s,numeric
31004_19990111_1200_12,Aldan,gdas.adpupa.t12z.19990111.bufr,31004,0,1999-01-11T12:00:00Z,OK,ADPUPA,RAOBF,199901111200,31004,58.37,125.22,,,,925.0,,500.0,-23.7,,,,,,925.0,500.0,,,,,500.0,500.0,enriched,-179.0,679.0,True,False,below_station,,-23.7,,,,,,008001,Flag table,numeric,007004,Pa,numeric,010008,m2 s-2,numeric,010009,gpm,numeric,012101,K,numeric,012103,K,numeric,013003,%,numeric,011001,degree true,numeric,011002,m/s,numeric
31004_19990111_1200_12,Aldan,gdas.adpupa.t12z.19990111.bufr,31004,0,1999-01-11T12:00:00Z,OK,ADPUPA,RAOBF,199901111200,31004,58.37,125.22,,,,850.0,,1000.0,-21.7,,,,,,850.0,1000.0,,,,,1000.0,1000.0,enriched,321.0,679.0,False,True,,,-21.7,,,,,,008001,Flag table,numeric,007004,Pa,numeric,010008,m2 s-2,numeric,010009,gpm,numeric,012101,K,numeric,012103,K,numeric,013003,%,numeric,011001,degree true,numeric,011002,m/s,numeric
31004_19990111_1200_12,Aldan,gdas.adpupa.t12z.19990111.bufr,31004,0,1999-01-11T12:00:00Z,OK,ADPUPA,RAOBF,199901111200,31004,58.37,125.22,,,,700.0,,1500.0,-23.7,,,,,,700.0,1500.0,,,,,1500.0,1500.0,enriched,821.0,679.0,False,True,,,-23.7,,,,,,008001,Flag table,numeric,007004,Pa,numeric,010008,m2 s-2,numeric,010009,gpm,numeric,012101,K,numeric,012103,K,numeric,013003,%,numeric,011001,degree true,numeric,011002,m/s,numeric
31004_19990111_1200_12,Aldan,gdas.adpupa.t12z.19990111.bufr,31004,0,1999-01-11T12:00:00Z,OK,ADPUPA,RAOBF,199901111200,31004,58.37,125.22,,,,600.0,,2000.0,-26.7,,,,,,600.0,2000.0,,,,,2000.0,2000.0,enriched,1321.0,679.0,False,True,,,-26.7,,,,,,008001,Flag table,numeric,007004,Pa,numeric,010008,m2 s-2,numeric,010009,gpm,numeric,012101,K,numeric,012103,K,numeric,013003,%,numeric,011001,degree true,numeric,011002,m/s,numeric
31004_19990111_1200_12,Aldan,gdas.adpupa.t12z.19990111.bufr,31004,0,1999-01-11T12:00:00Z,OK,ADPUPA,RAOBF,199901111200,31004,58.37,125.22,,,,500.0,,2500.0,-30.7,,,,,,500.0,2500.0,,,,,2500.0,2500.0,enriched,1821.0,679.0,False,True,,,-30.7,,,,,,008001,Flag table,numeric,007004,Pa,numeric,010008,m2 s-2,numeric,010009,gpm,numeric,012101,K,numeric,012103,K,numeric,013003,%,numeric,011001,degree true,numeric,011002,m/s,numeric
31004_19990112_0000_00,Aldan,gdas.adpupa.t00z.19990112.bufr,31004,0,1999-01-12T00:00:00Z,OK,ADPUPA,RAOBF,199901120000,31004,58.37,125.22,,,,1000.0,,0.0,-24.4,,,,,,1000.0,0.0,,,,,0.0,0.0,enriched,-679.0,679.0,True,False,below_station,,-24.4,,,,,,008001,Flag table,numeric,007004,Pa,numeric,010008,m2 s-2,numeric,010009,gpm,numeric,012101,K,numeric,012103,K,numeric,013003,%,numeric,011001,degree true,numeric,011002,m/s,numeric
31004_19990112_0000_00,Aldan,gdas.adpupa.t00z.19990112.bufr,31004,0,1999-01-12T00:00:00Z,OK,ADPUPA,RAOBF,199901120000,31004,58.37,125.22,,,,925.0,,500.0,-23.4,,,,,,925.0,500.0,,,,,500.0,500.0,enriched,-179.0,679.0,True,False,below_station,,-23.4,,,,,,008001,Flag table,numeric,007004,Pa,numeric,010008,m2 s-2,numeric,010009,gpm,numeric,012101,K,numeric,012103,K,numeric,013003,%,numeric,011001,degree true,numeric,011002,m/s,numeric
31004_19990112_0000_00,Aldan,gdas.adpupa.t00z.19990112.bufr,31004,0,1999-01-12T00:00:00Z,OK,ADPUPA,RAOBF,199901120000,31004,58.37,125.22,,,,850.0,,1000.0,-21.4,,,,,,850.0,1000.0,,,,,1000.0,1000.0,enriched,321.0,679.0,False,True,,,-21.4,,,,,,008001,Flag table,numeric,007004,Pa,numeric,010008,m2 s-2,numeric,010009,gpm,numeric,012101,K,numeric,012103,K,numeric,013003,%,numeric,011001,degree true,numeric,011002,m/s,numeric
31004_19990112_0000_00,Aldan,gdas.adpupa.t00z.19990112.bufr,31004,0,1999-01-12T00:00:00Z,OK,ADPUPA,RAOBF,199901120000,31004,58.37,125.22,,,,700.0,,1500.0,-23.4,,,,,,700.0,1500.0,,,,,1500.0,1500.0,enriched,821.0,679.0,False,True,,,-23.4,,,,,,008001,Flag table,numeric,007004,Pa,numeric,010008,m2 s-2,numeric,010009,gpm,numeric,012101,K,numeric,012103,K,numeric,013003,%,numeric,011001,degree true,numeric,011002,m/s,numeric
31004_19990112_0000_00,Aldan,gdas.adpupa.t00z.19990112.bufr,31004,0,1999-01-12T00:00:00Z,OK,ADPUPA,RAOBF,199901120000,31004,58.37,125.22,,,,600.0,,2000.0,-26.4,,,,,,600.0,2000.0,,,,,2000.0,2000.0,enriched,1321.0,679.0,False,True,,,-26.4,,,,,,008001,Flag table,numeric,007004,Pa,numeric,010008,m2 s-2,numeric,010009,gpm,numeric,012101,K,numeric,012103,K,numeric,013003,%,numeric,011001,degree true,numeric,011002,m/s,numeric
31004_19990112_0000_00,Aldan,gdas.adpupa.t00z.19990112.bufr,31004,0,1999-01-12T00:00:00Z,OK,ADPUPA,RAOBF,199901120000,31004,58.37,125.22,,,,500.0,,2500.0,-30.4,,,,,,500.0,2500.0,,,,,2500.0,2500.0,enriched,1821.0,679.0,False,True,,,-30.4,,,,,,008001,Flag table,numeric,007004,Pa,numeric,010008,m2 s-2,numeric,010009,gpm,numeric,012101,K,numeric,012103,K,numeric,013003,%,numeric,011001,degree true,numeric,011002,m/s,numeric
31004_19990112_1200_12,Aldan,gdas.adpupa.t12z.19990112.bufr,31004,0,1999-01-12T12:00:00Z,OK,ADPUPA,RAOBF,199901121200,31004,58.37,125.22,,,,1000.0,,0.0,-24.4,,,,,,1000.0,0.0,,,,,0.0,0.0,enriched,-679.0,679.0,True,False,below_station,,-24.4,,,,,,008001,Flag table,numeric,007004,Pa,numeric,010008,m2 s-2,numeric,010009,gpm,numeric,012101,K,numeric,012103,K,numeric,013003,%,numeric,011001,degree true,numeric,011002,m/s,numeric
31004_19990112_1200_12,Aldan,gdas.adpupa.t12z.19990112.bufr,31004,0,1999-01-12T12:00:00Z,OK,ADPUPA,RAOBF,199901121200,31004,58.37,125.22,,,,925.0,,500.0,-23.4,,,,,,925.0,500.0,,,,,500.0,500.0,enriched,-179.0,679.0,True,False,below_station,,-23.4,,,,,,008001,Flag table,numeric,007004,Pa,numeric,010008,m2 s-2,numeric,010009,gpm,numeric,012101,K,numeric,012103,K,numeric,013003,%,numeric,011001,degree true,numeric,011002,m/s,numeric
31004_19990112_1200_12,Aldan,gdas.adpupa.t12z.19990112.bufr,31004,0,1999-01-12T12:00:00Z,OK,ADPUPA,RAOBF,199901121200,31004,58.37,125.22,,,,850.0,,1000.0,-21.4,,,,,,850.0,1000.0,,,,,1000.0,1000.0,enriched,321.0,679.0,False,True,,,-21.4,,,,,,008001,Flag table,numeric,007004,Pa,numeric,010008,m2 s-2,numeric,010009,gpm,numeric,012101,K,numeric,012103,K,numeric,013003,%,numeric,011001,degree true,numeric,011002,m/s,numeric
31004_19990112_1200_12,Aldan,gdas.adpupa.t12z.19990112.bufr,31004,0,1999-01-12T12:00:00Z,OK,ADPUPA,RAOBF,199901121200,31004,58.37,125.22,,,,700.0,,1500.0,-23.4,,,,,,700.0,1500.0,,,,,1500.0,1500.0,enriched,821.0,679.0,False,True,,,-23.4,,,,,,008001,Flag table,numeric,007004,Pa,numeric,010008,m2 s-2,numeric,010009,gpm,numeric,012101,K,numeric,012103,K,numeric,013003,%,numeric,011001,degree true,numeric,011002,m/s,numeric
31004_19990112_1200_12,Aldan,gdas.adpupa.t12z.19990112.bufr,31004,0,1999-01-12T12:00:00Z,OK,ADPUPA,RAOBF,199901121200,31004,58.37,125.22,,,,600.0,,2000.0,-26.4,,,,,,600.0,2000.0,,,,,2000.0,2000.0,enriched,1321.0,679.0,False,True,,,-26.4,,,,,,008001,Flag table,numeric,007004,Pa,numeric,010008,m2 s-2,numeric,010009,gpm,numeric,012101,K,numeric,012103,K,numeric,013003,%,numeric,011001,degree true,numeric,011002,m/s,numeric
31004_19990112_1200_12,Aldan,gdas.adpupa.t12z.19990112.bufr,31004,0,1999-01-12T12:00:00Z,OK,ADPUPA,RAOBF,199901121200,31004,58.37,125.22,,,,500.0,,2500.0,-30.4,,,,,,500.0,2500.0,,,,,2500.0,2500.0,enriched,1821.0,679.0,False,True,,,-30.4,,,,,,008001,Flag table,numeric,007004,Pa,numeric,010008,m2 s-2,numeric,010009,gpm,numeric,012101,K,numeric,012103,K,numeric,013003,%,numeric,011001,degree true,numeric,011002,m/s,numeric
31004_19990113_0000_00,Aldan,gdas.adpupa.t00z.19990113.bufr,31004,0,1999-01-13T00:00:00Z,OK,ADPUPA,RAOBF,199901130000,31004,58.37,125.22,,,,1000.0,,0.0,-24.1,,,,,,1000.0,0.0,,,,,0.0,0.0,enriched,-679.0,679.0,True,False,below_station,,-24.1,,,,,,008001,Flag table,numeric,007004,Pa,numeric,010008,m2 s-2,numeric,010009,gpm,numeric,012101,K,numeric,012103,K,numeric,013003,%,numeric,011001,degree true,numeric,011002,m/s,numeric
31004_19990113_0000_00,Aldan,gdas.adpupa.t00z.19990113.bufr,31004,0,1999-01-13T00:00:00Z,OK,ADPUPA,RAOBF,199901130000,31004,58.37,125.22,,,,925.0,,500.0,-23.1,,,,,,925.0,500.0,,,,,500.0,500.0,enriched,-179.0,679.0,True,False,below_station,,-23.1,,,,,,008001,Flag table,numeric,007004,Pa,numeric,010008,m2 s-2,numeric,010009,gpm,numeric,012101,K,numeric,012103,K,numeric,013003,%,numeric,011001,degree true,numeric,011002,m/s,numeric
31004_19990113_0000_00,Aldan,gdas.adpupa.t00z.19990113.bufr,31004,0,1999-01-13T00:00:00Z,OK,ADPUPA,RAOBF,199901130000,31004,58.37,125.22,,,,850.0,,1000.0,-21.1,,,,,,850.0,1000.0,,,,,1000.0,1000.0,enriched,321.0,679.0,False,True,,,-21.1,,,,,,008001,Flag table,numeric,007004,Pa,numeric,010008,m2 s-2,numeric,010009,gpm,numeric,012101,K,numeric,012103,K,numeric,013003,%,numeric,011001,degree true,numeric,011002,m/s,numeric
31004_19990113_0000_00,Aldan,gdas.adpupa.t00z.19990113.bufr,31004,0,1999-01-13T00:00:00Z,OK,ADPUPA,RAOBF,199901130000,31004,58.37,125.22,,,,700.0,,1500.0,-23.1,,,,,,700.0,1500.0,,,,,1500.0,1500.0,enriched,821.0,679.0,False,True,,,-23.1,,,,,,008001,Flag table,numeric,007004,Pa,numeric,010008,m2 s-2,numeric,010009,gpm,numeric,012101,K,numeric,012103,K,numeric,013003,%,numeric,011001,degree true,numeric,011002,m/s,numeric
31004_19990113_0000_00,Aldan,gdas.adpupa.t00z.19990113.bufr,31004,0,1999-01-13T00:00:00Z,OK,ADPUPA,RAOBF,199901130000,31004,58.37,125.22,,,,600.0,,2000.0,-26.1,,,,,,600.0,2000.0,,,,,2000.0,2000.0,enriched,1321.0,679.0,False,True,,,-26.1,,,,,,008001,Flag table,numeric,007004,Pa,numeric,010008,m2 s-2,numeric,010009,gpm,numeric,012101,K,numeric,012103,K,numeric,013003,%,numeric,011001,degree true,numeric,011002,m/s,numeric
31004_19990113_0000_00,Aldan,gdas.adpupa.t00z.19990113.bufr,31004,0,1999-01-13T00:00:00Z,OK,ADPUPA,RAOBF,199901130000,31004,58.37,125.22,,,,500.0,,2500.0,-30.1,,,,,,500.0,2500.0,,,,,2500.0,2500.0,enriched,1821.0,679.0,False,True,,,-30.1,,,,,,008001,Flag table,numeric,007004,Pa,numeric,010008,m2 s-2,numeric,010009,gpm,numeric,012101,K,numeric,012103,K,numeric,013003,%,numeric,011001,degree true,numeric,011002,m/s,numeric
31004_19990113_1200_12,Aldan,gdas.adpupa.t12z.19990113.bufr,31004,0,1999-01-13T12:00:00Z,OK,ADPUPA,RAOBF,199901131200,31004,58.37,125.22,,,,1000.0,,0.0,-24.1,,,,,,1000.0,0.0,,,,,0.0,0.0,enriched,-679.0,679.0,True,False,below_station,,-24.1,,,,,,008001,Flag table,numeric,007004,Pa,numeric,010008,m2 s-2,numeric,010009,gpm,numeric,012101,K,numeric,012103,K,numeric,013003,%,numeric,011001,degree true,numeric,011002,m/s,numeric
31004_19990113_1200_12,Aldan,gdas.adpupa.t12z.19990113.bufr,31004,0,1999-01-13T12:00:00Z,OK,ADPUPA,RAOBF,199901131200,31004,58.37,125.22,,,,925.0,,500.0,-23.1,,,,,,925.0,500.0,,,,,500.0,500.0,enriched,-179.0,679.0,True,False,below_station,,-23.1,,,,,,008001,Flag table,numeric,007004,Pa,numeric,010008,m2 s-2,numeric,010009,gpm,numeric,012101,K,numeric,012103,K,numeric,013003,%,numeric,011001,degree true,numeric,011002,m/s,numeric
31004_19990113_1200_12,Aldan,gdas.adpupa.t12z.19990113.bufr,31004,0,1999-01-13T12:00:00Z,OK,ADPUPA,RAOBF,199901131200,31004,58.37,125.22,,,,850.0,,1000.0,-21.1,,,,,,850.0,1000.0,,,,,1000.0,1000.0,enriched,321.0,679.0,False,True,,,-21.1,,,,,,008001,Flag table,numeric,007004,Pa,numeric,010008,m2 s-2,numeric,010009,gpm,numeric,012101,K,numeric,012103,K,numeric,013003,%,numeric,011001,degree true,numeric,011002,m/s,numeric
31004_19990113_1200_12,Aldan,gdas.adpupa.t12z.19990113.bufr,31004,0,1999-01-13T12:00:00Z,OK,ADPUPA,RAOBF,199901131200,31004,58.37,125.22,,,,700.0,,1500.0,-23.1,,,,,,700.0,1500.0,,,,,1500.0,1500.0,enriched,821.0,679.0,False,True,,,-23.1,,,,,,008001,Flag table,numeric,007004,Pa,numeric,010008,m2 s-2,numeric,010009,gpm,numeric,012101,K,numeric,012103,K,numeric,013003,%,numeric,011001,degree true,numeric,011002,m/s,numeric
31004_19990113_1200_12,Aldan,gdas.adpupa.t12z.19990113.bufr,31004,0,1999-01-13T12:00:00Z,OK,ADPUPA,RAOBF,199901131200,31004,58.37,125.22,,,,600.0,,2000.0,-26.1,,,,,,600.0,2000.0,,,,,2000.0,2000.0,enriched,1321.0,679.0,False,True,,,-26.1,,,,,,008001,Flag table,numeric,007004,Pa,numeric,010008,m2 s-2,numeric,010009,gpm,numeric,012101,K,numeric,012103,K,numeric,013003,%,numeric,011001,degree true,numeric,011002,m/s,numeric
31004_19990113_1200_12,Aldan,gdas.adpupa.t12z.19990113.bufr,31004,0,1999-01-13T12:00:00Z,OK,ADPUPA,RAOBF,199901131200,31004,58.37,125.22,,,,500.0,,2500.0,-30.1,,,,,,500.0,2500.0,,,,,2500.0,2500.0,enriched,1821.0,679.0,False,True,,,-30.1,,,,,,008001,Flag table,numeric,007004,Pa,numeric,010008,m2 s-2,numeric,010009,gpm,numeric,012101,K,numeric,012103,K,numeric,013003,%,numeric,011001,degree true,numeric,011002,m/s,numeric
31004_19990114_0000_00,Aldan,gdas.adpupa.t00z.19990114.bufr,31004,0,1999-01-14T00:00:00Z,OK,ADPUPA,RAOBF,199901140000,31004,58.37,125.22,,,,1000.0,,0.0,-23.8,,,,,,1000.0,0.0,,,,,0.0,0.0,enriched,-679.0,679.0,True,False,below_station,,-23.8,,,,,,008001,Flag table,numeric,007004,Pa,numeric,010008,m2 s-2,numeric,010009,gpm,numeric,012101,K,numeric,012103,K,numeric,013003,%,numeric,011001,degree true,numeric,011002,m/s,numeric
31004_19990114_0000_00,Aldan,gdas.adpupa.t00z.19990114.bufr,31004,0,1999-01-14T00:00:00Z,OK,ADPUPA,RAOBF,199901140000,31004,58.37,125.22,,,,925.0,,500.0,-22.8,,,,,,925.0,500.0,,,,,500.0,500.0,enriched,-179.0,679.0,True,False,below_station,,-22.8,,,,,,008001,Flag table,numeric,007004,Pa,numeric,010008,m2 s-2,numeric,010009,gpm,numeric,012101,K,numeric,012103,K,numeric,013003,%,numeric,011001,degree true,numeric,011002,m/s,numeric
31004_19990114_0000_00,Aldan,gdas.adpupa.t00z.19990114.bufr,31004,0,1999-01-14T00:00:00Z,OK,ADPUPA,RAOBF,199901140000,31004,58.37,125.22,,,,850.0,,1000.0,-20.8,,,,,,850.0,1000.0,,,,,1000.0,1000.0,enriched,321.0,679.0,False,True,,,-20.8,,,,,,008001,Flag table,numeric,007004,Pa,numeric,010008,m2 s-2,numeric,010009,gpm,numeric,012101,K,numeric,012103,K,numeric,013003,%,numeric,011001,degree true,numeric,011002,m/s,numeric
31004_19990114_0000_00,Aldan,gdas.adpupa.t00z.19990114.bufr,31004,0,1999-01-14T00:00:00Z,OK,ADPUPA,RAOBF,199901140000,31004,58.37,125.22,,,,700.0,,1500.0,-22.8,,,,,,700.0,1500.0,,,,,1500.0,1500.0,enriched,821.0,679.0,False,True,,,-22.8,,,,,,008001,Flag table,numeric,007004,Pa,numeric,010008,m2 s-2,numeric,010009,gpm,numeric,012101,K,numeric,012103,K,numeric,013003,%,numeric,011001,degree true,numeric,011002,m/s,numeric
31004_19990114_0000_00,Aldan,gdas.adpupa.t00z.19990114.bufr,31004,0,1999-01-14T00:00:00Z,OK,ADPUPA,RAOBF,199901140000,31004,58.37,125.22,,,,600.0,,2000.0,-25.8,,,,,,600.0,2000.0,,,,,2000.0,2000.0,enriched,1321.0,679.0,False,True,,,-25.8,,,,,,008001,Flag table,numeric,007004,Pa,numeric,010008,m2 s-2,numeric,010009,gpm,numeric,012101,K,numeric,012103,K,numeric,013003,%,numeric,011001,degree true,numeric,011002,m/s,numeric
31004_19990114_0000_00,Aldan,gdas.adpupa.t00z.19990114.bufr,31004,0,1999-01-14T00:00:00Z,OK,ADPUPA,RAOBF,199901140000,31004,58.37,125.22,,,,500.0,,2500.0,-29.8,,,,,,500.0,2500.0,,,,,2500.0,2500.0,enriched,1821.0,679.0,False,True,,,-29.8,,,,,,008001,Flag table,numeric,007004,Pa,numeric,010008,m2 s-2,numeric,010009,gpm,numeric,012101,K,numeric,012103,K,numeric,013003,%,numeric,011001,degree true,numeric,011002,m/s,numeric
31004_19990114_1200_12,Aldan,gdas.adpupa.t12z.19990114.bufr,31004,0,1999-01-14T12:00:00Z,OK,ADPUPA,RAOBF,199901141200,31004,58.37,125.22,,,,1000.0,,0.0,-23.8,,,,,,1000.0,0.0,,,,,0.0,0.0,enriched,-679.0,679.0,True,False,below_station,,-23.8,,,,,,008001,Flag table,numeric,007004,Pa,numeric,010008,m2 s-2,numeric,010009,gpm,numeric,012101,K,numeric,012103,K,numeric,013003,%,numeric,011001,degree true,numeric,011002,m/s,numeric
31004_19990114_1200_12,Aldan,gdas.adpupa.t12z.19990114.bufr,31004,0,1999-01-14T12:00:00Z,OK,ADPUPA,RAOBF,199901141200,31004,58.37,125.22,,,,925.0,,500.0,-22.8,,,,,,925.0,500.0,,,,,500.0,500.0,enriched,-179.0,679.0,True,False,below_station,,-22.8,,,,,,008001,Flag table,numeric,007004,Pa,numeric,010008,m2 s-2,numeric,010009,gpm,numeric,012101,K,numeric,012103,K,numeric,013003,%,numeric,011001,degree true,numeric,011002,m/s,numeric
31004_19990114_1200_12,Aldan,gdas.adpupa.t12z.19990114.bufr,31004,0,1999-01-14T12:00:00Z,OK,ADPUPA,RAOBF,199901141200,31004,58.37,125.22,,,,850.0,,1000.0,-20.8,,,,,,850.0,1000.0,,,,,1000.0,1000.0,enriched,321.0,679.0,False,True,,,-20.8,,,,,,008001,Flag table,numeric,007004,Pa,numeric,010008,m2 s-2,numeric,010009,gpm,numeric,012101,K,numeric,012103,K,numeric,013003,%,numeric,011001,degree true,numeric,011002,m/s,numeric
31004_19990114_1200_12,Aldan,gdas.adpupa.t12z.19990114.bufr,31004,0,1999-01-14T12:00:00Z,OK,ADPUPA,RAOBF,199901141200,31004,58.37,125.22,,,,700.0,,1500.0,-22.8,,,,,,700.0,1500.0,,,,,1500.0,1500.0,enriched,821.0,679.0,False,True,,,-22.8,,,,,,008001,Flag table,numeric,007004,Pa,numeric,010008,m2 s-2,numeric,010009,gpm,numeric,012101,K,numeric,012103,K,numeric,013003,%,numeric,011001,degree true,numeric,011002,m/s,numeric
31004_19990114_1200_12,Aldan,gdas.adpupa.t12z.19990114.bufr,31004,0,1999-01-14T12:00:00Z,OK,ADPUPA,RAOBF,199901141200,31004,58.37,125.22,,,,600.0,,2000.0,-25.8,,,,,,600.0,2000.0,,,,,2000.0,2000.0,enriched,1321.0,679.0,False,True,,,-25.8,,,,,,008001,Flag table,numeric,007004,Pa,numeric,010008,m2 s-2,numeric,010009,gpm,numeric,012101,K,numeric,012103,K,numeric,013003,%,numeric,011001,degree true,numeric,011002,m/s,numeric
31004_19990114_1200_12,Aldan,gdas.adpupa.t12z.19990114.bufr,31004,0,1999-01-14T12:00:00Z,OK,ADPUPA,RAOBF,199901141200,31004,58.37,125.22,,,,500.0,,2500.0,-29.8,,,,,,500.0,2500.0,,,,,2500.0,2500.0,enriched,1821.0,679.0,False,True,,,-29.8,,,,,,008001,Flag table,numeric,007004,Pa,numeric,010008,m2 s-2,numeric,010009,gpm,numeric,012101,K,numeric,012103,K,numeric,013003,%,numeric,011001,degree true,numeric,011002,m/s,numeric
31004_19990115_0000_00,Aldan,gdas.adpupa.t00z.19990115.bufr,31004,0,1999-01-15T00:00:00Z,OK,ADPUPA,RAOBF,199901150000,31004,58.37,125.22,,,,1000.0,,0.0,-23.5,,,,,,1000.0,0.0,,,,,0.0,0.0,enriched,-679.0,679.0,True,False,below_station,,-23.5,,,,,,008001,Flag table,numeric,007004,Pa,numeric,010008,m2 s-2,numeric,010009,gpm,numeric,012101,K,numeric,012103,K,numeric,013003,%,numeric,011001,degree true,numeric,011002,m/s,numeric
31004_19990115_0000_00,Aldan,gdas.adpupa.t00z.19990115.bufr,31004,0,1999-01-15T00:00:00Z,OK,ADPUPA,RAOBF,199901150000,31004,58.37,125.22,,,,925.0,,500.0,-22.5,,,,,,925.0,500.0,,,,,500.0,500.0,enriched,-179.0,679.0,True,False,below_station,,-22.5,,,,,,008001,Flag table,numeric,007004,Pa,numeric,010008,m2 s-2,numeric,010009,gpm,numeric,012101,K,numeric,012103,K,numeric,013003,%,numeric,011001,degree true,numeric,011002,m/s,numeric
31004_19990115_0000_00,Aldan,gdas.adpupa.t00z.19990115.bufr,31004,0,1999-01-15T00:00:00Z,OK,ADPUPA,RAOBF,199901150000,31004,58.37,125.22,,,,850.0,,1000.0,-20.5,,,,,,850.0,1000.0,,,,,1000.0,1000.0,enriched,321.0,679.0,False,True,,,-20.5,,,,,,008001,Flag table,numeric,007004,Pa,numeric,010008,m2 s-2,numeric,010009,gpm,numeric,012101,K,numeric,012103,K,numeric,013003,%,numeric,011001,degree true,numeric,011002,m/s,numeric
31004_19990115_0000_00,Aldan,gdas.adpupa.t00z.19990115.bufr,31004,0,1999-01-15T00:00:00Z,OK,ADPUPA,RAOBF,199901150000,31004,58.37,125.22,,,,700.0,,1500.0,-22.5,,,,,,700.0,1500.0,,,,,1500.0,1500.0,enriched,821.0,679.0,False,True,,,-22.5,,,,,,008001,Flag table,numeric,007004,Pa,numeric,010008,m2 s-2,numeric,010009,gpm,numeric,012101,K,numeric,012103,K,numeric,013003,%,numeric,011001,degree true,numeric,011002,m/s,numeric
31004_19990115_0000_00,Aldan,gdas.adpupa.t00z.19990115.bufr,31004,0,1999-01-15T00:00:00Z,OK,ADPUPA,RAOBF,199901150000,31004,58.37,125.22,,,,600.0,,2000.0,-25.5,,,,,,600.0,2000.0,,,,,2000.0,2000.0,enriched,1321.0,679.0,False,True,,,-25.5,,,,,,008001,Flag table,numeric,007004,Pa,numeric,010008,m2 s-2,numeric,010009,gpm,numeric,012101,K,numeric,012103,K,numeric,013003,%,numeric,011001,degree true,numeric,011002,m/s,numeric
31004_19990115_0000_00,Aldan,gdas.adpupa.t00z.19990115.bufr,31004,0,1999-01-15T00:00:00Z,OK,ADPUPA,RAOBF,199901150000,31004,58.37,125.22,,,,500.0,,2500.0,-29.5,,,,,,500.0,2500.0,,,,,2500.0,2500.0,enriched,1821.0,679.0,False,True,,,-29.5,,,,,,008001,Flag table,numeric,007004,Pa,numeric,010008,m2 s-2,numeric,010009,gpm,numeric,012101,K,numeric,012103,K,numeric,013003,%,numeric,011001,degree true,numeric,011002,m/s,numeric
31004_19990115_1200_12,Aldan,gdas.adpupa.t12z.19990115.bufr,31004,0,1999-01-15T12:00:00Z,OK,ADPUPA,RAOBF,199901151200,31004,58.37,125.22,,,,1000.0,,0.0,-23.5,,,,,,1000.0,0.0,,,,,0.0,0.0,enriched,-679.0,679.0,True,False,below_station,,-23.5,,,,,,008001,Flag table,numeric,007004,Pa,numeric,010008,m2 s-2,numeric,010009,gpm,numeric,012101,K,numeric,012103,K,numeric,013003,%,numeric,011001,degree true,numeric,011002,m/s,numeric
31004_19990115_1200_12,Aldan,gdas.adpupa.t12z.19990115.bufr,31004,0,1999-01-15T12:00:00Z,OK,ADPUPA,RAOBF,199901151200,31004,58.37,125.22,,,,925.0,,500.0,-22.5,,,,,,925.0,500.0,,,,,500.0,500.0,enriched,-179.0,679.0,True,False,below_station,,-22.5,,,,,,008001,Flag table,numeric,007004,Pa,numeric,010008,m2 s-2,numeric,010009,gpm,numeric,012101,K,numeric,012103,K,numeric,013003,%,numeric,011001,degree true,numeric,011002,m/s,numeric
31004_19990115_1200_12,Aldan,gdas.adpupa.t12z.19990115.bufr,31004,0,1999-01-15T12:00:00Z,OK,ADPUPA,RAOBF,199901151200,31004,58.37,125.22,,,,850.0,,1000.0,-20.5,,,,,,850.0,1000.0,,,,,1000.0,1000.0,enriched,321.0,679.0,False,True,,,-20.5,,,,,,008001,Flag table,numeric,007004,Pa,numeric,010008,m2 s-2,numeric,010009,gpm,numeric,012101,K,numeric,012103,K,numeric,013003,%,numeric,011001,degree true,numeric,011002,m/s,numeric
31004_19990115_1200_12,Aldan,gdas.adpupa.t12z.19990115.bufr,31004,0,1999-01-15T12:00:00Z,OK,ADPUPA,RAOBF,199901151200,31004,58.37,125.22,,,,700.0,,1500.0,-22.5,,,,,,700.0,1500.0,,,,,1500.0,1500.0,enriched,821.0,679.0,False,True,,,-22.5,,,,,,008001,Flag table,numeric,007004,Pa,numeric,010008,m2 s-2,numeric,010009,gpm,numeric,012101,K,numeric,012103,K,numeric,013003,%,numeric,011001,degree true,numeric,011002,m/s,numeric
31004_19990115_1200_12,Aldan,gdas.adpupa.t12z.19990115.bufr,31004,0,1999-01-15T12:00:00Z,OK,ADPUPA,RAOBF,199901151200,31004,58.37,125.22,,,,600.0,,2000.0,-25.5,,,,,,600.0,2000.0,,,,,2000.0,2000.0,enriched,1321.0,679.0,False,True,,,-25.5,,,,,,008001,Flag table,numeric,007004,Pa,numeric,010008,m2 s-2,numeric,010009,gpm,numeric,012101,K,numeric,012103,K,numeric,013003,%,numeric,011001,degree true,numeric,011002,m/s,numeric
31004_19990115_1200_12,Aldan,gdas.adpupa.t12z.19990115.bufr,31004,0,1999-01-15T12:00:00Z,OK,ADPUPA,RAOBF,199901151200,31004,58.37,125.22,,,,500.0,,2500.0,-29.5,,,,,,500.0,2500.0,,,,,2500.0,2500.0,enriched,1821.0,679.0,False,True,,,-29.5,,,,,,008001,Flag table,numeric,007004,Pa,numeric,010008,m2 s-2,numeric,010009,gpm,numeric,012101,K,numeric,012103,K,numeric,013003,%,numeric,011001,degree true,numeric,011002,m/s,numeric
31004_19990116_0000_00,Aldan,gdas.adpupa.t00z.19990116.bufr,31004,0,1999-01-16T00:00:00Z,OK,ADPUPA,RAOBF,199901160000,31004,58.37,125.22,,,,1000.0,,0.0,-23.2,,,,,,1000.0,0.0,,,,,0.0,0.0,enriched,-679.0,679.0,True,False,below_station,,-23.2,,,,,,008001,Flag table,numeric,007004,Pa,numeric,010008,m2 s-2,numeric,010009,gpm,numeric,012101,K,numeric,012103,K,numeric,013003,%,numeric,011001,degree true,numeric,011002,m/s,numeric
31004_19990116_0000_00,Aldan,gdas.adpupa.t00z.19990116.bufr,31004,0,1999-01-16T00:00:00Z,OK,ADPUPA,RAOBF,199901160000,31004,58.37,125.22,,,,925.0,,500.0,-22.2,,,,,,925.0,500.0,,,,,500.0,500.0,enriched,-179.0,679.0,True,False,below_station,,-22.2,,,,,,008001,Flag table,numeric,007004,Pa,numeric,010008,m2 s-2,numeric,010009,gpm,numeric,012101,K,numeric,012103,K,numeric,013003,%,numeric,011001,degree true,numeric,011002,m/s,numeric
31004_19990116_0000_00,Aldan,gdas.adpupa.t00z.19990116.bufr,31004,0,1999-01-16T00:00:00Z,OK,ADPUPA,RAOBF,199901160000,31004,58.37,125.22,,,,850.0,,1000.0,-20.2,,,,,,850.0,1000.0,,,,,1000.0,1000.0,enriched,321.0,679.0,False,True,,,-20.2,,,,,,008001,Flag table,numeric,007004,Pa,numeric,010008,m2 s-2,numeric,010009,gpm,numeric,012101,K,numeric,012103,K,numeric,013003,%,numeric,011001,degree true,numeric,011002,m/s,numeric
31004_19990116_0000_00,Aldan,gdas.adpupa.t00z.19990116.bufr,31004,0,1999-01-16T00:00:00Z,OK,ADPUPA,RAOBF,199901160000,31004,58.37,125.22,,,,700.0,,1500.0,-22.2,,,,,,700.0,1500.0,,,,,1500.0,1500.0,enriched,821.0,679.0,False,True,,,-22.2,,,,,,008001,Flag table,numeric,007004,Pa,numeric,010008,m2 s-2,numeric,010009,gpm,numeric,012101,K,numeric,012103,K,numeric,013003,%,numeric,011001,degree true,numeric,011002,m/s,numeric
31004_19990116_0000_00,Aldan,gdas.adpupa.t00z.19990116.bufr,31004,0,1999-01-16T00:00:00Z,OK,ADPUPA,RAOBF,199901160000,31004,58.37,125.22,,,,600.0,,2000.0,-25.2,,,,,,600.0,2000.0,,,,,2000.0,2000.0,enriched,1321.0,679.0,False,True,,,-25.2,,,,,,008001,Flag table,numeric,007004,Pa,numeric,010008,m2 s-2,numeric,010009,gpm,numeric,012101,K,numeric,012103,K,numeric,013003,%,numeric,011001,degree true,numeric,011002,m/s,numeric
31004_19990116_0000_00,Aldan,gdas.adpupa.t00z.19990116.bufr,31004,0,1999-01-16T00:00:00Z,OK,ADPUPA,RAOBF,199901160000,31004,58.37,125.22,,,,500.0,,2500.0,-29.2,,,,,,500.0,2500.0,,,,,2500.0,2500.0,enriched,1821.0,679.0,False,True,,,-29.2,,,,,,008001,Flag table,numeric,007004,Pa,numeric,010008,m2 s-2,numeric,010009,gpm,numeric,012101,K,numeric,012103,K,numeric,013003,%,numeric,011001,degree true,numeric,011002,m/s,numeric
31004_19990116_1200_12,Aldan,gdas.adpupa.t12z.19990116.bufr,31004,0,1999-01-16T12:00:00Z,OK,ADPUPA,RAOBF,199901161200,31004,58.37,125.22,,,,1000.0,,0.0,-23.2,,,,,,1000.0,0.0,,,,,0.0,0.0,enriched,-679.0,679.0,True,False,below_station,,-23.2,,,,,,008001,Flag table,numeric,007004,Pa,numeric,010008,m2 s-2,numeric,010009,gpm,numeric,012101,K,numeric,012103,K,numeric,013003,%,numeric,011001,degree true,numeric,011002,m/s,numeric
31004_19990116_1200_12,Aldan,gdas.adpupa.t12z.19990116.bufr,31004,0,1999-01-16T12:00:00Z,OK,ADPUPA,RAOBF,199901161200,31004,58.37,125.22,,,,925.0,,500.0,-22.2,,,,,,925.0,500.0,,,,,500.0,500.0,enriched,-179.0,679.0,True,False,below_station,,-22.2,,,,,,008001,Flag table,numeric,007004,Pa,numeric,010008,m2 s-2,numeric,010009,gpm,numeric,012101,K,numeric,012103,K,numeric,013003,%,numeric,011001,degree true,numeric,011002,m/s,numeric
31004_19990116_1200_12,Aldan,gdas.adpupa.t12z.19990116.bufr,31004,0,1999-01-16T12:00:00Z,OK,ADPUPA,RAOBF,199901161200,31004,58.37,125.22,,,,850.0,,1000.0,-20.2,,,,,,850.0,1000.0,,,,,1000.0,1000.0,enriched,321.0,679.0,False,True,,,-20.2,,,,,,008001,Flag table,numeric,007004,Pa,numeric,010008,m2 s-2,numeric,010009,gpm,numeric,012101,K,numeric,012103,K,numeric,013003,%,numeric,011001,degree true,numeric,011002,m/s,numeric
31004_19990116_1200_12,Aldan,gdas.adpupa.t12z.19990116.bufr,31004,0,1999-01-16T12:00:00Z,OK,ADPUPA,RAOBF,199901161200,31004,58.37,125.22,,,,700.0,,1500.0,-22.2,,,,,,700.0,1500.0,,,,,1500.0,1500.0,enriched,821.0,679.0,False,True,,,-22.2,,,,,,008001,Flag table,numeric,007004,Pa,numeric,010008,m2 s-2,numeric,010009,gpm,numeric,012101,K,numeric,012103,K,numeric,013003,%,numeric,011001,degree true,numeric,011002,m/s,numeric
31004_19990116_1200_12,Aldan,gdas.adpupa.t12z.19990116.bufr,31004,0,1999-01-16T12:00:00Z,OK,ADPUPA,RAOBF,199901161200,31004,58.37,125.22,,,,600.0,,2000.0,-25.2,,,,,,600.0,2000.0,,,,,2000.0,2000.0,enriched,1321.0,679.0,False,True,,,-25.2,,,,,,008001,Flag table,numeric,007004,Pa,numeric,010008,m2 s-2,numeric,010009,gpm,numeric,012101,K,numeric,012103,K,numeric,013003,%,numeric,011001,degree true,numeric,011002,m/s,numeric
31004_19990116_1200_12,Aldan,gdas.adpupa.t12z.19990116.bufr,31004,0,1999-01-16T12:00:00Z,OK,ADPUPA,RAOBF,199901161200,31004,58.37,125.22,,,,500.0,,2500.0,-29.2,,,,,,500.0,2500.0,,,,,2500.0,2500.0,enriched,1821.0,679.0,False,True,,,-29.2,,,,,,008001,Flag table,numeric,007004,Pa,numeric,010008,m2 s-2,numeric,010009,gpm,numeric,012101,K,numeric,012103,K,numeric,013003,%,numeric,011001,degree true,numeric,011002,m/s,numeric
31004_19990117_0000_00,Aldan,gdas.adpupa.t00z.19990117.bufr,31004,0,1999-01-17T00:00:00Z,OK,ADPUPA,RAOBF,199901170000,31004,58.37,125.22,,,,1000.0,,0.0,-22.9,,,,,,1000.0,0.0,,,,,0.0,0.0,enriched,-679.0,679.0,True,False,below_station,,-22.9,,,,,,008001,Flag table,numeric,007004,Pa,numeric,010008,m2 s-2,numeric,010009,gpm,numeric,012101,K,numeric,012103,K,numeric,013003,%,numeric,011001,degree true,numeric,011002,m/s,numeric
31004_19990117_0000_00,Aldan,gdas.adpupa.t00z.19990117.bufr,31004,0,1999-01-17T00:00:00Z,OK,ADPUPA,RAOBF,199901170000,31004,58.37,125.22,,,,925.0,,500.0,-21.9,,,,,,925.0,500.0,,,,,500.0,500.0,enriched,-179.0,679.0,True,False,below_station,,-21.9,,,,,,008001,Flag table,numeric,007004,Pa,numeric,010008,m2 s-2,numeric,010009,gpm,numeric,012101,K,numeric,012103,K,numeric,013003,%,numeric,011001,degree true,numeric,011002,m/s,numeric
31004_19990117_0000_00,Aldan,gdas.adpupa.t00z.19990117.bufr,31004,0,1999-01-17T00:00:00Z,OK,ADPUPA,RAOBF,199901170000,31004,58.37,125.22,,,,850.0,,1000.0,-19.9,,,,,,850.0,1000.0,,,,,1000.0,1000.0,enriched,321.0,679.0,False,True,,,-19.9,,,,,,008001,Flag table,numeric,007004,Pa,numeric,010008,m2 s-2,numeric,010009,gpm,numeric,012101,K,numeric,012103,K,numeric,013003,%,numeric,011001,degree true,numeric,011002,m/s,numeric
31004_19990117_0000_00,Aldan,gdas.adpupa.t00z.19990117.bufr,31004,0,1999-01-17T00:00:00Z,OK,ADPUPA,RAOBF,199901170000,31004,58.37,125.22,,,,700.0,,1500.0,-21.9,,,,,,700.0,1500.0,,,,,1500.0,1500.0,enriched,821.0,679.0,False,True,,,-21.9,,,,,,008001,Flag table,numeric,007004,Pa,numeric,010008,m2 s-2,numeric,010009,gpm,numeric,012101,K,numeric,012103,K,numeric,013003,%,numeric,011001,degree true,numeric,011002,m/s,numeric
31004_19990117_0000_00,Aldan,gdas.adpupa.t00z.19990117.bufr,31004,0,1999-01-17T00:00:00Z,OK,ADPUPA,RAOBF,199901170000,31004,58.37,125.22,,,,600.0,,2000.0,-24.9,,,,,,600.0,2000.0,,,,,2000.0,2000.0,enriched,1321.0,679.0,False,True,,,-24.9,,,,,,008001,Flag table,numeric,007004,Pa,numeric,010008,m2 s-2,numeric,010009,gpm,numeric,012101,K,numeric,012103,K,numeric,013003,%,numeric,011001,degree true,numeric,011002,m/s,numeric
31004_19990117_0000_00,Aldan,gdas.adpupa.t00z.19990117.bufr,31004,0,1999-01-17T00:00:00Z,OK,ADPUPA,RAOBF,199901170000,31004,58.37,125.22,,,,500.0,,2500.0,-28.9,,,,,,500.0,2500.0,,,,,2500.0,2500.0,enriched,1821.0,679.0,False,True,,,-28.9,,,,,,008001,Flag table,numeric,007004,Pa,numeric,010008,m2 s-2,numeric,010009,gpm,numeric,012101,K,numeric,012103,K,numeric,013003,%,numeric,011001,degree true,numeric,011002,m/s,numeric
31004_19990117_1200_12,Aldan,gdas.adpupa.t12z.19990117.bufr,31004,0,1999-01-17T12:00:00Z,OK,ADPUPA,RAOBF,199901171200,31004,58.37,125.22,,,,1000.0,,0.0,-22.9,,,,,,1000.0,0.0,,,,,0.0,0.0,enriched,-679.0,679.0,True,False,below_station,,-22.9,,,,,,008001,Flag table,numeric,007004,Pa,numeric,010008,m2 s-2,numeric,010009,gpm,numeric,012101,K,numeric,012103,K,numeric,013003,%,numeric,011001,degree true,numeric,011002,m/s,numeric
31004_19990117_1200_12,Aldan,gdas.adpupa.t12z.19990117.bufr,31004,0,1999-01-17T12:00:00Z,OK,ADPUPA,RAOBF,199901171200,31004,58.37,125.22,,,,925.0,,500.0,-21.9,,,,,,925.0,500.0,,,,,500.0,500.0,enriched,-179.0,679.0,True,False,below_station,,-21.9,,,,,,008001,Flag table,numeric,007004,Pa,numeric,010008,m2 s-2,numeric,010009,gpm,numeric,012101,K,numeric,012103,K,numeric,013003,%,numeric,011001,degree true,numeric,011002,m/s,numeric
31004_19990117_1200_12,Aldan,gdas.adpupa.t12z.19990117.bufr,31004,0,1999-01-17T12:00:00Z,OK,ADPUPA,RAOBF,199901171200,31004,58.37,125.22,,,,850.0,,1000.0,-19.9,,,,,,850.0,1000.0,,,,,1000.0,1000.0,enriched,321.0,679.0,False,True,,,-19.9,,,,,,008001,Flag table,numeric,007004,Pa,numeric,010008,m2 s-2,numeric,010009,gpm,numeric,012101,K,numeric,012103,K,numeric,013003,%,numeric,011001,degree true,numeric,011002,m/s,numeric
31004_19990117_1200_12,Aldan,gdas.adpupa.t12z.19990117.bufr,31004,0,1999-01-17T12:00:00Z,OK,ADPUPA,RAOBF,199901171200,31004,58.37,125.22,,,,700.0,,1500.0,-21.9,,,,,,700.0,1500.0,,,,,1500.0,1500.0,enriched,821.0,679.0,False,True,,,-21.9,,,,,,008001,Flag table,numeric,007004,Pa,numeric,010008,m2 s-2,numeric,010009,gpm,numeric,012101,K,numeric,012103,K,numeric,013003,%,numeric,011001,degree true,numeric,011002,m/s,numeric
31004_19990117_1200_12,Aldan,gdas.adpupa.t12z.19990117.bufr,31004,0,1999-01-17T12:00:00Z,OK,ADPUPA,RAOBF,199901171200,31004,58.37,125.22,,,,600.0,,2000.0,-24.9,,,,,,600.0,2000.0,,,,,2000.0,2000.0,enriched,1321.0,679.0,False,True,,,-24.9,,,,,,008001,Flag table,numeric,007004,Pa,numeric,010008,m2 s-2,numeric,010009,gpm,numeric,012101,K,numeric,012103,K,numeric,013003,%,numeric,011001,degree true,numeric,011002,m/s,numeric
31004_19990117_1200_12,Aldan,gdas.adpupa.t12z.19990117.bufr,31004,0,1999-01-17T12:00:00Z,OK,ADPUPA,RAOBF,199901171200,31004,58.37,125.22,,,,500.0,,2500.0,-28.9,,,,,,500.0,2500.0,,,,,2500.0,2500.0,enriched,1821.0,679.0,False,True,,,-28.9,,,,,,008001,Flag table,numeric,007004,Pa,numeric,010008,m2 s-2,numeric,010009,gpm,numeric,012101,K,numeric,012103,K,numeric,013003,%,numeric,011001,degree true,numeric,011002,m/s,numeric
31004_19990118_0000_00,Aldan,gdas.adpupa.t00z.19990118.bufr,31004,0,1999-01-18T00:00:00Z,OK,ADPUPA,RAOBF,199901180000,31004,58.37,125.22,,,,1000.0,,0.0,-22.6,,,,,,1000.0,0.0,,,,,0.0,0.0,enriched,-679.0,679.0,True,False,below_station,,-22.6,,,,,,008001,Flag table,numeric,007004,Pa,numeric,010008,m2 s-2,numeric,010009,gpm,numeric,012101,K,numeric,012103,K,numeric,013003,%,numeric,011001,degree true,numeric,011002,m/s,numeric
31004_19990118_0000_00,Aldan,gdas.adpupa.t00z.19990118.bufr,31004,0,1999-01-18T00:00:00Z,OK,ADPUPA,RAOBF,199901180000,31004,58.37,125.22,,,,925.0,,500.0,-21.6,,,,,,925.0,500.0,,,,,500.0,500.0,enriched,-179.0,679.0,True,False,below_station,,-21.6,,,,,,008001,Flag table,numeric,007004,Pa,numeric,010008,m2 s-2,numeric,010009,gpm,numeric,012101,K,numeric,012103,K,numeric,013003,%,numeric,011001,degree true,numeric,011002,m/s,numeric
31004_19990118_0000_00,Aldan,gdas.adpupa.t00z.19990118.bufr,31004,0,1999-01-18T00:00:00Z,OK,ADPUPA,RAOBF,199901180000,31004,58.37,125.22,,,,850.0,,1000.0,-19.6,,,,,,850.0,1000.0,,,,,1000.0,1000.0,enriched,321.0,679.0,False,True,,,-19.6,,,,,,008001,Flag table,numeric,007004,Pa,numeric,010008,m2 s-2,numeric,010009,gpm,numeric,012101,K,numeric,012103,K,numeric,013003,%,numeric,011001,degree true,numeric,011002,m/s,numeric
31004_19990118_0000_00,Aldan,gdas.adpupa.t00z.19990118.bufr,31004,0,1999-01-18T00:00:00Z,OK,ADPUPA,RAOBF,199901180000,31004,58.37,125.22,,,,700.0,,1500.0,-21.6,,,,,,700.0,1500.0,,,,,1500.0,1500.0,enriched,821.0,679.0,False,True,,,-21.6,,,,,,008001,Flag table,numeric,007004,Pa,numeric,010008,m2 s-2,numeric,010009,gpm,numeric,012101,K,numeric,012103,K,numeric,013003,%,numeric,011001,degree true,numeric,011002,m/s,numeric
31004_19990118_0000_00,Aldan,gdas.adpupa.t00z.19990118.bufr,31004,0,1999-01-18T00:00:00Z,OK,ADPUPA,RAOBF,199901180000,31004,58.37,125.22,,,,600.0,,2000.0,-24.6,,,,,,600.0,2000.0,,,,,2000.0,2000.0,enriched,1321.0,679.0,False,True,,,-24.6,,,,,,008001,Flag table,numeric,007004,Pa,numeric,010008,m2 s-2,numeric,010009,gpm,numeric,012101,K,numeric,012103,K,numeric,013003,%,numeric,011001,degree true,numeric,011002,m/s,numeric
31004_19990118_0000_00,Aldan,gdas.adpupa.t00z.19990118.bufr,31004,0,1999-01-18T00:00:00Z,OK,ADPUPA,RAOBF,199901180000,31004,58.37,125.22,,,,500.0,,2500.0,-28.6,,,,,,500.0,2500.0,,,,,2500.0,2500.0,enriched,1821.0,679.0,False,True,,,-28.6,,,,,,008001,Flag table,numeric,007004,Pa,numeric,010008,m2 s-2,numeric,010009,gpm,numeric,012101,K,numeric,012103,K,numeric,013003,%,numeric,011001,degree true,numeric,011002,m/s,numeric
31004_19990118_1200_12,Aldan,gdas.adpupa.t12z.19990118.bufr,31004,0,1999-01-18T12:00:00Z,OK,ADPUPA,RAOBF,199901181200,31004,58.37,125.22,,,,1000.0,,0.0,-22.6,,,,,,1000.0,0.0,,,,,0.0,0.0,enriched,-679.0,679.0,True,False,below_station,,-22.6,,,,,,008001,Flag table,numeric,007004,Pa,numeric,010008,m2 s-2,numeric,010009,gpm,numeric,012101,K,numeric,012103,K,numeric,013003,%,numeric,011001,degree true,numeric,011002,m/s,numeric
31004_19990118_1200_12,Aldan,gdas.adpupa.t12z.19990118.bufr,31004,0,1999-01-18T12:00:00Z,OK,ADPUPA,RAOBF,199901181200,31004,58.37,125.22,,,,925.0,,500.0,-21.6,,,,,,925.0,500.0,,,,,500.0,500.0,enriched,-179.0,679.0,True,False,below_station,,-21.6,,,,,,008001,Flag table,numeric,007004,Pa,numeric,010008,m2 s-2,numeric,010009,gpm,numeric,012101,K,numeric,012103,K,numeric,013003,%,numeric,011001,degree true,numeric,011002,m/s,numeric
31004_19990118_1200_12,Aldan,gdas.adpupa.t12z.19990118.bufr,31004,0,1999-01-18T12:00:00Z,OK,ADPUPA,RAOBF,199901181200,31004,58.37,125.22,,,,850.0,,1000.0,-19.6,,,,,,850.0,1000.0,,,,,1000.0,1000.0,enriched,321.0,679.0,False,True,,,-19.6,,,,,,008001,Flag table,numeric,007004,Pa,numeric,010008,m2 s-2,numeric,010009,gpm,numeric,012101,K,numeric,012103,K,numeric,013003,%,numeric,011001,degree true,numeric,011002,m/s,numeric
31004_19990118_1200_12,Aldan,gdas.adpupa.t12z.19990118.bufr,31004,0,1999-01-18T12:00:00Z,OK,ADPUPA,RAOBF,199901181200,31004,58.37,125.22,,,,700.0,,1500.0,-21.6,,,,,,700.0,1500.0,,,,,1500.0,1500.0,enriched,821.0,679.0,False,True,,,-21.6,,,,,,008001,Flag table,numeric,007004,Pa,numeric,010008,m2 s-2,numeric,010009,gpm,numeric,012101,K,numeric,012103,K,numeric,013003,%,numeric,011001,degree true,numeric,011002,m/s,numeric
31004_19990118_1200_12,Aldan,gdas.adpupa.t12z.19990118.bufr,31004,0,1999-01-18T12:00:00Z,OK,ADPUPA,RAOBF,199901181200,31004,58.37,125.22,,,,600.0,,2000.0,-24.6,,,,,,600.0,2000.0,,,,,2000.0,2000.0,enriched,1321.0,679.0,False,True,,,-24.6,,,,,,008001,Flag table,numeric,007004,Pa,numeric,010008,m2 s-2,numeric,010009,gpm,numeric,012101,K,numeric,012103,K,numeric,013003,%,numeric,011001,degree true,numeric,011002,m/s,numeric
31004_19990118_1200_12,Aldan,gdas.adpupa.t12z.19990118.bufr,31004,0,1999-01-18T12:00:00Z,OK,ADPUPA,RAOBF,199901181200,31004,58.37,125.22,,,,500.0,,2500.0,-28.6,,,,,,500.0,2500.0,,,,,2500.0,2500.0,enriched,1821.0,679.0,False,True,,,-28.6,,,,,,008001,Flag table,numeric,007004,Pa,numeric,010008,m2 s-2,numeric,010009,gpm,numeric,012101,K,numeric,012103,K,numeric,013003,%,numeric,011001,degree true,numeric,011002,m/s,numeric
31004_19990119_0000_00,Aldan,gdas.adpupa.t00z.19990119.bufr,31004,0,1999-01-19T00:00:00Z,OK,ADPUPA,RAOBF,199901190000,31004,58.37,125.22,,,,1000.0,,0.0,-22.3,,,,,,1000.0,0.0,,,,,0.0,0.0,enriched,-679.0,679.0,True,False,below_station,,-22.3,,,,,,008001,Flag table,numeric,007004,Pa,numeric,010008,m2 s-2,numeric,010009,gpm,numeric,012101,K,numeric,012103,K,numeric,013003,%,numeric,011001,degree true,numeric,011002,m/s,numeric
31004_19990119_0000_00,Aldan,gdas.adpupa.t00z.19990119.bufr,31004,0,1999-01-19T00:00:00Z,OK,ADPUPA,RAOBF,199901190000,31004,58.37,125.22,,,,925.0,,500.0,-21.3,,,,,,925.0,500.0,,,,,500.0,500.0,enriched,-179.0,679.0,True,False,below_station,,-21.3,,,,,,008001,Flag table,numeric,007004,Pa,numeric,010008,m2 s-2,numeric,010009,gpm,numeric,012101,K,numeric,012103,K,numeric,013003,%,numeric,011001,degree true,numeric,011002,m/s,numeric
31004_19990119_0000_00,Aldan,gdas.adpupa.t00z.19990119.bufr,31004,0,1999-01-19T00:00:00Z,OK,ADPUPA,RAOBF,199901190000,31004,58.37,125.22,,,,850.0,,1000.0,-19.3,,,,,,850.0,1000.0,,,,,1000.0,1000.0,enriched,321.0,679.0,False,True,,,-19.3,,,,,,008001,Flag table,numeric,007004,Pa,numeric,010008,m2 s-2,numeric,010009,gpm,numeric,012101,K,numeric,012103,K,numeric,013003,%,numeric,011001,degree true,numeric,011002,m/s,numeric
31004_19990119_0000_00,Aldan,gdas.adpupa.t00z.19990119.bufr,31004,0,1999-01-19T00:00:00Z,OK,ADPUPA,RAOBF,199901190000,31004,58.37,125.22,,,,700.0,,1500.0,-21.3,,,,,,700.0,1500.0,,,,,1500.0,1500.0,enriched,821.0,679.0,False,True,,,-21.3,,,,,,008001,Flag table,numeric,007004,Pa,numeric,010008,m2 s-2,numeric,010009,gpm,numeric,012101,K,numeric,012103,K,numeric,013003,%,numeric,011001,degree true,numeric,011002,m/s,numeric
31004_19990119_0000_00,Aldan,gdas.adpupa.t00z.19990119.bufr,31004,0,1999-01-19T00:00:00Z,OK,ADPUPA,RAOBF,199901190000,31004,58.37,125.22,,,,600.0,,2000.0,-24.3,,,,,,600.0,2000.0,,,,,2000.0,2000.0,enriched,1321.0,679.0,False,True,,,-24.3,,,,,,008001,Flag table,numeric,007004,Pa,numeric,010008,m2 s-2,numeric,010009,gpm,numeric,012101,K,numeric,012103,K,numeric,013003,%,numeric,011001,degree true,numeric,011002,m/s,numeric
31004_19990119_0000_00,Aldan,gdas.adpupa.t00z.19990119.bufr,31004,0,1999-01-19T00:00:00Z,OK,ADPUPA,RAOBF,199901190000,31004,58.37,125.22,,,,500.0,,2500.0,-28.3,,,,,,500.0,2500.0,,,,,2500.0,2500.0,enriched,1821.0,679.0,False,True,,,-28.3,,,,,,008001,Flag table,numeric,007004,Pa,numeric,010008,m2 s-2,numeric,010009,gpm,numeric,012101,K,numeric,012103,K,numeric,013003,%,numeric,011001,degree true,numeric,011002,m/s,numeric
31004_19990119_1200_12,Aldan,gdas.adpupa.t12z.19990119.bufr,31004,0,1999-01-19T12:00:00Z,OK,ADPUPA,RAOBF,199901191200,31004,58.37,125.22,,,,1000.0,,0.0,-22.3,,,,,,1000.0,0.0,,,,,0.0,0.0,enriched,-679.0,679.0,True,False,below_station,,-22.3,,,,,,008001,Flag table,numeric,007004,Pa,numeric,010008,m2 s-2,numeric,010009,gpm,numeric,012101,K,numeric,012103,K,numeric,013003,%,numeric,011001,degree true,numeric,011002,m/s,numeric
31004_19990119_1200_12,Aldan,gdas.adpupa.t12z.19990119.bufr,31004,0,1999-01-19T12:00:00Z,OK,ADPUPA,RAOBF,199901191200,31004,58.37,125.22,,,,925.0,,500.0,-21.3,,,,,,925.0,500.0,,,,,500.0,500.0,enriched,-179.0,679.0,True,False,below_station,,-21.3,,,,,,008001,Flag table,numeric,007004,Pa,numeric,010008,m2 s-2,numeric,010009,gpm,numeric,012101,K,numeric,012103,K,numeric,013003,%,numeric,011001,degree true,numeric,011002,m/s,numeric
31004_19990119_1200_12,Aldan,gdas.adpupa.t12z.19990119.bufr,31004,0,1999-01-19T12:00:00Z,OK,ADPUPA,RAOBF,199901191200,31004,58.37,125.22,,,,850.0,,1000.0,-19.3,,,,,,850.0,1000.0,,,,,1000.0,1000.0,enriched,321.0,679.0,False,True,,,-19.3,,,,,,008001,Flag table,numeric,007004,Pa,numeric,010008,m2 s-2,numeric,010009,gpm,numeric,012101,K,numeric,012103,K,numeric,013003,%,numeric,011001,degree true,numeric,011002,m/s,numeric
31004_19990119_1200_12,Aldan,gdas.adpupa.t12z.19990119.bufr,31004,0,1999-01-19T12:00:00Z,OK,ADPUPA,RAOBF,199901191200,31004,58.37,125.22,,,,700.0,,1500.0,-21.3,,,,,,700.0,1500.0,,,,,1500.0,1500.0,enriched,821.0,679.0,False,True,,,-21.3,,,,,,008001,Flag table,numeric,007004,Pa,numeric,010008,m2 s-2,numeric,010009,gpm,numeric,012101,K,numeric,012103,K,numeric,013003,%,numeric,011001,degree true,numeric,011002,m/s,numeric
31004_19990119_1200_12,Aldan,gdas.adpupa.t12z.19990119.bufr,31004,0,1999-01-19T12:00:00Z,OK,ADPUPA,RAOBF,199901191200,31004,58.37,125.22,,,,600.0,,2000.0,-24.3,,,,,,600.0,2000.0,,,,,2000.0,2000.0,enriched,1321.0,679.0,False,True,,,-24.3,,,,,,008001,Flag table,numeric,007004,Pa,numeric,010008,m2 s-2,numeric,010009,gpm,numeric,012101,K,numeric,012103,K,numeric,013003,%,numeric,011001,degree true,numeric,011002,m/s,numeric
31004_19990119_1200_12,Aldan,gdas.adpupa.t12z.19990119.bufr,31004,0,1999-01-19T12:00:00Z,OK,ADPUPA,RAOBF,199901191200,31004,58.37,125.22,,,,500.0,,2500.0,-28.3,,,,,,500.0,2500.0,,,,,2500.0,2500.0,enriched,1821.0,679.0,False,True,,,-28.3,,,,,,008001,Flag table,numeric,007004,Pa,numeric,010008,m2 s-2,numeric,010009,gpm,numeric,012101,K,numeric,012103,K,numeric,013003,%,numeric,011001,degree true,numeric,011002,m/s,numeric
31004_19990120_0000_00,Aldan,gdas.adpupa.t00z.19990120.bufr,31004,0,1999-01-20T00:00:00Z,OK,ADPUPA,RAOBF,199901200000,31004,58.37,125.22,,,,1000.0,,0.0,-22.0,,,,,,1000.0,0.0,,,,,0.0,0.0,enriched,-679.0,679.0,True,False,below_station,,-22.0,,,,,,008001,Flag table,numeric,007004,Pa,numeric,010008,m2 s-2,numeric,010009,gpm,numeric,012101,K,numeric,012103,K,numeric,013003,%,numeric,011001,degree true,numeric,011002,m/s,numeric
31004_19990120_0000_00,Aldan,gdas.adpupa.t00z.19990120.bufr,31004,0,1999-01-20T00:00:00Z,OK,ADPUPA,RAOBF,199901200000,31004,58.37,125.22,,,,925.0,,500.0,-21.0,,,,,,925.0,500.0,,,,,500.0,500.0,enriched,-179.0,679.0,True,False,below_station,,-21.0,,,,,,008001,Flag table,numeric,007004,Pa,numeric,010008,m2 s-2,numeric,010009,gpm,numeric,012101,K,numeric,012103,K,numeric,013003,%,numeric,011001,degree true,numeric,011002,m/s,numeric
31004_19990120_0000_00,Aldan,gdas.adpupa.t00z.19990120.bufr,31004,0,1999-01-20T00:00:00Z,OK,ADPUPA,RAOBF,199901200000,31004,58.37,125.22,,,,850.0,,1000.0,-19.0,,,,,,850.0,1000.0,,,,,1000.0,1000.0,enriched,321.0,679.0,False,True,,,-19.0,,,,,,008001,Flag table,numeric,007004,Pa,numeric,010008,m2 s-2,numeric,010009,gpm,numeric,012101,K,numeric,012103,K,numeric,013003,%,numeric,011001,degree true,numeric,011002,m/s,numeric
31004_19990120_0000_00,Aldan,gdas.adpupa.t00z.19990120.bufr,31004,0,1999-01-20T00:00:00Z,OK,ADPUPA,RAOBF,199901200000,31004,58.37,125.22,,,,700.0,,1500.0,-21.0,,,,,,700.0,1500.0,,,,,1500.0,1500.0,enriched,821.0,679.0,False,True,,,-21.0,,,,,,008001,Flag table,numeric,007004,Pa,numeric,010008,m2 s-2,numeric,010009,gpm,numeric,012101,K,numeric,012103,K,numeric,013003,%,numeric,011001,degree true,numeric,011002,m/s,numeric
31004_19990120_0000_00,Aldan,gdas.adpupa.t00z.19990120.bufr,31004,0,1999-01-20T00:00:00Z,OK,ADPUPA,RAOBF,199901200000,31004,58.37,125.22,,,,600.0,,2000.0,-24.0,,,,,,600.0,2000.0,,,,,2000.0,2000.0,enriched,1321.0,679.0,False,True,,,-24.0,,,,,,008001,Flag table,numeric,007004,Pa,numeric,010008,m2 s-2,numeric,010009,gpm,numeric,012101,K,numeric,012103,K,numeric,013003,%,numeric,011001,degree true,numeric,011002,m/s,numeric
31004_19990120_0000_00,Aldan,gdas.adpupa.t00z.19990120.bufr,31004,0,1999-01-20T00:00:00Z,OK,ADPUPA,RAOBF,199901200000,31004,58.37,125.22,,,,500.0,,2500.0,-28.0,,,,,,500.0,2500.0,,,,,2500.0,2500.0,enriched,1821.0,679.0,False,True,,,-28.0,,,,,,008001,Flag table,numeric,007004,Pa,numeric,010008,m2 s-2,numeric,010009,gpm,numeric,012101,K,numeric,012103,K,numeric,013003,%,numeric,011001,degree true,numeric,011002,m/s,numeric
31004_19990120_1200_12,Aldan,gdas.adpupa.t12z.19990120.bufr,31004,0,1999-01-20T12:00:00Z,OK,ADPUPA,RAOBF,199901201200,31004,58.37,125.22,,,,1000.0,,0.0,-22.0,,,,,,1000.0,0.0,,,,,0.0,0.0,enriched,-679.0,679.0,True,False,below_station,,-22.0,,,,,,008001,Flag table,numeric,007004,Pa,numeric,010008,m2 s-2,numeric,010009,gpm,numeric,012101,K,numeric,012103,K,numeric,013003,%,numeric,011001,degree true,numeric,011002,m/s,numeric
31004_19990120_1200_12,Aldan,gdas.adpupa.t12z.19990120.bufr,31004,0,1999-01-20T12:00:00Z,OK,ADPUPA,RAOBF,199901201200,31004,58.37,125.22,,,,925.0,,500.0,-21.0,,,,,,925.0,500.0,,,,,500.0,500.0,enriched,-179.0,679.0,True,False,below_station,,-21.0,,,,,,008001,Flag table,numeric,007004,Pa,numeric,010008,m2 s-2,numeric,010009,gpm,numeric,012101,K,numeric,012103,K,numeric,013003,%,numeric,011001,degree true,numeric,011002,m/s,numeric
31004_19990120_1200_12,Aldan,gdas.adpupa.t12z.19990120.bufr,31004,0,1999-01-20T12:00:00Z,OK,ADPUPA,RAOBF,199901201200,31004,58.37,125.22,,,,850.0,,1000.0,-19.0,,,,,,850.0,1000.0,,,,,1000.0,1000.0,enriched,321.0,679.0,False,True,,,-19.0,,,,,,008001,Flag table,numeric,007004,Pa,numeric,010008,m2 s-2,numeric,010009,gpm,numeric,012101,K,numeric,012103,K,numeric,013003,%,numeric,011001,degree true,numeric,011002,m/s,numeric
31004_19990120_1200_12,Aldan,gdas.adpupa.t12z.19990120.bufr,31004,0,1999-01-20T12:00:00Z,OK,ADPUPA,RAOBF,199901201200,31004,58.37,125.22,,,,700.0,,1500.0,-21.0,,,,,,700.0,1500.0,,,,,1500.0,1500.0,enriched,821.0,679.0,False,True,,,-21.0,,,,,,008001,Flag table,numeric,007004,Pa,numeric,010008,m2 s-2,numeric,010009,gpm,numeric,012101,K,numeric,012103,K,numeric,013003,%,numeric,011001,degree true,numeric,011002,m/s,numeric
31004_19990120_1200_12,Aldan,gdas.adpupa.t12z.19990120.bufr,31004,0,1999-01-20T12:00:00Z,OK,ADPUPA,RAOBF,199901201200,31004,58.37,125.22,,,,600.0,,2000.0,-24.0,,,,,,600.0,2000.0,,,,,2000.0,2000.0,enriched,1321.0,679.0,False,True,,,-24.0,,,,,,008001,Flag table,numeric,007004,Pa,numeric,010008,m2 s-2,numeric,010009,gpm,numeric,012101,K,numeric,012103,K,numeric,013003,%,numeric,011001,degree true,numeric,011002,m/s,numeric
31004_19990120_1200_12,Aldan,gdas.adpupa.t12z.19990120.bufr,31004,0,1999-01-20T12:00:00Z,OK,ADPUPA,RAOBF,199901201200,31004,58.37,125.22,,,,500.0,,2500.0,-28.0,,,,,,500.0,2500.0,,,,,2500.0,2500.0,enriched,1821.0,679.0,False,True,,,-28.0,,,,,,008001,Flag table,numeric,007004,Pa,numeric,010008,m2 s-2,numeric,010009,gpm,numeric,012101,K,numeric,012103,K,numeric,013003,%,numeric,011001,degree true,numeric,011002,m/s,numeric
31004_19990121_0000_00,Aldan,gdas.adpupa.t00z.19990121.bufr,31004,0,1999-01-21T00:00:00Z,OK,ADPUPA,RAOBF,199901210000,31004,58.37,125.22,,,,1000.0,,0.0,-21.7,,,,,,1000.0,0.0,,,,,0.0,0.0,enriched,-679.0,679.0,True,False,below_station,,-21.7,,,,,,008001,Flag table,numeric,007004,Pa,numeric,010008,m2 s-2,numeric,010009,gpm,numeric,012101,K,numeric,012103,K,numeric,013003,%,numeric,011001,degree true,numeric,011002,m/s,numeric
31004_19990121_0000_00,Aldan,gdas.adpupa.t00z.19990121.bufr,31004,0,1999-01-21T00:00:00Z,OK,ADPUPA,RAOBF,199901210000,31004,58.37,125.22,,,,925.0,,500.0,-20.7,,,,,,925.0,500.0,,,,,500.0,500.0,enriched,-179.0,679.0,True,False,below_station,,-20.7,,,,,,008001,Flag table,numeric,007004,Pa,numeric,010008,m2 s-2,numeric,010009,gpm,numeric,012101,K,numeric,012103,K,numeric,013003,%,numeric,011001,degree true,numeric,011002,m/s,numeric
31004_19990121_0000_00,Aldan,gdas.adpupa.t00z.19990121.bufr,31004,0,1999-01-21T00:00:00Z,OK,ADPUPA,RAOBF,199901210000,31004,58.37,125.22,,,,850.0,,1000.0,-18.7,,,,,,850.0,1000.0,,,,,1000.0,1000.0,enriched,321.0,679.0,False,True,,,-18.7,,,,,,008001,Flag table,numeric,007004,Pa,numeric,010008,m2 s-2,numeric,010009,gpm,numeric,012101,K,numeric,012103,K,numeric,013003,%,numeric,011001,degree true,numeric,011002,m/s,numeric
31004_19990121_0000_00,Aldan,gdas.adpupa.t00z.19990121.bufr,31004,0,1999-01-21T00:00:00Z,OK,ADPUPA,RAOBF,199901210000,31004,58.37,125.22,,,,700.0,,1500.0,-20.7,,,,,,700.0,1500.0,,,,,1500.0,1500.0,enriched,821.0,679.0,False,True,,,-20.7,,,,,,008001,Flag table,numeric,007004,Pa,numeric,010008,m2 s-2,numeric,010009,gpm,numeric,012101,K,numeric,012103,K,numeric,013003,%,numeric,011001,degree true,numeric,011002,m/s,numeric
31004_19990121_0000_00,Aldan,gdas.adpupa.t00z.19990121.bufr,31004,0,1999-01-21T00:00:00Z,OK,ADPUPA,RAOBF,199901210000,31004,58.37,125.22,,,,600.0,,2000.0,-23.7,,,,,,600.0,2000.0,,,,,2000.0,2000.0,enriched,1321.0,679.0,False,True,,,-23.7,,,,,,008001,Flag table,numeric,007004,Pa,numeric,010008,m2 s-2,numeric,010009,gpm,numeric,012101,K,numeric,012103,K,numeric,013003,%,numeric,011001,degree true,numeric,011002,m/s,numeric
31004_19990121_0000_00,Aldan,gdas.adpupa.t00z.19990121.bufr,31004,0,1999-01-21T00:00:00Z,OK,ADPUPA,RAOBF,199901210000,31004,58.37,125.22,,,,500.0,,2500.0,-27.7,,,,,,500.0,2500.0,,,,,2500.0,2500.0,enriched,1821.0,679.0,False,True,,,-27.7,,,,,,008001,Flag table,numeric,007004,Pa,numeric,010008,m2 s-2,numeric,010009,gpm,numeric,012101,K,numeric,012103,K,numeric,013003,%,numeric,011001,degree true,numeric,011002,m/s,numeric
31004_19990121_1200_12,Aldan,gdas.adpupa.t12z.19990121.bufr,31004,0,1999-01-21T12:00:00Z,OK,ADPUPA,RAOBF,199901211200,31004,58.37,125.22,,,,1000.0,,0.0,-21.7,,,,,,1000.0,0.0,,,,,0.0,0.0,enriched,-679.0,679.0,True,False,below_station,,-21.7,,,,,,008001,Flag table,numeric,007004,Pa,numeric,010008,m2 s-2,numeric,010009,gpm,numeric,012101,K,numeric,012103,K,numeric,013003,%,numeric,011001,degree true,numeric,011002,m/s,numeric
31004_19990121_1200_12,Aldan,gdas.adpupa.t12z.19990121.bufr,31004,0,1999-01-21T12:00:00Z,OK,ADPUPA,RAOBF,199901211200,31004,58.37,125.22,,,,925.0,,500.0,-20.7,,,,,,925.0,500.0,,,,,500.0,500.0,enriched,-179.0,679.0,True,False,below_station,,-20.7,,,,,,008001,Flag table,numeric,007004,Pa,numeric,010008,m2 s-2,numeric,010009,gpm,numeric,012101,K,numeric,012103,K,numeric,013003,%,numeric,011001,degree true,numeric,011002,m/s,numeric
31004_19990121_1200_12,Aldan,gdas.adpupa.t12z.19990121.bufr,31004,0,1999-01-21T12:00:00Z,OK,ADPUPA,RAOBF,199901211200,31004,58.37,125.22,,,,850.0,,1000.0,-18.7,,,,,,850.0,1000.0,,,,,1000.0,1000.0,enriched,321.0,679.0,False,True,,,-18.7,,,,,,008001,Flag table,numeric,007004,Pa,numeric,010008,m2 s-2,numeric,010009,gpm,numeric,012101,K,numeric,012103,K,numeric,013003,%,numeric,011001,degree true,numeric,011002,m/s,numeric
31004_19990121_1200_12,Aldan,gdas.adpupa.t12z.19990121.bufr,31004,0,1999-01-21T12:00:00Z,OK,ADPUPA,RAOBF,199901211200,31004,58.37,125.22,,,,700.0,,1500.0,-20.7,,,,,,700.0,1500.0,,,,,1500.0,1500.0,enriched,821.0,679.0,False,True,,,-20.7,,,,,,008001,Flag table,numeric,007004,Pa,numeric,010008,m2 s-2,numeric,010009,gpm,numeric,012101,K,numeric,012103,K,numeric,013003,%,numeric,011001,degree true,numeric,011002,m/s,numeric
31004_19990121_1200_12,Aldan,gdas.adpupa.t12z.19990121.bufr,31004,0,1999-01-21T12:00:00Z,OK,ADPUPA,RAOBF,199901211200,31004,58.37,125.22,,,,600.0,,2000.0,-23.7,,,,,,600.0,2000.0,,,,,2000.0,2000.0,enriched,1321.0,679.0,False,True,,,-23.7,,,,,,008001,Flag table,numeric,007004,Pa,numeric,010008,m2 s-2,numeric,010009,gpm,numeric,012101,K,numeric,012103,K,numeric,013003,%,numeric,011001,degree true,numeric,011002,m/s,numeric
31004_19990121_1200_12,Aldan,gdas.adpupa.t12z.19990121.bufr,31004,0,1999-01-21T12:00:00Z,OK,ADPUPA,RAOBF,199901211200,31004,58.37,125.22,,,,500.0,,2500.0,-27.7,,,,,,500.0,2500.0,,,,,2500.0,2500.0,enriched,1821.0,679.0,False,True,,,-27.7,,,,,,008001,Flag table,numeric,007004,Pa,numeric,010008,m2 s-2,numeric,010009,gpm,numeric,012101,K,numeric,012103,K,numeric,013003,%,numeric,011001,degree true,numeric,011002,m/s,numeric
31004_19990122_0000_00,Aldan,gdas.adpupa.t00z.19990122.bufr,31004,0,1999-01-22T00:00:00Z,OK,ADPUPA,RAOBF,199901220000,31004,58.37,125.22,,,,1000.0,,0.0,-21.4,,,,,,1000.0,0.0,,,,,0.0,0.0,enriched,-679.0,679.0,True,False,below_station,,-21.4,,,,,,008001,Flag table,numeric,007004,Pa,numeric,010008,m2 s-2,numeric,010009,gpm,numeric,012101,K,numeric,012103,K,numeric,013003,%,numeric,011001,degree true,numeric,011002,m/s,numeric
31004_19990122_0000_00,Aldan,gdas.adpupa.t00z.19990122.bufr,31004,0,1999-01-22T00:00:00Z,OK,ADPUPA,RAOBF,199901220000,31004,58.37,125.22,,,,925.0,,500.0,-20.4,,,,,,925.0,500.0,,,,,500.0,500.0,enriched,-179.0,679.0,True,False,below_station,,-20.4,,,,,,008001,Flag table,numeric,007004,Pa,numeric,010008,m2 s-2,numeric,010009,gpm,numeric,012101,K,numeric,012103,K,numeric,013003,%,numeric,011001,degree true,numeric,011002,m/s,numeric
31004_19990122_0000_00,Aldan,gdas.adpupa.t00z.19990122.bufr,31004,0,1999-01-22T00:00:00Z,OK,ADPUPA,RAOBF,199901220000,31004,58.37,125.22,,,,850.0,,1000.0,-18.4,,,,,,850.0,1000.0,,,,,1000.0,1000.0,enriched,321.0,679.0,False,True,,,-18.4,,,,,,008001,Flag table,numeric,007004,Pa,numeric,010008,m2 s-2,numeric,010009,gpm,numeric,012101,K,numeric,012103,K,numeric,013003,%,numeric,011001,degree true,numeric,011002,m/s,numeric
31004_19990122_0000_00,Aldan,gdas.adpupa.t00z.19990122.bufr,31004,0,1999-01-22T00:00:00Z,OK,ADPUPA,RAOBF,199901220000,31004,58.37,125.22,,,,700.0,,1500.0,-20.4,,,,,,700.0,1500.0,,,,,1500.0,1500.0,enriched,821.0,679.0,False,True,,,-20.4,,,,,,008001,Flag table,numeric,007004,Pa,numeric,010008,m2 s-2,numeric,010009,gpm,numeric,012101,K,numeric,012103,K,numeric,013003,%,numeric,011001,degree true,numeric,011002,m/s,numeric
31004_19990122_0000_00,Aldan,gdas.adpupa.t00z.19990122.bufr,31004,0,1999-01-22T00:00:00Z,OK,ADPUPA,RAOBF,199901220000,31004,58.37,125.22,,,,600.0,,2000.0,-23.4,,,,,,600.0,2000.0,,,,,2000.0,2000.0,enriched,1321.0,679.0,False,True,,,-23.4,,,,,,008001,Flag table,numeric,007004,Pa,numeric,010008,m2 s-2,numeric,010009,gpm,numeric,012101,K,numeric,012103,K,numeric,013003,%,numeric,011001,degree true,numeric,011002,m/s,numeric
31004_19990122_0000_00,Aldan,gdas.adpupa.t00z.19990122.bufr,31004,0,1999-01-22T00:00:00Z,OK,ADPUPA,RAOBF,199901220000,31004,58.37,125.22,,,,500.0,,2500.0,-27.4,,,,,,500.0,2500.0,,,,,2500.0,2500.0,enriched,1821.0,679.0,False,True,,,-27.4,,,,,,008001,Flag table,numeric,007004,Pa,numeric,010008,m2 s-2,numeric,010009,gpm,numeric,012101,K,numeric,012103,K,numeric,013003,%,numeric,011001,degree true,numeric,011002,m/s,numeric
31004_19990122_1200_12,Aldan,gdas.adpupa.t12z.19990122.bufr,31004,0,1999-01-22T12:00:00Z,OK,ADPUPA,RAOBF,199901221200,31004,58.37,125.22,,,,1000.0,,0.0,-21.4,,,,,,1000.0,0.0,,,,,0.0,0.0,enriched,-679.0,679.0,True,False,below_station,,-21.4,,,,,,008001,Flag table,numeric,007004,Pa,numeric,010008,m2 s-2,numeric,010009,gpm,numeric,012101,K,numeric,012103,K,numeric,013003,%,numeric,011001,degree true,numeric,011002,m/s,numeric
31004_19990122_1200_12,Aldan,gdas.adpupa.t12z.19990122.bufr,31004,0,1999-01-22T12:00:00Z,OK,ADPUPA,RAOBF,199901221200,31004,58.37,125.22,,,,925.0,,500.0,-20.4,,,,,,925.0,500.0,,,,,500.0,500.0,enriched,-179.0,679.0,True,False,below_station,,-20.4,,,,,,008001,Flag table,numeric,007004,Pa,numeric,010008,m2 s-2,numeric,010009,gpm,numeric,012101,K,numeric,012103,K,numeric,013003,%,numeric,011001,degree true,numeric,011002,m/s,numeric
31004_19990122_1200_12,Aldan,gdas.adpupa.t12z.19990122.bufr,31004,0,1999-01-22T12:00:00Z,OK,ADPUPA,RAOBF,199901221200,31004,58.37,125.22,,,,850.0,,1000.0,-18.4,,,,,,850.0,1000.0,,,,,1000.0,1000.0,enriched,321.0,679.0,False,True,,,-18.4,,,,,,008001,Flag table,numeric,007004,Pa,numeric,010008,m2 s-2,numeric,010009,gpm,numeric,012101,K,numeric,012103,K,numeric,013003,%,numeric,011001,degree true,numeric,011002,m/s,numeric
31004_19990122_1200_12,Aldan,gdas.adpupa.t12z.19990122.bufr,31004,0,1999-01-22T12:00:00Z,OK,ADPUPA,RAOBF,199901221200,31004,58.37,125.22,,,,700.0,,1500.0,-20.4,,,,,,700.0,1500.0,,,,,1500.0,1500.0,enriched,821.0,679.0,False,True,,,-20.4,,,,,,008001,Flag table,numeric,007004,Pa,numeric,010008,m2 s-2,numeric,010009,gpm,numeric,012101,K,numeric,012103,K,numeric,013003,%,numeric,011001,degree true,numeric,011002,m/s,numeric
31004_19990122_1200_12,Aldan,gdas.adpupa.t12z.19990122.bufr,31004,0,1999-01-22T12:00:00Z,OK,ADPUPA,RAOBF,199901221200,31004,58.37,125.22,,,,600.0,,2000.0,-23.4,,,,,,600.0,2000.0,,,,,2000.0,2000.0,enriched,1321.0,679.0,False,True,,,-23.4,,,,,,008001,Flag table,numeric,007004,Pa,numeric,010008,m2 s-2,numeric,010009,gpm,numeric,012101,K,numeric,012103,K,numeric,013003,%,numeric,011001,degree true,numeric,011002,m/s,numeric
31004_19990122_1200_12,Aldan,gdas.adpupa.t12z.19990122.bufr,31004,0,1999-01-22T12:00:00Z,OK,ADPUPA,RAOBF,199901221200,31004,58.37,125.22,,,,500.0,,2500.0,-27.4,,,,,,500.0,2500.0,,,,,2500.0,2500.0,enriched,1821.0,679.0,False,True,,,-27.4,,,,,,008001,Flag table,numeric,007004,Pa,numeric,010008,m2 s-2,numeric,010009,gpm,numeric,012101,K,numeric,012103,K,numeric,013003,%,numeric,011001,degree true,numeric,011002,m/s,numeric
31004_19990123_0000_00,Aldan,gdas.adpupa.t00z.19990123.bufr,31004,0,1999-01-23T00:00:00Z,OK,ADPUPA,RAOBF,199901230000,31004,58.37,125.22,,,,1000.0,,0.0,-21.1,,,,,,1000.0,0.0,,,,,0.0,0.0,enriched,-679.0,679.0,True,False,below_station,,-21.1,,,,,,008001,Flag table,numeric,007004,Pa,numeric,010008,m2 s-2,numeric,010009,gpm,numeric,012101,K,numeric,012103,K,numeric,013003,%,numeric,011001,degree true,numeric,011002,m/s,numeric
31004_19990123_0000_00,Aldan,gdas.adpupa.t00z.19990123.bufr,31004,0,1999-01-23T00:00:00Z,OK,ADPUPA,RAOBF,199901230000,31004,58.37,125.22,,,,925.0,,500.0,-20.1,,,,,,925.0,500.0,,,,,500.0,500.0,enriched,-179.0,679.0,True,False,below_station,,-20.1,,,,,,008001,Flag table,numeric,007004,Pa,numeric,010008,m2 s-2,numeric,010009,gpm,numeric,012101,K,numeric,012103,K,numeric,013003,%,numeric,011001,degree true,numeric,011002,m/s,numeric
31004_19990123_0000_00,Aldan,gdas.adpupa.t00z.19990123.bufr,31004,0,1999-01-23T00:00:00Z,OK,ADPUPA,RAOBF,199901230000,31004,58.37,125.22,,,,850.0,,1000.0,-18.1,,,,,,850.0,1000.0,,,,,1000.0,1000.0,enriched,321.0,679.0,False,True,,,-18.1,,,,,,008001,Flag table,numeric,007004,Pa,numeric,010008,m2 s-2,numeric,010009,gpm,numeric,012101,K,numeric,012103,K,numeric,013003,%,numeric,011001,degree true,numeric,011002,m/s,numeric
31004_19990123_0000_00,Aldan,gdas.adpupa.t00z.19990123.bufr,31004,0,1999-01-23T00:00:00Z,OK,ADPUPA,RAOBF,199901230000,31004,58.37,125.22,,,,700.0,,1500.0,-20.1,,,,,,700.0,1500.0,,,,,1500.0,1500.0,enriched,821.0,679.0,False,True,,,-20.1,,,,,,008001,Flag table,numeric,007004,Pa,numeric,010008,m2 s-2,numeric,010009,gpm,numeric,012101,K,numeric,012103,K,numeric,013003,%,numeric,011001,degree true,numeric,011002,m/s,numeric
31004_19990123_0000_00,Aldan,gdas.adpupa.t00z.19990123.bufr,31004,0,1999-01-23T00:00:00Z,OK,ADPUPA,RAOBF,199901230000,31004,58.37,125.22,,,,600.0,,2000.0,-23.1,,,,,,600.0,2000.0,,,,,2000.0,2000.0,enriched,1321.0,679.0,False,True,,,-23.1,,,,,,008001,Flag table,numeric,007004,Pa,numeric,010008,m2 s-2,numeric,010009,gpm,numeric,012101,K,numeric,012103,K,numeric,013003,%,numeric,011001,degree true,numeric,011002,m/s,numeric
31004_19990123_0000_00,Aldan,gdas.adpupa.t00z.19990123.bufr,31004,0,1999-01-23T00:00:00Z,OK,ADPUPA,RAOBF,199901230000,31004,58.37,125.22,,,,500.0,,2500.0,-27.1,,,,,,500.0,2500.0,,,,,2500.0,2500.0,enriched,1821.0,679.0,False,True,,,-27.1,,,,,,008001,Flag table,numeric,007004,Pa,numeric,010008,m2 s-2,numeric,010009,gpm,numeric,012101,K,numeric,012103,K,numeric,013003,%,numeric,011001,degree true,numeric,011002,m/s,numeric
31004_19990123_1200_12,Aldan,gdas.adpupa.t12z.19990123.bufr,31004,0,1999-01-23T12:00:00Z,OK,ADPUPA,RAOBF,199901231200,31004,58.37,125.22,,,,1000.0,,0.0,-21.1,,,,,,1000.0,0.0,,,,,0.0,0.0,enriched,-679.0,679.0,True,False,below_station,,-21.1,,,,,,008001,Flag table,numeric,007004,Pa,numeric,010008,m2 s-2,numeric,010009,gpm,numeric,012101,K,numeric,012103,K,numeric,013003,%,numeric,011001,degree true,numeric,011002,m/s,numeric
31004_19990123_1200_12,Aldan,gdas.adpupa.t12z.19990123.bufr,31004,0,1999-01-23T12:00:00Z,OK,ADPUPA,RAOBF,199901231200,31004,58.37,125.22,,,,925.0,,500.0,-20.1,,,,,,925.0,500.0,,,,,500.0,500.0,enriched,-179.0,679.0,True,False,below_station,,-20.1,,,,,,008001,Flag table,numeric,007004,Pa,numeric,010008,m2 s-2,numeric,010009,gpm,numeric,012101,K,numeric,012103,K,numeric,013003,%,numeric,011001,degree true,numeric,011002,m/s,numeric
31004_19990123_1200_12,Aldan,gdas.adpupa.t12z.19990123.bufr,31004,0,1999-01-23T12:00:00Z,OK,ADPUPA,RAOBF,199901231200,31004,58.37,125.22,,,,850.0,,1000.0,-18.1,,,,,,850.0,1000.0,,,,,1000.0,1000.0,enriched,321.0,679.0,False,True,,,-18.1,,,,,,008001,Flag table,numeric,007004,Pa,numeric,010008,m2 s-2,numeric,010009,gpm,numeric,012101,K,numeric,012103,K,numeric,013003,%,numeric,011001,degree true,numeric,011002,m/s,numeric
31004_19990123_1200_12,Aldan,gdas.adpupa.t12z.19990123.bufr,31004,0,1999-01-23T12:00:00Z,OK,ADPUPA,RAOBF,199901231200,31004,58.37,125.22,,,,700.0,,1500.0,-20.1,,,,,,700.0,1500.0,,,,,1500.0,1500.0,enriched,821.0,679.0,False,True,,,-20.1,,,,,,008001,Flag table,numeric,007004,Pa,numeric,010008,m2 s-2,numeric,010009,gpm,numeric,012101,K,numeric,012103,K,numeric,013003,%,numeric,011001,degree true,numeric,011002,m/s,numeric
31004_19990123_1200_12,Aldan,gdas.adpupa.t12z.19990123.bufr,31004,0,1999-01-23T12:00:00Z,OK,ADPUPA,RAOBF,199901231200,31004,58.37,125.22,,,,600.0,,2000.0,-23.1,,,,,,600.0,2000.0,,,,,2000.0,2000.0,enriched,1321.0,679.0,False,True,,,-23.1,,,,,,008001,Flag table,numeric,007004,Pa,numeric,010008,m2 s-2,numeric,010009,gpm,numeric,012101,K,numeric,012103,K,numeric,013003,%,numeric,011001,degree true,numeric,011002,m/s,numeric
31004_19990123_1200_12,Aldan,gdas.adpupa.t12z.19990123.bufr,31004,0,1999-01-23T12:00:00Z,OK,ADPUPA,RAOBF,199901231200,31004,58.37,125.22,,,,500.0,,2500.0,-27.1,,,,,,500.0,2500.0,,,,,2500.0,2500.0,enriched,1821.0,679.0,False,True,,,-27.1,,,,,,008001,Flag table,numeric,007004,Pa,numeric,010008,m2 s-2,numeric,010009,gpm,numeric,012101,K,numeric,012103,K,numeric,013003,%,numeric,011001,degree true,numeric,011002,m/s,numeric
31004_19990124_0000_00,Aldan,gdas.adpupa.t00z.19990124.bufr,31004,0,1999-01-24T00:00:00Z,OK,ADPUPA,RAOBF,199901240000,31004,58.37,125.22,,,,1000.0,,0.0,-20.8,,,,,,1000.0,0.0,,,,,0.0,0.0,enriched,-679.0,679.0,True,False,below_station,,-20.8,,,,,,008001,Flag table,numeric,007004,Pa,numeric,010008,m2 s-2,numeric,010009,gpm,numeric,012101,K,numeric,012103,K,numeric,013003,%,numeric,011001,degree true,numeric,011002,m/s,numeric
31004_19990124_0000_00,Aldan,gdas.adpupa.t00z.19990124.bufr,31004,0,1999-01-24T00:00:00Z,OK,ADPUPA,RAOBF,199901240000,31004,58.37,125.22,,,,925.0,,500.0,-19.8,,,,,,925.0,500.0,,,,,500.0,500.0,enriched,-179.0,679.0,True,False,below_station,,-19.8,,,,,,008001,Flag table,numeric,007004,Pa,numeric,010008,m2 s-2,numeric,010009,gpm,numeric,012101,K,numeric,012103,K,numeric,013003,%,numeric,011001,degree true,numeric,011002,m/s,numeric
31004_19990124_0000_00,Aldan,gdas.adpupa.t00z.19990124.bufr,31004,0,1999-01-24T00:00:00Z,OK,ADPUPA,RAOBF,199901240000,31004,58.37,125.22,,,,850.0,,1000.0,-17.8,,,,,,850.0,1000.0,,,,,1000.0,1000.0,enriched,321.0,679.0,False,True,,,-17.8,,,,,,008001,Flag table,numeric,007004,Pa,numeric,010008,m2 s-2,numeric,010009,gpm,numeric,012101,K,numeric,012103,K,numeric,013003,%,numeric,011001,degree true,numeric,011002,m/s,numeric
31004_19990124_0000_00,Aldan,gdas.adpupa.t00z.19990124.bufr,31004,0,1999-01-24T00:00:00Z,OK,ADPUPA,RAOBF,199901240000,31004,58.37,125.22,,,,700.0,,1500.0,-19.8,,,,,,700.0,1500.0,,,,,1500.0,1500.0,enriched,821.0,679.0,False,True,,,-19.8,,,,,,008001,Flag table,numeric,007004,Pa,numeric,010008,m2 s-2,numeric,010009,gpm,numeric,012101,K,numeric,012103,K,numeric,013003,%,numeric,011001,degree true,numeric,011002,m/s,numeric
31004_19990124_0000_00,Aldan,gdas.adpupa.t00z.19990124.bufr,31004,0,1999-01-24T00:00:00Z,OK,ADPUPA,RAOBF,199901240000,31004,58.37,125.22,,,,600.0,,2000.0,-22.8,,,,,,600.0,2000.0,,,,,2000.0,2000.0,enriched,1321.0,679.0,False,True,,,-22.8,,,,,,008001,Flag table,numeric,007004,Pa,numeric,010008,m2 s-2,numeric,010009,gpm,numeric,012101,K,numeric,012103,K,numeric,013003,%,numeric,011001,degree true,numeric,011002,m/s,numeric
31004_19990124_0000_00,Aldan,gdas.adpupa.t00z.19990124.bufr,31004,0,1999-01-24T00:00:00Z,OK,ADPUPA,RAOBF,199901240000,31004,58.37,125.22,,,,500.0,,2500.0,-26.8,,,,,,500.0,2500.0,,,,,2500.0,2500.0,enriched,1821.0,679.0,False,True,,,-26.8,,,,,,008001,Flag table,numeric,007004,Pa,numeric,010008,m2 s-2,numeric,010009,gpm,numeric,012101,K,numeric,012103,K,numeric,013003,%,numeric,011001,degree true,numeric,011002,m/s,numeric
31004_19990124_1200_12,Aldan,gdas.adpupa.t12z.19990124.bufr,31004,0,1999-01-24T12:00:00Z,OK,ADPUPA,RAOBF,199901241200,31004,58.37,125.22,,,,1000.0,,0.0,-20.8,,,,,,1000.0,0.0,,,,,0.0,0.0,enriched,-679.0,679.0,True,False,below_station,,-20.8,,,,,,008001,Flag table,numeric,007004,Pa,numeric,010008,m2 s-2,numeric,010009,gpm,numeric,012101,K,numeric,012103,K,numeric,013003,%,numeric,011001,degree true,numeric,011002,m/s,numeric
31004_19990124_1200_12,Aldan,gdas.adpupa.t12z.19990124.bufr,31004,0,1999-01-24T12:00:00Z,OK,ADPUPA,RAOBF,199901241200,31004,58.37,125.22,,,,925.0,,500.0,-19.8,,,,,,925.0,500.0,,,,,500.0,500.0,enriched,-179.0,679.0,True,False,below_station,,-19.8,,,,,,008001,Flag table,numeric,007004,Pa,numeric,010008,m2 s-2,numeric,010009,gpm,numeric,012101,K,numeric,012103,K,numeric,013003,%,numeric,011001,degree true,numeric,011002,m/s,numeric
31004_19990124_1200_12,Aldan,gdas.adpupa.t12z.19990124.bufr,31004,0,1999-01-24T12:00:00Z,OK,ADPUPA,RAOBF,199901241200,31004,58.37,125.22,,,,850.0,,1000.0,-17.8,,,,,,850.0,1000.0,,,,,1000.0,1000.0,enriched,321.0,679.0,False,True,,,-17.8,,,,,,008001,Flag table,numeric,007004,Pa,numeric,010008,m2 s-2,numeric,010009,gpm,numeric,012101,K,numeric,012103,K,numeric,013003,%,numeric,011001,degree true,numeric,011002,m/s,numeric
31004_19990124_1200_12,Aldan,gdas.adpupa.t12z.19990124.bufr,31004,0,1999-01-24T12:00:00Z,OK,ADPUPA,RAOBF,199901241200,31004,58.37,125.22,,,,700.0,,1500.0,-19.8,,,,,,700.0,1500.0,,,,,1500.0,1500.0,enriched,821.0,679.0,False,True,,,-19.8,,,,,,008001,Flag table,numeric,007004,Pa,numeric,010008,m2 s-2,numeric,010009,gpm,numeric,012101,K,numeric,012103,K,numeric,013003,%,numeric,011001,degree true,numeric,011002,m/s,numeric
31004_19990124_1200_12,Aldan,gdas.adpupa.t12z.19990124.bufr,31004,0,1999-01-24T12:00:00Z,OK,ADPUPA,RAOBF,199901241200,31004,58.37,125.22,,,,600.0,,2000.0,-22.8,,,,,,600.0,2000.0,,,,,2000.0,2000.0,enriched,1321.0,679.0,False,True,,,-22.8,,,,,,008001,Flag table,numeric,007004,Pa,numeric,010008,m2 s-2,numeric,010009,gpm,numeric,012101,K,numeric,012103,K,numeric,013003,%,numeric,011001,degree true,numeric,011002,m/s,numeric
31004_19990124_1200_12,Aldan,gdas.adpupa.t12z.19990124.bufr,31004,0,1999-01-24T12:00:00Z,OK,ADPUPA,RAOBF,199901241200,31004,58.37,125.22,,,,500.0,,2500.0,-26.8,,,,,,500.0,2500.0,,,,,2500.0,2500.0,enriched,1821.0,679.0,False,True,,,-26.8,,,,,,008001,Flag table,numeric,007004,Pa,numeric,010008,m2 s-2,numeric,010009,gpm,numeric,012101,K,numeric,012103,K,numeric,013003,%,numeric,011001,degree true,numeric,011002,m/s,numeric
31004_19990125_0000_00,Aldan,gdas.adpupa.t00z.19990125.bufr,31004,0,1999-01-25T00:00:00Z,OK,ADPUPA,RAOBF,199901250000,31004,58.37,125.22,,,,1000.0,,0.0,-20.5,,,,,,1000.0,0.0,,,,,0.0,0.0,enriched,-679.0,679.0,True,False,below_station,,-20.5,,,,,,008001,Flag table,numeric,007004,Pa,numeric,010008,m2 s-2,numeric,010009,gpm,numeric,012101,K,numeric,012103,K,numeric,013003,%,numeric,011001,degree true,numeric,011002,m/s,numeric
31004_19990125_0000_00,Aldan,gdas.adpupa.t00z.19990125.bufr,31004,0,1999-01-25T00:00:00Z,OK,ADPUPA,RAOBF,199901250000,31004,58.37,125.22,,,,925.0,,500.0,-19.5,,,,,,925.0,500.0,,,,,500.0,500.0,enriched,-179.0,679.0,True,False,below_station,,-19.5,,,,,,008001,Flag table,numeric,007004,Pa,numeric,010008,m2 s-2,numeric,010009,gpm,numeric,012101,K,numeric,012103,K,numeric,013003,%,numeric,011001,degree true,numeric,011002,m/s,numeric
31004_19990125_0000_00,Aldan,gdas.adpupa.t00z.19990125.bufr,31004,0,1999-01-25T00:00:00Z,OK,ADPUPA,RAOBF,199901250000,31004,58.37,125.22,,,,850.0,,1000.0,-17.5,,,,,,850.0,1000.0,,,,,1000.0,1000.0,enriched,321.0,679.0,False,True,,,-17.5,,,,,,008001,Flag table,numeric,007004,Pa,numeric,010008,m2 s-2,numeric,010009,gpm,numeric,012101,K,numeric,012103,K,numeric,013003,%,numeric,011001,degree true,numeric,011002,m/s,numeric
31004_19990125_0000_00,Aldan,gdas.adpupa.t00z.19990125.bufr,31004,0,1999-01-25T00:00:00Z,OK,ADPUPA,RAOBF,199901250000,31004,58.37,125.22,,,,700.0,,1500.0,-19.5,,,,,,700.0,1500.0,,,,,1500.0,1500.0,enriched,821.0,679.0,False,True,,,-19.5,,,,,,008001,Flag table,numeric,007004,Pa,numeric,010008,m2 s-2,numeric,010009,gpm,numeric,012101,K,numeric,012103,K,numeric,013003,%,numeric,011001,degree true,numeric,011002,m/s,numeric
31004_19990125_0000_00,Aldan,gdas.adpupa.t00z.19990125.bufr,31004,0,1999-01-25T00:00:00Z,OK,ADPUPA,RAOBF,199901250000,31004,58.37,125.22,,,,600.0,,2000.0,-22.5,,,,,,600.0,2000.0,,,,,2000.0,2000.0,enriched,1321.0,679.0,False,True,,,-22.5,,,,,,008001,Flag table,numeric,007004,Pa,numeric,010008,m2 s-2,numeric,010009,gpm,numeric,012101,K,numeric,012103,K,numeric,013003,%,numeric,011001,degree true,numeric,011002,m/s,numeric
31004_19990125_0000_00,Aldan,gdas.adpupa.t00z.19990125.bufr,31004,0,1999-01-25T00:00:00Z,OK,ADPUPA,RAOBF,199901250000,31004,58.37,125.22,,,,500.0,,2500.0,-26.5,,,,,,500.0,2500.0,,,,,2500.0,2500.0,enriched,1821.0,679.0,False,True,,,-26.5,,,,,,008001,Flag table,numeric,007004,Pa,numeric,010008,m2 s-2,numeric,010009,gpm,numeric,012101,K,numeric,012103,K,numeric,013003,%,numeric,011001,degree true,numeric,011002,m/s,numeric
31004_19990125_1200_12,Aldan,gdas.adpupa.t12z.19990125.bufr,31004,0,1999-01-25T12:00:00Z,OK,ADPUPA,RAOBF,199901251200,31004,58.37,125.22,,,,1000.0,,0.0,-20.5,,,,,,1000.0,0.0,,,,,0.0,0.0,enriched,-679.0,679.0,True,False,below_station,,-20.5,,,,,,008001,Flag table,numeric,007004,Pa,numeric,010008,m2 s-2,numeric,010009,gpm,numeric,012101,K,numeric,012103,K,numeric,013003,%,numeric,011001,degree true,numeric,011002,m/s,numeric
31004_19990125_1200_12,Aldan,gdas.adpupa.t12z.19990125.bufr,31004,0,1999-01-25T12:00:00Z,OK,ADPUPA,RAOBF,199901251200,31004,58.37,125.22,,,,925.0,,500.0,-19.5,,,,,,925.0,500.0,,,,,500.0,500.0,enriched,-179.0,679.0,True,False,below_station,,-19.5,,,,,,008001,Flag table,numeric,007004,Pa,numeric,010008,m2 s-2,numeric,010009,gpm,numeric,012101,K,numeric,012103,K,numeric,013003,%,numeric,011001,degree true,numeric,011002,m/s,numeric
31004_19990125_1200_12,Aldan,gdas.adpupa.t12z.19990125.bufr,31004,0,1999-01-25T12:00:00Z,OK,ADPUPA,RAOBF,199901251200,31004,58.37,125.22,,,,850.0,,1000.0,-17.5,,,,,,850.0,1000.0,,,,,1000.0,1000.0,enriched,321.0,679.0,False,True,,,-17.5,,,,,,008001,Flag table,numeric,007004,Pa,numeric,010008,m2 s-2,numeric,010009,gpm,numeric,012101,K,numeric,012103,K,numeric,013003,%,numeric,011001,degree true,numeric,011002,m/s,numeric
31004_19990125_1200_12,Aldan,gdas.adpupa.t12z.19990125.bufr,31004,0,1999-01-25T12:00:00Z,OK,ADPUPA,RAOBF,199901251200,31004,58.37,125.22,,,,700.0,,1500.0,-19.5,,,,,,700.0,1500.0,,,,,1500.0,1500.0,enriched,821.0,679.0,False,True,,,-19.5,,,,,,008001,Flag table,numeric,007004,Pa,numeric,010008,m2 s-2,numeric,010009,gpm,numeric,012101,K,numeric,012103,K,numeric,013003,%,numeric,011001,degree true,numeric,011002,m/s,numeric
31004_19990125_1200_12,Aldan,gdas.adpupa.t12z.19990125.bufr,31004,0,1999-01-25T12:00:00Z,OK,ADPUPA,RAOBF,199901251200,31004,58.37,125.22,,,,600.0,,2000.0,-22.5,,,,,,600.0,2000.0,,,,,2000.0,2000.0,enriched,1321.0,679.0,False,True,,,-22.5,,,,,,008001,Flag table,numeric,007004,Pa,numeric,010008,m2 s-2,numeric,010009,gpm,numeric,012101,K,numeric,012103,K,numeric,013003,%,numeric,011001,degree true,numeric,011002,m/s,numeric
31004_19990125_1200_12,Aldan,gdas.adpupa.t12z.19990125.bufr,31004,0,1999-01-25T12:00:00Z,OK,ADPUPA,RAOBF,199901251200,31004,58.37,125.22,,,,500.0,,2500.0,-26.5,,,,,,500.0,2500.0,,,,,2500.0,2500.0,enriched,1821.0,679.0,False,True,,,-26.5,,,,,,008001,Flag table,numeric,007004,Pa,numeric,010008,m2 s-2,numeric,010009,gpm,numeric,012101,K,numeric,012103,K,numeric,013003,%,numeric,011001,degree true,numeric,011002,m/s,numeric
31004_19990126_0000_00,Aldan,gdas.adpupa.t00z.19990126.bufr,31004,0,1999-01-26T00:00:00Z,OK,ADPUPA,RAOBF,199901260000,31004,58.37,125.22,,,,1000.0,,0.0,-20.2,,,,,,1000.0,0.0,,,,,0.0,0.0,enriched,-679.0,679.0,True,False,below_station,,-20.2,,,,,,008001,Flag table,numeric,007004,Pa,numeric,010008,m2 s-2,numeric,010009,gpm,numeric,012101,K,numeric,012103,K,numeric,013003,%,numeric,011001,degree true,numeric,011002,m/s,numeric
31004_19990126_0000_00,Aldan,gdas.adpupa.t00z.19990126.bufr,31004,0,1999-01-26T00:00:00Z,OK,ADPUPA,RAOBF,199901260000,31004,58.37,125.22,,,,925.0,,500.0,-19.2,,,,,,925.0,500.0,,,,,500.0,500.0,enriched,-179.0,679.0,True,False,below_station,,-19.2,,,,,,008001,Flag table,numeric,007004,Pa,numeric,010008,m2 s-2,numeric,010009,gpm,numeric,012101,K,numeric,012103,K,numeric,013003,%,numeric,011001,degree true,numeric,011002,m/s,numeric
31004_19990126_0000_00,Aldan,gdas.adpupa.t00z.19990126.bufr,31004,0,1999-01-26T00:00:00Z,OK,ADPUPA,RAOBF,199901260000,31004,58.37,125.22,,,,850.0,,1000.0,-17.2,,,,,,850.0,1000.0,,,,,1000.0,1000.0,enriched,321.0,679.0,False,True,,,-17.2,,,,,,008001,Flag table,numeric,007004,Pa,numeric,010008,m2 s-2,numeric,010009,gpm,numeric,012101,K,numeric,012103,K,numeric,013003,%,numeric,011001,degree true,numeric,011002,m/s,numeric
31004_19990126_0000_00,Aldan,gdas.adpupa.t00z.19990126.bufr,31004,0,1999-01-26T00:00:00Z,OK,ADPUPA,RAOBF,199901260000,31004,58.37,125.22,,,,700.0,,1500.0,-19.2,,,,,,700.0,1500.0,,,,,1500.0,1500.0,enriched,821.0,679.0,False,True,,,-19.2,,,,,,008001,Flag table,numeric,007004,Pa,numeric,010008,m2 s-2,numeric,010009,gpm,numeric,012101,K,numeric,012103,K,numeric,013003,%,numeric,011001,degree true,numeric,011002,m/s,numeric
31004_19990126_0000_00,Aldan,gdas.adpupa.t00z.19990126.bufr,31004,0,1999-01-26T00:00:00Z,OK,ADPUPA,RAOBF,199901260000,31004,58.37,125.22,,,,600.0,,2000.0,-22.2,,,,,,600.0,2000.0,,,,,2000.0,2000.0,enriched,1321.0,679.0,False,True,,,-22.2,,,,,,008001,Flag table,numeric,007004,Pa,numeric,010008,m2 s-2,numeric,010009,gpm,numeric,012101,K,numeric,012103,K,numeric,013003,%,numeric,011001,degree true,numeric,011002,m/s,numeric
31004_19990126_0000_00,Aldan,gdas.adpupa.t00z.19990126.bufr,31004,0,1999-01-26T00:00:00Z,OK,ADPUPA,RAOBF,199901260000,31004,58.37,125.22,,,,500.0,,2500.0,-26.2,,,,,,500.0,2500.0,,,,,2500.0,2500.0,enriched,1821.0,679.0,False,True,,,-26.2,,,,,,008001,Flag table,numeric,007004,Pa,numeric,010008,m2 s-2,numeric,010009,gpm,numeric,012101,K,numeric,012103,K,numeric,013003,%,numeric,011001,degree true,numeric,011002,m/s,numeric
31004_19990126_1200_12,Aldan,gdas.adpupa.t12z.19990126.bufr,31004,0,1999-01-26T12:00:00Z,OK,ADPUPA,RAOBF,199901261200,31004,58.37,125.22,,,,1000.0,,0.0,-20.2,,,,,,1000.0,0.0,,,,,0.0,0.0,enriched,-679.0,679.0,True,False,below_station,,-20.2,,,,,,008001,Flag table,numeric,007004,Pa,numeric,010008,m2 s-2,numeric,010009,gpm,numeric,012101,K,numeric,012103,K,numeric,013003,%,numeric,011001,degree true,numeric,011002,m/s,numeric
31004_19990126_1200_12,Aldan,gdas.adpupa.t12z.19990126.bufr,31004,0,1999-01-26T12:00:00Z,OK,ADPUPA,RAOBF,199901261200,31004,58.37,125.22,,,,925.0,,500.0,-19.2,,,,,,925.0,500.0,,,,,500.0,500.0,enriched,-179.0,679.0,True,False,below_station,,-19.2,,,,,,008001,Flag table,numeric,007004,Pa,numeric,010008,m2 s-2,numeric,010009,gpm,numeric,012101,K,numeric,012103,K,numeric,013003,%,numeric,011001,degree true,numeric,011002,m/s,numeric
31004_19990126_1200_12,Aldan,gdas.adpupa.t12z.19990126.bufr,31004,0,1999-01-26T12:00:00Z,OK,ADPUPA,RAOBF,199901261200,31004,58.37,125.22,,,,850.0,,1000.0,-17.2,,,,,,850.0,1000.0,,,,,1000.0,1000.0,enriched,321.0,679.0,False,True,,,-17.2,,,,,,008001,Flag table,numeric,007004,Pa,numeric,010008,m2 s-2,numeric,010009,gpm,numeric,012101,K,numeric,012103,K,numeric,013003,%,numeric,011001,degree true,numeric,011002,m/s,numeric
31004_19990126_1200_12,Aldan,gdas.adpupa.t12z.19990126.bufr,31004,0,1999-01-26T12:00:00Z,OK,ADPUPA,RAOBF,199901261200,31004,58.37,125.22,,,,700.0,,1500.0,-19.2,,,,,,700.0,1500.0,,,,,1500.0,1500.0,enriched,821.0,679.0,False,True,,,-19.2,,,,,,008001,Flag table,numeric,007004,Pa,numeric,010008,m2 s-2,numeric,010009,gpm,numeric,012101,K,numeric,012103,K,numeric,013003,%,numeric,011001,degree true,numeric,011002,m/s,numeric
31004_19990126_1200_12,Aldan,gdas.adpupa.t12z.19990126.bufr,31004,0,1999-01-26T12:00:00Z,OK,ADPUPA,RAOBF,199901261200,31004,58.37,125.22,,,,600.0,,2000.0,-22.2,,,,,,600.0,2000.0,,,,,2000.0,2000.0,enriched,1321.0,679.0,False,True,,,-22.2,,,,,,008001,Flag table,numeric,007004,Pa,numeric,010008,m2 s-2,numeric,010009,gpm,numeric,012101,K,numeric,012103,K,numeric,013003,%,numeric,011001,degree true,numeric,011002,m/s,numeric
31004_19990126_1200_12,Aldan,gdas.adpupa.t12z.19990126.bufr,31004,0,1999-01-26T12:00:00Z,OK,ADPUPA,RAOBF,199901261200,31004,58.37,125.22,,,,500.0,,2500.0,-26.2,,,,,,500.0,2500.0,,,,,2500.0,2500.0,enriched,1821.0,679.0,False,True,,,-26.2,,,,,,008001,Flag table,numeric,007004,Pa,numeric,010008,m2 s-2,numeric,010009,gpm,numeric,012101,K,numeric,012103,K,numeric,013003,%,numeric,011001,degree true,numeric,011002,m/s,numeric
31004_19990127_0000_00,Aldan,gdas.adpupa.t00z.19990127.bufr,31004,0,1999-01-27T00:00:00Z,OK,ADPUPA,RAOBF,199901270000,31004,58.37,125.22,,,,1000.0,,0.0,-19.9,,,,,,1000.0,0.0,,,,,0.0,0.0,enriched,-679.0,679.0,True,False,below_station,,-19.9,,,,,,008001,Flag table,numeric,007004,Pa,numeric,010008,m2 s-2,numeric,010009,gpm,numeric,012101,K,numeric,012103,K,numeric,013003,%,numeric,011001,degree true,numeric,011002,m/s,numeric
31004_19990127_0000_00,Aldan,gdas.adpupa.t00z.19990127.bufr,31004,0,1999-01-27T00:00:00Z,OK,ADPUPA,RAOBF,199901270000,31004,58.37,125.22,,,,925.0,,500.0,-18.9,,,,,,925.0,500.0,,,,,500.0,500.0,enriched,-179.0,679.0,True,False,below_station,,-18.9,,,,,,008001,Flag table,numeric,007004,Pa,numeric,010008,m2 s-2,numeric,010009,gpm,numeric,012101,K,numeric,012103,K,numeric,013003,%,numeric,011001,degree true,numeric,011002,m/s,numeric
31004_19990127_0000_00,Aldan,gdas.adpupa.t00z.19990127.bufr,31004,0,1999-01-27T00:00:00Z,OK,ADPUPA,RAOBF,199901270000,31004,58.37,125.22,,,,850.0,,1000.0,-16.9,,,,,,850.0,1000.0,,,,,1000.0,1000.0,enriched,321.0,679.0,False,True,,,-16.9,,,,,,008001,Flag table,numeric,007004,Pa,numeric,010008,m2 s-2,numeric,010009,gpm,numeric,012101,K,numeric,012103,K,numeric,013003,%,numeric,011001,degree true,numeric,011002,m/s,numeric
31004_19990127_0000_00,Aldan,gdas.adpupa.t00z.19990127.bufr,31004,0,1999-01-27T00:00:00Z,OK,ADPUPA,RAOBF,199901270000,31004,58.37,125.22,,,,700.0,,1500.0,-18.9,,,,,,700.0,1500.0,,,,,1500.0,1500.0,enriched,821.0,679.0,False,True,,,-18.9,,,,,,008001,Flag table,numeric,007004,Pa,numeric,010008,m2 s-2,numeric,010009,gpm,numeric,012101,K,numeric,012103,K,numeric,013003,%,numeric,011001,degree true,numeric,011002,m/s,numeric
31004_19990127_0000_00,Aldan,gdas.adpupa.t00z.19990127.bufr,31004,0,1999-01-27T00:00:00Z,OK,ADPUPA,RAOBF,199901270000,31004,58.37,125.22,,,,600.0,,2000.0,-21.9,,,,,,600.0,2000.0,,,,,2000.0,2000.0,enriched,1321.0,679.0,False,True,,,-21.9,,,,,,008001,Flag table,numeric,007004,Pa,numeric,010008,m2 s-2,numeric,010009,gpm,numeric,012101,K,numeric,012103,K,numeric,013003,%,numeric,011001,degree true,numeric,011002,m/s,numeric
31004_19990127_0000_00,Aldan,gdas.adpupa.t00z.19990127.bufr,31004,0,1999-01-27T00:00:00Z,OK,ADPUPA,RAOBF,199901270000,31004,58.37,125.22,,,,500.0,,2500.0,-25.9,,,,,,500.0,2500.0,,,,,2500.0,2500.0,enriched,1821.0,679.0,False,True,,,-25.9,,,,,,008001,Flag table,numeric,007004,Pa,numeric,010008,m2 s-2,numeric,010009,gpm,numeric,012101,K,numeric,012103,K,numeric,013003,%,numeric,011001,degree true,numeric,011002,m/s,numeric
31004_19990127_1200_12,Aldan,gdas.adpupa.t12z.19990127.bufr,31004,0,1999-01-27T12:00:00Z,OK,ADPUPA,RAOBF,199901271200,31004,58.37,125.22,,,,1000.0,,0.0,-19.9,,,,,,1000.0,0.0,,,,,0.0,0.0,enriched,-679.0,679.0,True,False,below_station,,-19.9,,,,,,008001,Flag table,numeric,007004,Pa,numeric,010008,m2 s-2,numeric,010009,gpm,numeric,012101,K,numeric,012103,K,numeric,013003,%,numeric,011001,degree true,numeric,011002,m/s,numeric
31004_19990127_1200_12,Aldan,gdas.adpupa.t12z.19990127.bufr,31004,0,1999-01-27T12:00:00Z,OK,ADPUPA,RAOBF,199901271200,31004,58.37,125.22,,,,925.0,,500.0,-18.9,,,,,,925.0,500.0,,,,,500.0,500.0,enriched,-179.0,679.0,True,False,below_station,,-18.9,,,,,,008001,Flag table,numeric,007004,Pa,numeric,010008,m2 s-2,numeric,010009,gpm,numeric,012101,K,numeric,012103,K,numeric,013003,%,numeric,011001,degree true,numeric,011002,m/s,numeric
31004_19990127_1200_12,Aldan,gdas.adpupa.t12z.19990127.bufr,31004,0,1999-01-27T12:00:00Z,OK,ADPUPA,RAOBF,199901271200,31004,58.37,125.22,,,,850.0,,1000.0,-16.9,,,,,,850.0,1000.0,,,,,1000.0,1000.0,enriched,321.0,679.0,False,True,,,-16.9,,,,,,008001,Flag table,numeric,007004,Pa,numeric,010008,m2 s-2,numeric,010009,gpm,numeric,012101,K,numeric,012103,K,numeric,013003,%,numeric,011001,degree true,numeric,011002,m/s,numeric
31004_19990127_1200_12,Aldan,gdas.adpupa.t12z.19990127.bufr,31004,0,1999-01-27T12:00:00Z,OK,ADPUPA,RAOBF,199901271200,31004,58.37,125.22,,,,700.0,,1500.0,-18.9,,,,,,700.0,1500.0,,,,,1500.0,1500.0,enriched,821.0,679.0,False,True,,,-18.9,,,,,,008001,Flag table,numeric,007004,Pa,numeric,010008,m2 s-2,numeric,010009,gpm,numeric,012101,K,numeric,012103,K,numeric,013003,%,numeric,011001,degree true,numeric,011002,m/s,numeric
31004_19990127_1200_12,Aldan,gdas.adpupa.t12z.19990127.bufr,31004,0,1999-01-27T12:00:00Z,OK,ADPUPA,RAOBF,199901271200,31004,58.37,125.22,,,,600.0,,2000.0,-21.9,,,,,,600.0,2000.0,,,,,2000.0,2000.0,enriched,1321.0,679.0,False,True,,,-21.9,,,,,,008001,Flag table,numeric,007004,Pa,numeric,010008,m2 s-2,numeric,010009,gpm,numeric,012101,K,numeric,012103,K,numeric,013003,%,numeric,011001,degree true,numeric,011002,m/s,numeric
31004_19990127_1200_12,Aldan,gdas.adpupa.t12z.19990127.bufr,31004,0,1999-01-27T12:00:00Z,OK,ADPUPA,RAOBF,199901271200,31004,58.37,125.22,,,,500.0,,2500.0,-25.9,,,,,,500.0,2500.0,,,,,2500.0,2500.0,enriched,1821.0,679.0,False,True,,,-25.9,,,,,,008001,Flag table,numeric,007004,Pa,numeric,010008,m2 s-2,numeric,010009,gpm,numeric,012101,K,numeric,012103,K,numeric,013003,%,numeric,011001,degree true,numeric,011002,m/s,numeric
31004_19990128_0000_00,Aldan,gdas.adpupa.t00z.19990128.bufr,31004,0,1999-01-28T00:00:00Z,OK,ADPUPA,RAOBF,199901280000,31004,58.37,125.22,,,,1000.0,,0.0,-19.6,,,,,,1000.0,0.0,,,,,0.0,0.0,enriched,-679.0,679.0,True,False,below_station,,-19.6,,,,,,008001,Flag table,numeric,007004,Pa,numeric,010008,m2 s-2,numeric,010009,gpm,numeric,012101,K,numeric,012103,K,numeric,013003,%,numeric,011001,degree true,numeric,011002,m/s,numeric
31004_19990128_0000_00,Aldan,gdas.adpupa.t00z.19990128.bufr,31004,0,1999-01-28T00:00:00Z,OK,ADPUPA,RAOBF,199901280000,31004,58.37,125.22,,,,925.0,,500.0,-18.6,,,,,,925.0,500.0,,,,,500.0,500.0,enriched,-179.0,679.0,True,False,below_station,,-18.6,,,,,,008001,Flag table,numeric,007004,Pa,numeric,010008,m2 s-2,numeric,010009,gpm,numeric,012101,K,numeric,012103,K,numeric,013003,%,numeric,011001,degree true,numeric,011002,m/s,numeric
31004_19990128_0000_00,Aldan,gdas.adpupa.t00z.19990128.bufr,31004,0,1999-01-28T00:00:00Z,OK,ADPUPA,RAOBF,199901280000,31004,58.37,125.22,,,,850.0,,1000.0,-16.6,,,,,,850.0,1000.0,,,,,1000.0,1000.0,enriched,321.0,679.0,False,True,,,-16.6,,,,,,008001,Flag table,numeric,007004,Pa,numeric,010008,m2 s-2,numeric,010009,gpm,numeric,012101,K,numeric,012103,K,numeric,013003,%,numeric,011001,degree true,numeric,011002,m/s,numeric
31004_19990128_0000_00,Aldan,gdas.adpupa.t00z.19990128.bufr,31004,0,1999-01-28T00:00:00Z,OK,ADPUPA,RAOBF,199901280000,31004,58.37,125.22,,,,700.0,,1500.0,-18.6,,,,,,700.0,1500.0,,,,,1500.0,1500.0,enriched,821.0,679.0,False,True,,,-18.6,,,,,,008001,Flag table,numeric,007004,Pa,numeric,010008,m2 s-2,numeric,010009,gpm,numeric,012101,K,numeric,012103,K,numeric,013003,%,numeric,011001,degree true,numeric,011002,m/s,numeric
31004_19990128_0000_00,Aldan,gdas.adpupa.t00z.19990128.bufr,31004,0,1999-01-28T00:00:00Z,OK,ADPUPA,RAOBF,199901280000,31004,58.37,125.22,,,,600.0,,2000.0,-21.6,,,,,,600.0,2000.0,,,,,2000.0,2000.0,enriched,1321.0,679.0,False,True,,,-21.6,,,,,,008001,Flag table,numeric,007004,Pa,numeric,010008,m2 s-2,numeric,010009,gpm,numeric,012101,K,numeric,012103,K,numeric,013003,%,numeric,011001,degree true,numeric,011002,m/s,numeric
31004_19990128_0000_00,Aldan,gdas.adpupa.t00z.19990128.bufr,31004,0,1999-01-28T00:00:00Z,OK,ADPUPA,RAOBF,199901280000,31004,58.37,125.22,,,,500.0,,2500.0,-25.6,,,,,,500.0,2500.0,,,,,2500.0,2500.0,enriched,1821.0,679.0,False,True,,,-25.6,,,,,,008001,Flag table,numeric,007004,Pa,numeric,010008,m2 s-2,numeric,010009,gpm,numeric,012101,K,numeric,012103,K,numeric,013003,%,numeric,011001,degree true,numeric,011002,m/s,numeric
31004_19990128_1200_12,Aldan,gdas.adpupa.t12z.19990128.bufr,31004,0,1999-01-28T12:00:00Z,OK,ADPUPA,RAOBF,199901281200,31004,58.37,125.22,,,,1000.0,,0.0,-19.6,,,,,,1000.0,0.0,,,,,0.0,0.0,enriched,-679.0,679.0,True,False,below_station,,-19.6,,,,,,008001,Flag table,numeric,007004,Pa,numeric,010008,m2 s-2,numeric,010009,gpm,numeric,012101,K,numeric,012103,K,numeric,013003,%,numeric,011001,degree true,numeric,011002,m/s,numeric
31004_19990128_1200_12,Aldan,gdas.adpupa.t12z.19990128.bufr,31004,0,1999-01-28T12:00:00Z,OK,ADPUPA,RAOBF,199901281200,31004,58.37,125.22,,,,925.0,,500.0,-18.6,,,,,,925.0,500.0,,,,,500.0,500.0,enriched,-179.0,679.0,True,False,below_station,,-18.6,,,,,,008001,Flag table,numeric,007004,Pa,numeric,010008,m2 s-2,numeric,010009,gpm,numeric,012101,K,numeric,012103,K,numeric,013003,%,numeric,011001,degree true,numeric,011002,m/s,numeric
31004_19990128_1200_12,Aldan,gdas.adpupa.t12z.19990128.bufr,31004,0,1999-01-28T12:00:00Z,OK,ADPUPA,RAOBF,199901281200,31004,58.37,125.22,,,,850.0,,1000.0,-16.6,,,,,,850.0,1000.0,,,,,1000.0,1000.0,enriched,321.0,679.0,False,True,,,-16.6,,,,,,008001,Flag table,numeric,007004,Pa,numeric,010008,m2 s-2,numeric,010009,gpm,numeric,012101,K,numeric,012103,K,numeric,013003,%,numeric,011001,degree true,numeric,011002,m/s,numeric
31004_19990128_1200_12,Aldan,gdas.adpupa.t12z.19990128.bufr,31004,0,1999-01-28T12:00:00Z,OK,ADPUPA,RAOBF,199901281200,31004,58.37,125.22,,,,700.0,,1500.0,-18.6,,,,,,700.0,1500.0,,,,,1500.0,1500.0,enriched,821.0,679.0,False,True,,,-18.6,,,,,,008001,Flag table,numeric,007004,Pa,numeric,010008,m2 s-2,numeric,010009,gpm,numeric,012101,K,numeric,012103,K,numeric,013003,%,numeric,011001,degree true,numeric,011002,m/s,numeric
31004_19990128_1200_12,Aldan,gdas.adpupa.t12z.19990128.bufr,31004,0,1999-01-28T12:00:00Z,OK,ADPUPA,RAOBF,199901281200,31004,58.37,125.22,,,,600.0,,2000.0,-21.6,,,,,,600.0,2000.0,,,,,2000.0,2000.0,enriched,1321.0,679.0,False,True,,,-21.6,,,,,,008001,Flag table,numeric,007004,Pa,numeric,010008,m2 s-2,numeric,010009,gpm,numeric,012101,K,numeric,012103,K,numeric,013003,%,numeric,011001,degree true,numeric,011002,m/s,numeric
31004_19990128_1200_12,Aldan,gdas.adpupa.t12z.19990128.bufr,31004,0,1999-01-28T12:00:00Z,OK,ADPUPA,RAOBF,199901281200,31004,58.37,125.22,,,,500.0,,2500.0,-25.6,,,,,,500.0,2500.0,,,,,2500.0,2500.0,enriched,1821.0,679.0,False,True,,,-25.6,,,,,,008001,Flag table,numeric,007004,Pa,numeric,010008,m2 s-2,numeric,010009,gpm,numeric,012101,K,numeric,012103,K,numeric,013003,%,numeric,011001,degree true,numeric,011002,m/s,numeric
31004_19990129_0000_00,Aldan,gdas.adpupa.t00z.19990129.bufr,31004,0,1999-01-29T00:00:00Z,OK,ADPUPA,RAOBF,199901290000,31004,58.37,125.22,,,,1000.0,,0.0,-19.3,,,,,,1000.0,0.0,,,,,0.0,0.0,enriched,-679.0,679.0,True,False,below_station,,-19.3,,,,,,008001,Flag table,numeric,007004,Pa,numeric,010008,m2 s-2,numeric,010009,gpm,numeric,012101,K,numeric,012103,K,numeric,013003,%,numeric,011001,degree true,numeric,011002,m/s,numeric
31004_19990129_0000_00,Aldan,gdas.adpupa.t00z.19990129.bufr,31004,0,1999-01-29T00:00:00Z,OK,ADPUPA,RAOBF,199901290000,31004,58.37,125.22,,,,925.0,,500.0,-18.3,,,,,,925.0,500.0,,,,,500.0,500.0,enriched,-179.0,679.0,True,False,below_station,,-18.3,,,,,,008001,Flag table,numeric,007004,Pa,numeric,010008,m2 s-2,numeric,010009,gpm,numeric,012101,K,numeric,012103,K,numeric,013003,%,numeric,011001,degree true,numeric,011002,m/s,numeric
31004_19990129_0000_00,Aldan,gdas.adpupa.t00z.19990129.bufr,31004,0,1999-01-29T00:00:00Z,OK,ADPUPA,RAOBF,199901290000,31004,58.37,125.22,,,,850.0,,1000.0,-16.3,,,,,,850.0,1000.0,,,,,1000.0,1000.0,enriched,321.0,679.0,False,True,,,-16.3,,,,,,008001,Flag table,numeric,007004,Pa,numeric,010008,m2 s-2,numeric,010009,gpm,numeric,012101,K,numeric,012103,K,numeric,013003,%,numeric,011001,degree true,numeric,011002,m/s,numeric
31004_19990129_0000_00,Aldan,gdas.adpupa.t00z.19990129.bufr,31004,0,1999-01-29T00:00:00Z,OK,ADPUPA,RAOBF,199901290000,31004,58.37,125.22,,,,700.0,,1500.0,-18.3,,,,,,700.0,1500.0,,,,,1500.0,1500.0,enriched,821.0,679.0,False,True,,,-18.3,,,,,,008001,Flag table,numeric,007004,Pa,numeric,010008,m2 s-2,numeric,010009,gpm,numeric,012101,K,numeric,012103,K,numeric,013003,%,numeric,011001,degree true,numeric,011002,m/s,numeric
31004_19990129_0000_00,Aldan,gdas.adpupa.t00z.19990129.bufr,31004,0,1999-01-29T00:00:00Z,OK,ADPUPA,RAOBF,199901290000,31004,58.37,125.22,,,,600.0,,2000.0,-21.3,,,,,,600.0,2000.0,,,,,2000.0,2000.0,enriched,1321.0,679.0,False,True,,,-21.3,,,,,,008001,Flag table,numeric,007004,Pa,numeric,010008,m2 s-2,numeric,010009,gpm,numeric,012101,K,numeric,012103,K,numeric,013003,%,numeric,011001,degree true,numeric,011002,m/s,numeric
31004_19990129_0000_00,Aldan,gdas.adpupa.t00z.19990129.bufr,31004,0,1999-01-29T00:00:00Z,OK,ADPUPA,RAOBF,199901290000,31004,58.37,125.22,,,,500.0,,2500.0,-25.3,,,,,,500.0,2500.0,,,,,2500.0,2500.0,enriched,1821.0,679.0,False,True,,,-25.3,,,,,,008001,Flag table,numeric,007004,Pa,numeric,010008,m2 s-2,numeric,010009,gpm,numeric,012101,K,numeric,012103,K,numeric,013003,%,numeric,011001,degree true,numeric,011002,m/s,numeric
31004_19990129_1200_12,Aldan,gdas.adpupa.t12z.19990129.bufr,31004,0,1999-01-29T12:00:00Z,OK,ADPUPA,RAOBF,199901291200,31004,58.37,125.22,,,,1000.0,,0.0,-19.3,,,,,,1000.0,0.0,,,,,0.0,0.0,enriched,-679.0,679.0,True,False,below_station,,-19.3,,,,,,008001,Flag table,numeric,007004,Pa,numeric,010008,m2 s-2,numeric,010009,gpm,numeric,012101,K,numeric,012103,K,numeric,013003,%,numeric,011001,degree true,numeric,011002,m/s,numeric
31004_19990129_1200_12,Aldan,gdas.adpupa.t12z.19990129.bufr,31004,0,1999-01-29T12:00:00Z,OK,ADPUPA,RAOBF,199901291200,31004,58.37,125.22,,,,925.0,,500.0,-18.3,,,,,,925.0,500.0,,,,,500.0,500.0,enriched,-179.0,679.0,True,False,below_station,,-18.3,,,,,,008001,Flag table,numeric,007004,Pa,numeric,010008,m2 s-2,numeric,010009,gpm,numeric,012101,K,numeric,012103,K,numeric,013003,%,numeric,011001,degree true,numeric,011002,m/s,numeric
31004_19990129_1200_12,Aldan,gdas.adpupa.t12z.19990129.bufr,31004,0,1999-01-29T12:00:00Z,OK,ADPUPA,RAOBF,199901291200,31004,58.37,125.22,,,,850.0,,1000.0,-16.3,,,,,,850.0,1000.0,,,,,1000.0,1000.0,enriched,321.0,679.0,False,True,,,-16.3,,,,,,008001,Flag table,numeric,007004,Pa,numeric,010008,m2 s-2,numeric,010009,gpm,numeric,012101,K,numeric,012103,K,numeric,013003,%,numeric,011001,degree true,numeric,011002,m/s,numeric
31004_19990129_1200_12,Aldan,gdas.adpupa.t12z.19990129.bufr,31004,0,1999-01-29T12:00:00Z,OK,ADPUPA,RAOBF,199901291200,31004,58.37,125.22,,,,700.0,,1500.0,-18.3,,,,,,700.0,1500.0,,,,,1500.0,1500.0,enriched,821.0,679.0,False,True,,,-18.3,,,,,,008001,Flag table,numeric,007004,Pa,numeric,010008,m2 s-2,numeric,010009,gpm,numeric,012101,K,numeric,012103,K,numeric,013003,%,numeric,011001,degree true,numeric,011002,m/s,numeric
31004_19990129_1200_12,Aldan,gdas.adpupa.t12z.19990129.bufr,31004,0,1999-01-29T12:00:00Z,OK,ADPUPA,RAOBF,199901291200,31004,58.37,125.22,,,,600.0,,2000.0,-21.3,,,,,,600.0,2000.0,,,,,2000.0,2000.0,enriched,1321.0,679.0,False,True,,,-21.3,,,,,,008001,Flag table,numeric,007004,Pa,numeric,010008,m2 s-2,numeric,010009,gpm,numeric,012101,K,numeric,012103,K,numeric,013003,%,numeric,011001,degree true,numeric,011002,m/s,numeric
31004_19990129_1200_12,Aldan,gdas.adpupa.t12z.19990129.bufr,31004,0,1999-01-29T12:00:00Z,OK,ADPUPA,RAOBF,199901291200,31004,58.37,125.22,,,,500.0,,2500.0,-25.3,,,,,,500.0,2500.0,,,,,2500.0,2500.0,enriched,1821.0,679.0,False,True,,,-25.3,,,,,,008001,Flag table,numeric,007004,Pa,numeric,010008,m2 s-2,numeric,010009,gpm,numeric,012101,K,numeric,012103,K,numeric,013003,%,numeric,011001,degree true,numeric,011002,m/s,numeric
31004_19990130_0000_00,Aldan,gdas.adpupa.t00z.19990130.bufr,31004,0,1999-01-30T00:00:00Z,OK,ADPUPA,RAOBF,199901300000,31004,58.37,125.22,,,,1000.0,,0.0,-19.0,,,,,,1000.0,0.0,,,,,0.0,0.0,enriched,-679.0,679.0,True,False,below_station,,-19.0,,,,,,008001,Flag table,numeric,007004,Pa,numeric,010008,m2 s-2,numeric,010009,gpm,numeric,012101,K,numeric,012103,K,numeric,013003,%,numeric,011001,degree true,numeric,011002,m/s,numeric
31004_19990130_0000_00,Aldan,gdas.adpupa.t00z.19990130.bufr,31004,0,1999-01-30T00:00:00Z,OK,ADPUPA,RAOBF,199901300000,31004,58.37,125.22,,,,925.0,,500.0,-18.0,,,,,,925.0,500.0,,,,,500.0,500.0,enriched,-179.0,679.0,True,False,below_station,,-18.0,,,,,,008001,Flag table,numeric,007004,Pa,numeric,010008,m2 s-2,numeric,010009,gpm,numeric,012101,K,numeric,012103,K,numeric,013003,%,numeric,011001,degree true,numeric,011002,m/s,numeric
31004_19990130_0000_00,Aldan,gdas.adpupa.t00z.19990130.bufr,31004,0,1999-01-30T00:00:00Z,OK,ADPUPA,RAOBF,199901300000,31004,58.37,125.22,,,,850.0,,1000.0,-16.0,,,,,,850.0,1000.0,,,,,1000.0,1000.0,enriched,321.0,679.0,False,True,,,-16.0,,,,,,008001,Flag table,numeric,007004,Pa,numeric,010008,m2 s-2,numeric,010009,gpm,numeric,012101,K,numeric,012103,K,numeric,013003,%,numeric,011001,degree true,numeric,011002,m/s,numeric
31004_19990130_0000_00,Aldan,gdas.adpupa.t00z.19990130.bufr,31004,0,1999-01-30T00:00:00Z,OK,ADPUPA,RAOBF,199901300000,31004,58.37,125.22,,,,700.0,,1500.0,-18.0,,,,,,700.0,1500.0,,,,,1500.0,1500.0,enriched,821.0,679.0,False,True,,,-18.0,,,,,,008001,Flag table,numeric,007004,Pa,numeric,010008,m2 s-2,numeric,010009,gpm,numeric,012101,K,numeric,012103,K,numeric,013003,%,numeric,011001,degree true,numeric,011002,m/s,numeric
31004_19990130_0000_00,Aldan,gdas.adpupa.t00z.19990130.bufr,31004,0,1999-01-30T00:00:00Z,OK,ADPUPA,RAOBF,199901300000,31004,58.37,125.22,,,,600.0,,2000.0,-21.0,,,,,,600.0,2000.0,,,,,2000.0,2000.0,enriched,1321.0,679.0,False,True,,,-21.0,,,,,,008001,Flag table,numeric,007004,Pa,numeric,010008,m2 s-2,numeric,010009,gpm,numeric,012101,K,numeric,012103,K,numeric,013003,%,numeric,011001,degree true,numeric,011002,m/s,numeric
31004_19990130_0000_00,Aldan,gdas.adpupa.t00z.19990130.bufr,31004,0,1999-01-30T00:00:00Z,OK,ADPUPA,RAOBF,199901300000,31004,58.37,125.22,,,,500.0,,2500.0,-25.0,,,,,,500.0,2500.0,,,,,2500.0,2500.0,enriched,1821.0,679.0,False,True,,,-25.0,,,,,,008001,Flag table,numeric,007004,Pa,numeric,010008,m2 s-2,numeric,010009,gpm,numeric,012101,K,numeric,012103,K,numeric,013003,%,numeric,011001,degree true,numeric,011002,m/s,numeric
31004_19990130_1200_12,Aldan,gdas.adpupa.t12z.19990130.bufr,31004,0,1999-01-30T12:00:00Z,OK,ADPUPA,RAOBF,199901301200,31004,58.37,125.22,,,,1000.0,,0.0,-19.0,,,,,,1000.0,0.0,,,,,0.0,0.0,enriched,-679.0,679.0,True,False,below_station,,-19.0,,,,,,008001,Flag table,numeric,007004,Pa,numeric,010008,m2 s-2,numeric,010009,gpm,numeric,012101,K,numeric,012103,K,numeric,013003,%,numeric,011001,degree true,numeric,011002,m/s,numeric
31004_19990130_1200_12,Aldan,gdas.adpupa.t12z.19990130.bufr,31004,0,1999-01-30T12:00:00Z,OK,ADPUPA,RAOBF,199901301200,31004,58.37,125.22,,,,925.0,,500.0,-18.0,,,,,,925.0,500.0,,,,,500.0,500.0,enriched,-179.0,679.0,True,False,below_station,,-18.0,,,,,,008001,Flag table,numeric,007004,Pa,numeric,010008,m2 s-2,numeric,010009,gpm,numeric,012101,K,numeric,012103,K,numeric,013003,%,numeric,011001,degree true,numeric,011002,m/s,numeric
31004_19990130_1200_12,Aldan,gdas.adpupa.t12z.19990130.bufr,31004,0,1999-01-30T12:00:00Z,OK,ADPUPA,RAOBF,199901301200,31004,58.37,125.22,,,,850.0,,1000.0,-16.0,,,,,,850.0,1000.0,,,,,1000.0,1000.0,enriched,321.0,679.0,False,True,,,-16.0,,,,,,008001,Flag table,numeric,007004,Pa,numeric,010008,m2 s-2,numeric,010009,gpm,numeric,012101,K,numeric,012103,K,numeric,013003,%,numeric,011001,degree true,numeric,011002,m/s,numeric
31004_19990130_1200_12,Aldan,gdas.adpupa.t12z.19990130.bufr,31004,0,1999-01-30T12:00:00Z,OK,ADPUPA,RAOBF,199901301200,31004,58.37,125.22,,,,700.0,,1500.0,-18.0,,,,,,700.0,1500.0,,,,,1500.0,1500.0,enriched,821.0,679.0,False,True,,,-18.0,,,,,,008001,Flag table,numeric,007004,Pa,numeric,010008,m2 s-2,numeric,010009,gpm,numeric,012101,K,numeric,012103,K,numeric,013003,%,numeric,011001,degree true,numeric,011002,m/s,numeric
31004_19990130_1200_12,Aldan,gdas.adpupa.t12z.19990130.bufr,31004,0,1999-01-30T12:00:00Z,OK,ADPUPA,RAOBF,199901301200,31004,58.37,125.22,,,,600.0,,2000.0,-21.0,,,,,,600.0,2000.0,,,,,2000.0,2000.0,enriched,1321.0,679.0,False,True,,,-21.0,,,,,,008001,Flag table,numeric,007004,Pa,numeric,010008,m2 s-2,numeric,010009,gpm,numeric,012101,K,numeric,012103,K,numeric,013003,%,numeric,011001,degree true,numeric,011002,m/s,numeric
31004_19990130_1200_12,Aldan,gdas.adpupa.t12z.19990130.bufr,31004,0,1999-01-30T12:00:00Z,OK,ADPUPA,RAOBF,199901301200,31004,58.37,125.22,,,,500.0,,2500.0,-25.0,,,,,,500.0,2500.0,,,,,2500.0,2500.0,enriched,1821.0,679.0,False,True,,,-25.0,,,,,,008001,Flag table,numeric,007004,Pa,numeric,010008,m2 s-2,numeric,010009,gpm,numeric,012101,K,numeric,012103,K,numeric,013003,%,numeric,011001,degree true,numeric,011002,m/s,numeric
31004_19990131_0000_00,Aldan,gdas.adpupa.t00z.19990131.bufr,31004,0,1999-01-31T00:00:00Z,OK,ADPUPA,RAOBF,199901310000,31004,58.37,125.22,,,,1000.0,,0.0,-18.700000000000003,,,,,,1000.0,0.0,,,,,0.0,0.0,enriched,-679.0,679.0,True,False,below_station,,-18.700000000000003,,,,,,008001,Flag table,numeric,007004,Pa,numeric,010008,m2 s-2,numeric,010009,gpm,numeric,012101,K,numeric,012103,K,numeric,013003,%,numeric,011001,degree true,numeric,011002,m/s,numeric
31004_19990131_0000_00,Aldan,gdas.adpupa.t00z.19990131.bufr,31004,0,1999-01-31T00:00:00Z,OK,ADPUPA,RAOBF,199901310000,31004,58.37,125.22,,,,925.0,,500.0,-17.700000000000003,,,,,,925.0,500.0,,,,,500.0,500.0,enriched,-179.0,679.0,True,False,below_station,,-17.700000000000003,,,,,,008001,Flag table,numeric,007004,Pa,numeric,010008,m2 s-2,numeric,010009,gpm,numeric,012101,K,numeric,012103,K,numeric,013003,%,numeric,011001,degree true,numeric,011002,m/s,numeric
31004_19990131_0000_00,Aldan,gdas.adpupa.t00z.19990131.bufr,31004,0,1999-01-31T00:00:00Z,OK,ADPUPA,RAOBF,199901310000,31004,58.37,125.22,,,,850.0,,1000.0,-15.700000000000003,,,,,,850.0,1000.0,,,,,1000.0,1000.0,enriched,321.0,679.0,False,True,,,-15.700000000000003,,,,,,008001,Flag table,numeric,007004,Pa,numeric,010008,m2 s-2,numeric,010009,gpm,numeric,012101,K,numeric,012103,K,numeric,013003,%,numeric,011001,degree true,numeric,011002,m/s,numeric
31004_19990131_0000_00,Aldan,gdas.adpupa.t00z.19990131.bufr,31004,0,1999-01-31T00:00:00Z,OK,ADPUPA,RAOBF,199901310000,31004,58.37,125.22,,,,700.0,,1500.0,-17.700000000000003,,,,,,700.0,1500.0,,,,,1500.0,1500.0,enriched,821.0,679.0,False,True,,,-17.700000000000003,,,,,,008001,Flag table,numeric,007004,Pa,numeric,010008,m2 s-2,numeric,010009,gpm,numeric,012101,K,numeric,012103,K,numeric,013003,%,numeric,011001,degree true,numeric,011002,m/s,numeric
31004_19990131_0000_00,Aldan,gdas.adpupa.t00z.19990131.bufr,31004,0,1999-01-31T00:00:00Z,OK,ADPUPA,RAOBF,199901310000,31004,58.37,125.22,,,,600.0,,2000.0,-20.700000000000003,,,,,,600.0,2000.0,,,,,2000.0,2000.0,enriched,1321.0,679.0,False,True,,,-20.700000000000003,,,,,,008001,Flag table,numeric,007004,Pa,numeric,010008,m2 s-2,numeric,010009,gpm,numeric,012101,K,numeric,012103,K,numeric,013003,%,numeric,011001,degree true,numeric,011002,m/s,numeric
31004_19990131_0000_00,Aldan,gdas.adpupa.t00z.19990131.bufr,31004,0,1999-01-31T00:00:00Z,OK,ADPUPA,RAOBF,199901310000,31004,58.37,125.22,,,,500.0,,2500.0,-24.700000000000003,,,,,,500.0,2500.0,,,,,2500.0,2500.0,enriched,1821.0,679.0,False,True,,,-24.700000000000003,,,,,,008001,Flag table,numeric,007004,Pa,numeric,010008,m2 s-2,numeric,010009,gpm,numeric,012101,K,numeric,012103,K,numeric,013003,%,numeric,011001,degree true,numeric,011002,m/s,numeric
31004_19990131_1200_12,Aldan,gdas.adpupa.t12z.19990131.bufr,31004,0,1999-01-31T12:00:00Z,OK,ADPUPA,RAOBF,199901311200,31004,58.37,125.22,,,,1000.0,,0.0,-18.700000000000003,,,,,,1000.0,0.0,,,,,0.0,0.0,enriched,-679.0,679.0,True,False,below_station,,-18.700000000000003,,,,,,008001,Flag table,numeric,007004,Pa,numeric,010008,m2 s-2,numeric,010009,gpm,numeric,012101,K,numeric,012103,K,numeric,013003,%,numeric,011001,degree true,numeric,011002,m/s,numeric
31004_19990131_1200_12,Aldan,gdas.adpupa.t12z.19990131.bufr,31004,0,1999-01-31T12:00:00Z,OK,ADPUPA,RAOBF,199901311200,31004,58.37,125.22,,,,925.0,,500.0,-17.700000000000003,,,,,,925.0,500.0,,,,,500.0,500.0,enriched,-179.0,679.0,True,False,below_station,,-17.700000000000003,,,,,,008001,Flag table,numeric,007004,Pa,numeric,010008,m2 s-2,numeric,010009,gpm,numeric,012101,K,numeric,012103,K,numeric,013003,%,numeric,011001,degree true,numeric,011002,m/s,numeric
31004_19990131_1200_12,Aldan,gdas.adpupa.t12z.19990131.bufr,31004,0,1999-01-31T12:00:00Z,OK,ADPUPA,RAOBF,199901311200,31004,58.37,125.22,,,,850.0,,1000.0,-15.700000000000003,,,,,,850.0,1000.0,,,,,1000.0,1000.0,enriched,321.0,679.0,False,True,,,-15.700000000000003,,,,,,008001,Flag table,numeric,007004,Pa,numeric,010008,m2 s-2,numeric,010009,gpm,numeric,012101,K,numeric,012103,K,numeric,013003,%,numeric,011001,degree true,numeric,011002,m/s,numeric
31004_19990131_1200_12,Aldan,gdas.adpupa.t12z.19990131.bufr,31004,0,1999-01-31T12:00:00Z,OK,ADPUPA,RAOBF,199901311200,31004,58.37,125.22,,,,700.0,,1500.0,-17.700000000000003,,,,,,700.0,1500.0,,,,,1500.0,1500.0,enriched,821.0,679.0,False,True,,,-17.700000000000003,,,,,,008001,Flag table,numeric,007004,Pa,numeric,010008,m2 s-2,numeric,010009,gpm,numeric,012101,K,numeric,012103,K,numeric,013003,%,numeric,011001,degree true,numeric,011002,m/s,numeric
31004_19990131_1200_12,Aldan,gdas.adpupa.t12z.19990131.bufr,31004,0,1999-01-31T12:00:00Z,OK,ADPUPA,RAOBF,199901311200,31004,58.37,125.22,,,,600.0,,2000.0,-20.700000000000003,,,,,,600.0,2000.0,,,,,2000.0,2000.0,enriched,1321.0,679.0,False,True,,,-20.700000000000003,,,,,,008001,Flag table,numeric,007004,Pa,numeric,010008,m2 s-2,numeric,010009,gpm,numeric,012101,K,numeric,012103,K,numeric,013003,%,numeric,011001,degree true,numeric,011002,m/s,numeric
31004_19990131_1200_12,Aldan,gdas.adpupa.t12z.19990131.bufr,31004,0,1999-01-31T12:00:00Z,OK,ADPUPA,RAOBF,199901311200,31004,58.37,125.22,,,,500.0,,2500.0,-24.700000000000003,,,,,,500.0,2500.0,,,,,2500.0,2500.0,enriched,1821.0,679.0,False,True,,,-24.700000000000003,,,,,,008001,Flag table,numeric,007004,Pa,numeric,010008,m2 s-2,numeric,010009,gpm,numeric,012101,K,numeric,012103,K,numeric,013003,%,numeric,011001,degree true,numeric,011002,m/s,numeric
