profile_id,station_name,source_file,station_id,subset_index,report_datetime_utc,seq,fxy,name,value,value_text,unit,kind,scale,reference,nbits
31004_20000914_1200_12,Aldan,gdex_data\raw\2000\gdas.adpupa.t12z.20000914.bufr,31004,2,2000-09-14T12:00:00,1,063000,BYTCNT,1587,,BYTES,numeric,0,0,16
31004_20000914_1200_12,Aldan,gdex_data\raw\2000\gdas.adpupa.t12z.20000914.bufr,31004,2,2000-09-14T12:00:00,2,004001,Year,2000,,a,numeric,0,0,12
31004_20000914_1200_12,Aldan,gdex_data\raw\2000\gdas.adpupa.t12z.20000914.bufr,31004,2,2000-09-14T12:00:00,3,004002,Month,9,,mon,numeric,0,0,4
31004_20000914_1200_12,Aldan,gdex_data\raw\2000\gdas.adpupa.t12z.20000914.bufr,31004,2,2000-09-14T12:00:00,4,004003,Day,14,,d,numeric,0,0,6
31004_20000914_1200_12,Aldan,gdex_data\raw\2000\gdas.adpupa.t12z.20000914.bufr,31004,2,2000-09-14T12:00:00,5,004004,Hour,12,,h,numeric,0,0,5
31004_20000914_1200_12,Aldan,gdex_data\raw\2000\gdas.adpupa.t12z.20000914.bufr,31004,2,2000-09-14T12:00:00,6,031001,Delayed descriptor replication factor,4,,Numeric,numeric,0,0,8
31004_20000914_1200_12,Aldan,gdex_data\raw\2000\gdas.adpupa.t12z.20000914.bufr,31004,2,2000-09-14T12:00:00,7,008202,RCTS     RECEIPT TIME SIGNIFICANCE,5,,CODE TABLE,code,0,0,6
31004_20000914_1200_12,Aldan,gdex_data\raw\2000\gdas.adpupa.t12z.20000914.bufr,31004,2,2000-09-14T12:00:00,8,004200,RCYR     YEAR   - TIME OF RECEIPT,2000,,YEAR,numeric,0,0,12
31004_20000914_1200_12,Aldan,gdex_data\raw\2000\gdas.adpupa.t12z.20000914.bufr,31004,2,2000-09-14T12:00:00,9,004201,RCMO     MONTH  - TIME OF RECEIPT,9,,MONTH,numeric,0,0,4
31004_20000914_1200_12,Aldan,gdex_data\raw\2000\gdas.adpupa.t12z.20000914.bufr,31004,2,2000-09-14T12:00:00,10,004202,RCDY     DAY    - TIME OF RECEIPT,14,,DAY,numeric,0,0,6
31004_20000914_1200_12,Aldan,gdex_data\raw\2000\gdas.adpupa.t12z.20000914.bufr,31004,2,2000-09-14T12:00:00,11,004203,RCHR     HOUR   - TIME OF RECEIPT,14,,HOUR,numeric,0,0,5
31004_20000914_1200_12,Aldan,gdex_data\raw\2000\gdas.adpupa.t12z.20000914.bufr,31004,2,2000-09-14T12:00:00,12,004204,RCMI     MINUTE - TIME OF RECEIPT,31,,MINUTE,numeric,0,0,6
31004_20000914_1200_12,Aldan,gdex_data\raw\2000\gdas.adpupa.t12z.20000914.bufr,31004,2,2000-09-14T12:00:00,13,008202,RCTS     RECEIPT TIME SIGNIFICANCE,7,,CODE TABLE,code,0,0,6
31004_20000914_1200_12,Aldan,gdex_data\raw\2000\gdas.adpupa.t12z.20000914.bufr,31004,2,2000-09-14T12:00:00,14,004200,RCYR     YEAR   - TIME OF RECEIPT,2000,,YEAR,numeric,0,0,12
31004_20000914_1200_12,Aldan,gdex_data\raw\2000\gdas.adpupa.t12z.20000914.bufr,31004,2,2000-09-14T12:00:00,15,004201,RCMO     MONTH  - TIME OF RECEIPT,9,,MONTH,numeric,0,0,4
31004_20000914_1200_12,Aldan,gdex_data\raw\2000\gdas.adpupa.t12z.20000914.bufr,31004,2,2000-09-14T12:00:00,16,004202,RCDY     DAY    - TIME OF RECEIPT,14,,DAY,numeric,0,0,6
31004_20000914_1200_12,Aldan,gdex_data\raw\2000\gdas.adpupa.t12z.20000914.bufr,31004,2,2000-09-14T12:00:00,17,004203,RCHR     HOUR   - TIME OF RECEIPT,15,,HOUR,numeric,0,0,5
31004_20000914_1200_12,Aldan,gdex_data\raw\2000\gdas.adpupa.t12z.20000914.bufr,31004,2,2000-09-14T12:00:00,18,004204,RCMI     MINUTE - TIME OF RECEIPT,17,,MINUTE,numeric,0,0,6
31004_20000914_1200_12,Aldan,gdex_data\raw\2000\gdas.adpupa.t12z.20000914.bufr,31004,2,2000-09-14T12:00:00,19,008202,RCTS     RECEIPT TIME SIGNIFICANCE,4,,CODE TABLE,code,0,0,6
31004_20000914_1200_12,Aldan,gdex_data\raw\2000\gdas.adpupa.t12z.20000914.bufr,31004,2,2000-09-14T12:00:00,20,004200,RCYR     YEAR   - TIME OF RECEIPT,2000,,YEAR,numeric,0,0,12
31004_20000914_1200_12,Aldan,gdex_data\raw\2000\gdas.adpupa.t12z.20000914.bufr,31004,2,2000-09-14T12:00:00,21,004201,RCMO     MONTH  - TIME OF RECEIPT,9,,MONTH,numeric,0,0,4
31004_20000914_1200_12,Aldan,gdex_data\raw\2000\gdas.adpupa.t12z.20000914.bufr,31004,2,2000-09-14T12:00:00,22,004202,RCDY     DAY    - TIME OF RECEIPT,14,,DAY,numeric,0,0,6
31004_20000914_1200_12,Aldan,gdex_data\raw\2000\gdas.adpupa.t12z.20000914.bufr,31004,2,2000-09-14T12:00:00,23,004203,RCHR     HOUR   - TIME OF RECEIPT,14,,HOUR,numeric,0,0,5
31004_20000914_1200_12,Aldan,gdex_data\raw\2000\gdas.adpupa.t12z.20000914.bufr,31004,2,2000-09-14T12:00:00,24,004204,RCMI     MINUTE - TIME OF RECEIPT,35,,MINUTE,numeric,0,0,6
31004_20000914_1200_12,Aldan,gdex_data\raw\2000\gdas.adpupa.t12z.20000914.bufr,31004,2,2000-09-14T12:00:00,25,008202,RCTS     RECEIPT TIME SIGNIFICANCE,6,,CODE TABLE,code,0,0,6
31004_20000914_1200_12,Aldan,gdex_data\raw\2000\gdas.adpupa.t12z.20000914.bufr,31004,2,2000-09-14T12:00:00,26,004200,RCYR     YEAR   - TIME OF RECEIPT,2000,,YEAR,numeric,0,0,12
31004_20000914_1200_12,Aldan,gdex_data\raw\2000\gdas.adpupa.t12z.20000914.bufr,31004,2,2000-09-14T12:00:00,27,004201,RCMO     MONTH  - TIME OF RECEIPT,9,,MONTH,numeric,0,0,4
31004_20000914_1200_12,Aldan,gdex_data\raw\2000\gdas.adpupa.t12z.20000914.bufr,31004,2,2000-09-14T12:00:00,28,004202,RCDY     DAY    - TIME OF RECEIPT,14,,DAY,numeric,0,0,6
31004_20000914_1200_12,Aldan,gdex_data\raw\2000\gdas.adpupa.t12z.20000914.bufr,31004,2,2000-09-14T12:00:00,29,004203,RCHR     HOUR   - TIME OF RECEIPT,15,,HOUR,numeric,0,0,5
31004_20000914_1200_12,Aldan,gdex_data\raw\2000\gdas.adpupa.t12z.20000914.bufr,31004,2,2000-09-14T12:00:00,30,004204,RCMI     MINUTE - TIME OF RECEIPT,13,,MINUTE,numeric,0,0,6
31004_20000914_1200_12,Aldan,gdex_data\raw\2000\gdas.adpupa.t12z.20000914.bufr,31004,2,2000-09-14T12:00:00,31,031001,Delayed descriptor replication factor,4,,Numeric,numeric,0,0,8
31004_20000914_1200_12,Aldan,gdex_data\raw\2000\gdas.adpupa.t12z.20000914.bufr,31004,2,2000-09-14T12:00:00,32,002195,SEQNUM   LDM CHANNEL SEQUENCE NUMBER,b'853 ',,CCITT IA5,numeric,0,0,32
31004_20000914_1200_12,Aldan,gdex_data\raw\2000\gdas.adpupa.t12z.20000914.bufr,31004,2,2000-09-14T12:00:00,33,001194,BUHD     BULLETIN HEADER,b'YUXX84  ',,CCITT IA5,numeric,0,0,64
31004_20000914_1200_12,Aldan,gdex_data\raw\2000\gdas.adpupa.t12z.20000914.bufr,31004,2,2000-09-14T12:00:00,34,001063,ICAO location indicator,b'KAWN    ',,CCITT IA5,numeric,0,0,64
31004_20000914_1200_12,Aldan,gdex_data\raw\2000\gdas.adpupa.t12z.20000914.bufr,31004,2,2000-09-14T12:00:00,35,058006,BULTIM   BULLETIN TIME (DDHHMM),b'141200  ',,CCITT IA5,numeric,0,0,64
31004_20000914_1200_12,Aldan,gdex_data\raw\2000\gdas.adpupa.t12z.20000914.bufr,31004,2,2000-09-14T12:00:00,36,058007,BBB      WMO BBB INDICATOR,b'RTD97   ',,CCITT IA5,numeric,0,0,64
31004_20000914_1200_12,Aldan,gdex_data\raw\2000\gdas.adpupa.t12z.20000914.bufr,31004,2,2000-09-14T12:00:00,37,002195,SEQNUM   LDM CHANNEL SEQUENCE NUMBER,b'074 ',,CCITT IA5,numeric,0,0,32
31004_20000914_1200_12,Aldan,gdex_data\raw\2000\gdas.adpupa.t12z.20000914.bufr,31004,2,2000-09-14T12:00:00,38,001194,BUHD     BULLETIN HEADER,b'YUXX84  ',,CCITT IA5,numeric,0,0,64
31004_20000914_1200_12,Aldan,gdex_data\raw\2000\gdas.adpupa.t12z.20000914.bufr,31004,2,2000-09-14T12:00:00,39,001063,ICAO location indicator,b'KAWN    ',,CCITT IA5,numeric,0,0,64
31004_20000914_1200_12,Aldan,gdex_data\raw\2000\gdas.adpupa.t12z.20000914.bufr,31004,2,2000-09-14T12:00:00,40,058006,BULTIM   BULLETIN TIME (DDHHMM),b'141200  ',,CCITT IA5,numeric,0,0,64
31004_20000914_1200_12,Aldan,gdex_data\raw\2000\gdas.adpupa.t12z.20000914.bufr,31004,2,2000-09-14T12:00:00,41,058007,BBB      WMO BBB INDICATOR,b'RTD123  ',,CCITT IA5,numeric,0,0,64
31004_20000914_1200_12,Aldan,gdex_data\raw\2000\gdas.adpupa.t12z.20000914.bufr,31004,2,2000-09-14T12:00:00,42,002195,SEQNUM   LDM CHANNEL SEQUENCE NUMBER,b'124 ',,CCITT IA5,numeric,0,0,32
31004_20000914_1200_12,Aldan,gdex_data\raw\2000\gdas.adpupa.t12z.20000914.bufr,31004,2,2000-09-14T12:00:00,43,001194,BUHD     BULLETIN HEADER,b'YVXX84  ',,CCITT IA5,numeric,0,0,64
31004_20000914_1200_12,Aldan,gdex_data\raw\2000\gdas.adpupa.t12z.20000914.bufr,31004,2,2000-09-14T12:00:00,44,001063,ICAO location indicator,b'KAWN    ',,CCITT IA5,numeric,0,0,64
31004_20000914_1200_12,Aldan,gdex_data\raw\2000\gdas.adpupa.t12z.20000914.bufr,31004,2,2000-09-14T12:00:00,45,058006,BULTIM   BULLETIN TIME (DDHHMM),b'141200  ',,CCITT IA5,numeric,0,0,64
31004_20000914_1200_12,Aldan,gdex_data\raw\2000\gdas.adpupa.t12z.20000914.bufr,31004,2,2000-09-14T12:00:00,46,058007,BBB      WMO BBB INDICATOR,b'RTD51   ',,CCITT IA5,numeric,0,0,64
31004_20000914_1200_12,Aldan,gdex_data\raw\2000\gdas.adpupa.t12z.20000914.bufr,31004,2,2000-09-14T12:00:00,47,002195,SEQNUM   LDM CHANNEL SEQUENCE NUMBER,b'661 ',,CCITT IA5,numeric,0,0,32
31004_20000914_1200_12,Aldan,gdex_data\raw\2000\gdas.adpupa.t12z.20000914.bufr,31004,2,2000-09-14T12:00:00,48,001194,BUHD     BULLETIN HEADER,b'YUXX84  ',,CCITT IA5,numeric,0,0,64
31004_20000914_1200_12,Aldan,gdex_data\raw\2000\gdas.adpupa.t12z.20000914.bufr,31004,2,2000-09-14T12:00:00,49,001063,ICAO location indicator,b'KAWN    ',,CCITT IA5,numeric,0,0,64
31004_20000914_1200_12,Aldan,gdex_data\raw\2000\gdas.adpupa.t12z.20000914.bufr,31004,2,2000-09-14T12:00:00,50,058006,BULTIM   BULLETIN TIME (DDHHMM),b'141200  ',,CCITT IA5,numeric,0,0,64
31004_20000914_1200_12,Aldan,gdex_data\raw\2000\gdas.adpupa.t12z.20000914.bufr,31004,2,2000-09-14T12:00:00,51,058007,BBB      WMO BBB INDICATOR,b'RTD121  ',,CCITT IA5,numeric,0,0,64
31004_20000914_1200_12,Aldan,gdex_data\raw\2000\gdas.adpupa.t12z.20000914.bufr,31004,2,2000-09-14T12:00:00,52,001198,RPID     REPORT IDENTIFIER,b'31004   ',,CCITT IA5,numeric,0,0,64
31004_20000914_1200_12,Aldan,gdex_data\raw\2000\gdas.adpupa.t12z.20000914.bufr,31004,2,2000-09-14T12:00:00,53,005002,Latitude (coarse accuracy),58.62,,deg,numeric,2,-9000,15
31004_20000914_1200_12,Aldan,gdex_data\raw\2000\gdas.adpupa.t12z.20000914.bufr,31004,2,2000-09-14T12:00:00,54,006002,Longitude (coarse accuracy),125.37,,deg,numeric,2,-18000,16
31004_20000914_1200_12,Aldan,gdex_data\raw\2000\gdas.adpupa.t12z.20000914.bufr,31004,2,2000-09-14T12:00:00,55,007001,Height of station,680,,m,numeric,0,-400,15
31004_20000914_1200_12,Aldan,gdex_data\raw\2000\gdas.adpupa.t12z.20000914.bufr,31004,2,2000-09-14T12:00:00,56,031001,Delayed descriptor replication factor,4,,Numeric,numeric,0,0,8
31004_20000914_1200_12,Aldan,gdex_data\raw\2000\gdas.adpupa.t12z.20000914.bufr,31004,2,2000-09-14T12:00:00,57,002011,Radiosonde type,27,,Code table,numeric,0,0,8
31004_20000914_1200_12,Aldan,gdex_data\raw\2000\gdas.adpupa.t12z.20000914.bufr,31004,2,2000-09-14T12:00:00,58,002003,Type of measuring equipment used,3,,Code table,numeric,0,0,4
31004_20000914_1200_12,Aldan,gdex_data\raw\2000\gdas.adpupa.t12z.20000914.bufr,31004,2,2000-09-14T12:00:00,59,033215,CORN     CORRECTED REPORT INDICATOR,0,,CODE TABLE,code,0,0,3
31004_20000914_1200_12,Aldan,gdex_data\raw\2000\gdas.adpupa.t12z.20000914.bufr,31004,2,2000-09-14T12:00:00,60,001192,UAPART   RADIOSONDE PART NAME,b'TTBB',,CCITT IA5,numeric,0,0,32
31004_20000914_1200_12,Aldan,gdex_data\raw\2000\gdas.adpupa.t12z.20000914.bufr,31004,2,2000-09-14T12:00:00,61,002011,Radiosonde type,27,,Code table,numeric,0,0,8
31004_20000914_1200_12,Aldan,gdex_data\raw\2000\gdas.adpupa.t12z.20000914.bufr,31004,2,2000-09-14T12:00:00,62,002003,Type of measuring equipment used,,,Code table,numeric,0,0,4
31004_20000914_1200_12,Aldan,gdex_data\raw\2000\gdas.adpupa.t12z.20000914.bufr,31004,2,2000-09-14T12:00:00,63,033215,CORN     CORRECTED REPORT INDICATOR,0,,CODE TABLE,code,0,0,3
31004_20000914_1200_12,Aldan,gdex_data\raw\2000\gdas.adpupa.t12z.20000914.bufr,31004,2,2000-09-14T12:00:00,64,001192,UAPART   RADIOSONDE PART NAME,b'TTDD',,CCITT IA5,numeric,0,0,32
31004_20000914_1200_12,Aldan,gdex_data\raw\2000\gdas.adpupa.t12z.20000914.bufr,31004,2,2000-09-14T12:00:00,65,002011,Radiosonde type,27,,Code table,numeric,0,0,8
31004_20000914_1200_12,Aldan,gdex_data\raw\2000\gdas.adpupa.t12z.20000914.bufr,31004,2,2000-09-14T12:00:00,66,002003,Type of measuring equipment used,,,Code table,numeric,0,0,4
31004_20000914_1200_12,Aldan,gdex_data\raw\2000\gdas.adpupa.t12z.20000914.bufr,31004,2,2000-09-14T12:00:00,67,033215,CORN     CORRECTED REPORT INDICATOR,0,,CODE TABLE,code,0,0,3
31004_20000914_1200_12,Aldan,gdex_data\raw\2000\gdas.adpupa.t12z.20000914.bufr,31004,2,2000-09-14T12:00:00,68,001192,UAPART   RADIOSONDE PART NAME,b'TTAA',,CCITT IA5,numeric,0,0,32
31004_20000914_1200_12,Aldan,gdex_data\raw\2000\gdas.adpupa.t12z.20000914.bufr,31004,2,2000-09-14T12:00:00,69,002011,Radiosonde type,27,,Code table,numeric,0,0,8
31004_20000914_1200_12,Aldan,gdex_data\raw\2000\gdas.adpupa.t12z.20000914.bufr,31004,2,2000-09-14T12:00:00,70,002003,Type of measuring equipment used,,,Code table,numeric,0,0,4
31004_20000914_1200_12,Aldan,gdex_data\raw\2000\gdas.adpupa.t12z.20000914.bufr,31004,2,2000-09-14T12:00:00,71,033215,CORN     CORRECTED REPORT INDICATOR,0,,CODE TABLE,code,0,0,3
31004_20000914_1200_12,Aldan,gdex_data\raw\2000\gdas.adpupa.t12z.20000914.bufr,31004,2,2000-09-14T12:00:00,72,001192,UAPART   RADIOSONDE PART NAME,b'TTCC',,CCITT IA5,numeric,0,0,32
31004_20000914_1200_12,Aldan,gdex_data\raw\2000\gdas.adpupa.t12z.20000914.bufr,31004,2,2000-09-14T12:00:00,73,031001,Delayed descriptor replication factor,52,,Numeric,numeric,0,0,8
31004_20000914_1200_12,Aldan,gdex_data\raw\2000\gdas.adpupa.t12z.20000914.bufr,31004,2,2000-09-14T12:00:00,74,008001,Vertical sounding significance,64,,Flag table,numeric,0,0,7
31004_20000914_1200_12,Aldan,gdex_data\raw\2000\gdas.adpupa.t12z.20000914.bufr,31004,2,2000-09-14T12:00:00,75,033207,QMPR     ON29 QUALITY MARK FOR PRESSURE,,,CODE TABLE,code,0,0,4
31004_20000914_1200_12,Aldan,gdex_data\raw\2000\gdas.adpupa.t12z.20000914.bufr,31004,2,2000-09-14T12:00:00,76,007004,Pressure,92700.0,,Pa,numeric,-1,0,14
31004_20000914_1200_12,Aldan,gdex_data\raw\2000\gdas.adpupa.t12z.20000914.bufr,31004,2,2000-09-14T12:00:00,77,033192,QMGP     ON29 QUALITY MARK FOR GEOPOTENTIAL,,,CODE TABLE,code,0,0,4
31004_20000914_1200_12,Aldan,gdex_data\raw\2000\gdas.adpupa.t12z.20000914.bufr,31004,2,2000-09-14T12:00:00,78,031000,Short delayed descriptor replication factor,0,,Numeric,numeric,0,0,1
31004_20000914_1200_12,Aldan,gdex_data\raw\2000\gdas.adpupa.t12z.20000914.bufr,31004,2,2000-09-14T12:00:00,79,031000,Short delayed descriptor replication factor,0,,Numeric,numeric,0,0,1
31004_20000914_1200_12,Aldan,gdex_data\raw\2000\gdas.adpupa.t12z.20000914.bufr,31004,2,2000-09-14T12:00:00,80,031000,Short delayed descriptor replication factor,1,,Numeric,numeric,0,0,1
31004_20000914_1200_12,Aldan,gdex_data\raw\2000\gdas.adpupa.t12z.20000914.bufr,31004,2,2000-09-14T12:00:00,81,033193,QMAT     ON29 QUALITY MARK FOR TEMPERATURE,,,CODE TABLE,code,0,0,4
31004_20000914_1200_12,Aldan,gdex_data\raw\2000\gdas.adpupa.t12z.20000914.bufr,31004,2,2000-09-14T12:00:00,82,012225,Non-standard temperature,285.15,,K,numeric,1,0,16
31004_20000914_1200_12,Aldan,gdex_data\raw\2000\gdas.adpupa.t12z.20000914.bufr,31004,2,2000-09-14T12:00:00,83,033194,QMDD     ON29 QUALITY MARK FOR DEWPOINT DEPRESSION,,,CODE TABLE,code,0,0,4
31004_20000914_1200_12,Aldan,gdex_data\raw\2000\gdas.adpupa.t12z.20000914.bufr,31004,2,2000-09-14T12:00:00,84,012227,Non-standard dewpoint temperature,282.85,,K,numeric,1,0,16
31004_20000914_1200_12,Aldan,gdex_data\raw\2000\gdas.adpupa.t12z.20000914.bufr,31004,2,2000-09-14T12:00:00,85,031000,Short delayed descriptor replication factor,0,,Numeric,numeric,0,0,1
31004_20000914_1200_12,Aldan,gdex_data\raw\2000\gdas.adpupa.t12z.20000914.bufr,31004,2,2000-09-14T12:00:00,86,031000,Short delayed descriptor replication factor,0,,Numeric,numeric,0,0,1
31004_20000914_1200_12,Aldan,gdex_data\raw\2000\gdas.adpupa.t12z.20000914.bufr,31004,2,2000-09-14T12:00:00,87,008001,Vertical sounding significance,4,,Flag table,numeric,0,0,7
31004_20000914_1200_12,Aldan,gdex_data\raw\2000\gdas.adpupa.t12z.20000914.bufr,31004,2,2000-09-14T12:00:00,88,033207,QMPR     ON29 QUALITY MARK FOR PRESSURE,,,CODE TABLE,code,0,0,4
31004_20000914_1200_12,Aldan,gdex_data\raw\2000\gdas.adpupa.t12z.20000914.bufr,31004,2,2000-09-14T12:00:00,89,007004,Pressure,91400.0,,Pa,numeric,-1,0,14
31004_20000914_1200_12,Aldan,gdex_data\raw\2000\gdas.adpupa.t12z.20000914.bufr,31004,2,2000-09-14T12:00:00,90,033192,QMGP     ON29 QUALITY MARK FOR GEOPOTENTIAL,,,CODE TABLE,code,0,0,4
31004_20000914_1200_12,Aldan,gdex_data\raw\2000\gdas.adpupa.t12z.20000914.bufr,31004,2,2000-09-14T12:00:00,91,031000,Short delayed descriptor replication factor,0,,Numeric,numeric,0,0,1
31004_20000914_1200_12,Aldan,gdex_data\raw\2000\gdas.adpupa.t12z.20000914.bufr,31004,2,2000-09-14T12:00:00,92,031000,Short delayed descriptor replication factor,0,,Numeric,numeric,0,0,1
31004_20000914_1200_12,Aldan,gdex_data\raw\2000\gdas.adpupa.t12z.20000914.bufr,31004,2,2000-09-14T12:00:00,93,031000,Short delayed descriptor replication factor,1,,Numeric,numeric,0,0,1
31004_20000914_1200_12,Aldan,gdex_data\raw\2000\gdas.adpupa.t12z.20000914.bufr,31004,2,2000-09-14T12:00:00,94,033193,QMAT     ON29 QUALITY MARK FOR TEMPERATURE,,,CODE TABLE,code,0,0,4
31004_20000914_1200_12,Aldan,gdex_data\raw\2000\gdas.adpupa.t12z.20000914.bufr,31004,2,2000-09-14T12:00:00,95,012225,Non-standard temperature,290.55,,K,numeric,1,0,16
31004_20000914_1200_12,Aldan,gdex_data\raw\2000\gdas.adpupa.t12z.20000914.bufr,31004,2,2000-09-14T12:00:00,96,033194,QMDD     ON29 QUALITY MARK FOR DEWPOINT DEPRESSION,,,CODE TABLE,code,0,0,4
31004_20000914_1200_12,Aldan,gdex_data\raw\2000\gdas.adpupa.t12z.20000914.bufr,31004,2,2000-09-14T12:00:00,97,012227,Non-standard dewpoint temperature,284.55,,K,numeric,1,0,16
31004_20000914_1200_12,Aldan,gdex_data\raw\2000\gdas.adpupa.t12z.20000914.bufr,31004,2,2000-09-14T12:00:00,98,031000,Short delayed descriptor replication factor,0,,Numeric,numeric,0,0,1
31004_20000914_1200_12,Aldan,gdex_data\raw\2000\gdas.adpupa.t12z.20000914.bufr,31004,2,2000-09-14T12:00:00,99,031000,Short delayed descriptor replication factor,0,,Numeric,numeric,0,0,1
31004_20000914_1200_12,Aldan,gdex_data\raw\2000\gdas.adpupa.t12z.20000914.bufr,31004,2,2000-09-14T12:00:00,100,008001,Vertical sounding significance,4,,Flag table,numeric,0,0,7
31004_20000914_1200_12,Aldan,gdex_data\raw\2000\gdas.adpupa.t12z.20000914.bufr,31004,2,2000-09-14T12:00:00,101,033207,QMPR     ON29 QUALITY MARK FOR PRESSURE,,,CODE TABLE,code,0,0,4
31004_20000914_1200_12,Aldan,gdex_data\raw\2000\gdas.adpupa.t12z.20000914.bufr,31004,2,2000-09-14T12:00:00,102,007004,Pressure,85200.0,,Pa,numeric,-1,0,14
31004_20000914_1200_12,Aldan,gdex_data\raw\2000\gdas.adpupa.t12z.20000914.bufr,31004,2,2000-09-14T12:00:00,103,033192,QMGP     ON29 QUALITY MARK FOR GEOPOTENTIAL,,,CODE TABLE,code,0,0,4
31004_20000914_1200_12,Aldan,gdex_data\raw\2000\gdas.adpupa.t12z.20000914.bufr,31004,2,2000-09-14T12:00:00,104,031000,Short delayed descriptor replication factor,0,,Numeric,numeric,0,0,1
31004_20000914_1200_12,Aldan,gdex_data\raw\2000\gdas.adpupa.t12z.20000914.bufr,31004,2,2000-09-14T12:00:00,105,031000,Short delayed descriptor replication factor,0,,Numeric,numeric,0,0,1
31004_20000914_1200_12,Aldan,gdex_data\raw\2000\gdas.adpupa.t12z.20000914.bufr,31004,2,2000-09-14T12:00:00,106,031000,Short delayed descriptor replication factor,1,,Numeric,numeric,0,0,1
31004_20000914_1200_12,Aldan,gdex_data\raw\2000\gdas.adpupa.t12z.20000914.bufr,31004,2,2000-09-14T12:00:00,107,033193,QMAT     ON29 QUALITY MARK FOR TEMPERATURE,,,CODE TABLE,code,0,0,4
31004_20000914_1200_12,Aldan,gdex_data\raw\2000\gdas.adpupa.t12z.20000914.bufr,31004,2,2000-09-14T12:00:00,108,012225,Non-standard temperature,288.35,,K,numeric,1,0,16
31004_20000914_1200_12,Aldan,gdex_data\raw\2000\gdas.adpupa.t12z.20000914.bufr,31004,2,2000-09-14T12:00:00,109,033194,QMDD     ON29 QUALITY MARK FOR DEWPOINT DEPRESSION,,,CODE TABLE,code,0,0,4
31004_20000914_1200_12,Aldan,gdex_data\raw\2000\gdas.adpupa.t12z.20000914.bufr,31004,2,2000-09-14T12:00:00,110,012227,Non-standard dewpoint temperature,274.35,,K,numeric,1,0,16
31004_20000914_1200_12,Aldan,gdex_data\raw\2000\gdas.adpupa.t12z.20000914.bufr,31004,2,2000-09-14T12:00:00,111,031000,Short delayed descriptor replication factor,0,,Numeric,numeric,0,0,1
31004_20000914_1200_12,Aldan,gdex_data\raw\2000\gdas.adpupa.t12z.20000914.bufr,31004,2,2000-09-14T12:00:00,112,031000,Short delayed descriptor replication factor,0,,Numeric,numeric,0,0,1
31004_20000914_1200_12,Aldan,gdex_data\raw\2000\gdas.adpupa.t12z.20000914.bufr,31004,2,2000-09-14T12:00:00,113,008001,Vertical sounding significance,4,,Flag table,numeric,0,0,7
31004_20000914_1200_12,Aldan,gdex_data\raw\2000\gdas.adpupa.t12z.20000914.bufr,31004,2,2000-09-14T12:00:00,114,033207,QMPR     ON29 QUALITY MARK FOR PRESSURE,,,CODE TABLE,code,0,0,4
31004_20000914_1200_12,Aldan,gdex_data\raw\2000\gdas.adpupa.t12z.20000914.bufr,31004,2,2000-09-14T12:00:00,115,007004,Pressure,68500.0,,Pa,numeric,-1,0,14
31004_20000914_1200_12,Aldan,gdex_data\raw\2000\gdas.adpupa.t12z.20000914.bufr,31004,2,2000-09-14T12:00:00,116,033192,QMGP     ON29 QUALITY MARK FOR GEOPOTENTIAL,,,CODE TABLE,code,0,0,4
31004_20000914_1200_12,Aldan,gdex_data\raw\2000\gdas.adpupa.t12z.20000914.bufr,31004,2,2000-09-14T12:00:00,117,031000,Short delayed descriptor replication factor,0,,Numeric,numeric,0,0,1
31004_20000914_1200_12,Aldan,gdex_data\raw\2000\gdas.adpupa.t12z.20000914.bufr,31004,2,2000-09-14T12:00:00,118,031000,Short delayed descriptor replication factor,0,,Numeric,numeric,0,0,1
31004_20000914_1200_12,Aldan,gdex_data\raw\2000\gdas.adpupa.t12z.20000914.bufr,31004,2,2000-09-14T12:00:00,119,031000,Short delayed descriptor replication factor,1,,Numeric,numeric,0,0,1
31004_20000914_1200_12,Aldan,gdex_data\raw\2000\gdas.adpupa.t12z.20000914.bufr,31004,2,2000-09-14T12:00:00,120,033193,QMAT     ON29 QUALITY MARK FOR TEMPERATURE,,,CODE TABLE,code,0,0,4
31004_20000914_1200_12,Aldan,gdex_data\raw\2000\gdas.adpupa.t12z.20000914.bufr,31004,2,2000-09-14T12:00:00,121,012225,Non-standard temperature,272.45,,K,numeric,1,0,16
31004_20000914_1200_12,Aldan,gdex_data\raw\2000\gdas.adpupa.t12z.20000914.bufr,31004,2,2000-09-14T12:00:00,122,033194,QMDD     ON29 QUALITY MARK FOR DEWPOINT DEPRESSION,,,CODE TABLE,code,0,0,4
31004_20000914_1200_12,Aldan,gdex_data\raw\2000\gdas.adpupa.t12z.20000914.bufr,31004,2,2000-09-14T12:00:00,123,012227,Non-standard dewpoint temperature,266.45,,K,numeric,1,0,16
31004_20000914_1200_12,Aldan,gdex_data\raw\2000\gdas.adpupa.t12z.20000914.bufr,31004,2,2000-09-14T12:00:00,124,031000,Short delayed descriptor replication factor,0,,Numeric,numeric,0,0,1
31004_20000914_1200_12,Aldan,gdex_data\raw\2000\gdas.adpupa.t12z.20000914.bufr,31004,2,2000-09-14T12:00:00,125,031000,Short delayed descriptor replication factor,0,,Numeric,numeric,0,0,1
31004_20000914_1200_12,Aldan,gdex_data\raw\2000\gdas.adpupa.t12z.20000914.bufr,31004,2,2000-09-14T12:00:00,126,008001,Vertical sounding significance,4,,Flag table,numeric,0,0,7
31004_20000914_1200_12,Aldan,gdex_data\raw\2000\gdas.adpupa.t12z.20000914.bufr,31004,2,2000-09-14T12:00:00,127,033207,QMPR     ON29 QUALITY MARK FOR PRESSURE,,,CODE TABLE,code,0,0,4
31004_20000914_1200_12,Aldan,gdex_data\raw\2000\gdas.adpupa.t12z.20000914.bufr,31004,2,2000-09-14T12:00:00,128,007004,Pressure,57200.0,,Pa,numeric,-1,0,14
31004_20000914_1200_12,Aldan,gdex_data\raw\2000\gdas.adpupa.t12z.20000914.bufr,31004,2,2000-09-14T12:00:00,129,033192,QMGP     ON29 QUALITY MARK FOR GEOPOTENTIAL,,,CODE TABLE,code,0,0,4
31004_20000914_1200_12,Aldan,gdex_data\raw\2000\gdas.adpupa.t12z.20000914.bufr,31004,2,2000-09-14T12:00:00,130,031000,Short delayed descriptor replication factor,0,,Numeric,numeric,0,0,1
31004_20000914_1200_12,Aldan,gdex_data\raw\2000\gdas.adpupa.t12z.20000914.bufr,31004,2,2000-09-14T12:00:00,131,031000,Short delayed descriptor replication factor,0,,Numeric,numeric,0,0,1
31004_20000914_1200_12,Aldan,gdex_data\raw\2000\gdas.adpupa.t12z.20000914.bufr,31004,2,2000-09-14T12:00:00,132,031000,Short delayed descriptor replication factor,1,,Numeric,numeric,0,0,1
31004_20000914_1200_12,Aldan,gdex_data\raw\2000\gdas.adpupa.t12z.20000914.bufr,31004,2,2000-09-14T12:00:00,133,033193,QMAT     ON29 QUALITY MARK FOR TEMPERATURE,,,CODE TABLE,code,0,0,4
31004_20000914_1200_12,Aldan,gdex_data\raw\2000\gdas.adpupa.t12z.20000914.bufr,31004,2,2000-09-14T12:00:00,134,012225,Non-standard temperature,260.05,,K,numeric,1,0,16
31004_20000914_1200_12,Aldan,gdex_data\raw\2000\gdas.adpupa.t12z.20000914.bufr,31004,2,2000-09-14T12:00:00,135,033194,QMDD     ON29 QUALITY MARK FOR DEWPOINT DEPRESSION,,,CODE TABLE,code,0,0,4
31004_20000914_1200_12,Aldan,gdex_data\raw\2000\gdas.adpupa.t12z.20000914.bufr,31004,2,2000-09-14T12:00:00,136,012227,Non-standard dewpoint temperature,257.45,,K,numeric,1,0,16
31004_20000914_1200_12,Aldan,gdex_data\raw\2000\gdas.adpupa.t12z.20000914.bufr,31004,2,2000-09-14T12:00:00,137,031000,Short delayed descriptor replication factor,0,,Numeric,numeric,0,0,1
31004_20000914_1200_12,Aldan,gdex_data\raw\2000\gdas.adpupa.t12z.20000914.bufr,31004,2,2000-09-14T12:00:00,138,031000,Short delayed descriptor replication factor,0,,Numeric,numeric,0,0,1
31004_20000914_1200_12,Aldan,gdex_data\raw\2000\gdas.adpupa.t12z.20000914.bufr,31004,2,2000-09-14T12:00:00,139,008001,Vertical sounding significance,4,,Flag table,numeric,0,0,7
31004_20000914_1200_12,Aldan,gdex_data\raw\2000\gdas.adpupa.t12z.20000914.bufr,31004,2,2000-09-14T12:00:00,140,033207,QMPR     ON29 QUALITY MARK FOR PRESSURE,,,CODE TABLE,code,0,0,4
31004_20000914_1200_12,Aldan,gdex_data\raw\2000\gdas.adpupa.t12z.20000914.bufr,31004,2,2000-09-14T12:00:00,141,007004,Pressure,47500.0,,Pa,numeric,-1,0,14
31004_20000914_1200_12,Aldan,gdex_data\raw\2000\gdas.adpupa.t12z.20000914.bufr,31004,2,2000-09-14T12:00:00,142,033192,QMGP     ON29 QUALITY MARK FOR GEOPOTENTIAL,,,CODE TABLE,code,0,0,4
31004_20000914_1200_12,Aldan,gdex_data\raw\2000\gdas.adpupa.t12z.20000914.bufr,31004,2,2000-09-14T12:00:00,143,031000,Short delayed descriptor replication factor,0,,Numeric,numeric,0,0,1
31004_20000914_1200_12,Aldan,gdex_data\raw\2000\gdas.adpupa.t12z.20000914.bufr,31004,2,2000-09-14T12:00:00,144,031000,Short delayed descriptor replication factor,0,,Numeric,numeric,0,0,1
31004_20000914_1200_12,Aldan,gdex_data\raw\2000\gdas.adpupa.t12z.20000914.bufr,31004,2,2000-09-14T12:00:00,145,031000,Short delayed descriptor replication factor,1,,Numeric,numeric,0,0,1
31004_20000914_1200_12,Aldan,gdex_data\raw\2000\gdas.adpupa.t12z.20000914.bufr,31004,2,2000-09-14T12:00:00,146,033193,QMAT     ON29 QUALITY MARK FOR TEMPERATURE,,,CODE TABLE,code,0,0,4
31004_20000914_1200_12,Aldan,gdex_data\raw\2000\gdas.adpupa.t12z.20000914.bufr,31004,2,2000-09-14T12:00:00,147,012225,Non-standard temperature,252.25,,K,numeric,1,0,16
31004_20000914_1200_12,Aldan,gdex_data\raw\2000\gdas.adpupa.t12z.20000914.bufr,31004,2,2000-09-14T12:00:00,148,033194,QMDD     ON29 QUALITY MARK FOR DEWPOINT DEPRESSION,,,CODE TABLE,code,0,0,4
31004_20000914_1200_12,Aldan,gdex_data\raw\2000\gdas.adpupa.t12z.20000914.bufr,31004,2,2000-09-14T12:00:00,149,012227,Non-standard dewpoint temperature,242.25,,K,numeric,1,0,16
31004_20000914_1200_12,Aldan,gdex_data\raw\2000\gdas.adpupa.t12z.20000914.bufr,31004,2,2000-09-14T12:00:00,150,031000,Short delayed descriptor replication factor,0,,Numeric,numeric,0,0,1
31004_20000914_1200_12,Aldan,gdex_data\raw\2000\gdas.adpupa.t12z.20000914.bufr,31004,2,2000-09-14T12:00:00,151,031000,Short delayed descriptor replication factor,0,,Numeric,numeric,0,0,1
31004_20000914_1200_12,Aldan,gdex_data\raw\2000\gdas.adpupa.t12z.20000914.bufr,31004,2,2000-09-14T12:00:00,152,008001,Vertical sounding significance,4,,Flag table,numeric,0,0,7
31004_20000914_1200_12,Aldan,gdex_data\raw\2000\gdas.adpupa.t12z.20000914.bufr,31004,2,2000-09-14T12:00:00,153,033207,QMPR     ON29 QUALITY MARK FOR PRESSURE,,,CODE TABLE,code,0,0,4
31004_20000914_1200_12,Aldan,gdex_data\raw\2000\gdas.adpupa.t12z.20000914.bufr,31004,2,2000-09-14T12:00:00,154,007004,Pressure,33400.0,,Pa,numeric,-1,0,14
31004_20000914_1200_12,Aldan,gdex_data\raw\2000\gdas.adpupa.t12z.20000914.bufr,31004,2,2000-09-14T12:00:00,155,033192,QMGP     ON29 QUALITY MARK FOR GEOPOTENTIAL,,,CODE TABLE,code,0,0,4
31004_20000914_1200_12,Aldan,gdex_data\raw\2000\gdas.adpupa.t12z.20000914.bufr,31004,2,2000-09-14T12:00:00,156,031000,Short delayed descriptor replication factor,0,,Numeric,numeric,0,0,1
31004_20000914_1200_12,Aldan,gdex_data\raw\2000\gdas.adpupa.t12z.20000914.bufr,31004,2,2000-09-14T12:00:00,157,031000,Short delayed descriptor replication factor,0,,Numeric,numeric,0,0,1
31004_20000914_1200_12,Aldan,gdex_data\raw\2000\gdas.adpupa.t12z.20000914.bufr,31004,2,2000-09-14T12:00:00,158,031000,Short delayed descriptor replication factor,1,,Numeric,numeric,0,0,1
31004_20000914_1200_12,Aldan,gdex_data\raw\2000\gdas.adpupa.t12z.20000914.bufr,31004,2,2000-09-14T12:00:00,159,033193,QMAT     ON29 QUALITY MARK FOR TEMPERATURE,,,CODE TABLE,code,0,0,4
31004_20000914_1200_12,Aldan,gdex_data\raw\2000\gdas.adpupa.t12z.20000914.bufr,31004,2,2000-09-14T12:00:00,160,012225,Non-standard temperature,232.65,,K,numeric,1,0,16
31004_20000914_1200_12,Aldan,gdex_data\raw\2000\gdas.adpupa.t12z.20000914.bufr,31004,2,2000-09-14T12:00:00,161,033194,QMDD     ON29 QUALITY MARK FOR DEWPOINT DEPRESSION,,,CODE TABLE,code,0,0,4
31004_20000914_1200_12,Aldan,gdex_data\raw\2000\gdas.adpupa.t12z.20000914.bufr,31004,2,2000-09-14T12:00:00,162,012227,Non-standard dewpoint temperature,226.65,,K,numeric,1,0,16
31004_20000914_1200_12,Aldan,gdex_data\raw\2000\gdas.adpupa.t12z.20000914.bufr,31004,2,2000-09-14T12:00:00,163,031000,Short delayed descriptor replication factor,0,,Numeric,numeric,0,0,1
31004_20000914_1200_12,Aldan,gdex_data\raw\2000\gdas.adpupa.t12z.20000914.bufr,31004,2,2000-09-14T12:00:00,164,031000,Short delayed descriptor replication factor,0,,Numeric,numeric,0,0,1
31004_20000914_1200_12,Aldan,gdex_data\raw\2000\gdas.adpupa.t12z.20000914.bufr,31004,2,2000-09-14T12:00:00,165,008001,Vertical sounding significance,4,,Flag table,numeric,0,0,7
31004_20000914_1200_12,Aldan,gdex_data\raw\2000\gdas.adpupa.t12z.20000914.bufr,31004,2,2000-09-14T12:00:00,166,033207,QMPR     ON29 QUALITY MARK FOR PRESSURE,,,CODE TABLE,code,0,0,4
31004_20000914_1200_12,Aldan,gdex_data\raw\2000\gdas.adpupa.t12z.20000914.bufr,31004,2,2000-09-14T12:00:00,167,007004,Pressure,26600.0,,Pa,numeric,-1,0,14
31004_20000914_1200_12,Aldan,gdex_data\raw\2000\gdas.adpupa.t12z.20000914.bufr,31004,2,2000-09-14T12:00:00,168,033192,QMGP     ON29 QUALITY MARK FOR GEOPOTENTIAL,,,CODE TABLE,code,0,0,4
31004_20000914_1200_12,Aldan,gdex_data\raw\2000\gdas.adpupa.t12z.20000914.bufr,31004,2,2000-09-14T12:00:00,169,031000,Short delayed descriptor replication factor,0,,Numeric,numeric,0,0,1
31004_20000914_1200_12,Aldan,gdex_data\raw\2000\gdas.adpupa.t12z.20000914.bufr,31004,2,2000-09-14T12:00:00,170,031000,Short delayed descriptor replication factor,0,,Numeric,numeric,0,0,1
31004_20000914_1200_12,Aldan,gdex_data\raw\2000\gdas.adpupa.t12z.20000914.bufr,31004,2,2000-09-14T12:00:00,171,031000,Short delayed descriptor replication factor,1,,Numeric,numeric,0,0,1
31004_20000914_1200_12,Aldan,gdex_data\raw\2000\gdas.adpupa.t12z.20000914.bufr,31004,2,2000-09-14T12:00:00,172,033193,QMAT     ON29 QUALITY MARK FOR TEMPERATURE,,,CODE TABLE,code,0,0,4
31004_20000914_1200_12,Aldan,gdex_data\raw\2000\gdas.adpupa.t12z.20000914.bufr,31004,2,2000-09-14T12:00:00,173,012225,Non-standard temperature,221.05,,K,numeric,1,0,16
31004_20000914_1200_12,Aldan,gdex_data\raw\2000\gdas.adpupa.t12z.20000914.bufr,31004,2,2000-09-14T12:00:00,174,033194,QMDD     ON29 QUALITY MARK FOR DEWPOINT DEPRESSION,,,CODE TABLE,code,0,0,4
31004_20000914_1200_12,Aldan,gdex_data\raw\2000\gdas.adpupa.t12z.20000914.bufr,31004,2,2000-09-14T12:00:00,175,012227,Non-standard dewpoint temperature,216.05,,K,numeric,1,0,16
31004_20000914_1200_12,Aldan,gdex_data\raw\2000\gdas.adpupa.t12z.20000914.bufr,31004,2,2000-09-14T12:00:00,176,031000,Short delayed descriptor replication factor,0,,Numeric,numeric,0,0,1
31004_20000914_1200_12,Aldan,gdex_data\raw\2000\gdas.adpupa.t12z.20000914.bufr,31004,2,2000-09-14T12:00:00,177,031000,Short delayed descriptor replication factor,0,,Numeric,numeric,0,0,1
31004_20000914_1200_12,Aldan,gdex_data\raw\2000\gdas.adpupa.t12z.20000914.bufr,31004,2,2000-09-14T12:00:00,178,008001,Vertical sounding significance,4,,Flag table,numeric,0,0,7
31004_20000914_1200_12,Aldan,gdex_data\raw\2000\gdas.adpupa.t12z.20000914.bufr,31004,2,2000-09-14T12:00:00,179,033207,QMPR     ON29 QUALITY MARK FOR PRESSURE,,,CODE TABLE,code,0,0,4
31004_20000914_1200_12,Aldan,gdex_data\raw\2000\gdas.adpupa.t12z.20000914.bufr,31004,2,2000-09-14T12:00:00,180,007004,Pressure,21000.0,,Pa,numeric,-1,0,14
31004_20000914_1200_12,Aldan,gdex_data\raw\2000\gdas.adpupa.t12z.20000914.bufr,31004,2,2000-09-14T12:00:00,181,033192,QMGP     ON29 QUALITY MARK FOR GEOPOTENTIAL,,,CODE TABLE,code,0,0,4
31004_20000914_1200_12,Aldan,gdex_data\raw\2000\gdas.adpupa.t12z.20000914.bufr,31004,2,2000-09-14T12:00:00,182,031000,Short delayed descriptor replication factor,0,,Numeric,numeric,0,0,1
31004_20000914_1200_12,Aldan,gdex_data\raw\2000\gdas.adpupa.t12z.20000914.bufr,31004,2,2000-09-14T12:00:00,183,031000,Short delayed descriptor replication factor,0,,Numeric,numeric,0,0,1
31004_20000914_1200_12,Aldan,gdex_data\raw\2000\gdas.adpupa.t12z.20000914.bufr,31004,2,2000-09-14T12:00:00,184,031000,Short delayed descriptor replication factor,1,,Numeric,numeric,0,0,1
31004_20000914_1200_12,Aldan,gdex_data\raw\2000\gdas.adpupa.t12z.20000914.bufr,31004,2,2000-09-14T12:00:00,185,033193,QMAT     ON29 QUALITY MARK FOR TEMPERATURE,,,CODE TABLE,code,0,0,4
31004_20000914_1200_12,Aldan,gdex_data\raw\2000\gdas.adpupa.t12z.20000914.bufr,31004,2,2000-09-14T12:00:00,186,012225,Non-standard temperature,214.05,,K,numeric,1,0,16
31004_20000914_1200_12,Aldan,gdex_data\raw\2000\gdas.adpupa.t12z.20000914.bufr,31004,2,2000-09-14T12:00:00,187,033194,QMDD     ON29 QUALITY MARK FOR DEWPOINT DEPRESSION,,,CODE TABLE,code,0,0,4
31004_20000914_1200_12,Aldan,gdex_data\raw\2000\gdas.adpupa.t12z.20000914.bufr,31004,2,2000-09-14T12:00:00,188,012227,Non-standard dewpoint temperature,210.05,,K,numeric,1,0,16
31004_20000914_1200_12,Aldan,gdex_data\raw\2000\gdas.adpupa.t12z.20000914.bufr,31004,2,2000-09-14T12:00:00,189,031000,Short delayed descriptor replication factor,0,,Numeric,numeric,0,0,1
31004_20000914_1200_12,Aldan,gdex_data\raw\2000\gdas.adpupa.t12z.20000914.bufr,31004,2,2000-09-14T12:00:00,190,031000,Short delayed descriptor replication factor,0,,Numeric,numeric,0,0,1
31004_20000914_1200_12,Aldan,gdex_data\raw\2000\gdas.adpupa.t12z.20000914.bufr,31004,2,2000-09-14T12:00:00,191,008001,Vertical sounding significance,4,,Flag table,numeric,0,0,7
31004_20000914_1200_12,Aldan,gdex_data\raw\2000\gdas.adpupa.t12z.20000914.bufr,31004,2,2000-09-14T12:00:00,192,033207,QMPR     ON29 QUALITY MARK FOR PRESSURE,,,CODE TABLE,code,0,0,4
31004_20000914_1200_12,Aldan,gdex_data\raw\2000\gdas.adpupa.t12z.20000914.bufr,31004,2,2000-09-14T12:00:00,193,007004,Pressure,19400.0,,Pa,numeric,-1,0,14
31004_20000914_1200_12,Aldan,gdex_data\raw\2000\gdas.adpupa.t12z.20000914.bufr,31004,2,2000-09-14T12:00:00,194,033192,QMGP     ON29 QUALITY MARK FOR GEOPOTENTIAL,,,CODE TABLE,code,0,0,4
31004_20000914_1200_12,Aldan,gdex_data\raw\2000\gdas.adpupa.t12z.20000914.bufr,31004,2,2000-09-14T12:00:00,195,031000,Short delayed descriptor replication factor,0,,Numeric,numeric,0,0,1
31004_20000914_1200_12,Aldan,gdex_data\raw\2000\gdas.adpupa.t12z.20000914.bufr,31004,2,2000-09-14T12:00:00,196,031000,Short delayed descriptor replication factor,0,,Numeric,numeric,0,0,1
31004_20000914_1200_12,Aldan,gdex_data\raw\2000\gdas.adpupa.t12z.20000914.bufr,31004,2,2000-09-14T12:00:00,197,031000,Short delayed descriptor replication factor,1,,Numeric,numeric,0,0,1
31004_20000914_1200_12,Aldan,gdex_data\raw\2000\gdas.adpupa.t12z.20000914.bufr,31004,2,2000-09-14T12:00:00,198,033193,QMAT     ON29 QUALITY MARK FOR TEMPERATURE,,,CODE TABLE,code,0,0,4
31004_20000914_1200_12,Aldan,gdex_data\raw\2000\gdas.adpupa.t12z.20000914.bufr,31004,2,2000-09-14T12:00:00,199,012225,Non-standard temperature,215.45,,K,numeric,1,0,16
31004_20000914_1200_12,Aldan,gdex_data\raw\2000\gdas.adpupa.t12z.20000914.bufr,31004,2,2000-09-14T12:00:00,200,033194,QMDD     ON29 QUALITY MARK FOR DEWPOINT DEPRESSION,,,CODE TABLE,code,0,0,4
31004_20000914_1200_12,Aldan,gdex_data\raw\2000\gdas.adpupa.t12z.20000914.bufr,31004,2,2000-09-14T12:00:00,201,012227,Non-standard dewpoint temperature,211.45,,K,numeric,1,0,16
31004_20000914_1200_12,Aldan,gdex_data\raw\2000\gdas.adpupa.t12z.20000914.bufr,31004,2,2000-09-14T12:00:00,202,031000,Short delayed descriptor replication factor,0,,Numeric,numeric,0,0,1
31004_20000914_1200_12,Aldan,gdex_data\raw\2000\gdas.adpupa.t12z.20000914.bufr,31004,2,2000-09-14T12:00:00,203,031000,Short delayed descriptor replication factor,0,,Numeric,numeric,0,0,1
31004_20000914_1200_12,Aldan,gdex_data\raw\2000\gdas.adpupa.t12z.20000914.bufr,31004,2,2000-09-14T12:00:00,204,008001,Vertical sounding significance,4,,Flag table,numeric,0,0,7
31004_20000914_1200_12,Aldan,gdex_data\raw\2000\gdas.adpupa.t12z.20000914.bufr,31004,2,2000-09-14T12:00:00,205,033207,QMPR     ON29 QUALITY MARK FOR PRESSURE,,,CODE TABLE,code,0,0,4
31004_20000914_1200_12,Aldan,gdex_data\raw\2000\gdas.adpupa.t12z.20000914.bufr,31004,2,2000-09-14T12:00:00,206,007004,Pressure,16600.0,,Pa,numeric,-1,0,14
31004_20000914_1200_12,Aldan,gdex_data\raw\2000\gdas.adpupa.t12z.20000914.bufr,31004,2,2000-09-14T12:00:00,207,033192,QMGP     ON29 QUALITY MARK FOR GEOPOTENTIAL,,,CODE TABLE,code,0,0,4
31004_20000914_1200_12,Aldan,gdex_data\raw\2000\gdas.adpupa.t12z.20000914.bufr,31004,2,2000-09-14T12:00:00,208,031000,Short delayed descriptor replication factor,0,,Numeric,numeric,0,0,1
31004_20000914_1200_12,Aldan,gdex_data\raw\2000\gdas.adpupa.t12z.20000914.bufr,31004,2,2000-09-14T12:00:00,209,031000,Short delayed descriptor replication factor,0,,Numeric,numeric,0,0,1
31004_20000914_1200_12,Aldan,gdex_data\raw\2000\gdas.adpupa.t12z.20000914.bufr,31004,2,2000-09-14T12:00:00,210,031000,Short delayed descriptor replication factor,1,,Numeric,numeric,0,0,1
31004_20000914_1200_12,Aldan,gdex_data\raw\2000\gdas.adpupa.t12z.20000914.bufr,31004,2,2000-09-14T12:00:00,211,033193,QMAT     ON29 QUALITY MARK FOR TEMPERATURE,,,CODE TABLE,code,0,0,4
31004_20000914_1200_12,Aldan,gdex_data\raw\2000\gdas.adpupa.t12z.20000914.bufr,31004,2,2000-09-14T12:00:00,212,012225,Non-standard temperature,215.85,,K,numeric,1,0,16
31004_20000914_1200_12,Aldan,gdex_data\raw\2000\gdas.adpupa.t12z.20000914.bufr,31004,2,2000-09-14T12:00:00,213,033194,QMDD     ON29 QUALITY MARK FOR DEWPOINT DEPRESSION,,,CODE TABLE,code,0,0,4
31004_20000914_1200_12,Aldan,gdex_data\raw\2000\gdas.adpupa.t12z.20000914.bufr,31004,2,2000-09-14T12:00:00,214,012227,Non-standard dewpoint temperature,211.25,,K,numeric,1,0,16
31004_20000914_1200_12,Aldan,gdex_data\raw\2000\gdas.adpupa.t12z.20000914.bufr,31004,2,2000-09-14T12:00:00,215,031000,Short delayed descriptor replication factor,0,,Numeric,numeric,0,0,1
31004_20000914_1200_12,Aldan,gdex_data\raw\2000\gdas.adpupa.t12z.20000914.bufr,31004,2,2000-09-14T12:00:00,216,031000,Short delayed descriptor replication factor,0,,Numeric,numeric,0,0,1
31004_20000914_1200_12,Aldan,gdex_data\raw\2000\gdas.adpupa.t12z.20000914.bufr,31004,2,2000-09-14T12:00:00,217,008001,Vertical sounding significance,4,,Flag table,numeric,0,0,7
31004_20000914_1200_12,Aldan,gdex_data\raw\2000\gdas.adpupa.t12z.20000914.bufr,31004,2,2000-09-14T12:00:00,218,033207,QMPR     ON29 QUALITY MARK FOR PRESSURE,,,CODE TABLE,code,0,0,4
31004_20000914_1200_12,Aldan,gdex_data\raw\2000\gdas.adpupa.t12z.20000914.bufr,31004,2,2000-09-14T12:00:00,219,007004,Pressure,10400.0,,Pa,numeric,-1,0,14
31004_20000914_1200_12,Aldan,gdex_data\raw\2000\gdas.adpupa.t12z.20000914.bufr,31004,2,2000-09-14T12:00:00,220,033192,QMGP     ON29 QUALITY MARK FOR GEOPOTENTIAL,,,CODE TABLE,code,0,0,4
31004_20000914_1200_12,Aldan,gdex_data\raw\2000\gdas.adpupa.t12z.20000914.bufr,31004,2,2000-09-14T12:00:00,221,031000,Short delayed descriptor replication factor,0,,Numeric,numeric,0,0,1
31004_20000914_1200_12,Aldan,gdex_data\raw\2000\gdas.adpupa.t12z.20000914.bufr,31004,2,2000-09-14T12:00:00,222,031000,Short delayed descriptor replication factor,0,,Numeric,numeric,0,0,1
31004_20000914_1200_12,Aldan,gdex_data\raw\2000\gdas.adpupa.t12z.20000914.bufr,31004,2,2000-09-14T12:00:00,223,031000,Short delayed descriptor replication factor,1,,Numeric,numeric,0,0,1
31004_20000914_1200_12,Aldan,gdex_data\raw\2000\gdas.adpupa.t12z.20000914.bufr,31004,2,2000-09-14T12:00:00,224,033193,QMAT     ON29 QUALITY MARK FOR TEMPERATURE,,,CODE TABLE,code,0,0,4
31004_20000914_1200_12,Aldan,gdex_data\raw\2000\gdas.adpupa.t12z.20000914.bufr,31004,2,2000-09-14T12:00:00,225,012225,Non-standard temperature,219.05,,K,numeric,1,0,16
31004_20000914_1200_12,Aldan,gdex_data\raw\2000\gdas.adpupa.t12z.20000914.bufr,31004,2,2000-09-14T12:00:00,226,033194,QMDD     ON29 QUALITY MARK FOR DEWPOINT DEPRESSION,,,CODE TABLE,code,0,0,4
31004_20000914_1200_12,Aldan,gdex_data\raw\2000\gdas.adpupa.t12z.20000914.bufr,31004,2,2000-09-14T12:00:00,227,012227,Non-standard dewpoint temperature,212.05,,K,numeric,1,0,16
31004_20000914_1200_12,Aldan,gdex_data\raw\2000\gdas.adpupa.t12z.20000914.bufr,31004,2,2000-09-14T12:00:00,228,031000,Short delayed descriptor replication factor,0,,Numeric,numeric,0,0,1
31004_20000914_1200_12,Aldan,gdex_data\raw\2000\gdas.adpupa.t12z.20000914.bufr,31004,2,2000-09-14T12:00:00,229,031000,Short delayed descriptor replication factor,0,,Numeric,numeric,0,0,1
31004_20000914_1200_12,Aldan,gdex_data\raw\2000\gdas.adpupa.t12z.20000914.bufr,31004,2,2000-09-14T12:00:00,230,008001,Vertical sounding significance,64,,Flag table,numeric,0,0,7
31004_20000914_1200_12,Aldan,gdex_data\raw\2000\gdas.adpupa.t12z.20000914.bufr,31004,2,2000-09-14T12:00:00,231,033207,QMPR     ON29 QUALITY MARK FOR PRESSURE,,,CODE TABLE,code,0,0,4
31004_20000914_1200_12,Aldan,gdex_data\raw\2000\gdas.adpupa.t12z.20000914.bufr,31004,2,2000-09-14T12:00:00,232,007004,Pressure,92700.0,,Pa,numeric,-1,0,14
31004_20000914_1200_12,Aldan,gdex_data\raw\2000\gdas.adpupa.t12z.20000914.bufr,31004,2,2000-09-14T12:00:00,233,033192,QMGP     ON29 QUALITY MARK FOR GEOPOTENTIAL,,,CODE TABLE,code,0,0,4
31004_20000914_1200_12,Aldan,gdex_data\raw\2000\gdas.adpupa.t12z.20000914.bufr,31004,2,2000-09-14T12:00:00,234,031000,Short delayed descriptor replication factor,0,,Numeric,numeric,0,0,1
31004_20000914_1200_12,Aldan,gdex_data\raw\2000\gdas.adpupa.t12z.20000914.bufr,31004,2,2000-09-14T12:00:00,235,031000,Short delayed descriptor replication factor,0,,Numeric,numeric,0,0,1
31004_20000914_1200_12,Aldan,gdex_data\raw\2000\gdas.adpupa.t12z.20000914.bufr,31004,2,2000-09-14T12:00:00,236,031000,Short delayed descriptor replication factor,0,,Numeric,numeric,0,0,1
31004_20000914_1200_12,Aldan,gdex_data\raw\2000\gdas.adpupa.t12z.20000914.bufr,31004,2,2000-09-14T12:00:00,237,031000,Short delayed descriptor replication factor,1,,Numeric,numeric,0,0,1
31004_20000914_1200_12,Aldan,gdex_data\raw\2000\gdas.adpupa.t12z.20000914.bufr,31004,2,2000-09-14T12:00:00,238,033195,QMWN     ON29 QUALITY MARK FOR WIND,,,CODE TABLE,code,0,0,4
31004_20000914_1200_12,Aldan,gdex_data\raw\2000\gdas.adpupa.t12z.20000914.bufr,31004,2,2000-09-14T12:00:00,239,011001,Wind direction,205,,degree true,numeric,0,0,9
31004_20000914_1200_12,Aldan,gdex_data\raw\2000\gdas.adpupa.t12z.20000914.bufr,31004,2,2000-09-14T12:00:00,240,011002,Wind speed,2.0,,m/s,numeric,1,0,12
31004_20000914_1200_12,Aldan,gdex_data\raw\2000\gdas.adpupa.t12z.20000914.bufr,31004,2,2000-09-14T12:00:00,241,031000,Short delayed descriptor replication factor,0,,Numeric,numeric,0,0,1
31004_20000914_1200_12,Aldan,gdex_data\raw\2000\gdas.adpupa.t12z.20000914.bufr,31004,2,2000-09-14T12:00:00,242,008001,Vertical sounding significance,2,,Flag table,numeric,0,0,7
31004_20000914_1200_12,Aldan,gdex_data\raw\2000\gdas.adpupa.t12z.20000914.bufr,31004,2,2000-09-14T12:00:00,243,033207,QMPR     ON29 QUALITY MARK FOR PRESSURE,,,CODE TABLE,code,0,0,4
31004_20000914_1200_12,Aldan,gdex_data\raw\2000\gdas.adpupa.t12z.20000914.bufr,31004,2,2000-09-14T12:00:00,244,007004,Pressure,91400.0,,Pa,numeric,-1,0,14
31004_20000914_1200_12,Aldan,gdex_data\raw\2000\gdas.adpupa.t12z.20000914.bufr,31004,2,2000-09-14T12:00:00,245,033192,QMGP     ON29 QUALITY MARK FOR GEOPOTENTIAL,,,CODE TABLE,code,0,0,4
31004_20000914_1200_12,Aldan,gdex_data\raw\2000\gdas.adpupa.t12z.20000914.bufr,31004,2,2000-09-14T12:00:00,246,031000,Short delayed descriptor replication factor,0,,Numeric,numeric,0,0,1
31004_20000914_1200_12,Aldan,gdex_data\raw\2000\gdas.adpupa.t12z.20000914.bufr,31004,2,2000-09-14T12:00:00,247,031000,Short delayed descriptor replication factor,0,,Numeric,numeric,0,0,1
31004_20000914_1200_12,Aldan,gdex_data\raw\2000\gdas.adpupa.t12z.20000914.bufr,31004,2,2000-09-14T12:00:00,248,031000,Short delayed descriptor replication factor,0,,Numeric,numeric,0,0,1
31004_20000914_1200_12,Aldan,gdex_data\raw\2000\gdas.adpupa.t12z.20000914.bufr,31004,2,2000-09-14T12:00:00,249,031000,Short delayed descriptor replication factor,1,,Numeric,numeric,0,0,1
31004_20000914_1200_12,Aldan,gdex_data\raw\2000\gdas.adpupa.t12z.20000914.bufr,31004,2,2000-09-14T12:00:00,250,033195,QMWN     ON29 QUALITY MARK FOR WIND,,,CODE TABLE,code,0,0,4
31004_20000914_1200_12,Aldan,gdex_data\raw\2000\gdas.adpupa.t12z.20000914.bufr,31004,2,2000-09-14T12:00:00,251,011001,Wind direction,225,,degree true,numeric,0,0,9
31004_20000914_1200_12,Aldan,gdex_data\raw\2000\gdas.adpupa.t12z.20000914.bufr,31004,2,2000-09-14T12:00:00,252,011002,Wind speed,6.0,,m/s,numeric,1,0,12
31004_20000914_1200_12,Aldan,gdex_data\raw\2000\gdas.adpupa.t12z.20000914.bufr,31004,2,2000-09-14T12:00:00,253,031000,Short delayed descriptor replication factor,0,,Numeric,numeric,0,0,1
31004_20000914_1200_12,Aldan,gdex_data\raw\2000\gdas.adpupa.t12z.20000914.bufr,31004,2,2000-09-14T12:00:00,254,008001,Vertical sounding significance,2,,Flag table,numeric,0,0,7
31004_20000914_1200_12,Aldan,gdex_data\raw\2000\gdas.adpupa.t12z.20000914.bufr,31004,2,2000-09-14T12:00:00,255,033207,QMPR     ON29 QUALITY MARK FOR PRESSURE,,,CODE TABLE,code,0,0,4
31004_20000914_1200_12,Aldan,gdex_data\raw\2000\gdas.adpupa.t12z.20000914.bufr,31004,2,2000-09-14T12:00:00,256,007004,Pressure,85200.0,,Pa,numeric,-1,0,14
31004_20000914_1200_12,Aldan,gdex_data\raw\2000\gdas.adpupa.t12z.20000914.bufr,31004,2,2000-09-14T12:00:00,257,033192,QMGP     ON29 QUALITY MARK FOR GEOPOTENTIAL,,,CODE TABLE,code,0,0,4
31004_20000914_1200_12,Aldan,gdex_data\raw\2000\gdas.adpupa.t12z.20000914.bufr,31004,2,2000-09-14T12:00:00,258,031000,Short delayed descriptor replication factor,0,,Numeric,numeric,0,0,1
31004_20000914_1200_12,Aldan,gdex_data\raw\2000\gdas.adpupa.t12z.20000914.bufr,31004,2,2000-09-14T12:00:00,259,031000,Short delayed descriptor replication factor,0,,Numeric,numeric,0,0,1
31004_20000914_1200_12,Aldan,gdex_data\raw\2000\gdas.adpupa.t12z.20000914.bufr,31004,2,2000-09-14T12:00:00,260,031000,Short delayed descriptor replication factor,0,,Numeric,numeric,0,0,1
31004_20000914_1200_12,Aldan,gdex_data\raw\2000\gdas.adpupa.t12z.20000914.bufr,31004,2,2000-09-14T12:00:00,261,031000,Short delayed descriptor replication factor,1,,Numeric,numeric,0,0,1
31004_20000914_1200_12,Aldan,gdex_data\raw\2000\gdas.adpupa.t12z.20000914.bufr,31004,2,2000-09-14T12:00:00,262,033195,QMWN     ON29 QUALITY MARK FOR WIND,,,CODE TABLE,code,0,0,4
31004_20000914_1200_12,Aldan,gdex_data\raw\2000\gdas.adpupa.t12z.20000914.bufr,31004,2,2000-09-14T12:00:00,263,011001,Wind direction,225,,degree true,numeric,0,0,9
31004_20000914_1200_12,Aldan,gdex_data\raw\2000\gdas.adpupa.t12z.20000914.bufr,31004,2,2000-09-14T12:00:00,264,011002,Wind speed,10.0,,m/s,numeric,1,0,12
31004_20000914_1200_12,Aldan,gdex_data\raw\2000\gdas.adpupa.t12z.20000914.bufr,31004,2,2000-09-14T12:00:00,265,031000,Short delayed descriptor replication factor,0,,Numeric,numeric,0,0,1
31004_20000914_1200_12,Aldan,gdex_data\raw\2000\gdas.adpupa.t12z.20000914.bufr,31004,2,2000-09-14T12:00:00,266,008001,Vertical sounding significance,2,,Flag table,numeric,0,0,7
31004_20000914_1200_12,Aldan,gdex_data\raw\2000\gdas.adpupa.t12z.20000914.bufr,31004,2,2000-09-14T12:00:00,267,033207,QMPR     ON29 QUALITY MARK FOR PRESSURE,,,CODE TABLE,code,0,0,4
31004_20000914_1200_12,Aldan,gdex_data\raw\2000\gdas.adpupa.t12z.20000914.bufr,31004,2,2000-09-14T12:00:00,268,007004,Pressure,68500.0,,Pa,numeric,-1,0,14
31004_20000914_1200_12,Aldan,gdex_data\raw\2000\gdas.adpupa.t12z.20000914.bufr,31004,2,2000-09-14T12:00:00,269,033192,QMGP     ON29 QUALITY MARK FOR GEOPOTENTIAL,,,CODE TABLE,code,0,0,4
31004_20000914_1200_12,Aldan,gdex_data\raw\2000\gdas.adpupa.t12z.20000914.bufr,31004,2,2000-09-14T12:00:00,270,031000,Short delayed descriptor replication factor,0,,Numeric,numeric,0,0,1
31004_20000914_1200_12,Aldan,gdex_data\raw\2000\gdas.adpupa.t12z.20000914.bufr,31004,2,2000-09-14T12:00:00,271,031000,Short delayed descriptor replication factor,0,,Numeric,numeric,0,0,1
31004_20000914_1200_12,Aldan,gdex_data\raw\2000\gdas.adpupa.t12z.20000914.bufr,31004,2,2000-09-14T12:00:00,272,031000,Short delayed descriptor replication factor,0,,Numeric,numeric,0,0,1
31004_20000914_1200_12,Aldan,gdex_data\raw\2000\gdas.adpupa.t12z.20000914.bufr,31004,2,2000-09-14T12:00:00,273,031000,Short delayed descriptor replication factor,1,,Numeric,numeric,0,0,1
31004_20000914_1200_12,Aldan,gdex_data\raw\2000\gdas.adpupa.t12z.20000914.bufr,31004,2,2000-09-14T12:00:00,274,033195,QMWN     ON29 QUALITY MARK FOR WIND,,,CODE TABLE,code,0,0,4
31004_20000914_1200_12,Aldan,gdex_data\raw\2000\gdas.adpupa.t12z.20000914.bufr,31004,2,2000-09-14T12:00:00,275,011001,Wind direction,275,,degree true,numeric,0,0,9
31004_20000914_1200_12,Aldan,gdex_data\raw\2000\gdas.adpupa.t12z.20000914.bufr,31004,2,2000-09-14T12:00:00,276,011002,Wind speed,10.0,,m/s,numeric,1,0,12
31004_20000914_1200_12,Aldan,gdex_data\raw\2000\gdas.adpupa.t12z.20000914.bufr,31004,2,2000-09-14T12:00:00,277,031000,Short delayed descriptor replication factor,0,,Numeric,numeric,0,0,1
31004_20000914_1200_12,Aldan,gdex_data\raw\2000\gdas.adpupa.t12z.20000914.bufr,31004,2,2000-09-14T12:00:00,278,008001,Vertical sounding significance,2,,Flag table,numeric,0,0,7
31004_20000914_1200_12,Aldan,gdex_data\raw\2000\gdas.adpupa.t12z.20000914.bufr,31004,2,2000-09-14T12:00:00,279,033207,QMPR     ON29 QUALITY MARK FOR PRESSURE,,,CODE TABLE,code,0,0,4
31004_20000914_1200_12,Aldan,gdex_data\raw\2000\gdas.adpupa.t12z.20000914.bufr,31004,2,2000-09-14T12:00:00,280,007004,Pressure,54300.0,,Pa,numeric,-1,0,14
31004_20000914_1200_12,Aldan,gdex_data\raw\2000\gdas.adpupa.t12z.20000914.bufr,31004,2,2000-09-14T12:00:00,281,033192,QMGP     ON29 QUALITY MARK FOR GEOPOTENTIAL,,,CODE TABLE,code,0,0,4
31004_20000914_1200_12,Aldan,gdex_data\raw\2000\gdas.adpupa.t12z.20000914.bufr,31004,2,2000-09-14T12:00:00,282,031000,Short delayed descriptor replication factor,0,,Numeric,numeric,0,0,1
31004_20000914_1200_12,Aldan,gdex_data\raw\2000\gdas.adpupa.t12z.20000914.bufr,31004,2,2000-09-14T12:00:00,283,031000,Short delayed descriptor replication factor,0,,Numeric,numeric,0,0,1
31004_20000914_1200_12,Aldan,gdex_data\raw\2000\gdas.adpupa.t12z.20000914.bufr,31004,2,2000-09-14T12:00:00,284,031000,Short delayed descriptor replication factor,0,,Numeric,numeric,0,0,1
31004_20000914_1200_12,Aldan,gdex_data\raw\2000\gdas.adpupa.t12z.20000914.bufr,31004,2,2000-09-14T12:00:00,285,031000,Short delayed descriptor replication factor,1,,Numeric,numeric,0,0,1
31004_20000914_1200_12,Aldan,gdex_data\raw\2000\gdas.adpupa.t12z.20000914.bufr,31004,2,2000-09-14T12:00:00,286,033195,QMWN     ON29 QUALITY MARK FOR WIND,,,CODE TABLE,code,0,0,4
31004_20000914_1200_12,Aldan,gdex_data\raw\2000\gdas.adpupa.t12z.20000914.bufr,31004,2,2000-09-14T12:00:00,287,011001,Wind direction,265,,degree true,numeric,0,0,9
31004_20000914_1200_12,Aldan,gdex_data\raw\2000\gdas.adpupa.t12z.20000914.bufr,31004,2,2000-09-14T12:00:00,288,011002,Wind speed,12.0,,m/s,numeric,1,0,12
31004_20000914_1200_12,Aldan,gdex_data\raw\2000\gdas.adpupa.t12z.20000914.bufr,31004,2,2000-09-14T12:00:00,289,031000,Short delayed descriptor replication factor,0,,Numeric,numeric,0,0,1
31004_20000914_1200_12,Aldan,gdex_data\raw\2000\gdas.adpupa.t12z.20000914.bufr,31004,2,2000-09-14T12:00:00,290,008001,Vertical sounding significance,2,,Flag table,numeric,0,0,7
31004_20000914_1200_12,Aldan,gdex_data\raw\2000\gdas.adpupa.t12z.20000914.bufr,31004,2,2000-09-14T12:00:00,291,033207,QMPR     ON29 QUALITY MARK FOR PRESSURE,,,CODE TABLE,code,0,0,4
31004_20000914_1200_12,Aldan,gdex_data\raw\2000\gdas.adpupa.t12z.20000914.bufr,31004,2,2000-09-14T12:00:00,292,007004,Pressure,47500.0,,Pa,numeric,-1,0,14
31004_20000914_1200_12,Aldan,gdex_data\raw\2000\gdas.adpupa.t12z.20000914.bufr,31004,2,2000-09-14T12:00:00,293,033192,QMGP     ON29 QUALITY MARK FOR GEOPOTENTIAL,,,CODE TABLE,code,0,0,4
31004_20000914_1200_12,Aldan,gdex_data\raw\2000\gdas.adpupa.t12z.20000914.bufr,31004,2,2000-09-14T12:00:00,294,031000,Short delayed descriptor replication factor,0,,Numeric,numeric,0,0,1
31004_20000914_1200_12,Aldan,gdex_data\raw\2000\gdas.adpupa.t12z.20000914.bufr,31004,2,2000-09-14T12:00:00,295,031000,Short delayed descriptor replication factor,0,,Numeric,numeric,0,0,1
31004_20000914_1200_12,Aldan,gdex_data\raw\2000\gdas.adpupa.t12z.20000914.bufr,31004,2,2000-09-14T12:00:00,296,031000,Short delayed descriptor replication factor,0,,Numeric,numeric,0,0,1
31004_20000914_1200_12,Aldan,gdex_data\raw\2000\gdas.adpupa.t12z.20000914.bufr,31004,2,2000-09-14T12:00:00,297,031000,Short delayed descriptor replication factor,1,,Numeric,numeric,0,0,1
31004_20000914_1200_12,Aldan,gdex_data\raw\2000\gdas.adpupa.t12z.20000914.bufr,31004,2,2000-09-14T12:00:00,298,033195,QMWN     ON29 QUALITY MARK FOR WIND,,,CODE TABLE,code,0,0,4
31004_20000914_1200_12,Aldan,gdex_data\raw\2000\gdas.adpupa.t12z.20000914.bufr,31004,2,2000-09-14T12:00:00,299,011001,Wind direction,270,,degree true,numeric,0,0,9
31004_20000914_1200_12,Aldan,gdex_data\raw\2000\gdas.adpupa.t12z.20000914.bufr,31004,2,2000-09-14T12:00:00,300,011002,Wind speed,8.0,,m/s,numeric,1,0,12
31004_20000914_1200_12,Aldan,gdex_data\raw\2000\gdas.adpupa.t12z.20000914.bufr,31004,2,2000-09-14T12:00:00,301,031000,Short delayed descriptor replication factor,0,,Numeric,numeric,0,0,1
31004_20000914_1200_12,Aldan,gdex_data\raw\2000\gdas.adpupa.t12z.20000914.bufr,31004,2,2000-09-14T12:00:00,302,008001,Vertical sounding significance,2,,Flag table,numeric,0,0,7
31004_20000914_1200_12,Aldan,gdex_data\raw\2000\gdas.adpupa.t12z.20000914.bufr,31004,2,2000-09-14T12:00:00,303,033207,QMPR     ON29 QUALITY MARK FOR PRESSURE,,,CODE TABLE,code,0,0,4
31004_20000914_1200_12,Aldan,gdex_data\raw\2000\gdas.adpupa.t12z.20000914.bufr,31004,2,2000-09-14T12:00:00,304,007004,Pressure,41400.0,,Pa,numeric,-1,0,14
31004_20000914_1200_12,Aldan,gdex_data\raw\2000\gdas.adpupa.t12z.20000914.bufr,31004,2,2000-09-14T12:00:00,305,033192,QMGP     ON29 QUALITY MARK FOR GEOPOTENTIAL,,,CODE TABLE,code,0,0,4
31004_20000914_1200_12,Aldan,gdex_data\raw\2000\gdas.adpupa.t12z.20000914.bufr,31004,2,2000-09-14T12:00:00,306,031000,Short delayed descriptor replication factor,0,,Numeric,numeric,0,0,1
31004_20000914_1200_12,Aldan,gdex_data\raw\2000\gdas.adpupa.t12z.20000914.bufr,31004,2,2000-09-14T12:00:00,307,031000,Short delayed descriptor replication factor,0,,Numeric,numeric,0,0,1
31004_20000914_1200_12,Aldan,gdex_data\raw\2000\gdas.adpupa.t12z.20000914.bufr,31004,2,2000-09-14T12:00:00,308,031000,Short delayed descriptor replication factor,0,,Numeric,numeric,0,0,1
31004_20000914_1200_12,Aldan,gdex_data\raw\2000\gdas.adpupa.t12z.20000914.bufr,31004,2,2000-09-14T12:00:00,309,031000,Short delayed descriptor replication factor,1,,Numeric,numeric,0,0,1
31004_20000914_1200_12,Aldan,gdex_data\raw\2000\gdas.adpupa.t12z.20000914.bufr,31004,2,2000-09-14T12:00:00,310,033195,QMWN     ON29 QUALITY MARK FOR WIND,,,CODE TABLE,code,0,0,4
31004_20000914_1200_12,Aldan,gdex_data\raw\2000\gdas.adpupa.t12z.20000914.bufr,31004,2,2000-09-14T12:00:00,311,011001,Wind direction,255,,degree true,numeric,0,0,9
31004_20000914_1200_12,Aldan,gdex_data\raw\2000\gdas.adpupa.t12z.20000914.bufr,31004,2,2000-09-14T12:00:00,312,011002,Wind speed,11.0,,m/s,numeric,1,0,12
31004_20000914_1200_12,Aldan,gdex_data\raw\2000\gdas.adpupa.t12z.20000914.bufr,31004,2,2000-09-14T12:00:00,313,031000,Short delayed descriptor replication factor,0,,Numeric,numeric,0,0,1
31004_20000914_1200_12,Aldan,gdex_data\raw\2000\gdas.adpupa.t12z.20000914.bufr,31004,2,2000-09-14T12:00:00,314,008001,Vertical sounding significance,2,,Flag table,numeric,0,0,7
31004_20000914_1200_12,Aldan,gdex_data\raw\2000\gdas.adpupa.t12z.20000914.bufr,31004,2,2000-09-14T12:00:00,315,033207,QMPR     ON29 QUALITY MARK FOR PRESSURE,,,CODE TABLE,code,0,0,4
31004_20000914_1200_12,Aldan,gdex_data\raw\2000\gdas.adpupa.t12z.20000914.bufr,31004,2,2000-09-14T12:00:00,316,007004,Pressure,33400.0,,Pa,numeric,-1,0,14
31004_20000914_1200_12,Aldan,gdex_data\raw\2000\gdas.adpupa.t12z.20000914.bufr,31004,2,2000-09-14T12:00:00,317,033192,QMGP     ON29 QUALITY MARK FOR GEOPOTENTIAL,,,CODE TABLE,code,0,0,4
31004_20000914_1200_12,Aldan,gdex_data\raw\2000\gdas.adpupa.t12z.20000914.bufr,31004,2,2000-09-14T12:00:00,318,031000,Short delayed descriptor replication factor,0,,Numeric,numeric,0,0,1
31004_20000914_1200_12,Aldan,gdex_data\raw\2000\gdas.adpupa.t12z.20000914.bufr,31004,2,2000-09-14T12:00:00,319,031000,Short delayed descriptor replication factor,0,,Numeric,numeric,0,0,1
31004_20000914_1200_12,Aldan,gdex_data\raw\2000\gdas.adpupa.t12z.20000914.bufr,31004,2,2000-09-14T12:00:00,320,031000,Short delayed descriptor replication factor,0,,Numeric,numeric,0,0,1
31004_20000914_1200_12,Aldan,gdex_data\raw\2000\gdas.adpupa.t12z.20000914.bufr,31004,2,2000-09-14T12:00:00,321,031000,Short delayed descriptor replication factor,1,,Numeric,numeric,0,0,1
31004_20000914_1200_12,Aldan,gdex_data\raw\2000\gdas.adpupa.t12z.20000914.bufr,31004,2,2000-09-14T12:00:00,322,033195,QMWN     ON29 QUALITY MARK FOR WIND,,,CODE TABLE,code,0,0,4
31004_20000914_1200_12,Aldan,gdex_data\raw\2000\gdas.adpupa.t12z.20000914.bufr,31004,2,2000-09-14T12:00:00,323,011001,Wind direction,290,,degree true,numeric,0,0,9
31004_20000914_1200_12,Aldan,gdex_data\raw\2000\gdas.adpupa.t12z.20000914.bufr,31004,2,2000-09-14T12:00:00,324,011002,Wind speed,5.0,,m/s,numeric,1,0,12
31004_20000914_1200_12,Aldan,gdex_data\raw\2000\gdas.adpupa.t12z.20000914.bufr,31004,2,2000-09-14T12:00:00,325,031000,Short delayed descriptor replication factor,0,,Numeric,numeric,0,0,1
31004_20000914_1200_12,Aldan,gdex_data\raw\2000\gdas.adpupa.t12z.20000914.bufr,31004,2,2000-09-14T12:00:00,326,008001,Vertical sounding significance,2,,Flag table,numeric,0,0,7
31004_20000914_1200_12,Aldan,gdex_data\raw\2000\gdas.adpupa.t12z.20000914.bufr,31004,2,2000-09-14T12:00:00,327,033207,QMPR     ON29 QUALITY MARK FOR PRESSURE,,,CODE TABLE,code,0,0,4
31004_20000914_1200_12,Aldan,gdex_data\raw\2000\gdas.adpupa.t12z.20000914.bufr,31004,2,2000-09-14T12:00:00,328,007004,Pressure,22800.0,,Pa,numeric,-1,0,14
31004_20000914_1200_12,Aldan,gdex_data\raw\2000\gdas.adpupa.t12z.20000914.bufr,31004,2,2000-09-14T12:00:00,329,033192,QMGP     ON29 QUALITY MARK FOR GEOPOTENTIAL,,,CODE TABLE,code,0,0,4
31004_20000914_1200_12,Aldan,gdex_data\raw\2000\gdas.adpupa.t12z.20000914.bufr,31004,2,2000-09-14T12:00:00,330,031000,Short delayed descriptor replication factor,0,,Numeric,numeric,0,0,1
31004_20000914_1200_12,Aldan,gdex_data\raw\2000\gdas.adpupa.t12z.20000914.bufr,31004,2,2000-09-14T12:00:00,331,031000,Short delayed descriptor replication factor,0,,Numeric,numeric,0,0,1
31004_20000914_1200_12,Aldan,gdex_data\raw\2000\gdas.adpupa.t12z.20000914.bufr,31004,2,2000-09-14T12:00:00,332,031000,Short delayed descriptor replication factor,0,,Numeric,numeric,0,0,1
31004_20000914_1200_12,Aldan,gdex_data\raw\2000\gdas.adpupa.t12z.20000914.bufr,31004,2,2000-09-14T12:00:00,333,031000,Short delayed descriptor replication factor,1,,Numeric,numeric,0,0,1
31004_20000914_1200_12,Aldan,gdex_data\raw\2000\gdas.adpupa.t12z.20000914.bufr,31004,2,2000-09-14T12:00:00,334,033195,QMWN     ON29 QUALITY MARK FOR WIND,,,CODE TABLE,code,0,0,4
31004_20000914_1200_12,Aldan,gdex_data\raw\2000\gdas.adpupa.t12z.20000914.bufr,31004,2,2000-09-14T12:00:00,335,011001,Wind direction,275,,degree true,numeric,0,0,9
31004_20000914_1200_12,Aldan,gdex_data\raw\2000\gdas.adpupa.t12z.20000914.bufr,31004,2,2000-09-14T12:00:00,336,011002,Wind speed,17.0,,m/s,numeric,1,0,12
31004_20000914_1200_12,Aldan,gdex_data\raw\2000\gdas.adpupa.t12z.20000914.bufr,31004,2,2000-09-14T12:00:00,337,031000,Short delayed descriptor replication factor,0,,Numeric,numeric,0,0,1
31004_20000914_1200_12,Aldan,gdex_data\raw\2000\gdas.adpupa.t12z.20000914.bufr,31004,2,2000-09-14T12:00:00,338,008001,Vertical sounding significance,2,,Flag table,numeric,0,0,7
31004_20000914_1200_12,Aldan,gdex_data\raw\2000\gdas.adpupa.t12z.20000914.bufr,31004,2,2000-09-14T12:00:00,339,033207,QMPR     ON29 QUALITY MARK FOR PRESSURE,,,CODE TABLE,code,0,0,4
31004_20000914_1200_12,Aldan,gdex_data\raw\2000\gdas.adpupa.t12z.20000914.bufr,31004,2,2000-09-14T12:00:00,340,007004,Pressure,14200.0,,Pa,numeric,-1,0,14
31004_20000914_1200_12,Aldan,gdex_data\raw\2000\gdas.adpupa.t12z.20000914.bufr,31004,2,2000-09-14T12:00:00,341,033192,QMGP     ON29 QUALITY MARK FOR GEOPOTENTIAL,,,CODE TABLE,code,0,0,4
31004_20000914_1200_12,Aldan,gdex_data\raw\2000\gdas.adpupa.t12z.20000914.bufr,31004,2,2000-09-14T12:00:00,342,031000,Short delayed descriptor replication factor,0,,Numeric,numeric,0,0,1
31004_20000914_1200_12,Aldan,gdex_data\raw\2000\gdas.adpupa.t12z.20000914.bufr,31004,2,2000-09-14T12:00:00,343,031000,Short delayed descriptor replication factor,0,,Numeric,numeric,0,0,1
31004_20000914_1200_12,Aldan,gdex_data\raw\2000\gdas.adpupa.t12z.20000914.bufr,31004,2,2000-09-14T12:00:00,344,031000,Short delayed descriptor replication factor,0,,Numeric,numeric,0,0,1
31004_20000914_1200_12,Aldan,gdex_data\raw\2000\gdas.adpupa.t12z.20000914.bufr,31004,2,2000-09-14T12:00:00,345,031000,Short delayed descriptor replication factor,1,,Numeric,numeric,0,0,1
31004_20000914_1200_12,Aldan,gdex_data\raw\2000\gdas.adpupa.t12z.20000914.bufr,31004,2,2000-09-14T12:00:00,346,033195,QMWN     ON29 QUALITY MARK FOR WIND,,,CODE TABLE,code,0,0,4
31004_20000914_1200_12,Aldan,gdex_data\raw\2000\gdas.adpupa.t12z.20000914.bufr,31004,2,2000-09-14T12:00:00,347,011001,Wind direction,265,,degree true,numeric,0,0,9
31004_20000914_1200_12,Aldan,gdex_data\raw\2000\gdas.adpupa.t12z.20000914.bufr,31004,2,2000-09-14T12:00:00,348,011002,Wind speed,21.0,,m/s,numeric,1,0,12
31004_20000914_1200_12,Aldan,gdex_data\raw\2000\gdas.adpupa.t12z.20000914.bufr,31004,2,2000-09-14T12:00:00,349,031000,Short delayed descriptor replication factor,0,,Numeric,numeric,0,0,1
31004_20000914_1200_12,Aldan,gdex_data\raw\2000\gdas.adpupa.t12z.20000914.bufr,31004,2,2000-09-14T12:00:00,350,008001,Vertical sounding significance,2,,Flag table,numeric,0,0,7
31004_20000914_1200_12,Aldan,gdex_data\raw\2000\gdas.adpupa.t12z.20000914.bufr,31004,2,2000-09-14T12:00:00,351,033207,QMPR     ON29 QUALITY MARK FOR PRESSURE,,,CODE TABLE,code,0,0,4
31004_20000914_1200_12,Aldan,gdex_data\raw\2000\gdas.adpupa.t12z.20000914.bufr,31004,2,2000-09-14T12:00:00,352,007004,Pressure,12100.0,,Pa,numeric,-1,0,14
31004_20000914_1200_12,Aldan,gdex_data\raw\2000\gdas.adpupa.t12z.20000914.bufr,31004,2,2000-09-14T12:00:00,353,033192,QMGP     ON29 QUALITY MARK FOR GEOPOTENTIAL,,,CODE TABLE,code,0,0,4
31004_20000914_1200_12,Aldan,gdex_data\raw\2000\gdas.adpupa.t12z.20000914.bufr,31004,2,2000-09-14T12:00:00,354,031000,Short delayed descriptor replication factor,0,,Numeric,numeric,0,0,1
31004_20000914_1200_12,Aldan,gdex_data\raw\2000\gdas.adpupa.t12z.20000914.bufr,31004,2,2000-09-14T12:00:00,355,031000,Short delayed descriptor replication factor,0,,Numeric,numeric,0,0,1
31004_20000914_1200_12,Aldan,gdex_data\raw\2000\gdas.adpupa.t12z.20000914.bufr,31004,2,2000-09-14T12:00:00,356,031000,Short delayed descriptor replication factor,0,,Numeric,numeric,0,0,1
31004_20000914_1200_12,Aldan,gdex_data\raw\2000\gdas.adpupa.t12z.20000914.bufr,31004,2,2000-09-14T12:00:00,357,031000,Short delayed descriptor replication factor,1,,Numeric,numeric,0,0,1
31004_20000914_1200_12,Aldan,gdex_data\raw\2000\gdas.adpupa.t12z.20000914.bufr,31004,2,2000-09-14T12:00:00,358,033195,QMWN     ON29 QUALITY MARK FOR WIND,,,CODE TABLE,code,0,0,4
31004_20000914_1200_12,Aldan,gdex_data\raw\2000\gdas.adpupa.t12z.20000914.bufr,31004,2,2000-09-14T12:00:00,359,011001,Wind direction,285,,degree true,numeric,0,0,9
31004_20000914_1200_12,Aldan,gdex_data\raw\2000\gdas.adpupa.t12z.20000914.bufr,31004,2,2000-09-14T12:00:00,360,011002,Wind speed,18.0,,m/s,numeric,1,0,12
31004_20000914_1200_12,Aldan,gdex_data\raw\2000\gdas.adpupa.t12z.20000914.bufr,31004,2,2000-09-14T12:00:00,361,031000,Short delayed descriptor replication factor,0,,Numeric,numeric,0,0,1
31004_20000914_1200_12,Aldan,gdex_data\raw\2000\gdas.adpupa.t12z.20000914.bufr,31004,2,2000-09-14T12:00:00,362,008001,Vertical sounding significance,2,,Flag table,numeric,0,0,7
31004_20000914_1200_12,Aldan,gdex_data\raw\2000\gdas.adpupa.t12z.20000914.bufr,31004,2,2000-09-14T12:00:00,363,033207,QMPR     ON29 QUALITY MARK FOR PRESSURE,,,CODE TABLE,code,0,0,4
31004_20000914_1200_12,Aldan,gdex_data\raw\2000\gdas.adpupa.t12z.20000914.bufr,31004,2,2000-09-14T12:00:00,364,007004,Pressure,10400.0,,Pa,numeric,-1,0,14
31004_20000914_1200_12,Aldan,gdex_data\raw\2000\gdas.adpupa.t12z.20000914.bufr,31004,2,2000-09-14T12:00:00,365,033192,QMGP     ON29 QUALITY MARK FOR GEOPOTENTIAL,,,CODE TABLE,code,0,0,4
31004_20000914_1200_12,Aldan,gdex_data\raw\2000\gdas.adpupa.t12z.20000914.bufr,31004,2,2000-09-14T12:00:00,366,031000,Short delayed descriptor replication factor,0,,Numeric,numeric,0,0,1
31004_20000914_1200_12,Aldan,gdex_data\raw\2000\gdas.adpupa.t12z.20000914.bufr,31004,2,2000-09-14T12:00:00,367,031000,Short delayed descriptor replication factor,0,,Numeric,numeric,0,0,1
31004_20000914_1200_12,Aldan,gdex_data\raw\2000\gdas.adpupa.t12z.20000914.bufr,31004,2,2000-09-14T12:00:00,368,031000,Short delayed descriptor replication factor,0,,Numeric,numeric,0,0,1
31004_20000914_1200_12,Aldan,gdex_data\raw\2000\gdas.adpupa.t12z.20000914.bufr,31004,2,2000-09-14T12:00:00,369,031000,Short delayed descriptor replication factor,1,,Numeric,numeric,0,0,1
31004_20000914_1200_12,Aldan,gdex_data\raw\2000\gdas.adpupa.t12z.20000914.bufr,31004,2,2000-09-14T12:00:00,370,033195,QMWN     ON29 QUALITY MARK FOR WIND,,,CODE TABLE,code,0,0,4
31004_20000914_1200_12,Aldan,gdex_data\raw\2000\gdas.adpupa.t12z.20000914.bufr,31004,2,2000-09-14T12:00:00,371,011001,Wind direction,260,,degree true,numeric,0,0,9
31004_20000914_1200_12,Aldan,gdex_data\raw\2000\gdas.adpupa.t12z.20000914.bufr,31004,2,2000-09-14T12:00:00,372,011002,Wind speed,17.0,,m/s,numeric,1,0,12
31004_20000914_1200_12,Aldan,gdex_data\raw\2000\gdas.adpupa.t12z.20000914.bufr,31004,2,2000-09-14T12:00:00,373,031000,Short delayed descriptor replication factor,0,,Numeric,numeric,0,0,1
31004_20000914_1200_12,Aldan,gdex_data\raw\2000\gdas.adpupa.t12z.20000914.bufr,31004,2,2000-09-14T12:00:00,374,008001,Vertical sounding significance,4,,Flag table,numeric,0,0,7
31004_20000914_1200_12,Aldan,gdex_data\raw\2000\gdas.adpupa.t12z.20000914.bufr,31004,2,2000-09-14T12:00:00,375,033207,QMPR     ON29 QUALITY MARK FOR PRESSURE,,,CODE TABLE,code,0,0,4
31004_20000914_1200_12,Aldan,gdex_data\raw\2000\gdas.adpupa.t12z.20000914.bufr,31004,2,2000-09-14T12:00:00,376,007004,Pressure,9590.0,,Pa,numeric,-1,0,14
31004_20000914_1200_12,Aldan,gdex_data\raw\2000\gdas.adpupa.t12z.20000914.bufr,31004,2,2000-09-14T12:00:00,377,033192,QMGP     ON29 QUALITY MARK FOR GEOPOTENTIAL,,,CODE TABLE,code,0,0,4
31004_20000914_1200_12,Aldan,gdex_data\raw\2000\gdas.adpupa.t12z.20000914.bufr,31004,2,2000-09-14T12:00:00,378,031000,Short delayed descriptor replication factor,0,,Numeric,numeric,0,0,1
31004_20000914_1200_12,Aldan,gdex_data\raw\2000\gdas.adpupa.t12z.20000914.bufr,31004,2,2000-09-14T12:00:00,379,031000,Short delayed descriptor replication factor,0,,Numeric,numeric,0,0,1
31004_20000914_1200_12,Aldan,gdex_data\raw\2000\gdas.adpupa.t12z.20000914.bufr,31004,2,2000-09-14T12:00:00,380,031000,Short delayed descriptor replication factor,1,,Numeric,numeric,0,0,1
31004_20000914_1200_12,Aldan,gdex_data\raw\2000\gdas.adpupa.t12z.20000914.bufr,31004,2,2000-09-14T12:00:00,381,033193,QMAT     ON29 QUALITY MARK FOR TEMPERATURE,,,CODE TABLE,code,0,0,4
31004_20000914_1200_12,Aldan,gdex_data\raw\2000\gdas.adpupa.t12z.20000914.bufr,31004,2,2000-09-14T12:00:00,382,012225,Non-standard temperature,218.65,,K,numeric,1,0,16
31004_20000914_1200_12,Aldan,gdex_data\raw\2000\gdas.adpupa.t12z.20000914.bufr,31004,2,2000-09-14T12:00:00,383,033194,QMDD     ON29 QUALITY MARK FOR DEWPOINT DEPRESSION,,,CODE TABLE,code,0,0,4
31004_20000914_1200_12,Aldan,gdex_data\raw\2000\gdas.adpupa.t12z.20000914.bufr,31004,2,2000-09-14T12:00:00,384,012227,Non-standard dewpoint temperature,211.65,,K,numeric,1,0,16
31004_20000914_1200_12,Aldan,gdex_data\raw\2000\gdas.adpupa.t12z.20000914.bufr,31004,2,2000-09-14T12:00:00,385,031000,Short delayed descriptor replication factor,0,,Numeric,numeric,0,0,1
31004_20000914_1200_12,Aldan,gdex_data\raw\2000\gdas.adpupa.t12z.20000914.bufr,31004,2,2000-09-14T12:00:00,386,031000,Short delayed descriptor replication factor,0,,Numeric,numeric,0,0,1
31004_20000914_1200_12,Aldan,gdex_data\raw\2000\gdas.adpupa.t12z.20000914.bufr,31004,2,2000-09-14T12:00:00,387,008001,Vertical sounding significance,4,,Flag table,numeric,0,0,7
31004_20000914_1200_12,Aldan,gdex_data\raw\2000\gdas.adpupa.t12z.20000914.bufr,31004,2,2000-09-14T12:00:00,388,033207,QMPR     ON29 QUALITY MARK FOR PRESSURE,,,CODE TABLE,code,0,0,4
31004_20000914_1200_12,Aldan,gdex_data\raw\2000\gdas.adpupa.t12z.20000914.bufr,31004,2,2000-09-14T12:00:00,389,007004,Pressure,4760.0,,Pa,numeric,-1,0,14
31004_20000914_1200_12,Aldan,gdex_data\raw\2000\gdas.adpupa.t12z.20000914.bufr,31004,2,2000-09-14T12:00:00,390,033192,QMGP     ON29 QUALITY MARK FOR GEOPOTENTIAL,,,CODE TABLE,code,0,0,4
31004_20000914_1200_12,Aldan,gdex_data\raw\2000\gdas.adpupa.t12z.20000914.bufr,31004,2,2000-09-14T12:00:00,391,031000,Short delayed descriptor replication factor,0,,Numeric,numeric,0,0,1
31004_20000914_1200_12,Aldan,gdex_data\raw\2000\gdas.adpupa.t12z.20000914.bufr,31004,2,2000-09-14T12:00:00,392,031000,Short delayed descriptor replication factor,0,,Numeric,numeric,0,0,1
31004_20000914_1200_12,Aldan,gdex_data\raw\2000\gdas.adpupa.t12z.20000914.bufr,31004,2,2000-09-14T12:00:00,393,031000,Short delayed descriptor replication factor,1,,Numeric,numeric,0,0,1
31004_20000914_1200_12,Aldan,gdex_data\raw\2000\gdas.adpupa.t12z.20000914.bufr,31004,2,2000-09-14T12:00:00,394,033193,QMAT     ON29 QUALITY MARK FOR TEMPERATURE,,,CODE TABLE,code,0,0,4
31004_20000914_1200_12,Aldan,gdex_data\raw\2000\gdas.adpupa.t12z.20000914.bufr,31004,2,2000-09-14T12:00:00,395,012225,Non-standard temperature,220.25,,K,numeric,1,0,16
31004_20000914_1200_12,Aldan,gdex_data\raw\2000\gdas.adpupa.t12z.20000914.bufr,31004,2,2000-09-14T12:00:00,396,033194,QMDD     ON29 QUALITY MARK FOR DEWPOINT DEPRESSION,,,CODE TABLE,code,0,0,4
31004_20000914_1200_12,Aldan,gdex_data\raw\2000\gdas.adpupa.t12z.20000914.bufr,31004,2,2000-09-14T12:00:00,397,012227,Non-standard dewpoint temperature,211.25,,K,numeric,1,0,16
31004_20000914_1200_12,Aldan,gdex_data\raw\2000\gdas.adpupa.t12z.20000914.bufr,31004,2,2000-09-14T12:00:00,398,031000,Short delayed descriptor replication factor,0,,Numeric,numeric,0,0,1
31004_20000914_1200_12,Aldan,gdex_data\raw\2000\gdas.adpupa.t12z.20000914.bufr,31004,2,2000-09-14T12:00:00,399,031000,Short delayed descriptor replication factor,0,,Numeric,numeric,0,0,1
31004_20000914_1200_12,Aldan,gdex_data\raw\2000\gdas.adpupa.t12z.20000914.bufr,31004,2,2000-09-14T12:00:00,400,008001,Vertical sounding significance,4,,Flag table,numeric,0,0,7
31004_20000914_1200_12,Aldan,gdex_data\raw\2000\gdas.adpupa.t12z.20000914.bufr,31004,2,2000-09-14T12:00:00,401,033207,QMPR     ON29 QUALITY MARK FOR PRESSURE,,,CODE TABLE,code,0,0,4
31004_20000914_1200_12,Aldan,gdex_data\raw\2000\gdas.adpupa.t12z.20000914.bufr,31004,2,2000-09-14T12:00:00,402,007004,Pressure,3460.0,,Pa,numeric,-1,0,14
31004_20000914_1200_12,Aldan,gdex_data\raw\2000\gdas.adpupa.t12z.20000914.bufr,31004,2,2000-09-14T12:00:00,403,033192,QMGP     ON29 QUALITY MARK FOR GEOPOTENTIAL,,,CODE TABLE,code,0,0,4
31004_20000914_1200_12,Aldan,gdex_data\raw\2000\gdas.adpupa.t12z.20000914.bufr,31004,2,2000-09-14T12:00:00,404,031000,Short delayed descriptor replication factor,0,,Numeric,numeric,0,0,1
31004_20000914_1200_12,Aldan,gdex_data\raw\2000\gdas.adpupa.t12z.20000914.bufr,31004,2,2000-09-14T12:00:00,405,031000,Short delayed descriptor replication factor,0,,Numeric,numeric,0,0,1
31004_20000914_1200_12,Aldan,gdex_data\raw\2000\gdas.adpupa.t12z.20000914.bufr,31004,2,2000-09-14T12:00:00,406,031000,Short delayed descriptor replication factor,1,,Numeric,numeric,0,0,1
31004_20000914_1200_12,Aldan,gdex_data\raw\2000\gdas.adpupa.t12z.20000914.bufr,31004,2,2000-09-14T12:00:00,407,033193,QMAT     ON29 QUALITY MARK FOR TEMPERATURE,,,CODE TABLE,code,0,0,4
31004_20000914_1200_12,Aldan,gdex_data\raw\2000\gdas.adpupa.t12z.20000914.bufr,31004,2,2000-09-14T12:00:00,408,012225,Non-standard temperature,220.25,,K,numeric,1,0,16
31004_20000914_1200_12,Aldan,gdex_data\raw\2000\gdas.adpupa.t12z.20000914.bufr,31004,2,2000-09-14T12:00:00,409,033194,QMDD     ON29 QUALITY MARK FOR DEWPOINT DEPRESSION,,,CODE TABLE,code,0,0,4
31004_20000914_1200_12,Aldan,gdex_data\raw\2000\gdas.adpupa.t12z.20000914.bufr,31004,2,2000-09-14T12:00:00,410,012227,Non-standard dewpoint temperature,210.25,,K,numeric,1,0,16
31004_20000914_1200_12,Aldan,gdex_data\raw\2000\gdas.adpupa.t12z.20000914.bufr,31004,2,2000-09-14T12:00:00,411,031000,Short delayed descriptor replication factor,0,,Numeric,numeric,0,0,1
31004_20000914_1200_12,Aldan,gdex_data\raw\2000\gdas.adpupa.t12z.20000914.bufr,31004,2,2000-09-14T12:00:00,412,031000,Short delayed descriptor replication factor,0,,Numeric,numeric,0,0,1
31004_20000914_1200_12,Aldan,gdex_data\raw\2000\gdas.adpupa.t12z.20000914.bufr,31004,2,2000-09-14T12:00:00,413,008001,Vertical sounding significance,2,,Flag table,numeric,0,0,7
31004_20000914_1200_12,Aldan,gdex_data\raw\2000\gdas.adpupa.t12z.20000914.bufr,31004,2,2000-09-14T12:00:00,414,033207,QMPR     ON29 QUALITY MARK FOR PRESSURE,,,CODE TABLE,code,0,0,4
31004_20000914_1200_12,Aldan,gdex_data\raw\2000\gdas.adpupa.t12z.20000914.bufr,31004,2,2000-09-14T12:00:00,415,007004,Pressure,9590.0,,Pa,numeric,-1,0,14
31004_20000914_1200_12,Aldan,gdex_data\raw\2000\gdas.adpupa.t12z.20000914.bufr,31004,2,2000-09-14T12:00:00,416,033192,QMGP     ON29 QUALITY MARK FOR GEOPOTENTIAL,,,CODE TABLE,code,0,0,4
31004_20000914_1200_12,Aldan,gdex_data\raw\2000\gdas.adpupa.t12z.20000914.bufr,31004,2,2000-09-14T12:00:00,417,031000,Short delayed descriptor replication factor,0,,Numeric,numeric,0,0,1
31004_20000914_1200_12,Aldan,gdex_data\raw\2000\gdas.adpupa.t12z.20000914.bufr,31004,2,2000-09-14T12:00:00,418,031000,Short delayed descriptor replication factor,0,,Numeric,numeric,0,0,1
31004_20000914_1200_12,Aldan,gdex_data\raw\2000\gdas.adpupa.t12z.20000914.bufr,31004,2,2000-09-14T12:00:00,419,031000,Short delayed descriptor replication factor,0,,Numeric,numeric,0,0,1
31004_20000914_1200_12,Aldan,gdex_data\raw\2000\gdas.adpupa.t12z.20000914.bufr,31004,2,2000-09-14T12:00:00,420,031000,Short delayed descriptor replication factor,1,,Numeric,numeric,0,0,1
31004_20000914_1200_12,Aldan,gdex_data\raw\2000\gdas.adpupa.t12z.20000914.bufr,31004,2,2000-09-14T12:00:00,421,033195,QMWN     ON29 QUALITY MARK FOR WIND,,,CODE TABLE,code,0,0,4
31004_20000914_1200_12,Aldan,gdex_data\raw\2000\gdas.adpupa.t12z.20000914.bufr,31004,2,2000-09-14T12:00:00,422,011001,Wind direction,270,,degree true,numeric,0,0,9
31004_20000914_1200_12,Aldan,gdex_data\raw\2000\gdas.adpupa.t12z.20000914.bufr,31004,2,2000-09-14T12:00:00,423,011002,Wind speed,12.0,,m/s,numeric,1,0,12
31004_20000914_1200_12,Aldan,gdex_data\raw\2000\gdas.adpupa.t12z.20000914.bufr,31004,2,2000-09-14T12:00:00,424,031000,Short delayed descriptor replication factor,0,,Numeric,numeric,0,0,1
31004_20000914_1200_12,Aldan,gdex_data\raw\2000\gdas.adpupa.t12z.20000914.bufr,31004,2,2000-09-14T12:00:00,425,008001,Vertical sounding significance,2,,Flag table,numeric,0,0,7
31004_20000914_1200_12,Aldan,gdex_data\raw\2000\gdas.adpupa.t12z.20000914.bufr,31004,2,2000-09-14T12:00:00,426,033207,QMPR     ON29 QUALITY MARK FOR PRESSURE,,,CODE TABLE,code,0,0,4
31004_20000914_1200_12,Aldan,gdex_data\raw\2000\gdas.adpupa.t12z.20000914.bufr,31004,2,2000-09-14T12:00:00,427,007004,Pressure,7600.0,,Pa,numeric,-1,0,14
31004_20000914_1200_12,Aldan,gdex_data\raw\2000\gdas.adpupa.t12z.20000914.bufr,31004,2,2000-09-14T12:00:00,428,033192,QMGP     ON29 QUALITY MARK FOR GEOPOTENTIAL,,,CODE TABLE,code,0,0,4
31004_20000914_1200_12,Aldan,gdex_data\raw\2000\gdas.adpupa.t12z.20000914.bufr,31004,2,2000-09-14T12:00:00,429,031000,Short delayed descriptor replication factor,0,,Numeric,numeric,0,0,1
31004_20000914_1200_12,Aldan,gdex_data\raw\2000\gdas.adpupa.t12z.20000914.bufr,31004,2,2000-09-14T12:00:00,430,031000,Short delayed descriptor replication factor,0,,Numeric,numeric,0,0,1
31004_20000914_1200_12,Aldan,gdex_data\raw\2000\gdas.adpupa.t12z.20000914.bufr,31004,2,2000-09-14T12:00:00,431,031000,Short delayed descriptor replication factor,0,,Numeric,numeric,0,0,1
31004_20000914_1200_12,Aldan,gdex_data\raw\2000\gdas.adpupa.t12z.20000914.bufr,31004,2,2000-09-14T12:00:00,432,031000,Short delayed descriptor replication factor,1,,Numeric,numeric,0,0,1
31004_20000914_1200_12,Aldan,gdex_data\raw\2000\gdas.adpupa.t12z.20000914.bufr,31004,2,2000-09-14T12:00:00,433,033195,QMWN     ON29 QUALITY MARK FOR WIND,,,CODE TABLE,code,0,0,4
31004_20000914_1200_12,Aldan,gdex_data\raw\2000\gdas.adpupa.t12z.20000914.bufr,31004,2,2000-09-14T12:00:00,434,011001,Wind direction,270,,degree true,numeric,0,0,9
31004_20000914_1200_12,Aldan,gdex_data\raw\2000\gdas.adpupa.t12z.20000914.bufr,31004,2,2000-09-14T12:00:00,435,011002,Wind speed,11.0,,m/s,numeric,1,0,12
31004_20000914_1200_12,Aldan,gdex_data\raw\2000\gdas.adpupa.t12z.20000914.bufr,31004,2,2000-09-14T12:00:00,436,031000,Short delayed descriptor replication factor,0,,Numeric,numeric,0,0,1
31004_20000914_1200_12,Aldan,gdex_data\raw\2000\gdas.adpupa.t12z.20000914.bufr,31004,2,2000-09-14T12:00:00,437,008001,Vertical sounding significance,2,,Flag table,numeric,0,0,7
31004_20000914_1200_12,Aldan,gdex_data\raw\2000\gdas.adpupa.t12z.20000914.bufr,31004,2,2000-09-14T12:00:00,438,033207,QMPR     ON29 QUALITY MARK FOR PRESSURE,,,CODE TABLE,code,0,0,4
31004_20000914_1200_12,Aldan,gdex_data\raw\2000\gdas.adpupa.t12z.20000914.bufr,31004,2,2000-09-14T12:00:00,439,007004,Pressure,6500.0,,Pa,numeric,-1,0,14
31004_20000914_1200_12,Aldan,gdex_data\raw\2000\gdas.adpupa.t12z.20000914.bufr,31004,2,2000-09-14T12:00:00,440,033192,QMGP     ON29 QUALITY MARK FOR GEOPOTENTIAL,,,CODE TABLE,code,0,0,4
31004_20000914_1200_12,Aldan,gdex_data\raw\2000\gdas.adpupa.t12z.20000914.bufr,31004,2,2000-09-14T12:00:00,441,031000,Short delayed descriptor replication factor,0,,Numeric,numeric,0,0,1
31004_20000914_1200_12,Aldan,gdex_data\raw\2000\gdas.adpupa.t12z.20000914.bufr,31004,2,2000-09-14T12:00:00,442,031000,Short delayed descriptor replication factor,0,,Numeric,numeric,0,0,1
31004_20000914_1200_12,Aldan,gdex_data\raw\2000\gdas.adpupa.t12z.20000914.bufr,31004,2,2000-09-14T12:00:00,443,031000,Short delayed descriptor replication factor,0,,Numeric,numeric,0,0,1
31004_20000914_1200_12,Aldan,gdex_data\raw\2000\gdas.adpupa.t12z.20000914.bufr,31004,2,2000-09-14T12:00:00,444,031000,Short delayed descriptor replication factor,1,,Numeric,numeric,0,0,1
31004_20000914_1200_12,Aldan,gdex_data\raw\2000\gdas.adpupa.t12z.20000914.bufr,31004,2,2000-09-14T12:00:00,445,033195,QMWN     ON29 QUALITY MARK FOR WIND,,,CODE TABLE,code,0,0,4
31004_20000914_1200_12,Aldan,gdex_data\raw\2000\gdas.adpupa.t12z.20000914.bufr,31004,2,2000-09-14T12:00:00,446,011001,Wind direction,250,,degree true,numeric,0,0,9
31004_20000914_1200_12,Aldan,gdex_data\raw\2000\gdas.adpupa.t12z.20000914.bufr,31004,2,2000-09-14T12:00:00,447,011002,Wind speed,13.0,,m/s,numeric,1,0,12
31004_20000914_1200_12,Aldan,gdex_data\raw\2000\gdas.adpupa.t12z.20000914.bufr,31004,2,2000-09-14T12:00:00,448,031000,Short delayed descriptor replication factor,0,,Numeric,numeric,0,0,1
31004_20000914_1200_12,Aldan,gdex_data\raw\2000\gdas.adpupa.t12z.20000914.bufr,31004,2,2000-09-14T12:00:00,449,008001,Vertical sounding significance,2,,Flag table,numeric,0,0,7
31004_20000914_1200_12,Aldan,gdex_data\raw\2000\gdas.adpupa.t12z.20000914.bufr,31004,2,2000-09-14T12:00:00,450,033207,QMPR     ON29 QUALITY MARK FOR PRESSURE,,,CODE TABLE,code,0,0,4
31004_20000914_1200_12,Aldan,gdex_data\raw\2000\gdas.adpupa.t12z.20000914.bufr,31004,2,2000-09-14T12:00:00,451,007004,Pressure,6010.0,,Pa,numeric,-1,0,14
31004_20000914_1200_12,Aldan,gdex_data\raw\2000\gdas.adpupa.t12z.20000914.bufr,31004,2,2000-09-14T12:00:00,452,033192,QMGP     ON29 QUALITY MARK FOR GEOPOTENTIAL,,,CODE TABLE,code,0,0,4
31004_20000914_1200_12,Aldan,gdex_data\raw\2000\gdas.adpupa.t12z.20000914.bufr,31004,2,2000-09-14T12:00:00,453,031000,Short delayed descriptor replication factor,0,,Numeric,numeric,0,0,1
31004_20000914_1200_12,Aldan,gdex_data\raw\2000\gdas.adpupa.t12z.20000914.bufr,31004,2,2000-09-14T12:00:00,454,031000,Short delayed descriptor replication factor,0,,Numeric,numeric,0,0,1
31004_20000914_1200_12,Aldan,gdex_data\raw\2000\gdas.adpupa.t12z.20000914.bufr,31004,2,2000-09-14T12:00:00,455,031000,Short delayed descriptor replication factor,0,,Numeric,numeric,0,0,1
31004_20000914_1200_12,Aldan,gdex_data\raw\2000\gdas.adpupa.t12z.20000914.bufr,31004,2,2000-09-14T12:00:00,456,031000,Short delayed descriptor replication factor,1,,Numeric,numeric,0,0,1
31004_20000914_1200_12,Aldan,gdex_data\raw\2000\gdas.adpupa.t12z.20000914.bufr,31004,2,2000-09-14T12:00:00,457,033195,QMWN     ON29 QUALITY MARK FOR WIND,,,CODE TABLE,code,0,0,4
31004_20000914_1200_12,Aldan,gdex_data\raw\2000\gdas.adpupa.t12z.20000914.bufr,31004,2,2000-09-14T12:00:00,458,011001,Wind direction,275,,degree true,numeric,0,0,9
31004_20000914_1200_12,Aldan,gdex_data\raw\2000\gdas.adpupa.t12z.20000914.bufr,31004,2,2000-09-14T12:00:00,459,011002,Wind speed,12.0,,m/s,numeric,1,0,12
31004_20000914_1200_12,Aldan,gdex_data\raw\2000\gdas.adpupa.t12z.20000914.bufr,31004,2,2000-09-14T12:00:00,460,031000,Short delayed descriptor replication factor,0,,Numeric,numeric,0,0,1
31004_20000914_1200_12,Aldan,gdex_data\raw\2000\gdas.adpupa.t12z.20000914.bufr,31004,2,2000-09-14T12:00:00,461,008001,Vertical sounding significance,2,,Flag table,numeric,0,0,7
31004_20000914_1200_12,Aldan,gdex_data\raw\2000\gdas.adpupa.t12z.20000914.bufr,31004,2,2000-09-14T12:00:00,462,033207,QMPR     ON29 QUALITY MARK FOR PRESSURE,,,CODE TABLE,code,0,0,4
31004_20000914_1200_12,Aldan,gdex_data\raw\2000\gdas.adpupa.t12z.20000914.bufr,31004,2,2000-09-14T12:00:00,463,007004,Pressure,5560.0,,Pa,numeric,-1,0,14
31004_20000914_1200_12,Aldan,gdex_data\raw\2000\gdas.adpupa.t12z.20000914.bufr,31004,2,2000-09-14T12:00:00,464,033192,QMGP     ON29 QUALITY MARK FOR GEOPOTENTIAL,,,CODE TABLE,code,0,0,4
31004_20000914_1200_12,Aldan,gdex_data\raw\2000\gdas.adpupa.t12z.20000914.bufr,31004,2,2000-09-14T12:00:00,465,031000,Short delayed descriptor replication factor,0,,Numeric,numeric,0,0,1
31004_20000914_1200_12,Aldan,gdex_data\raw\2000\gdas.adpupa.t12z.20000914.bufr,31004,2,2000-09-14T12:00:00,466,031000,Short delayed descriptor replication factor,0,,Numeric,numeric,0,0,1
31004_20000914_1200_12,Aldan,gdex_data\raw\2000\gdas.adpupa.t12z.20000914.bufr,31004,2,2000-09-14T12:00:00,467,031000,Short delayed descriptor replication factor,0,,Numeric,numeric,0,0,1
31004_20000914_1200_12,Aldan,gdex_data\raw\2000\gdas.adpupa.t12z.20000914.bufr,31004,2,2000-09-14T12:00:00,468,031000,Short delayed descriptor replication factor,1,,Numeric,numeric,0,0,1
31004_20000914_1200_12,Aldan,gdex_data\raw\2000\gdas.adpupa.t12z.20000914.bufr,31004,2,2000-09-14T12:00:00,469,033195,QMWN     ON29 QUALITY MARK FOR WIND,,,CODE TABLE,code,0,0,4
31004_20000914_1200_12,Aldan,gdex_data\raw\2000\gdas.adpupa.t12z.20000914.bufr,31004,2,2000-09-14T12:00:00,470,011001,Wind direction,275,,degree true,numeric,0,0,9
31004_20000914_1200_12,Aldan,gdex_data\raw\2000\gdas.adpupa.t12z.20000914.bufr,31004,2,2000-09-14T12:00:00,471,011002,Wind speed,15.0,,m/s,numeric,1,0,12
31004_20000914_1200_12,Aldan,gdex_data\raw\2000\gdas.adpupa.t12z.20000914.bufr,31004,2,2000-09-14T12:00:00,472,031000,Short delayed descriptor replication factor,0,,Numeric,numeric,0,0,1
31004_20000914_1200_12,Aldan,gdex_data\raw\2000\gdas.adpupa.t12z.20000914.bufr,31004,2,2000-09-14T12:00:00,473,008001,Vertical sounding significance,2,,Flag table,numeric,0,0,7
31004_20000914_1200_12,Aldan,gdex_data\raw\2000\gdas.adpupa.t12z.20000914.bufr,31004,2,2000-09-14T12:00:00,474,033207,QMPR     ON29 QUALITY MARK FOR PRESSURE,,,CODE TABLE,code,0,0,4
31004_20000914_1200_12,Aldan,gdex_data\raw\2000\gdas.adpupa.t12z.20000914.bufr,31004,2,2000-09-14T12:00:00,475,007004,Pressure,5140.0,,Pa,numeric,-1,0,14
31004_20000914_1200_12,Aldan,gdex_data\raw\2000\gdas.adpupa.t12z.20000914.bufr,31004,2,2000-09-14T12:00:00,476,033192,QMGP     ON29 QUALITY MARK FOR GEOPOTENTIAL,,,CODE TABLE,code,0,0,4
31004_20000914_1200_12,Aldan,gdex_data\raw\2000\gdas.adpupa.t12z.20000914.bufr,31004,2,2000-09-14T12:00:00,477,031000,Short delayed descriptor replication factor,0,,Numeric,numeric,0,0,1
31004_20000914_1200_12,Aldan,gdex_data\raw\2000\gdas.adpupa.t12z.20000914.bufr,31004,2,2000-09-14T12:00:00,478,031000,Short delayed descriptor replication factor,0,,Numeric,numeric,0,0,1
31004_20000914_1200_12,Aldan,gdex_data\raw\2000\gdas.adpupa.t12z.20000914.bufr,31004,2,2000-09-14T12:00:00,479,031000,Short delayed descriptor replication factor,0,,Numeric,numeric,0,0,1
31004_20000914_1200_12,Aldan,gdex_data\raw\2000\gdas.adpupa.t12z.20000914.bufr,31004,2,2000-09-14T12:00:00,480,031000,Short delayed descriptor replication factor,1,,Numeric,numeric,0,0,1
31004_20000914_1200_12,Aldan,gdex_data\raw\2000\gdas.adpupa.t12z.20000914.bufr,31004,2,2000-09-14T12:00:00,481,033195,QMWN     ON29 QUALITY MARK FOR WIND,,,CODE TABLE,code,0,0,4
31004_20000914_1200_12,Aldan,gdex_data\raw\2000\gdas.adpupa.t12z.20000914.bufr,31004,2,2000-09-14T12:00:00,482,011001,Wind direction,300,,degree true,numeric,0,0,9
31004_20000914_1200_12,Aldan,gdex_data\raw\2000\gdas.adpupa.t12z.20000914.bufr,31004,2,2000-09-14T12:00:00,483,011002,Wind speed,16.0,,m/s,numeric,1,0,12
31004_20000914_1200_12,Aldan,gdex_data\raw\2000\gdas.adpupa.t12z.20000914.bufr,31004,2,2000-09-14T12:00:00,484,031000,Short delayed descriptor replication factor,0,,Numeric,numeric,0,0,1
31004_20000914_1200_12,Aldan,gdex_data\raw\2000\gdas.adpupa.t12z.20000914.bufr,31004,2,2000-09-14T12:00:00,485,008001,Vertical sounding significance,2,,Flag table,numeric,0,0,7
31004_20000914_1200_12,Aldan,gdex_data\raw\2000\gdas.adpupa.t12z.20000914.bufr,31004,2,2000-09-14T12:00:00,486,033207,QMPR     ON29 QUALITY MARK FOR PRESSURE,,,CODE TABLE,code,0,0,4
31004_20000914_1200_12,Aldan,gdex_data\raw\2000\gdas.adpupa.t12z.20000914.bufr,31004,2,2000-09-14T12:00:00,487,007004,Pressure,4760.0,,Pa,numeric,-1,0,14
31004_20000914_1200_12,Aldan,gdex_data\raw\2000\gdas.adpupa.t12z.20000914.bufr,31004,2,2000-09-14T12:00:00,488,033192,QMGP     ON29 QUALITY MARK FOR GEOPOTENTIAL,,,CODE TABLE,code,0,0,4
31004_20000914_1200_12,Aldan,gdex_data\raw\2000\gdas.adpupa.t12z.20000914.bufr,31004,2,2000-09-14T12:00:00,489,031000,Short delayed descriptor replication factor,0,,Numeric,numeric,0,0,1
31004_20000914_1200_12,Aldan,gdex_data\raw\2000\gdas.adpupa.t12z.20000914.bufr,31004,2,2000-09-14T12:00:00,490,031000,Short delayed descriptor replication factor,0,,Numeric,numeric,0,0,1
31004_20000914_1200_12,Aldan,gdex_data\raw\2000\gdas.adpupa.t12z.20000914.bufr,31004,2,2000-09-14T12:00:00,491,031000,Short delayed descriptor replication factor,0,,Numeric,numeric,0,0,1
31004_20000914_1200_12,Aldan,gdex_data\raw\2000\gdas.adpupa.t12z.20000914.bufr,31004,2,2000-09-14T12:00:00,492,031000,Short delayed descriptor replication factor,1,,Numeric,numeric,0,0,1
31004_20000914_1200_12,Aldan,gdex_data\raw\2000\gdas.adpupa.t12z.20000914.bufr,31004,2,2000-09-14T12:00:00,493,033195,QMWN     ON29 QUALITY MARK FOR WIND,,,CODE TABLE,code,0,0,4
31004_20000914_1200_12,Aldan,gdex_data\raw\2000\gdas.adpupa.t12z.20000914.bufr,31004,2,2000-09-14T12:00:00,494,011001,Wind direction,300,,degree true,numeric,0,0,9
31004_20000914_1200_12,Aldan,gdex_data\raw\2000\gdas.adpupa.t12z.20000914.bufr,31004,2,2000-09-14T12:00:00,495,011002,Wind speed,11.0,,m/s,numeric,1,0,12
31004_20000914_1200_12,Aldan,gdex_data\raw\2000\gdas.adpupa.t12z.20000914.bufr,31004,2,2000-09-14T12:00:00,496,031000,Short delayed descriptor replication factor,0,,Numeric,numeric,0,0,1
31004_20000914_1200_12,Aldan,gdex_data\raw\2000\gdas.adpupa.t12z.20000914.bufr,31004,2,2000-09-14T12:00:00,497,008001,Vertical sounding significance,2,,Flag table,numeric,0,0,7
31004_20000914_1200_12,Aldan,gdex_data\raw\2000\gdas.adpupa.t12z.20000914.bufr,31004,2,2000-09-14T12:00:00,498,033207,QMPR     ON29 QUALITY MARK FOR PRESSURE,,,CODE TABLE,code,0,0,4
31004_20000914_1200_12,Aldan,gdex_data\raw\2000\gdas.adpupa.t12z.20000914.bufr,31004,2,2000-09-14T12:00:00,499,007004,Pressure,4400.0,,Pa,numeric,-1,0,14
31004_20000914_1200_12,Aldan,gdex_data\raw\2000\gdas.adpupa.t12z.20000914.bufr,31004,2,2000-09-14T12:00:00,500,033192,QMGP     ON29 QUALITY MARK FOR GEOPOTENTIAL,,,CODE TABLE,code,0,0,4
31004_20000914_1200_12,Aldan,gdex_data\raw\2000\gdas.adpupa.t12z.20000914.bufr,31004,2,2000-09-14T12:00:00,501,031000,Short delayed descriptor replication factor,0,,Numeric,numeric,0,0,1
31004_20000914_1200_12,Aldan,gdex_data\raw\2000\gdas.adpupa.t12z.20000914.bufr,31004,2,2000-09-14T12:00:00,502,031000,Short delayed descriptor replication factor,0,,Numeric,numeric,0,0,1
31004_20000914_1200_12,Aldan,gdex_data\raw\2000\gdas.adpupa.t12z.20000914.bufr,31004,2,2000-09-14T12:00:00,503,031000,Short delayed descriptor replication factor,0,,Numeric,numeric,0,0,1
31004_20000914_1200_12,Aldan,gdex_data\raw\2000\gdas.adpupa.t12z.20000914.bufr,31004,2,2000-09-14T12:00:00,504,031000,Short delayed descriptor replication factor,1,,Numeric,numeric,0,0,1
31004_20000914_1200_12,Aldan,gdex_data\raw\2000\gdas.adpupa.t12z.20000914.bufr,31004,2,2000-09-14T12:00:00,505,033195,QMWN     ON29 QUALITY MARK FOR WIND,,,CODE TABLE,code,0,0,4
31004_20000914_1200_12,Aldan,gdex_data\raw\2000\gdas.adpupa.t12z.20000914.bufr,31004,2,2000-09-14T12:00:00,506,011001,Wind direction,250,,degree true,numeric,0,0,9
31004_20000914_1200_12,Aldan,gdex_data\raw\2000\gdas.adpupa.t12z.20000914.bufr,31004,2,2000-09-14T12:00:00,507,011002,Wind speed,6.0,,m/s,numeric,1,0,12
31004_20000914_1200_12,Aldan,gdex_data\raw\2000\gdas.adpupa.t12z.20000914.bufr,31004,2,2000-09-14T12:00:00,508,031000,Short delayed descriptor replication factor,0,,Numeric,numeric,0,0,1
31004_20000914_1200_12,Aldan,gdex_data\raw\2000\gdas.adpupa.t12z.20000914.bufr,31004,2,2000-09-14T12:00:00,509,008001,Vertical sounding significance,2,,Flag table,numeric,0,0,7
31004_20000914_1200_12,Aldan,gdex_data\raw\2000\gdas.adpupa.t12z.20000914.bufr,31004,2,2000-09-14T12:00:00,510,033207,QMPR     ON29 QUALITY MARK FOR PRESSURE,,,CODE TABLE,code,0,0,4
31004_20000914_1200_12,Aldan,gdex_data\raw\2000\gdas.adpupa.t12z.20000914.bufr,31004,2,2000-09-14T12:00:00,511,007004,Pressure,4070.0,,Pa,numeric,-1,0,14
31004_20000914_1200_12,Aldan,gdex_data\raw\2000\gdas.adpupa.t12z.20000914.bufr,31004,2,2000-09-14T12:00:00,512,033192,QMGP     ON29 QUALITY MARK FOR GEOPOTENTIAL,,,CODE TABLE,code,0,0,4
31004_20000914_1200_12,Aldan,gdex_data\raw\2000\gdas.adpupa.t12z.20000914.bufr,31004,2,2000-09-14T12:00:00,513,031000,Short delayed descriptor replication factor,0,,Numeric,numeric,0,0,1
31004_20000914_1200_12,Aldan,gdex_data\raw\2000\gdas.adpupa.t12z.20000914.bufr,31004,2,2000-09-14T12:00:00,514,031000,Short delayed descriptor replication factor,0,,Numeric,numeric,0,0,1
31004_20000914_1200_12,Aldan,gdex_data\raw\2000\gdas.adpupa.t12z.20000914.bufr,31004,2,2000-09-14T12:00:00,515,031000,Short delayed descriptor replication factor,0,,Numeric,numeric,0,0,1
31004_20000914_1200_12,Aldan,gdex_data\raw\2000\gdas.adpupa.t12z.20000914.bufr,31004,2,2000-09-14T12:00:00,516,031000,Short delayed descriptor replication factor,1,,Numeric,numeric,0,0,1
31004_20000914_1200_12,Aldan,gdex_data\raw\2000\gdas.adpupa.t12z.20000914.bufr,31004,2,2000-09-14T12:00:00,517,033195,QMWN     ON29 QUALITY MARK FOR WIND,,,CODE TABLE,code,0,0,4
31004_20000914_1200_12,Aldan,gdex_data\raw\2000\gdas.adpupa.t12z.20000914.bufr,31004,2,2000-09-14T12:00:00,518,011001,Wind direction,255,,degree true,numeric,0,0,9
31004_20000914_1200_12,Aldan,gdex_data\raw\2000\gdas.adpupa.t12z.20000914.bufr,31004,2,2000-09-14T12:00:00,519,011002,Wind speed,13.0,,m/s,numeric,1,0,12
31004_20000914_1200_12,Aldan,gdex_data\raw\2000\gdas.adpupa.t12z.20000914.bufr,31004,2,2000-09-14T12:00:00,520,031000,Short delayed descriptor replication factor,0,,Numeric,numeric,0,0,1
31004_20000914_1200_12,Aldan,gdex_data\raw\2000\gdas.adpupa.t12z.20000914.bufr,31004,2,2000-09-14T12:00:00,521,008001,Vertical sounding significance,2,,Flag table,numeric,0,0,7
31004_20000914_1200_12,Aldan,gdex_data\raw\2000\gdas.adpupa.t12z.20000914.bufr,31004,2,2000-09-14T12:00:00,522,033207,QMPR     ON29 QUALITY MARK FOR PRESSURE,,,CODE TABLE,code,0,0,4
31004_20000914_1200_12,Aldan,gdex_data\raw\2000\gdas.adpupa.t12z.20000914.bufr,31004,2,2000-09-14T12:00:00,523,007004,Pressure,3770.0,,Pa,numeric,-1,0,14
31004_20000914_1200_12,Aldan,gdex_data\raw\2000\gdas.adpupa.t12z.20000914.bufr,31004,2,2000-09-14T12:00:00,524,033192,QMGP     ON29 QUALITY MARK FOR GEOPOTENTIAL,,,CODE TABLE,code,0,0,4
31004_20000914_1200_12,Aldan,gdex_data\raw\2000\gdas.adpupa.t12z.20000914.bufr,31004,2,2000-09-14T12:00:00,525,031000,Short delayed descriptor replication factor,0,,Numeric,numeric,0,0,1
31004_20000914_1200_12,Aldan,gdex_data\raw\2000\gdas.adpupa.t12z.20000914.bufr,31004,2,2000-09-14T12:00:00,526,031000,Short delayed descriptor replication factor,0,,Numeric,numeric,0,0,1
31004_20000914_1200_12,Aldan,gdex_data\raw\2000\gdas.adpupa.t12z.20000914.bufr,31004,2,2000-09-14T12:00:00,527,031000,Short delayed descriptor replication factor,0,,Numeric,numeric,0,0,1
31004_20000914_1200_12,Aldan,gdex_data\raw\2000\gdas.adpupa.t12z.20000914.bufr,31004,2,2000-09-14T12:00:00,528,031000,Short delayed descriptor replication factor,1,,Numeric,numeric,0,0,1
31004_20000914_1200_12,Aldan,gdex_data\raw\2000\gdas.adpupa.t12z.20000914.bufr,31004,2,2000-09-14T12:00:00,529,033195,QMWN     ON29 QUALITY MARK FOR WIND,,,CODE TABLE,code,0,0,4
31004_20000914_1200_12,Aldan,gdex_data\raw\2000\gdas.adpupa.t12z.20000914.bufr,31004,2,2000-09-14T12:00:00,530,011001,Wind direction,305,,degree true,numeric,0,0,9
31004_20000914_1200_12,Aldan,gdex_data\raw\2000\gdas.adpupa.t12z.20000914.bufr,31004,2,2000-09-14T12:00:00,531,011002,Wind speed,10.0,,m/s,numeric,1,0,12
31004_20000914_1200_12,Aldan,gdex_data\raw\2000\gdas.adpupa.t12z.20000914.bufr,31004,2,2000-09-14T12:00:00,532,031000,Short delayed descriptor replication factor,0,,Numeric,numeric,0,0,1
31004_20000914_1200_12,Aldan,gdex_data\raw\2000\gdas.adpupa.t12z.20000914.bufr,31004,2,2000-09-14T12:00:00,533,008001,Vertical sounding significance,64,,Flag table,numeric,0,0,7
31004_20000914_1200_12,Aldan,gdex_data\raw\2000\gdas.adpupa.t12z.20000914.bufr,31004,2,2000-09-14T12:00:00,534,033207,QMPR     ON29 QUALITY MARK FOR PRESSURE,,,CODE TABLE,code,0,0,4
31004_20000914_1200_12,Aldan,gdex_data\raw\2000\gdas.adpupa.t12z.20000914.bufr,31004,2,2000-09-14T12:00:00,535,007004,Pressure,99200.0,,Pa,numeric,-1,0,14
31004_20000914_1200_12,Aldan,gdex_data\raw\2000\gdas.adpupa.t12z.20000914.bufr,31004,2,2000-09-14T12:00:00,536,033192,QMGP     ON29 QUALITY MARK FOR GEOPOTENTIAL,,,CODE TABLE,code,0,0,4
31004_20000914_1200_12,Aldan,gdex_data\raw\2000\gdas.adpupa.t12z.20000914.bufr,31004,2,2000-09-14T12:00:00,537,031000,Short delayed descriptor replication factor,0,,Numeric,numeric,0,0,1
31004_20000914_1200_12,Aldan,gdex_data\raw\2000\gdas.adpupa.t12z.20000914.bufr,31004,2,2000-09-14T12:00:00,538,031000,Short delayed descriptor replication factor,0,,Numeric,numeric,0,0,1
31004_20000914_1200_12,Aldan,gdex_data\raw\2000\gdas.adpupa.t12z.20000914.bufr,31004,2,2000-09-14T12:00:00,539,031000,Short delayed descriptor replication factor,1,,Numeric,numeric,0,0,1
31004_20000914_1200_12,Aldan,gdex_data\raw\2000\gdas.adpupa.t12z.20000914.bufr,31004,2,2000-09-14T12:00:00,540,033193,QMAT     ON29 QUALITY MARK FOR TEMPERATURE,,,CODE TABLE,code,0,0,4
31004_20000914_1200_12,Aldan,gdex_data\raw\2000\gdas.adpupa.t12z.20000914.bufr,31004,2,2000-09-14T12:00:00,541,012225,Non-standard temperature,285.15,,K,numeric,1,0,16
31004_20000914_1200_12,Aldan,gdex_data\raw\2000\gdas.adpupa.t12z.20000914.bufr,31004,2,2000-09-14T12:00:00,542,033194,QMDD     ON29 QUALITY MARK FOR DEWPOINT DEPRESSION,,,CODE TABLE,code,0,0,4
31004_20000914_1200_12,Aldan,gdex_data\raw\2000\gdas.adpupa.t12z.20000914.bufr,31004,2,2000-09-14T12:00:00,543,012227,Non-standard dewpoint temperature,282.85,,K,numeric,1,0,16
31004_20000914_1200_12,Aldan,gdex_data\raw\2000\gdas.adpupa.t12z.20000914.bufr,31004,2,2000-09-14T12:00:00,544,031000,Short delayed descriptor replication factor,1,,Numeric,numeric,0,0,1
31004_20000914_1200_12,Aldan,gdex_data\raw\2000\gdas.adpupa.t12z.20000914.bufr,31004,2,2000-09-14T12:00:00,545,033195,QMWN     ON29 QUALITY MARK FOR WIND,,,CODE TABLE,code,0,0,4
31004_20000914_1200_12,Aldan,gdex_data\raw\2000\gdas.adpupa.t12z.20000914.bufr,31004,2,2000-09-14T12:00:00,546,011001,Wind direction,205,,degree true,numeric,0,0,9
31004_20000914_1200_12,Aldan,gdex_data\raw\2000\gdas.adpupa.t12z.20000914.bufr,31004,2,2000-09-14T12:00:00,547,011002,Wind speed,2.0,,m/s,numeric,1,0,12
31004_20000914_1200_12,Aldan,gdex_data\raw\2000\gdas.adpupa.t12z.20000914.bufr,31004,2,2000-09-14T12:00:00,548,031000,Short delayed descriptor replication factor,0,,Numeric,numeric,0,0,1
31004_20000914_1200_12,Aldan,gdex_data\raw\2000\gdas.adpupa.t12z.20000914.bufr,31004,2,2000-09-14T12:00:00,549,008001,Vertical sounding significance,32,,Flag table,numeric,0,0,7
31004_20000914_1200_12,Aldan,gdex_data\raw\2000\gdas.adpupa.t12z.20000914.bufr,31004,2,2000-09-14T12:00:00,550,033207,QMPR     ON29 QUALITY MARK FOR PRESSURE,,,CODE TABLE,code,0,0,4
31004_20000914_1200_12,Aldan,gdex_data\raw\2000\gdas.adpupa.t12z.20000914.bufr,31004,2,2000-09-14T12:00:00,551,007004,Pressure,100000.0,,Pa,numeric,-1,0,14
31004_20000914_1200_12,Aldan,gdex_data\raw\2000\gdas.adpupa.t12z.20000914.bufr,31004,2,2000-09-14T12:00:00,552,033192,QMGP     ON29 QUALITY MARK FOR GEOPOTENTIAL,,,CODE TABLE,code,0,0,4
31004_20000914_1200_12,Aldan,gdex_data\raw\2000\gdas.adpupa.t12z.20000914.bufr,31004,2,2000-09-14T12:00:00,553,031000,Short delayed descriptor replication factor,0,,Numeric,numeric,0,0,1
31004_20000914_1200_12,Aldan,gdex_data\raw\2000\gdas.adpupa.t12z.20000914.bufr,31004,2,2000-09-14T12:00:00,554,031000,Short delayed descriptor replication factor,1,,Numeric,numeric,0,0,1
31004_20000914_1200_12,Aldan,gdex_data\raw\2000\gdas.adpupa.t12z.20000914.bufr,31004,2,2000-09-14T12:00:00,555,010008,Geopotential,392,,m2 s-2,numeric,0,-10000,20
31004_20000914_1200_12,Aldan,gdex_data\raw\2000\gdas.adpupa.t12z.20000914.bufr,31004,2,2000-09-14T12:00:00,556,031000,Short delayed descriptor replication factor,0,,Numeric,numeric,0,0,1
31004_20000914_1200_12,Aldan,gdex_data\raw\2000\gdas.adpupa.t12z.20000914.bufr,31004,2,2000-09-14T12:00:00,557,031000,Short delayed descriptor replication factor,0,,Numeric,numeric,0,0,1
31004_20000914_1200_12,Aldan,gdex_data\raw\2000\gdas.adpupa.t12z.20000914.bufr,31004,2,2000-09-14T12:00:00,558,031000,Short delayed descriptor replication factor,0,,Numeric,numeric,0,0,1
31004_20000914_1200_12,Aldan,gdex_data\raw\2000\gdas.adpupa.t12z.20000914.bufr,31004,2,2000-09-14T12:00:00,559,008001,Vertical sounding significance,32,,Flag table,numeric,0,0,7
31004_20000914_1200_12,Aldan,gdex_data\raw\2000\gdas.adpupa.t12z.20000914.bufr,31004,2,2000-09-14T12:00:00,560,033207,QMPR     ON29 QUALITY MARK FOR PRESSURE,,,CODE TABLE,code,0,0,4
31004_20000914_1200_12,Aldan,gdex_data\raw\2000\gdas.adpupa.t12z.20000914.bufr,31004,2,2000-09-14T12:00:00,561,007004,Pressure,92500.0,,Pa,numeric,-1,0,14
31004_20000914_1200_12,Aldan,gdex_data\raw\2000\gdas.adpupa.t12z.20000914.bufr,31004,2,2000-09-14T12:00:00,562,033192,QMGP     ON29 QUALITY MARK FOR GEOPOTENTIAL,,,CODE TABLE,code,0,0,4
31004_20000914_1200_12,Aldan,gdex_data\raw\2000\gdas.adpupa.t12z.20000914.bufr,31004,2,2000-09-14T12:00:00,563,031000,Short delayed descriptor replication factor,0,,Numeric,numeric,0,0,1
31004_20000914_1200_12,Aldan,gdex_data\raw\2000\gdas.adpupa.t12z.20000914.bufr,31004,2,2000-09-14T12:00:00,564,031000,Short delayed descriptor replication factor,1,,Numeric,numeric,0,0,1
31004_20000914_1200_12,Aldan,gdex_data\raw\2000\gdas.adpupa.t12z.20000914.bufr,31004,2,2000-09-14T12:00:00,565,010008,Geopotential,6860,,m2 s-2,numeric,0,-10000,20
31004_20000914_1200_12,Aldan,gdex_data\raw\2000\gdas.adpupa.t12z.20000914.bufr,31004,2,2000-09-14T12:00:00,566,031000,Short delayed descriptor replication factor,1,,Numeric,numeric,0,0,1
31004_20000914_1200_12,Aldan,gdex_data\raw\2000\gdas.adpupa.t12z.20000914.bufr,31004,2,2000-09-14T12:00:00,567,033193,QMAT     ON29 QUALITY MARK FOR TEMPERATURE,,,CODE TABLE,code,0,0,4
31004_20000914_1200_12,Aldan,gdex_data\raw\2000\gdas.adpupa.t12z.20000914.bufr,31004,2,2000-09-14T12:00:00,568,012225,Non-standard temperature,285.95,,K,numeric,1,0,16
31004_20000914_1200_12,Aldan,gdex_data\raw\2000\gdas.adpupa.t12z.20000914.bufr,31004,2,2000-09-14T12:00:00,569,033194,QMDD     ON29 QUALITY MARK FOR DEWPOINT DEPRESSION,,,CODE TABLE,code,0,0,4
31004_20000914_1200_12,Aldan,gdex_data\raw\2000\gdas.adpupa.t12z.20000914.bufr,31004,2,2000-09-14T12:00:00,570,012227,Non-standard dewpoint temperature,283.05,,K,numeric,1,0,16
31004_20000914_1200_12,Aldan,gdex_data\raw\2000\gdas.adpupa.t12z.20000914.bufr,31004,2,2000-09-14T12:00:00,571,031000,Short delayed descriptor replication factor,0,,Numeric,numeric,0,0,1
31004_20000914_1200_12,Aldan,gdex_data\raw\2000\gdas.adpupa.t12z.20000914.bufr,31004,2,2000-09-14T12:00:00,572,031000,Short delayed descriptor replication factor,0,,Numeric,numeric,0,0,1
31004_20000914_1200_12,Aldan,gdex_data\raw\2000\gdas.adpupa.t12z.20000914.bufr,31004,2,2000-09-14T12:00:00,573,008001,Vertical sounding significance,32,,Flag table,numeric,0,0,7
31004_20000914_1200_12,Aldan,gdex_data\raw\2000\gdas.adpupa.t12z.20000914.bufr,31004,2,2000-09-14T12:00:00,574,033207,QMPR     ON29 QUALITY MARK FOR PRESSURE,,,CODE TABLE,code,0,0,4
31004_20000914_1200_12,Aldan,gdex_data\raw\2000\gdas.adpupa.t12z.20000914.bufr,31004,2,2000-09-14T12:00:00,575,007004,Pressure,85000.0,,Pa,numeric,-1,0,14
31004_20000914_1200_12,Aldan,gdex_data\raw\2000\gdas.adpupa.t12z.20000914.bufr,31004,2,2000-09-14T12:00:00,576,033192,QMGP     ON29 QUALITY MARK FOR GEOPOTENTIAL,,,CODE TABLE,code,0,0,4
31004_20000914_1200_12,Aldan,gdex_data\raw\2000\gdas.adpupa.t12z.20000914.bufr,31004,2,2000-09-14T12:00:00,577,031000,Short delayed descriptor replication factor,0,,Numeric,numeric,0,0,1
31004_20000914_1200_12,Aldan,gdex_data\raw\2000\gdas.adpupa.t12z.20000914.bufr,31004,2,2000-09-14T12:00:00,578,031000,Short delayed descriptor replication factor,1,,Numeric,numeric,0,0,1
31004_20000914_1200_12,Aldan,gdex_data\raw\2000\gdas.adpupa.t12z.20000914.bufr,31004,2,2000-09-14T12:00:00,579,010008,Geopotential,13916,,m2 s-2,numeric,0,-10000,20
31004_20000914_1200_12,Aldan,gdex_data\raw\2000\gdas.adpupa.t12z.20000914.bufr,31004,2,2000-09-14T12:00:00,580,031000,Short delayed descriptor replication factor,1,,Numeric,numeric,0,0,1
31004_20000914_1200_12,Aldan,gdex_data\raw\2000\gdas.adpupa.t12z.20000914.bufr,31004,2,2000-09-14T12:00:00,581,033193,QMAT     ON29 QUALITY MARK FOR TEMPERATURE,,,CODE TABLE,code,0,0,4
31004_20000914_1200_12,Aldan,gdex_data\raw\2000\gdas.adpupa.t12z.20000914.bufr,31004,2,2000-09-14T12:00:00,582,012225,Non-standard temperature,288.15,,K,numeric,1,0,16
31004_20000914_1200_12,Aldan,gdex_data\raw\2000\gdas.adpupa.t12z.20000914.bufr,31004,2,2000-09-14T12:00:00,583,033194,QMDD     ON29 QUALITY MARK FOR DEWPOINT DEPRESSION,,,CODE TABLE,code,0,0,4
31004_20000914_1200_12,Aldan,gdex_data\raw\2000\gdas.adpupa.t12z.20000914.bufr,31004,2,2000-09-14T12:00:00,584,012227,Non-standard dewpoint temperature,275.15,,K,numeric,1,0,16
31004_20000914_1200_12,Aldan,gdex_data\raw\2000\gdas.adpupa.t12z.20000914.bufr,31004,2,2000-09-14T12:00:00,585,031000,Short delayed descriptor replication factor,1,,Numeric,numeric,0,0,1
31004_20000914_1200_12,Aldan,gdex_data\raw\2000\gdas.adpupa.t12z.20000914.bufr,31004,2,2000-09-14T12:00:00,586,033195,QMWN     ON29 QUALITY MARK FOR WIND,,,CODE TABLE,code,0,0,4
31004_20000914_1200_12,Aldan,gdex_data\raw\2000\gdas.adpupa.t12z.20000914.bufr,31004,2,2000-09-14T12:00:00,587,011001,Wind direction,225,,degree true,numeric,0,0,9
31004_20000914_1200_12,Aldan,gdex_data\raw\2000\gdas.adpupa.t12z.20000914.bufr,31004,2,2000-09-14T12:00:00,588,011002,Wind speed,10.0,,m/s,numeric,1,0,12
31004_20000914_1200_12,Aldan,gdex_data\raw\2000\gdas.adpupa.t12z.20000914.bufr,31004,2,2000-09-14T12:00:00,589,031000,Short delayed descriptor replication factor,0,,Numeric,numeric,0,0,1
31004_20000914_1200_12,Aldan,gdex_data\raw\2000\gdas.adpupa.t12z.20000914.bufr,31004,2,2000-09-14T12:00:00,590,008001,Vertical sounding significance,32,,Flag table,numeric,0,0,7
31004_20000914_1200_12,Aldan,gdex_data\raw\2000\gdas.adpupa.t12z.20000914.bufr,31004,2,2000-09-14T12:00:00,591,033207,QMPR     ON29 QUALITY MARK FOR PRESSURE,,,CODE TABLE,code,0,0,4
31004_20000914_1200_12,Aldan,gdex_data\raw\2000\gdas.adpupa.t12z.20000914.bufr,31004,2,2000-09-14T12:00:00,592,007004,Pressure,70000.0,,Pa,numeric,-1,0,14
31004_20000914_1200_12,Aldan,gdex_data\raw\2000\gdas.adpupa.t12z.20000914.bufr,31004,2,2000-09-14T12:00:00,593,033192,QMGP     ON29 QUALITY MARK FOR GEOPOTENTIAL,,,CODE TABLE,code,0,0,4
31004_20000914_1200_12,Aldan,gdex_data\raw\2000\gdas.adpupa.t12z.20000914.bufr,31004,2,2000-09-14T12:00:00,594,031000,Short delayed descriptor replication factor,0,,Numeric,numeric,0,0,1
31004_20000914_1200_12,Aldan,gdex_data\raw\2000\gdas.adpupa.t12z.20000914.bufr,31004,2,2000-09-14T12:00:00,595,031000,Short delayed descriptor replication factor,1,,Numeric,numeric,0,0,1
31004_20000914_1200_12,Aldan,gdex_data\raw\2000\gdas.adpupa.t12z.20000914.bufr,31004,2,2000-09-14T12:00:00,596,010008,Geopotential,29596,,m2 s-2,numeric,0,-10000,20
31004_20000914_1200_12,Aldan,gdex_data\raw\2000\gdas.adpupa.t12z.20000914.bufr,31004,2,2000-09-14T12:00:00,597,031000,Short delayed descriptor replication factor,1,,Numeric,numeric,0,0,1
31004_20000914_1200_12,Aldan,gdex_data\raw\2000\gdas.adpupa.t12z.20000914.bufr,31004,2,2000-09-14T12:00:00,598,033193,QMAT     ON29 QUALITY MARK FOR TEMPERATURE,,,CODE TABLE,code,0,0,4
31004_20000914_1200_12,Aldan,gdex_data\raw\2000\gdas.adpupa.t12z.20000914.bufr,31004,2,2000-09-14T12:00:00,599,012225,Non-standard temperature,273.95,,K,numeric,1,0,16
31004_20000914_1200_12,Aldan,gdex_data\raw\2000\gdas.adpupa.t12z.20000914.bufr,31004,2,2000-09-14T12:00:00,600,033194,QMDD     ON29 QUALITY MARK FOR DEWPOINT DEPRESSION,,,CODE TABLE,code,0,0,4
31004_20000914_1200_12,Aldan,gdex_data\raw\2000\gdas.adpupa.t12z.20000914.bufr,31004,2,2000-09-14T12:00:00,601,012227,Non-standard dewpoint temperature,268.95,,K,numeric,1,0,16
31004_20000914_1200_12,Aldan,gdex_data\raw\2000\gdas.adpupa.t12z.20000914.bufr,31004,2,2000-09-14T12:00:00,602,031000,Short delayed descriptor replication factor,1,,Numeric,numeric,0,0,1
31004_20000914_1200_12,Aldan,gdex_data\raw\2000\gdas.adpupa.t12z.20000914.bufr,31004,2,2000-09-14T12:00:00,603,033195,QMWN     ON29 QUALITY MARK FOR WIND,,,CODE TABLE,code,0,0,4
31004_20000914_1200_12,Aldan,gdex_data\raw\2000\gdas.adpupa.t12z.20000914.bufr,31004,2,2000-09-14T12:00:00,604,011001,Wind direction,270,,degree true,numeric,0,0,9
31004_20000914_1200_12,Aldan,gdex_data\raw\2000\gdas.adpupa.t12z.20000914.bufr,31004,2,2000-09-14T12:00:00,605,011002,Wind speed,11.0,,m/s,numeric,1,0,12
31004_20000914_1200_12,Aldan,gdex_data\raw\2000\gdas.adpupa.t12z.20000914.bufr,31004,2,2000-09-14T12:00:00,606,031000,Short delayed descriptor replication factor,0,,Numeric,numeric,0,0,1
31004_20000914_1200_12,Aldan,gdex_data\raw\2000\gdas.adpupa.t12z.20000914.bufr,31004,2,2000-09-14T12:00:00,607,008001,Vertical sounding significance,32,,Flag table,numeric,0,0,7
31004_20000914_1200_12,Aldan,gdex_data\raw\2000\gdas.adpupa.t12z.20000914.bufr,31004,2,2000-09-14T12:00:00,608,033207,QMPR     ON29 QUALITY MARK FOR PRESSURE,,,CODE TABLE,code,0,0,4
31004_20000914_1200_12,Aldan,gdex_data\raw\2000\gdas.adpupa.t12z.20000914.bufr,31004,2,2000-09-14T12:00:00,609,007004,Pressure,50000.0,,Pa,numeric,-1,0,14
31004_20000914_1200_12,Aldan,gdex_data\raw\2000\gdas.adpupa.t12z.20000914.bufr,31004,2,2000-09-14T12:00:00,610,033192,QMGP     ON29 QUALITY MARK FOR GEOPOTENTIAL,,,CODE TABLE,code,0,0,4
31004_20000914_1200_12,Aldan,gdex_data\raw\2000\gdas.adpupa.t12z.20000914.bufr,31004,2,2000-09-14T12:00:00,611,031000,Short delayed descriptor replication factor,0,,Numeric,numeric,0,0,1
31004_20000914_1200_12,Aldan,gdex_data\raw\2000\gdas.adpupa.t12z.20000914.bufr,31004,2,2000-09-14T12:00:00,612,031000,Short delayed descriptor replication factor,1,,Numeric,numeric,0,0,1
31004_20000914_1200_12,Aldan,gdex_data\raw\2000\gdas.adpupa.t12z.20000914.bufr,31004,2,2000-09-14T12:00:00,613,010008,Geopotential,55076,,m2 s-2,numeric,0,-10000,20
31004_20000914_1200_12,Aldan,gdex_data\raw\2000\gdas.adpupa.t12z.20000914.bufr,31004,2,2000-09-14T12:00:00,614,031000,Short delayed descriptor replication factor,1,,Numeric,numeric,0,0,1
31004_20000914_1200_12,Aldan,gdex_data\raw\2000\gdas.adpupa.t12z.20000914.bufr,31004,2,2000-09-14T12:00:00,615,033193,QMAT     ON29 QUALITY MARK FOR TEMPERATURE,,,CODE TABLE,code,0,0,4
31004_20000914_1200_12,Aldan,gdex_data\raw\2000\gdas.adpupa.t12z.20000914.bufr,31004,2,2000-09-14T12:00:00,616,012225,Non-standard temperature,254.85,,K,numeric,1,0,16
31004_20000914_1200_12,Aldan,gdex_data\raw\2000\gdas.adpupa.t12z.20000914.bufr,31004,2,2000-09-14T12:00:00,617,033194,QMDD     ON29 QUALITY MARK FOR DEWPOINT DEPRESSION,,,CODE TABLE,code,0,0,4
31004_20000914_1200_12,Aldan,gdex_data\raw\2000\gdas.adpupa.t12z.20000914.bufr,31004,2,2000-09-14T12:00:00,618,012227,Non-standard dewpoint temperature,244.85,,K,numeric,1,0,16
31004_20000914_1200_12,Aldan,gdex_data\raw\2000\gdas.adpupa.t12z.20000914.bufr,31004,2,2000-09-14T12:00:00,619,031000,Short delayed descriptor replication factor,1,,Numeric,numeric,0,0,1
31004_20000914_1200_12,Aldan,gdex_data\raw\2000\gdas.adpupa.t12z.20000914.bufr,31004,2,2000-09-14T12:00:00,620,033195,QMWN     ON29 QUALITY MARK FOR WIND,,,CODE TABLE,code,0,0,4
31004_20000914_1200_12,Aldan,gdex_data\raw\2000\gdas.adpupa.t12z.20000914.bufr,31004,2,2000-09-14T12:00:00,621,011001,Wind direction,270,,degree true,numeric,0,0,9
31004_20000914_1200_12,Aldan,gdex_data\raw\2000\gdas.adpupa.t12z.20000914.bufr,31004,2,2000-09-14T12:00:00,622,011002,Wind speed,10.0,,m/s,numeric,1,0,12
31004_20000914_1200_12,Aldan,gdex_data\raw\2000\gdas.adpupa.t12z.20000914.bufr,31004,2,2000-09-14T12:00:00,623,031000,Short delayed descriptor replication factor,0,,Numeric,numeric,0,0,1
31004_20000914_1200_12,Aldan,gdex_data\raw\2000\gdas.adpupa.t12z.20000914.bufr,31004,2,2000-09-14T12:00:00,624,008001,Vertical sounding significance,32,,Flag table,numeric,0,0,7
31004_20000914_1200_12,Aldan,gdex_data\raw\2000\gdas.adpupa.t12z.20000914.bufr,31004,2,2000-09-14T12:00:00,625,033207,QMPR     ON29 QUALITY MARK FOR PRESSURE,,,CODE TABLE,code,0,0,4
31004_20000914_1200_12,Aldan,gdex_data\raw\2000\gdas.adpupa.t12z.20000914.bufr,31004,2,2000-09-14T12:00:00,626,007004,Pressure,40000.0,,Pa,numeric,-1,0,14
31004_20000914_1200_12,Aldan,gdex_data\raw\2000\gdas.adpupa.t12z.20000914.bufr,31004,2,2000-09-14T12:00:00,627,033192,QMGP     ON29 QUALITY MARK FOR GEOPOTENTIAL,,,CODE TABLE,code,0,0,4
31004_20000914_1200_12,Aldan,gdex_data\raw\2000\gdas.adpupa.t12z.20000914.bufr,31004,2,2000-09-14T12:00:00,628,031000,Short delayed descriptor replication factor,0,,Numeric,numeric,0,0,1
31004_20000914_1200_12,Aldan,gdex_data\raw\2000\gdas.adpupa.t12z.20000914.bufr,31004,2,2000-09-14T12:00:00,629,031000,Short delayed descriptor replication factor,1,,Numeric,numeric,0,0,1
31004_20000914_1200_12,Aldan,gdex_data\raw\2000\gdas.adpupa.t12z.20000914.bufr,31004,2,2000-09-14T12:00:00,630,010008,Geopotential,70952,,m2 s-2,numeric,0,-10000,20
31004_20000914_1200_12,Aldan,gdex_data\raw\2000\gdas.adpupa.t12z.20000914.bufr,31004,2,2000-09-14T12:00:00,631,031000,Short delayed descriptor replication factor,1,,Numeric,numeric,0,0,1
31004_20000914_1200_12,Aldan,gdex_data\raw\2000\gdas.adpupa.t12z.20000914.bufr,31004,2,2000-09-14T12:00:00,632,033193,QMAT     ON29 QUALITY MARK FOR TEMPERATURE,,,CODE TABLE,code,0,0,4
31004_20000914_1200_12,Aldan,gdex_data\raw\2000\gdas.adpupa.t12z.20000914.bufr,31004,2,2000-09-14T12:00:00,633,012225,Non-standard temperature,242.45,,K,numeric,1,0,16
31004_20000914_1200_12,Aldan,gdex_data\raw\2000\gdas.adpupa.t12z.20000914.bufr,31004,2,2000-09-14T12:00:00,634,033194,QMDD     ON29 QUALITY MARK FOR DEWPOINT DEPRESSION,,,CODE TABLE,code,0,0,4
31004_20000914_1200_12,Aldan,gdex_data\raw\2000\gdas.adpupa.t12z.20000914.bufr,31004,2,2000-09-14T12:00:00,635,012227,Non-standard dewpoint temperature,236.45,,K,numeric,1,0,16
31004_20000914_1200_12,Aldan,gdex_data\raw\2000\gdas.adpupa.t12z.20000914.bufr,31004,2,2000-09-14T12:00:00,636,031000,Short delayed descriptor replication factor,1,,Numeric,numeric,0,0,1
31004_20000914_1200_12,Aldan,gdex_data\raw\2000\gdas.adpupa.t12z.20000914.bufr,31004,2,2000-09-14T12:00:00,637,033195,QMWN     ON29 QUALITY MARK FOR WIND,,,CODE TABLE,code,0,0,4
31004_20000914_1200_12,Aldan,gdex_data\raw\2000\gdas.adpupa.t12z.20000914.bufr,31004,2,2000-09-14T12:00:00,638,011001,Wind direction,260,,degree true,numeric,0,0,9
31004_20000914_1200_12,Aldan,gdex_data\raw\2000\gdas.adpupa.t12z.20000914.bufr,31004,2,2000-09-14T12:00:00,639,011002,Wind speed,10.0,,m/s,numeric,1,0,12
31004_20000914_1200_12,Aldan,gdex_data\raw\2000\gdas.adpupa.t12z.20000914.bufr,31004,2,2000-09-14T12:00:00,640,031000,Short delayed descriptor replication factor,0,,Numeric,numeric,0,0,1
31004_20000914_1200_12,Aldan,gdex_data\raw\2000\gdas.adpupa.t12z.20000914.bufr,31004,2,2000-09-14T12:00:00,641,008001,Vertical sounding significance,32,,Flag table,numeric,0,0,7
31004_20000914_1200_12,Aldan,gdex_data\raw\2000\gdas.adpupa.t12z.20000914.bufr,31004,2,2000-09-14T12:00:00,642,033207,QMPR     ON29 QUALITY MARK FOR PRESSURE,,,CODE TABLE,code,0,0,4
31004_20000914_1200_12,Aldan,gdex_data\raw\2000\gdas.adpupa.t12z.20000914.bufr,31004,2,2000-09-14T12:00:00,643,007004,Pressure,30000.0,,Pa,numeric,-1,0,14
31004_20000914_1200_12,Aldan,gdex_data\raw\2000\gdas.adpupa.t12z.20000914.bufr,31004,2,2000-09-14T12:00:00,644,033192,QMGP     ON29 QUALITY MARK FOR GEOPOTENTIAL,,,CODE TABLE,code,0,0,4
31004_20000914_1200_12,Aldan,gdex_data\raw\2000\gdas.adpupa.t12z.20000914.bufr,31004,2,2000-09-14T12:00:00,645,031000,Short delayed descriptor replication factor,0,,Numeric,numeric,0,0,1
31004_20000914_1200_12,Aldan,gdex_data\raw\2000\gdas.adpupa.t12z.20000914.bufr,31004,2,2000-09-14T12:00:00,646,031000,Short delayed descriptor replication factor,1,,Numeric,numeric,0,0,1
31004_20000914_1200_12,Aldan,gdex_data\raw\2000\gdas.adpupa.t12z.20000914.bufr,31004,2,2000-09-14T12:00:00,647,010008,Geopotential,90356,,m2 s-2,numeric,0,-10000,20
31004_20000914_1200_12,Aldan,gdex_data\raw\2000\gdas.adpupa.t12z.20000914.bufr,31004,2,2000-09-14T12:00:00,648,031000,Short delayed descriptor replication factor,1,,Numeric,numeric,0,0,1
31004_20000914_1200_12,Aldan,gdex_data\raw\2000\gdas.adpupa.t12z.20000914.bufr,31004,2,2000-09-14T12:00:00,649,033193,QMAT     ON29 QUALITY MARK FOR TEMPERATURE,,,CODE TABLE,code,0,0,4
31004_20000914_1200_12,Aldan,gdex_data\raw\2000\gdas.adpupa.t12z.20000914.bufr,31004,2,2000-09-14T12:00:00,650,012225,Non-standard temperature,226.85,,K,numeric,1,0,16
31004_20000914_1200_12,Aldan,gdex_data\raw\2000\gdas.adpupa.t12z.20000914.bufr,31004,2,2000-09-14T12:00:00,651,033194,QMDD     ON29 QUALITY MARK FOR DEWPOINT DEPRESSION,,,CODE TABLE,code,0,0,4
31004_20000914_1200_12,Aldan,gdex_data\raw\2000\gdas.adpupa.t12z.20000914.bufr,31004,2,2000-09-14T12:00:00,652,012227,Non-standard dewpoint temperature,220.85,,K,numeric,1,0,16
31004_20000914_1200_12,Aldan,gdex_data\raw\2000\gdas.adpupa.t12z.20000914.bufr,31004,2,2000-09-14T12:00:00,653,031000,Short delayed descriptor replication factor,1,,Numeric,numeric,0,0,1
31004_20000914_1200_12,Aldan,gdex_data\raw\2000\gdas.adpupa.t12z.20000914.bufr,31004,2,2000-09-14T12:00:00,654,033195,QMWN     ON29 QUALITY MARK FOR WIND,,,CODE TABLE,code,0,0,4
31004_20000914_1200_12,Aldan,gdex_data\raw\2000\gdas.adpupa.t12z.20000914.bufr,31004,2,2000-09-14T12:00:00,655,011001,Wind direction,285,,degree true,numeric,0,0,9
31004_20000914_1200_12,Aldan,gdex_data\raw\2000\gdas.adpupa.t12z.20000914.bufr,31004,2,2000-09-14T12:00:00,656,011002,Wind speed,9.0,,m/s,numeric,1,0,12
31004_20000914_1200_12,Aldan,gdex_data\raw\2000\gdas.adpupa.t12z.20000914.bufr,31004,2,2000-09-14T12:00:00,657,031000,Short delayed descriptor replication factor,0,,Numeric,numeric,0,0,1
31004_20000914_1200_12,Aldan,gdex_data\raw\2000\gdas.adpupa.t12z.20000914.bufr,31004,2,2000-09-14T12:00:00,658,008001,Vertical sounding significance,32,,Flag table,numeric,0,0,7
31004_20000914_1200_12,Aldan,gdex_data\raw\2000\gdas.adpupa.t12z.20000914.bufr,31004,2,2000-09-14T12:00:00,659,033207,QMPR     ON29 QUALITY MARK FOR PRESSURE,,,CODE TABLE,code,0,0,4
31004_20000914_1200_12,Aldan,gdex_data\raw\2000\gdas.adpupa.t12z.20000914.bufr,31004,2,2000-09-14T12:00:00,660,007004,Pressure,25000.0,,Pa,numeric,-1,0,14
31004_20000914_1200_12,Aldan,gdex_data\raw\2000\gdas.adpupa.t12z.20000914.bufr,31004,2,2000-09-14T12:00:00,661,033192,QMGP     ON29 QUALITY MARK FOR GEOPOTENTIAL,,,CODE TABLE,code,0,0,4
31004_20000914_1200_12,Aldan,gdex_data\raw\2000\gdas.adpupa.t12z.20000914.bufr,31004,2,2000-09-14T12:00:00,662,031000,Short delayed descriptor replication factor,0,,Numeric,numeric,0,0,1
31004_20000914_1200_12,Aldan,gdex_data\raw\2000\gdas.adpupa.t12z.20000914.bufr,31004,2,2000-09-14T12:00:00,663,031000,Short delayed descriptor replication factor,1,,Numeric,numeric,0,0,1
31004_20000914_1200_12,Aldan,gdex_data\raw\2000\gdas.adpupa.t12z.20000914.bufr,31004,2,2000-09-14T12:00:00,664,010008,Geopotential,102018,,m2 s-2,numeric,0,-10000,20
31004_20000914_1200_12,Aldan,gdex_data\raw\2000\gdas.adpupa.t12z.20000914.bufr,31004,2,2000-09-14T12:00:00,665,031000,Short delayed descriptor replication factor,1,,Numeric,numeric,0,0,1
31004_20000914_1200_12,Aldan,gdex_data\raw\2000\gdas.adpupa.t12z.20000914.bufr,31004,2,2000-09-14T12:00:00,666,033193,QMAT     ON29 QUALITY MARK FOR TEMPERATURE,,,CODE TABLE,code,0,0,4
31004_20000914_1200_12,Aldan,gdex_data\raw\2000\gdas.adpupa.t12z.20000914.bufr,31004,2,2000-09-14T12:00:00,667,012225,Non-standard temperature,218.85,,K,numeric,1,0,16
31004_20000914_1200_12,Aldan,gdex_data\raw\2000\gdas.adpupa.t12z.20000914.bufr,31004,2,2000-09-14T12:00:00,668,033194,QMDD     ON29 QUALITY MARK FOR DEWPOINT DEPRESSION,,,CODE TABLE,code,0,0,4
31004_20000914_1200_12,Aldan,gdex_data\raw\2000\gdas.adpupa.t12z.20000914.bufr,31004,2,2000-09-14T12:00:00,669,012227,Non-standard dewpoint temperature,214.15,,K,numeric,1,0,16
31004_20000914_1200_12,Aldan,gdex_data\raw\2000\gdas.adpupa.t12z.20000914.bufr,31004,2,2000-09-14T12:00:00,670,031000,Short delayed descriptor replication factor,1,,Numeric,numeric,0,0,1
31004_20000914_1200_12,Aldan,gdex_data\raw\2000\gdas.adpupa.t12z.20000914.bufr,31004,2,2000-09-14T12:00:00,671,033195,QMWN     ON29 QUALITY MARK FOR WIND,,,CODE TABLE,code,0,0,4
31004_20000914_1200_12,Aldan,gdex_data\raw\2000\gdas.adpupa.t12z.20000914.bufr,31004,2,2000-09-14T12:00:00,672,011001,Wind direction,285,,degree true,numeric,0,0,9
31004_20000914_1200_12,Aldan,gdex_data\raw\2000\gdas.adpupa.t12z.20000914.bufr,31004,2,2000-09-14T12:00:00,673,011002,Wind speed,18.0,,m/s,numeric,1,0,12
31004_20000914_1200_12,Aldan,gdex_data\raw\2000\gdas.adpupa.t12z.20000914.bufr,31004,2,2000-09-14T12:00:00,674,031000,Short delayed descriptor replication factor,0,,Numeric,numeric,0,0,1
31004_20000914_1200_12,Aldan,gdex_data\raw\2000\gdas.adpupa.t12z.20000914.bufr,31004,2,2000-09-14T12:00:00,675,008001,Vertical sounding significance,32,,Flag table,numeric,0,0,7
31004_20000914_1200_12,Aldan,gdex_data\raw\2000\gdas.adpupa.t12z.20000914.bufr,31004,2,2000-09-14T12:00:00,676,033207,QMPR     ON29 QUALITY MARK FOR PRESSURE,,,CODE TABLE,code,0,0,4
31004_20000914_1200_12,Aldan,gdex_data\raw\2000\gdas.adpupa.t12z.20000914.bufr,31004,2,2000-09-14T12:00:00,677,007004,Pressure,20000.0,,Pa,numeric,-1,0,14
31004_20000914_1200_12,Aldan,gdex_data\raw\2000\gdas.adpupa.t12z.20000914.bufr,31004,2,2000-09-14T12:00:00,678,033192,QMGP     ON29 QUALITY MARK FOR GEOPOTENTIAL,,,CODE TABLE,code,0,0,4
31004_20000914_1200_12,Aldan,gdex_data\raw\2000\gdas.adpupa.t12z.20000914.bufr,31004,2,2000-09-14T12:00:00,679,031000,Short delayed descriptor replication factor,0,,Numeric,numeric,0,0,1
31004_20000914_1200_12,Aldan,gdex_data\raw\2000\gdas.adpupa.t12z.20000914.bufr,31004,2,2000-09-14T12:00:00,680,031000,Short delayed descriptor replication factor,1,,Numeric,numeric,0,0,1
31004_20000914_1200_12,Aldan,gdex_data\raw\2000\gdas.adpupa.t12z.20000914.bufr,31004,2,2000-09-14T12:00:00,681,010008,Geopotential,115836,,m2 s-2,numeric,0,-10000,20
31004_20000914_1200_12,Aldan,gdex_data\raw\2000\gdas.adpupa.t12z.20000914.bufr,31004,2,2000-09-14T12:00:00,682,031000,Short delayed descriptor replication factor,1,,Numeric,numeric,0,0,1
31004_20000914_1200_12,Aldan,gdex_data\raw\2000\gdas.adpupa.t12z.20000914.bufr,31004,2,2000-09-14T12:00:00,683,033193,QMAT     ON29 QUALITY MARK FOR TEMPERATURE,,,CODE TABLE,code,0,0,4
31004_20000914_1200_12,Aldan,gdex_data\raw\2000\gdas.adpupa.t12z.20000914.bufr,31004,2,2000-09-14T12:00:00,684,012225,Non-standard temperature,215.05,,K,numeric,1,0,16
31004_20000914_1200_12,Aldan,gdex_data\raw\2000\gdas.adpupa.t12z.20000914.bufr,31004,2,2000-09-14T12:00:00,685,033194,QMDD     ON29 QUALITY MARK FOR DEWPOINT DEPRESSION,,,CODE TABLE,code,0,0,4
31004_20000914_1200_12,Aldan,gdex_data\raw\2000\gdas.adpupa.t12z.20000914.bufr,31004,2,2000-09-14T12:00:00,686,012227,Non-standard dewpoint temperature,210.95,,K,numeric,1,0,16
31004_20000914_1200_12,Aldan,gdex_data\raw\2000\gdas.adpupa.t12z.20000914.bufr,31004,2,2000-09-14T12:00:00,687,031000,Short delayed descriptor replication factor,1,,Numeric,numeric,0,0,1
31004_20000914_1200_12,Aldan,gdex_data\raw\2000\gdas.adpupa.t12z.20000914.bufr,31004,2,2000-09-14T12:00:00,688,033195,QMWN     ON29 QUALITY MARK FOR WIND,,,CODE TABLE,code,0,0,4
31004_20000914_1200_12,Aldan,gdex_data\raw\2000\gdas.adpupa.t12z.20000914.bufr,31004,2,2000-09-14T12:00:00,689,011001,Wind direction,270,,degree true,numeric,0,0,9
31004_20000914_1200_12,Aldan,gdex_data\raw\2000\gdas.adpupa.t12z.20000914.bufr,31004,2,2000-09-14T12:00:00,690,011002,Wind speed,19.0,,m/s,numeric,1,0,12
31004_20000914_1200_12,Aldan,gdex_data\raw\2000\gdas.adpupa.t12z.20000914.bufr,31004,2,2000-09-14T12:00:00,691,031000,Short delayed descriptor replication factor,0,,Numeric,numeric,0,0,1
31004_20000914_1200_12,Aldan,gdex_data\raw\2000\gdas.adpupa.t12z.20000914.bufr,31004,2,2000-09-14T12:00:00,692,008001,Vertical sounding significance,32,,Flag table,numeric,0,0,7
31004_20000914_1200_12,Aldan,gdex_data\raw\2000\gdas.adpupa.t12z.20000914.bufr,31004,2,2000-09-14T12:00:00,693,033207,QMPR     ON29 QUALITY MARK FOR PRESSURE,,,CODE TABLE,code,0,0,4
31004_20000914_1200_12,Aldan,gdex_data\raw\2000\gdas.adpupa.t12z.20000914.bufr,31004,2,2000-09-14T12:00:00,694,007004,Pressure,15000.0,,Pa,numeric,-1,0,14
31004_20000914_1200_12,Aldan,gdex_data\raw\2000\gdas.adpupa.t12z.20000914.bufr,31004,2,2000-09-14T12:00:00,695,033192,QMGP     ON29 QUALITY MARK FOR GEOPOTENTIAL,,,CODE TABLE,code,0,0,4
31004_20000914_1200_12,Aldan,gdex_data\raw\2000\gdas.adpupa.t12z.20000914.bufr,31004,2,2000-09-14T12:00:00,696,031000,Short delayed descriptor replication factor,0,,Numeric,numeric,0,0,1
31004_20000914_1200_12,Aldan,gdex_data\raw\2000\gdas.adpupa.t12z.20000914.bufr,31004,2,2000-09-14T12:00:00,697,031000,Short delayed descriptor replication factor,1,,Numeric,numeric,0,0,1
31004_20000914_1200_12,Aldan,gdex_data\raw\2000\gdas.adpupa.t12z.20000914.bufr,31004,2,2000-09-14T12:00:00,698,010008,Geopotential,133574,,m2 s-2,numeric,0,-10000,20
31004_20000914_1200_12,Aldan,gdex_data\raw\2000\gdas.adpupa.t12z.20000914.bufr,31004,2,2000-09-14T12:00:00,699,031000,Short delayed descriptor replication factor,1,,Numeric,numeric,0,0,1
31004_20000914_1200_12,Aldan,gdex_data\raw\2000\gdas.adpupa.t12z.20000914.bufr,31004,2,2000-09-14T12:00:00,700,033193,QMAT     ON29 QUALITY MARK FOR TEMPERATURE,,,CODE TABLE,code,0,0,4
31004_20000914_1200_12,Aldan,gdex_data\raw\2000\gdas.adpupa.t12z.20000914.bufr,31004,2,2000-09-14T12:00:00,701,012225,Non-standard temperature,217.85,,K,numeric,1,0,16
31004_20000914_1200_12,Aldan,gdex_data\raw\2000\gdas.adpupa.t12z.20000914.bufr,31004,2,2000-09-14T12:00:00,702,033194,QMDD     ON29 QUALITY MARK FOR DEWPOINT DEPRESSION,,,CODE TABLE,code,0,0,4
31004_20000914_1200_12,Aldan,gdex_data\raw\2000\gdas.adpupa.t12z.20000914.bufr,31004,2,2000-09-14T12:00:00,703,012227,Non-standard dewpoint temperature,212.85,,K,numeric,1,0,16
31004_20000914_1200_12,Aldan,gdex_data\raw\2000\gdas.adpupa.t12z.20000914.bufr,31004,2,2000-09-14T12:00:00,704,031000,Short delayed descriptor replication factor,1,,Numeric,numeric,0,0,1
31004_20000914_1200_12,Aldan,gdex_data\raw\2000\gdas.adpupa.t12z.20000914.bufr,31004,2,2000-09-14T12:00:00,705,033195,QMWN     ON29 QUALITY MARK FOR WIND,,,CODE TABLE,code,0,0,4
31004_20000914_1200_12,Aldan,gdex_data\raw\2000\gdas.adpupa.t12z.20000914.bufr,31004,2,2000-09-14T12:00:00,706,011001,Wind direction,270,,degree true,numeric,0,0,9
31004_20000914_1200_12,Aldan,gdex_data\raw\2000\gdas.adpupa.t12z.20000914.bufr,31004,2,2000-09-14T12:00:00,707,011002,Wind speed,18.0,,m/s,numeric,1,0,12
31004_20000914_1200_12,Aldan,gdex_data\raw\2000\gdas.adpupa.t12z.20000914.bufr,31004,2,2000-09-14T12:00:00,708,031000,Short delayed descriptor replication factor,0,,Numeric,numeric,0,0,1
31004_20000914_1200_12,Aldan,gdex_data\raw\2000\gdas.adpupa.t12z.20000914.bufr,31004,2,2000-09-14T12:00:00,709,008001,Vertical sounding significance,32,,Flag table,numeric,0,0,7
31004_20000914_1200_12,Aldan,gdex_data\raw\2000\gdas.adpupa.t12z.20000914.bufr,31004,2,2000-09-14T12:00:00,710,033207,QMPR     ON29 QUALITY MARK FOR PRESSURE,,,CODE TABLE,code,0,0,4
31004_20000914_1200_12,Aldan,gdex_data\raw\2000\gdas.adpupa.t12z.20000914.bufr,31004,2,2000-09-14T12:00:00,711,007004,Pressure,10000.0,,Pa,numeric,-1,0,14
31004_20000914_1200_12,Aldan,gdex_data\raw\2000\gdas.adpupa.t12z.20000914.bufr,31004,2,2000-09-14T12:00:00,712,033192,QMGP     ON29 QUALITY MARK FOR GEOPOTENTIAL,,,CODE TABLE,code,0,0,4
31004_20000914_1200_12,Aldan,gdex_data\raw\2000\gdas.adpupa.t12z.20000914.bufr,31004,2,2000-09-14T12:00:00,713,031000,Short delayed descriptor replication factor,0,,Numeric,numeric,0,0,1
31004_20000914_1200_12,Aldan,gdex_data\raw\2000\gdas.adpupa.t12z.20000914.bufr,31004,2,2000-09-14T12:00:00,714,031000,Short delayed descriptor replication factor,1,,Numeric,numeric,0,0,1
31004_20000914_1200_12,Aldan,gdex_data\raw\2000\gdas.adpupa.t12z.20000914.bufr,31004,2,2000-09-14T12:00:00,715,010008,Geopotential,159054,,m2 s-2,numeric,0,-10000,20
31004_20000914_1200_12,Aldan,gdex_data\raw\2000\gdas.adpupa.t12z.20000914.bufr,31004,2,2000-09-14T12:00:00,716,031000,Short delayed descriptor replication factor,1,,Numeric,numeric,0,0,1
31004_20000914_1200_12,Aldan,gdex_data\raw\2000\gdas.adpupa.t12z.20000914.bufr,31004,2,2000-09-14T12:00:00,717,033193,QMAT     ON29 QUALITY MARK FOR TEMPERATURE,,,CODE TABLE,code,0,0,4
31004_20000914_1200_12,Aldan,gdex_data\raw\2000\gdas.adpupa.t12z.20000914.bufr,31004,2,2000-09-14T12:00:00,718,012225,Non-standard temperature,218.85,,K,numeric,1,0,16
31004_20000914_1200_12,Aldan,gdex_data\raw\2000\gdas.adpupa.t12z.20000914.bufr,31004,2,2000-09-14T12:00:00,719,033194,QMDD     ON29 QUALITY MARK FOR DEWPOINT DEPRESSION,,,CODE TABLE,code,0,0,4
31004_20000914_1200_12,Aldan,gdex_data\raw\2000\gdas.adpupa.t12z.20000914.bufr,31004,2,2000-09-14T12:00:00,720,012227,Non-standard dewpoint temperature,211.85,,K,numeric,1,0,16
31004_20000914_1200_12,Aldan,gdex_data\raw\2000\gdas.adpupa.t12z.20000914.bufr,31004,2,2000-09-14T12:00:00,721,031000,Short delayed descriptor replication factor,1,,Numeric,numeric,0,0,1
31004_20000914_1200_12,Aldan,gdex_data\raw\2000\gdas.adpupa.t12z.20000914.bufr,31004,2,2000-09-14T12:00:00,722,033195,QMWN     ON29 QUALITY MARK FOR WIND,,,CODE TABLE,code,0,0,4
31004_20000914_1200_12,Aldan,gdex_data\raw\2000\gdas.adpupa.t12z.20000914.bufr,31004,2,2000-09-14T12:00:00,723,011001,Wind direction,265,,degree true,numeric,0,0,9
31004_20000914_1200_12,Aldan,gdex_data\raw\2000\gdas.adpupa.t12z.20000914.bufr,31004,2,2000-09-14T12:00:00,724,011002,Wind speed,15.0,,m/s,numeric,1,0,12
31004_20000914_1200_12,Aldan,gdex_data\raw\2000\gdas.adpupa.t12z.20000914.bufr,31004,2,2000-09-14T12:00:00,725,031000,Short delayed descriptor replication factor,0,,Numeric,numeric,0,0,1
31004_20000914_1200_12,Aldan,gdex_data\raw\2000\gdas.adpupa.t12z.20000914.bufr,31004,2,2000-09-14T12:00:00,726,008001,Vertical sounding significance,16,,Flag table,numeric,0,0,7
31004_20000914_1200_12,Aldan,gdex_data\raw\2000\gdas.adpupa.t12z.20000914.bufr,31004,2,2000-09-14T12:00:00,727,033207,QMPR     ON29 QUALITY MARK FOR PRESSURE,,,CODE TABLE,code,0,0,4
31004_20000914_1200_12,Aldan,gdex_data\raw\2000\gdas.adpupa.t12z.20000914.bufr,31004,2,2000-09-14T12:00:00,728,007004,Pressure,21000.0,,Pa,numeric,-1,0,14
31004_20000914_1200_12,Aldan,gdex_data\raw\2000\gdas.adpupa.t12z.20000914.bufr,31004,2,2000-09-14T12:00:00,729,033192,QMGP     ON29 QUALITY MARK FOR GEOPOTENTIAL,,,CODE TABLE,code,0,0,4
31004_20000914_1200_12,Aldan,gdex_data\raw\2000\gdas.adpupa.t12z.20000914.bufr,31004,2,2000-09-14T12:00:00,730,031000,Short delayed descriptor replication factor,0,,Numeric,numeric,0,0,1
31004_20000914_1200_12,Aldan,gdex_data\raw\2000\gdas.adpupa.t12z.20000914.bufr,31004,2,2000-09-14T12:00:00,731,031000,Short delayed descriptor replication factor,0,,Numeric,numeric,0,0,1
31004_20000914_1200_12,Aldan,gdex_data\raw\2000\gdas.adpupa.t12z.20000914.bufr,31004,2,2000-09-14T12:00:00,732,031000,Short delayed descriptor replication factor,1,,Numeric,numeric,0,0,1
31004_20000914_1200_12,Aldan,gdex_data\raw\2000\gdas.adpupa.t12z.20000914.bufr,31004,2,2000-09-14T12:00:00,733,033193,QMAT     ON29 QUALITY MARK FOR TEMPERATURE,,,CODE TABLE,code,0,0,4
31004_20000914_1200_12,Aldan,gdex_data\raw\2000\gdas.adpupa.t12z.20000914.bufr,31004,2,2000-09-14T12:00:00,734,012225,Non-standard temperature,214.05,,K,numeric,1,0,16
31004_20000914_1200_12,Aldan,gdex_data\raw\2000\gdas.adpupa.t12z.20000914.bufr,31004,2,2000-09-14T12:00:00,735,033194,QMDD     ON29 QUALITY MARK FOR DEWPOINT DEPRESSION,,,CODE TABLE,code,0,0,4
31004_20000914_1200_12,Aldan,gdex_data\raw\2000\gdas.adpupa.t12z.20000914.bufr,31004,2,2000-09-14T12:00:00,736,012227,Non-standard dewpoint temperature,210.05,,K,numeric,1,0,16
31004_20000914_1200_12,Aldan,gdex_data\raw\2000\gdas.adpupa.t12z.20000914.bufr,31004,2,2000-09-14T12:00:00,737,031000,Short delayed descriptor replication factor,1,,Numeric,numeric,0,0,1
31004_20000914_1200_12,Aldan,gdex_data\raw\2000\gdas.adpupa.t12z.20000914.bufr,31004,2,2000-09-14T12:00:00,738,033195,QMWN     ON29 QUALITY MARK FOR WIND,,,CODE TABLE,code,0,0,4
31004_20000914_1200_12,Aldan,gdex_data\raw\2000\gdas.adpupa.t12z.20000914.bufr,31004,2,2000-09-14T12:00:00,739,011001,Wind direction,275,,degree true,numeric,0,0,9
31004_20000914_1200_12,Aldan,gdex_data\raw\2000\gdas.adpupa.t12z.20000914.bufr,31004,2,2000-09-14T12:00:00,740,011002,Wind speed,19.0,,m/s,numeric,1,0,12
31004_20000914_1200_12,Aldan,gdex_data\raw\2000\gdas.adpupa.t12z.20000914.bufr,31004,2,2000-09-14T12:00:00,741,031000,Short delayed descriptor replication factor,0,,Numeric,numeric,0,0,1
31004_20000914_1200_12,Aldan,gdex_data\raw\2000\gdas.adpupa.t12z.20000914.bufr,31004,2,2000-09-14T12:00:00,742,008001,Vertical sounding significance,32,,Flag table,numeric,0,0,7
31004_20000914_1200_12,Aldan,gdex_data\raw\2000\gdas.adpupa.t12z.20000914.bufr,31004,2,2000-09-14T12:00:00,743,033207,QMPR     ON29 QUALITY MARK FOR PRESSURE,,,CODE TABLE,code,0,0,4
31004_20000914_1200_12,Aldan,gdex_data\raw\2000\gdas.adpupa.t12z.20000914.bufr,31004,2,2000-09-14T12:00:00,744,007004,Pressure,7000.0,,Pa,numeric,-1,0,14
31004_20000914_1200_12,Aldan,gdex_data\raw\2000\gdas.adpupa.t12z.20000914.bufr,31004,2,2000-09-14T12:00:00,745,033192,QMGP     ON29 QUALITY MARK FOR GEOPOTENTIAL,,,CODE TABLE,code,0,0,4
31004_20000914_1200_12,Aldan,gdex_data\raw\2000\gdas.adpupa.t12z.20000914.bufr,31004,2,2000-09-14T12:00:00,746,031000,Short delayed descriptor replication factor,0,,Numeric,numeric,0,0,1
31004_20000914_1200_12,Aldan,gdex_data\raw\2000\gdas.adpupa.t12z.20000914.bufr,31004,2,2000-09-14T12:00:00,747,031000,Short delayed descriptor replication factor,1,,Numeric,numeric,0,0,1
31004_20000914_1200_12,Aldan,gdex_data\raw\2000\gdas.adpupa.t12z.20000914.bufr,31004,2,2000-09-14T12:00:00,748,010008,Geopotential,181496,,m2 s-2,numeric,0,-10000,20
31004_20000914_1200_12,Aldan,gdex_data\raw\2000\gdas.adpupa.t12z.20000914.bufr,31004,2,2000-09-14T12:00:00,749,031000,Short delayed descriptor replication factor,1,,Numeric,numeric,0,0,1
31004_20000914_1200_12,Aldan,gdex_data\raw\2000\gdas.adpupa.t12z.20000914.bufr,31004,2,2000-09-14T12:00:00,750,033193,QMAT     ON29 QUALITY MARK FOR TEMPERATURE,,,CODE TABLE,code,0,0,4
31004_20000914_1200_12,Aldan,gdex_data\raw\2000\gdas.adpupa.t12z.20000914.bufr,31004,2,2000-09-14T12:00:00,751,012225,Non-standard temperature,219.45,,K,numeric,1,0,16
31004_20000914_1200_12,Aldan,gdex_data\raw\2000\gdas.adpupa.t12z.20000914.bufr,31004,2,2000-09-14T12:00:00,752,033194,QMDD     ON29 QUALITY MARK FOR DEWPOINT DEPRESSION,,,CODE TABLE,code,0,0,4
31004_20000914_1200_12,Aldan,gdex_data\raw\2000\gdas.adpupa.t12z.20000914.bufr,31004,2,2000-09-14T12:00:00,753,012227,Non-standard dewpoint temperature,211.45,,K,numeric,1,0,16
31004_20000914_1200_12,Aldan,gdex_data\raw\2000\gdas.adpupa.t12z.20000914.bufr,31004,2,2000-09-14T12:00:00,754,031000,Short delayed descriptor replication factor,1,,Numeric,numeric,0,0,1
31004_20000914_1200_12,Aldan,gdex_data\raw\2000\gdas.adpupa.t12z.20000914.bufr,31004,2,2000-09-14T12:00:00,755,033195,QMWN     ON29 QUALITY MARK FOR WIND,,,CODE TABLE,code,0,0,4
31004_20000914_1200_12,Aldan,gdex_data\raw\2000\gdas.adpupa.t12z.20000914.bufr,31004,2,2000-09-14T12:00:00,756,011001,Wind direction,260,,degree true,numeric,0,0,9
31004_20000914_1200_12,Aldan,gdex_data\raw\2000\gdas.adpupa.t12z.20000914.bufr,31004,2,2000-09-14T12:00:00,757,011002,Wind speed,10.0,,m/s,numeric,1,0,12
31004_20000914_1200_12,Aldan,gdex_data\raw\2000\gdas.adpupa.t12z.20000914.bufr,31004,2,2000-09-14T12:00:00,758,031000,Short delayed descriptor replication factor,0,,Numeric,numeric,0,0,1
31004_20000914_1200_12,Aldan,gdex_data\raw\2000\gdas.adpupa.t12z.20000914.bufr,31004,2,2000-09-14T12:00:00,759,008001,Vertical sounding significance,32,,Flag table,numeric,0,0,7
31004_20000914_1200_12,Aldan,gdex_data\raw\2000\gdas.adpupa.t12z.20000914.bufr,31004,2,2000-09-14T12:00:00,760,033207,QMPR     ON29 QUALITY MARK FOR PRESSURE,,,CODE TABLE,code,0,0,4
31004_20000914_1200_12,Aldan,gdex_data\raw\2000\gdas.adpupa.t12z.20000914.bufr,31004,2,2000-09-14T12:00:00,761,007004,Pressure,5000.0,,Pa,numeric,-1,0,14
31004_20000914_1200_12,Aldan,gdex_data\raw\2000\gdas.adpupa.t12z.20000914.bufr,31004,2,2000-09-14T12:00:00,762,033192,QMGP     ON29 QUALITY MARK FOR GEOPOTENTIAL,,,CODE TABLE,code,0,0,4
31004_20000914_1200_12,Aldan,gdex_data\raw\2000\gdas.adpupa.t12z.20000914.bufr,31004,2,2000-09-14T12:00:00,763,031000,Short delayed descriptor replication factor,0,,Numeric,numeric,0,0,1
31004_20000914_1200_12,Aldan,gdex_data\raw\2000\gdas.adpupa.t12z.20000914.bufr,31004,2,2000-09-14T12:00:00,764,031000,Short delayed descriptor replication factor,1,,Numeric,numeric,0,0,1
31004_20000914_1200_12,Aldan,gdex_data\raw\2000\gdas.adpupa.t12z.20000914.bufr,31004,2,2000-09-14T12:00:00,765,010008,Geopotential,202664,,m2 s-2,numeric,0,-10000,20
31004_20000914_1200_12,Aldan,gdex_data\raw\2000\gdas.adpupa.t12z.20000914.bufr,31004,2,2000-09-14T12:00:00,766,031000,Short delayed descriptor replication factor,1,,Numeric,numeric,0,0,1
31004_20000914_1200_12,Aldan,gdex_data\raw\2000\gdas.adpupa.t12z.20000914.bufr,31004,2,2000-09-14T12:00:00,767,033193,QMAT     ON29 QUALITY MARK FOR TEMPERATURE,,,CODE TABLE,code,0,0,4
31004_20000914_1200_12,Aldan,gdex_data\raw\2000\gdas.adpupa.t12z.20000914.bufr,31004,2,2000-09-14T12:00:00,768,012225,Non-standard temperature,219.85,,K,numeric,1,0,16
31004_20000914_1200_12,Aldan,gdex_data\raw\2000\gdas.adpupa.t12z.20000914.bufr,31004,2,2000-09-14T12:00:00,769,033194,QMDD     ON29 QUALITY MARK FOR DEWPOINT DEPRESSION,,,CODE TABLE,code,0,0,4
31004_20000914_1200_12,Aldan,gdex_data\raw\2000\gdas.adpupa.t12z.20000914.bufr,31004,2,2000-09-14T12:00:00,770,012227,Non-standard dewpoint temperature,210.85,,K,numeric,1,0,16
31004_20000914_1200_12,Aldan,gdex_data\raw\2000\gdas.adpupa.t12z.20000914.bufr,31004,2,2000-09-14T12:00:00,771,031000,Short delayed descriptor replication factor,1,,Numeric,numeric,0,0,1
31004_20000914_1200_12,Aldan,gdex_data\raw\2000\gdas.adpupa.t12z.20000914.bufr,31004,2,2000-09-14T12:00:00,772,033195,QMWN     ON29 QUALITY MARK FOR WIND,,,CODE TABLE,code,0,0,4
31004_20000914_1200_12,Aldan,gdex_data\raw\2000\gdas.adpupa.t12z.20000914.bufr,31004,2,2000-09-14T12:00:00,773,011001,Wind direction,300,,degree true,numeric,0,0,9
31004_20000914_1200_12,Aldan,gdex_data\raw\2000\gdas.adpupa.t12z.20000914.bufr,31004,2,2000-09-14T12:00:00,774,011002,Wind speed,14.0,,m/s,numeric,1,0,12
31004_20000914_1200_12,Aldan,gdex_data\raw\2000\gdas.adpupa.t12z.20000914.bufr,31004,2,2000-09-14T12:00:00,775,031000,Short delayed descriptor replication factor,0,,Numeric,numeric,0,0,1
31004_20000914_1200_12,Aldan,gdex_data\raw\2000\gdas.adpupa.t12z.20000914.bufr,31004,2,2000-09-14T12:00:00,776,031000,Short delayed descriptor replication factor,1,,Numeric,numeric,0,0,1
31004_20000914_1200_12,Aldan,gdex_data\raw\2000\gdas.adpupa.t12z.20000914.bufr,31004,2,2000-09-14T12:00:00,777,033218,QMST     ON29 QUALITY MARK FOR SEA SURFACE TEMPERATURE,,,CODE TABLE,code,0,0,4
31004_20000914_1200_12,Aldan,gdex_data\raw\2000\gdas.adpupa.t12z.20000914.bufr,31004,2,2000-09-14T12:00:00,778,022043,Sea/water temperature,,,K,numeric,2,0,15
31004_20000914_1200_12,Aldan,gdex_data\raw\2000\gdas.adpupa.t12z.20000914.bufr,31004,2,2000-09-14T12:00:00,779,002013,Solar and infrared radiation correction,5,,Code table,numeric,0,0,4
31004_20000914_1200_12,Aldan,gdex_data\raw\2000\gdas.adpupa.t12z.20000914.bufr,31004,2,2000-09-14T12:00:00,780,002014,Tracking technique/status of system used,3,,Code table,numeric,0,0,7
31004_20000914_1200_12,Aldan,gdex_data\raw\2000\gdas.adpupa.t12z.20000914.bufr,31004,2,2000-09-14T12:00:00,781,004210,UALNHR   RADIOSONDE LAUNCH HOUR,11,,HOUR,numeric,0,0,5
31004_20000914_1200_12,Aldan,gdex_data\raw\2000\gdas.adpupa.t12z.20000914.bufr,31004,2,2000-09-14T12:00:00,782,004211,UALNMN   RADIOSONDE LAUNCH MINUTE,30,,MINUTE,numeric,0,0,6
31004_20000914_1200_12,Aldan,gdex_data\raw\2000\gdas.adpupa.t12z.20000914.bufr,31004,2,2000-09-14T12:00:00,783,031001,Delayed descriptor replication factor,0,,Numeric,numeric,0,0,8
31004_20000914_1200_12,Aldan,gdex_data\raw\2000\gdas.adpupa.t12z.20000914.bufr,31004,2,2000-09-14T12:00:00,784,031001,Delayed descriptor replication factor,106,,Numeric,numeric,0,0,8
31004_20000914_1200_12,Aldan,gdex_data\raw\2000\gdas.adpupa.t12z.20000914.bufr,31004,2,2000-09-14T12:00:00,785,058008,RRSTG    RAW REPORT STRING,b'TTBB 141',,CCITT IA5,numeric,0,0,64
31004_20000914_1200_12,Aldan,gdex_data\raw\2000\gdas.adpupa.t12z.20000914.bufr,31004,2,2000-09-14T12:00:00,786,058008,RRSTG    RAW REPORT STRING,b'23 31004',,CCITT IA5,numeric,0,0,64
31004_20000914_1200_12,Aldan,gdex_data\raw\2000\gdas.adpupa.t12z.20000914.bufr,31004,2,2000-09-14T12:00:00,787,058008,RRSTG    RAW REPORT STRING,b' 00927 1',,CCITT IA5,numeric,0,0,64
31004_20000914_1200_12,Aldan,gdex_data\raw\2000\gdas.adpupa.t12z.20000914.bufr,31004,2,2000-09-14T12:00:00,788,058008,RRSTG    RAW REPORT STRING,b'2023 119',,CCITT IA5,numeric,0,0,64
31004_20000914_1200_12,Aldan,gdex_data\raw\2000\gdas.adpupa.t12z.20000914.bufr,31004,2,2000-09-14T12:00:00,789,058008,RRSTG    RAW REPORT STRING,b'14 17456',,CCITT IA5,numeric,0,0,64
31004_20000914_1200_12,Aldan,gdex_data\raw\2000\gdas.adpupa.t12z.20000914.bufr,31004,2,2000-09-14T12:00:00,790,058008,RRSTG    RAW REPORT STRING,b' 22852 1',,CCITT IA5,numeric,0,0,64
31004_20000914_1200_12,Aldan,gdex_data\raw\2000\gdas.adpupa.t12z.20000914.bufr,31004,2,2000-09-14T12:00:00,791,058008,RRSTG    RAW REPORT STRING,b'5264 336',,CCITT IA5,numeric,0,0,64
31004_20000914_1200_12,Aldan,gdex_data\raw\2000\gdas.adpupa.t12z.20000914.bufr,31004,2,2000-09-14T12:00:00,792,058008,RRSTG    RAW REPORT STRING,b'85 00756',,CCITT IA5,numeric,0,0,64
31004_20000914_1200_12,Aldan,gdex_data\raw\2000\gdas.adpupa.t12z.20000914.bufr,31004,2,2000-09-14T12:00:00,793,058008,RRSTG    RAW REPORT STRING,b' 44572 1',,CCITT IA5,numeric,0,0,64
31004_20000914_1200_12,Aldan,gdex_data\raw\2000\gdas.adpupa.t12z.20000914.bufr,31004,2,2000-09-14T12:00:00,794,058008,RRSTG    RAW REPORT STRING,b'3126 554',,CCITT IA5,numeric,0,0,64
31004_20000914_1200_12,Aldan,gdex_data\raw\2000\gdas.adpupa.t12z.20000914.bufr,31004,2,2000-09-14T12:00:00,795,058008,RRSTG    RAW REPORT STRING,b'75 20960',,CCITT IA5,numeric,0,0,64
31004_20000914_1200_12,Aldan,gdex_data\raw\2000\gdas.adpupa.t12z.20000914.bufr,31004,2,2000-09-14T12:00:00,796,058008,RRSTG    RAW REPORT STRING,b' 66334 4',,CCITT IA5,numeric,0,0,64
31004_20000914_1200_12,Aldan,gdex_data\raw\2000\gdas.adpupa.t12z.20000914.bufr,31004,2,2000-09-14T12:00:00,797,058008,RRSTG    RAW REPORT STRING,b'0556 772',,CCITT IA5,numeric,0,0,64
31004_20000914_1200_12,Aldan,gdex_data\raw\2000\gdas.adpupa.t12z.20000914.bufr,31004,2,2000-09-14T12:00:00,798,058008,RRSTG    RAW REPORT STRING,b'66 52150',,CCITT IA5,numeric,0,0,64
31004_20000914_1200_12,Aldan,gdex_data\raw\2000\gdas.adpupa.t12z.20000914.bufr,31004,2,2000-09-14T12:00:00,799,058008,RRSTG    RAW REPORT STRING,b' 88210 5',,CCITT IA5,numeric,0,0,64
31004_20000914_1200_12,Aldan,gdex_data\raw\2000\gdas.adpupa.t12z.20000914.bufr,31004,2,2000-09-14T12:00:00,800,058008,RRSTG    RAW REPORT STRING,b'9140 991',,CCITT IA5,numeric,0,0,64
31004_20000914_1200_12,Aldan,gdex_data\raw\2000\gdas.adpupa.t12z.20000914.bufr,31004,2,2000-09-14T12:00:00,801,058008,RRSTG    RAW REPORT STRING,b'94 57740',,CCITT IA5,numeric,0,0,64
31004_20000914_1200_12,Aldan,gdex_data\raw\2000\gdas.adpupa.t12z.20000914.bufr,31004,2,2000-09-14T12:00:00,802,058008,RRSTG    RAW REPORT STRING,b' 11166 5',,CCITT IA5,numeric,0,0,64
31004_20000914_1200_12,Aldan,gdex_data\raw\2000\gdas.adpupa.t12z.20000914.bufr,31004,2,2000-09-14T12:00:00,803,058008,RRSTG    RAW REPORT STRING,b'7346 221',,CCITT IA5,numeric,0,0,64
31004_20000914_1200_12,Aldan,gdex_data\raw\2000\gdas.adpupa.t12z.20000914.bufr,31004,2,2000-09-14T12:00:00,804,058008,RRSTG    RAW REPORT STRING,b'04 54157',,CCITT IA5,numeric,0,0,64
31004_20000914_1200_12,Aldan,gdex_data\raw\2000\gdas.adpupa.t12z.20000914.bufr,31004,2,2000-09-14T12:00:00,805,058008,RRSTG    RAW REPORT STRING,b' 21212 0',,CCITT IA5,numeric,0,0,64
31004_20000914_1200_12,Aldan,gdex_data\raw\2000\gdas.adpupa.t12z.20000914.bufr,31004,2,2000-09-14T12:00:00,806,058008,RRSTG    RAW REPORT STRING,b'0927 205',,CCITT IA5,numeric,0,0,64
31004_20000914_1200_12,Aldan,gdex_data\raw\2000\gdas.adpupa.t12z.20000914.bufr,31004,2,2000-09-14T12:00:00,807,058008,RRSTG    RAW REPORT STRING,b'02 11914',,CCITT IA5,numeric,0,0,64
31004_20000914_1200_12,Aldan,gdex_data\raw\2000\gdas.adpupa.t12z.20000914.bufr,31004,2,2000-09-14T12:00:00,808,058008,RRSTG    RAW REPORT STRING,b' 22506 2',,CCITT IA5,numeric,0,0,64
31004_20000914_1200_12,Aldan,gdex_data\raw\2000\gdas.adpupa.t12z.20000914.bufr,31004,2,2000-09-14T12:00:00,809,058008,RRSTG    RAW REPORT STRING,b'2852 225',,CCITT IA5,numeric,0,0,64
31004_20000914_1200_12,Aldan,gdex_data\raw\2000\gdas.adpupa.t12z.20000914.bufr,31004,2,2000-09-14T12:00:00,810,058008,RRSTG    RAW REPORT STRING,b'10 33685',,CCITT IA5,numeric,0,0,64
31004_20000914_1200_12,Aldan,gdex_data\raw\2000\gdas.adpupa.t12z.20000914.bufr,31004,2,2000-09-14T12:00:00,811,058008,RRSTG    RAW REPORT STRING,b' 27510 4',,CCITT IA5,numeric,0,0,64
31004_20000914_1200_12,Aldan,gdex_data\raw\2000\gdas.adpupa.t12z.20000914.bufr,31004,2,2000-09-14T12:00:00,812,058008,RRSTG    RAW REPORT STRING,b'4543 265',,CCITT IA5,numeric,0,0,64
31004_20000914_1200_12,Aldan,gdex_data\raw\2000\gdas.adpupa.t12z.20000914.bufr,31004,2,2000-09-14T12:00:00,813,058008,RRSTG    RAW REPORT STRING,b'12 55475',,CCITT IA5,numeric,0,0,64
31004_20000914_1200_12,Aldan,gdex_data\raw\2000\gdas.adpupa.t12z.20000914.bufr,31004,2,2000-09-14T12:00:00,814,058008,RRSTG    RAW REPORT STRING,b' 27008 6',,CCITT IA5,numeric,0,0,64
31004_20000914_1200_12,Aldan,gdex_data\raw\2000\gdas.adpupa.t12z.20000914.bufr,31004,2,2000-09-14T12:00:00,815,058008,RRSTG    RAW REPORT STRING,b'6414 255',,CCITT IA5,numeric,0,0,64
31004_20000914_1200_12,Aldan,gdex_data\raw\2000\gdas.adpupa.t12z.20000914.bufr,31004,2,2000-09-14T12:00:00,816,058008,RRSTG    RAW REPORT STRING,b'11 77334',,CCITT IA5,numeric,0,0,64
31004_20000914_1200_12,Aldan,gdex_data\raw\2000\gdas.adpupa.t12z.20000914.bufr,31004,2,2000-09-14T12:00:00,817,058008,RRSTG    RAW REPORT STRING,b' 29005 8',,CCITT IA5,numeric,0,0,64
31004_20000914_1200_12,Aldan,gdex_data\raw\2000\gdas.adpupa.t12z.20000914.bufr,31004,2,2000-09-14T12:00:00,818,058008,RRSTG    RAW REPORT STRING,b'8228 275',,CCITT IA5,numeric,0,0,64
31004_20000914_1200_12,Aldan,gdex_data\raw\2000\gdas.adpupa.t12z.20000914.bufr,31004,2,2000-09-14T12:00:00,819,058008,RRSTG    RAW REPORT STRING,b'17 99142',,CCITT IA5,numeric,0,0,64
31004_20000914_1200_12,Aldan,gdex_data\raw\2000\gdas.adpupa.t12z.20000914.bufr,31004,2,2000-09-14T12:00:00,820,058008,RRSTG    RAW REPORT STRING,b' 26521 1',,CCITT IA5,numeric,0,0,64
31004_20000914_1200_12,Aldan,gdex_data\raw\2000\gdas.adpupa.t12z.20000914.bufr,31004,2,2000-09-14T12:00:00,821,058008,RRSTG    RAW REPORT STRING,b'1121 285',,CCITT IA5,numeric,0,0,64
31004_20000914_1200_12,Aldan,gdex_data\raw\2000\gdas.adpupa.t12z.20000914.bufr,31004,2,2000-09-14T12:00:00,822,058008,RRSTG    RAW REPORT STRING,b'18 22104',,CCITT IA5,numeric,0,0,64
31004_20000914_1200_12,Aldan,gdex_data\raw\2000\gdas.adpupa.t12z.20000914.bufr,31004,2,2000-09-14T12:00:00,823,058008,RRSTG    RAW REPORT STRING,b' 26017 3',,CCITT IA5,numeric,0,0,64
31004_20000914_1200_12,Aldan,gdex_data\raw\2000\gdas.adpupa.t12z.20000914.bufr,31004,2,2000-09-14T12:00:00,824,058008,RRSTG    RAW REPORT STRING,b'1313 527',,CCITT IA5,numeric,0,0,64
31004_20000914_1200_12,Aldan,gdex_data\raw\2000\gdas.adpupa.t12z.20000914.bufr,31004,2,2000-09-14T12:00:00,825,058008,RRSTG    RAW REPORT STRING,b'03 81130',,CCITT IA5,numeric,0,0,64
31004_20000914_1200_12,Aldan,gdex_data\raw\2000\gdas.adpupa.t12z.20000914.bufr,31004,2,2000-09-14T12:00:00,826,058008,RRSTG    RAW REPORT STRING,b' 41414 2',,CCITT IA5,numeric,0,0,64
31004_20000914_1200_12,Aldan,gdex_data\raw\2000\gdas.adpupa.t12z.20000914.bufr,31004,2,2000-09-14T12:00:00,827,058008,RRSTG    RAW REPORT STRING,b'4601    ',,CCITT IA5,numeric,0,0,64
31004_20000914_1200_12,Aldan,gdex_data\raw\2000\gdas.adpupa.t12z.20000914.bufr,31004,2,2000-09-14T12:00:00,828,058008,RRSTG    RAW REPORT STRING,b'TTDD 141',,CCITT IA5,numeric,0,0,64
31004_20000914_1200_12,Aldan,gdex_data\raw\2000\gdas.adpupa.t12z.20000914.bufr,31004,2,2000-09-14T12:00:00,829,058008,RRSTG    RAW REPORT STRING,b'2/ 31004',,CCITT IA5,numeric,0,0,64
31004_20000914_1200_12,Aldan,gdex_data\raw\2000\gdas.adpupa.t12z.20000914.bufr,31004,2,2000-09-14T12:00:00,830,058008,RRSTG    RAW REPORT STRING,b' 11959 5',,CCITT IA5,numeric,0,0,64
31004_20000914_1200_12,Aldan,gdex_data\raw\2000\gdas.adpupa.t12z.20000914.bufr,31004,2,2000-09-14T12:00:00,831,058008,RRSTG    RAW REPORT STRING,b'4557 224',,CCITT IA5,numeric,0,0,64
31004_20000914_1200_12,Aldan,gdex_data\raw\2000\gdas.adpupa.t12z.20000914.bufr,31004,2,2000-09-14T12:00:00,832,058008,RRSTG    RAW REPORT STRING,b'76 52959',,CCITT IA5,numeric,0,0,64
31004_20000914_1200_12,Aldan,gdex_data\raw\2000\gdas.adpupa.t12z.20000914.bufr,31004,2,2000-09-14T12:00:00,833,058008,RRSTG    RAW REPORT STRING,b' 33346 5',,CCITT IA5,numeric,0,0,64
31004_20000914_1200_12,Aldan,gdex_data\raw\2000\gdas.adpupa.t12z.20000914.bufr,31004,2,2000-09-14T12:00:00,834,058008,RRSTG    RAW REPORT STRING,b'2960 212',,CCITT IA5,numeric,0,0,64
31004_20000914_1200_12,Aldan,gdex_data\raw\2000\gdas.adpupa.t12z.20000914.bufr,31004,2,2000-09-14T12:00:00,835,058008,RRSTG    RAW REPORT STRING,b'12 11959',,CCITT IA5,numeric,0,0,64
31004_20000914_1200_12,Aldan,gdex_data\raw\2000\gdas.adpupa.t12z.20000914.bufr,31004,2,2000-09-14T12:00:00,836,058008,RRSTG    RAW REPORT STRING,b' 27012 2',,CCITT IA5,numeric,0,0,64
31004_20000914_1200_12,Aldan,gdex_data\raw\2000\gdas.adpupa.t12z.20000914.bufr,31004,2,2000-09-14T12:00:00,837,058008,RRSTG    RAW REPORT STRING,b'2760 270',,CCITT IA5,numeric,0,0,64
31004_20000914_1200_12,Aldan,gdex_data\raw\2000\gdas.adpupa.t12z.20000914.bufr,31004,2,2000-09-14T12:00:00,838,058008,RRSTG    RAW REPORT STRING,b'11 33650',,CCITT IA5,numeric,0,0,64
31004_20000914_1200_12,Aldan,gdex_data\raw\2000\gdas.adpupa.t12z.20000914.bufr,31004,2,2000-09-14T12:00:00,839,058008,RRSTG    RAW REPORT STRING,b' 25013 4',,CCITT IA5,numeric,0,0,64
31004_20000914_1200_12,Aldan,gdex_data\raw\2000\gdas.adpupa.t12z.20000914.bufr,31004,2,2000-09-14T12:00:00,840,058008,RRSTG    RAW REPORT STRING,b'4601 275',,CCITT IA5,numeric,0,0,64
31004_20000914_1200_12,Aldan,gdex_data\raw\2000\gdas.adpupa.t12z.20000914.bufr,31004,2,2000-09-14T12:00:00,841,058008,RRSTG    RAW REPORT STRING,b'12 55556',,CCITT IA5,numeric,0,0,64
31004_20000914_1200_12,Aldan,gdex_data\raw\2000\gdas.adpupa.t12z.20000914.bufr,31004,2,2000-09-14T12:00:00,842,058008,RRSTG    RAW REPORT STRING,b' 27515 6',,CCITT IA5,numeric,0,0,64
31004_20000914_1200_12,Aldan,gdex_data\raw\2000\gdas.adpupa.t12z.20000914.bufr,31004,2,2000-09-14T12:00:00,843,058008,RRSTG    RAW REPORT STRING,b'6514 300',,CCITT IA5,numeric,0,0,64
31004_20000914_1200_12,Aldan,gdex_data\raw\2000\gdas.adpupa.t12z.20000914.bufr,31004,2,2000-09-14T12:00:00,844,058008,RRSTG    RAW REPORT STRING,b'16 77476',,CCITT IA5,numeric,0,0,64
31004_20000914_1200_12,Aldan,gdex_data\raw\2000\gdas.adpupa.t12z.20000914.bufr,31004,2,2000-09-14T12:00:00,845,058008,RRSTG    RAW REPORT STRING,b' 30011 8',,CCITT IA5,numeric,0,0,64
31004_20000914_1200_12,Aldan,gdex_data\raw\2000\gdas.adpupa.t12z.20000914.bufr,31004,2,2000-09-14T12:00:00,846,058008,RRSTG    RAW REPORT STRING,b'8440 250',,CCITT IA5,numeric,0,0,64
31004_20000914_1200_12,Aldan,gdex_data\raw\2000\gdas.adpupa.t12z.20000914.bufr,31004,2,2000-09-14T12:00:00,847,058008,RRSTG    RAW REPORT STRING,b'06 99407',,CCITT IA5,numeric,0,0,64
31004_20000914_1200_12,Aldan,gdex_data\raw\2000\gdas.adpupa.t12z.20000914.bufr,31004,2,2000-09-14T12:00:00,848,058008,RRSTG    RAW REPORT STRING,b' 25513 1',,CCITT IA5,numeric,0,0,64
31004_20000914_1200_12,Aldan,gdex_data\raw\2000\gdas.adpupa.t12z.20000914.bufr,31004,2,2000-09-14T12:00:00,849,058008,RRSTG    RAW REPORT STRING,b'1377 305',,CCITT IA5,numeric,0,0,64
31004_20000914_1200_12,Aldan,gdex_data\raw\2000\gdas.adpupa.t12z.20000914.bufr,31004,2,2000-09-14T12:00:00,850,058008,RRSTG    RAW REPORT STRING,b'10      ',,CCITT IA5,numeric,0,0,64
31004_20000914_1200_12,Aldan,gdex_data\raw\2000\gdas.adpupa.t12z.20000914.bufr,31004,2,2000-09-14T12:00:00,851,058008,RRSTG    RAW REPORT STRING,b'TTAA 141',,CCITT IA5,numeric,0,0,64
31004_20000914_1200_12,Aldan,gdex_data\raw\2000\gdas.adpupa.t12z.20000914.bufr,31004,2,2000-09-14T12:00:00,852,058008,RRSTG    RAW REPORT STRING,b'21 31004',,CCITT IA5,numeric,0,0,64
31004_20000914_1200_12,Aldan,gdex_data\raw\2000\gdas.adpupa.t12z.20000914.bufr,31004,2,2000-09-14T12:00:00,853,058008,RRSTG    RAW REPORT STRING,b' 99992 1',,CCITT IA5,numeric,0,0,64
31004_20000914_1200_12,Aldan,gdex_data\raw\2000\gdas.adpupa.t12z.20000914.bufr,31004,2,2000-09-14T12:00:00,854,058008,RRSTG    RAW REPORT STRING,b'2023 205',,CCITT IA5,numeric,0,0,64
31004_20000914_1200_12,Aldan,gdex_data\raw\2000\gdas.adpupa.t12z.20000914.bufr,31004,2,2000-09-14T12:00:00,855,058008,RRSTG    RAW REPORT STRING,b'02 00040',,CCITT IA5,numeric,0,0,64
31004_20000914_1200_12,Aldan,gdex_data\raw\2000\gdas.adpupa.t12z.20000914.bufr,31004,2,2000-09-14T12:00:00,856,058008,RRSTG    RAW REPORT STRING,b' ///// /',,CCITT IA5,numeric,0,0,64
31004_20000914_1200_12,Aldan,gdex_data\raw\2000\gdas.adpupa.t12z.20000914.bufr,31004,2,2000-09-14T12:00:00,857,058008,RRSTG    RAW REPORT STRING,b'//// 927',,CCITT IA5,numeric,0,0,64
31004_20000914_1200_12,Aldan,gdex_data\raw\2000\gdas.adpupa.t12z.20000914.bufr,31004,2,2000-09-14T12:00:00,858,058008,RRSTG    RAW REPORT STRING,b'00 12829',,CCITT IA5,numeric,0,0,64
31004_20000914_1200_12,Aldan,gdex_data\raw\2000\gdas.adpupa.t12z.20000914.bufr,31004,2,2000-09-14T12:00:00,859,058008,RRSTG    RAW REPORT STRING,b' ///// 8',,CCITT IA5,numeric,0,0,64
31004_20000914_1200_12,Aldan,gdex_data\raw\2000\gdas.adpupa.t12z.20000914.bufr,31004,2,2000-09-14T12:00:00,860,058008,RRSTG    RAW REPORT STRING,b'5420 150',,CCITT IA5,numeric,0,0,64
31004_20000914_1200_12,Aldan,gdex_data\raw\2000\gdas.adpupa.t12z.20000914.bufr,31004,2,2000-09-14T12:00:00,861,058008,RRSTG    RAW REPORT STRING,b'63 22510',,CCITT IA5,numeric,0,0,64
31004_20000914_1200_12,Aldan,gdex_data\raw\2000\gdas.adpupa.t12z.20000914.bufr,31004,2,2000-09-14T12:00:00,862,058008,RRSTG    RAW REPORT STRING,b' 70020 0',,CCITT IA5,numeric,0,0,64
31004_20000914_1200_12,Aldan,gdex_data\raw\2000\gdas.adpupa.t12z.20000914.bufr,31004,2,2000-09-14T12:00:00,863,058008,RRSTG    RAW REPORT STRING,b'0850 270',,CCITT IA5,numeric,0,0,64
31004_20000914_1200_12,Aldan,gdex_data\raw\2000\gdas.adpupa.t12z.20000914.bufr,31004,2,2000-09-14T12:00:00,864,058008,RRSTG    RAW REPORT STRING,b'11 50562',,CCITT IA5,numeric,0,0,64
31004_20000914_1200_12,Aldan,gdex_data\raw\2000\gdas.adpupa.t12z.20000914.bufr,31004,2,2000-09-14T12:00:00,865,058008,RRSTG    RAW REPORT STRING,b' 18360 2',,CCITT IA5,numeric,0,0,64
31004_20000914_1200_12,Aldan,gdex_data\raw\2000\gdas.adpupa.t12z.20000914.bufr,31004,2,2000-09-14T12:00:00,866,058008,RRSTG    RAW REPORT STRING,b'7010 407',,CCITT IA5,numeric,0,0,64
31004_20000914_1200_12,Aldan,gdex_data\raw\2000\gdas.adpupa.t12z.20000914.bufr,31004,2,2000-09-14T12:00:00,867,058008,RRSTG    RAW REPORT STRING,b'24 30756',,CCITT IA5,numeric,0,0,64
31004_20000914_1200_12,Aldan,gdex_data\raw\2000\gdas.adpupa.t12z.20000914.bufr,31004,2,2000-09-14T12:00:00,868,058008,RRSTG    RAW REPORT STRING,b' 26010 3',,CCITT IA5,numeric,0,0,64
31004_20000914_1200_12,Aldan,gdex_data\raw\2000\gdas.adpupa.t12z.20000914.bufr,31004,2,2000-09-14T12:00:00,869,058008,RRSTG    RAW REPORT STRING,b'0922 463',,CCITT IA5,numeric,0,0,64
31004_20000914_1200_12,Aldan,gdex_data\raw\2000\gdas.adpupa.t12z.20000914.bufr,31004,2,2000-09-14T12:00:00,870,058008,RRSTG    RAW REPORT STRING,b'56 28509',,CCITT IA5,numeric,0,0,64
31004_20000914_1200_12,Aldan,gdex_data\raw\2000\gdas.adpupa.t12z.20000914.bufr,31004,2,2000-09-14T12:00:00,871,058008,RRSTG    RAW REPORT STRING,b' 25041 5',,CCITT IA5,numeric,0,0,64
31004_20000914_1200_12,Aldan,gdex_data\raw\2000\gdas.adpupa.t12z.20000914.bufr,31004,2,2000-09-14T12:00:00,872,058008,RRSTG    RAW REPORT STRING,b'4347 285',,CCITT IA5,numeric,0,0,64
31004_20000914_1200_12,Aldan,gdex_data\raw\2000\gdas.adpupa.t12z.20000914.bufr,31004,2,2000-09-14T12:00:00,873,058008,RRSTG    RAW REPORT STRING,b'18 20182',,CCITT IA5,numeric,0,0,64
31004_20000914_1200_12,Aldan,gdex_data\raw\2000\gdas.adpupa.t12z.20000914.bufr,31004,2,2000-09-14T12:00:00,874,058008,RRSTG    RAW REPORT STRING,b' 58141 2',,CCITT IA5,numeric,0,0,64
31004_20000914_1200_12,Aldan,gdex_data\raw\2000\gdas.adpupa.t12z.20000914.bufr,31004,2,2000-09-14T12:00:00,875,058008,RRSTG    RAW REPORT STRING,b'7019 153',,CCITT IA5,numeric,0,0,64
31004_20000914_1200_12,Aldan,gdex_data\raw\2000\gdas.adpupa.t12z.20000914.bufr,31004,2,2000-09-14T12:00:00,876,058008,RRSTG    RAW REPORT STRING,b'63 55350',,CCITT IA5,numeric,0,0,64
31004_20000914_1200_12,Aldan,gdex_data\raw\2000\gdas.adpupa.t12z.20000914.bufr,31004,2,2000-09-14T12:00:00,877,058008,RRSTG    RAW REPORT STRING,b' 27018 1',,CCITT IA5,numeric,0,0,64
31004_20000914_1200_12,Aldan,gdex_data\raw\2000\gdas.adpupa.t12z.20000914.bufr,31004,2,2000-09-14T12:00:00,878,058008,RRSTG    RAW REPORT STRING,b'0623 543',,CCITT IA5,numeric,0,0,64
31004_20000914_1200_12,Aldan,gdex_data\raw\2000\gdas.adpupa.t12z.20000914.bufr,31004,2,2000-09-14T12:00:00,879,058008,RRSTG    RAW REPORT STRING,b'57 26515',,CCITT IA5,numeric,0,0,64
31004_20000914_1200_12,Aldan,gdex_data\raw\2000\gdas.adpupa.t12z.20000914.bufr,31004,2,2000-09-14T12:00:00,880,058008,RRSTG    RAW REPORT STRING,b' 88210 5',,CCITT IA5,numeric,0,0,64
31004_20000914_1200_12,Aldan,gdex_data\raw\2000\gdas.adpupa.t12z.20000914.bufr,31004,2,2000-09-14T12:00:00,881,058008,RRSTG    RAW REPORT STRING,b'9140 275',,CCITT IA5,numeric,0,0,64
31004_20000914_1200_12,Aldan,gdex_data\raw\2000\gdas.adpupa.t12z.20000914.bufr,31004,2,2000-09-14T12:00:00,882,058008,RRSTG    RAW REPORT STRING,b'19 77999',,CCITT IA5,numeric,0,0,64
31004_20000914_1200_12,Aldan,gdex_data\raw\2000\gdas.adpupa.t12z.20000914.bufr,31004,2,2000-09-14T12:00:00,883,058008,RRSTG    RAW REPORT STRING,b'TTCC 141',,CCITT IA5,numeric,0,0,64
31004_20000914_1200_12,Aldan,gdex_data\raw\2000\gdas.adpupa.t12z.20000914.bufr,31004,2,2000-09-14T12:00:00,884,058008,RRSTG    RAW REPORT STRING,b'25 31004',,CCITT IA5,numeric,0,0,64
31004_20000914_1200_12,Aldan,gdex_data\raw\2000\gdas.adpupa.t12z.20000914.bufr,31004,2,2000-09-14T12:00:00,885,058008,RRSTG    RAW REPORT STRING,b' 70852 5',,CCITT IA5,numeric,0,0,64
31004_20000914_1200_12,Aldan,gdex_data\raw\2000\gdas.adpupa.t12z.20000914.bufr,31004,2,2000-09-14T12:00:00,886,058008,RRSTG    RAW REPORT STRING,b'3758 260',,CCITT IA5,numeric,0,0,64
31004_20000914_1200_12,Aldan,gdex_data\raw\2000\gdas.adpupa.t12z.20000914.bufr,31004,2,2000-09-14T12:00:00,887,058008,RRSTG    RAW REPORT STRING,b'10 50068',,CCITT IA5,numeric,0,0,64
31004_20000914_1200_12,Aldan,gdex_data\raw\2000\gdas.adpupa.t12z.20000914.bufr,31004,2,2000-09-14T12:00:00,888,058008,RRSTG    RAW REPORT STRING,b' 53359 3',,CCITT IA5,numeric,0,0,64
31004_20000914_1200_12,Aldan,gdex_data\raw\2000\gdas.adpupa.t12z.20000914.bufr,31004,2,2000-09-14T12:00:00,889,058008,RRSTG    RAW REPORT STRING,b'0014 889',,CCITT IA5,numeric,0,0,64
31004_20000914_1200_12,Aldan,gdex_data\raw\2000\gdas.adpupa.t12z.20000914.bufr,31004,2,2000-09-14T12:00:00,890,058008,RRSTG    RAW REPORT STRING,b'99 77999',,CCITT IA5,numeric,0,0,64
31004_20000914_1200_12,Aldan,gdex_data\raw\2000\gdas.adpupa.t12z.20000914.bufr,31004,2,2000-09-14T12:00:00,891,031001,Delayed descriptor replication factor,3,,Numeric,numeric,0,0,8
31004_20000914_1200_12,Aldan,gdex_data\raw\2000\gdas.adpupa.t12z.20000914.bufr,31004,2,2000-09-14T12:00:00,892,020012,Cloud type,34,,Code table,numeric,0,0,6
31004_20000914_1200_12,Aldan,gdex_data\raw\2000\gdas.adpupa.t12z.20000914.bufr,31004,2,2000-09-14T12:00:00,893,033197,QMCA     ON29 QUALITY MARK FOR CLOUD AMOUNT,1,,CODE TABLE,code,0,0,1
31004_20000914_1200_12,Aldan,gdex_data\raw\2000\gdas.adpupa.t12z.20000914.bufr,31004,2,2000-09-14T12:00:00,894,020011,Cloud amount,2,,Code table,numeric,0,0,4
31004_20000914_1200_12,Aldan,gdex_data\raw\2000\gdas.adpupa.t12z.20000914.bufr,31004,2,2000-09-14T12:00:00,895,020013,Height of base of cloud,1250.0,,m,numeric,-1,-40,11
31004_20000914_1200_12,Aldan,gdex_data\raw\2000\gdas.adpupa.t12z.20000914.bufr,31004,2,2000-09-14T12:00:00,896,020012,Cloud type,20,,Code table,numeric,0,0,6
31004_20000914_1200_12,Aldan,gdex_data\raw\2000\gdas.adpupa.t12z.20000914.bufr,31004,2,2000-09-14T12:00:00,897,033197,QMCA     ON29 QUALITY MARK FOR CLOUD AMOUNT,1,,CODE TABLE,code,0,0,1
31004_20000914_1200_12,Aldan,gdex_data\raw\2000\gdas.adpupa.t12z.20000914.bufr,31004,2,2000-09-14T12:00:00,898,020011,Cloud amount,,,Code table,numeric,0,0,4
31004_20000914_1200_12,Aldan,gdex_data\raw\2000\gdas.adpupa.t12z.20000914.bufr,31004,2,2000-09-14T12:00:00,899,020013,Height of base of cloud,,,m,numeric,-1,-40,11
31004_20000914_1200_12,Aldan,gdex_data\raw\2000\gdas.adpupa.t12z.20000914.bufr,31004,2,2000-09-14T12:00:00,900,020012,Cloud type,11,,Code table,numeric,0,0,6
31004_20000914_1200_12,Aldan,gdex_data\raw\2000\gdas.adpupa.t12z.20000914.bufr,31004,2,2000-09-14T12:00:00,901,033197,QMCA     ON29 QUALITY MARK FOR CLOUD AMOUNT,1,,CODE TABLE,code,0,0,1
31004_20000914_1200_12,Aldan,gdex_data\raw\2000\gdas.adpupa.t12z.20000914.bufr,31004,2,2000-09-14T12:00:00,902,020011,Cloud amount,,,Code table,numeric,0,0,4
31004_20000914_1200_12,Aldan,gdex_data\raw\2000\gdas.adpupa.t12z.20000914.bufr,31004,2,2000-09-14T12:00:00,903,020013,Height of base of cloud,,,m,numeric,-1,-40,11
31004_20000914_1200_12,Aldan,gdex_data\raw\2000\gdas.adpupa.t12z.20000914.bufr,31004,2,2000-09-14T12:00:00,904,031000,Short delayed descriptor replication factor,0,,Numeric,numeric,0,0,1
31004_20000914_1200_12,Aldan,gdex_data\raw\2000\gdas.adpupa.t12z.20000914.bufr,31004,2,2000-09-14T12:00:00,905,001001,WMO block number,31,,Numeric,numeric,0,0,7
31004_20000914_1200_12,Aldan,gdex_data\raw\2000\gdas.adpupa.t12z.20000914.bufr,31004,2,2000-09-14T12:00:00,906,001002,WMO station number,4,,Numeric,numeric,0,0,10
31004_20000914_1200_12,Aldan,gdex_data\raw\2000\gdas.adpupa.t12z.20000914.bufr,31004,2,2000-09-14T12:00:00,907,001003,WMO Region number/geographical area,2,,Code table,numeric,0,0,3
31004_20000914_1200_12,Aldan,gdex_data\raw\2000\gdas.adpupa.t12z.20000914.bufr,31004,2,2000-09-14T12:00:00,908,031001,Delayed descriptor replication factor,7,,Numeric,numeric,0,0,8
31004_20000914_1200_12,Aldan,gdex_data\raw\2000\gdas.adpupa.t12z.20000914.bufr,31004,2,2000-09-14T12:00:00,909,063255,BITPAD,0,,NONE,numeric,0,0,1
31004_20000914_1200_12,Aldan,gdex_data\raw\2000\gdas.adpupa.t12z.20000914.bufr,31004,2,2000-09-14T12:00:00,910,063255,BITPAD,0,,NONE,numeric,0,0,1
31004_20000914_1200_12,Aldan,gdex_data\raw\2000\gdas.adpupa.t12z.20000914.bufr,31004,2,2000-09-14T12:00:00,911,063255,BITPAD,0,,NONE,numeric,0,0,1
31004_20000914_1200_12,Aldan,gdex_data\raw\2000\gdas.adpupa.t12z.20000914.bufr,31004,2,2000-09-14T12:00:00,912,063255,BITPAD,0,,NONE,numeric,0,0,1
31004_20000914_1200_12,Aldan,gdex_data\raw\2000\gdas.adpupa.t12z.20000914.bufr,31004,2,2000-09-14T12:00:00,913,063255,BITPAD,0,,NONE,numeric,0,0,1
31004_20000914_1200_12,Aldan,gdex_data\raw\2000\gdas.adpupa.t12z.20000914.bufr,31004,2,2000-09-14T12:00:00,914,063255,BITPAD,0,,NONE,numeric,0,0,1
31004_20000914_1200_12,Aldan,gdex_data\raw\2000\gdas.adpupa.t12z.20000914.bufr,31004,2,2000-09-14T12:00:00,915,063255,BITPAD,0,,NONE,numeric,0,0,1
