profile_id,datetime_utc,date,year,month,cycle,season,gamma_local_c_100m,z_mid_agl_m,dz_m,dt_c
31004_19991126_1200_12,1999-11-26 12:00:00,1999-11-26,1999,11,12,SON,20.833333333333858,4397.8,14.399999999999636,3.0
31004_19991210_1200_12,1999-12-10 12:00:00,1999-12-10,1999,12,12,DJF,-28.571428571428573,2035.8000000000002,7.0,-2.0
31004_19991210_1200_12,1999-12-10 12:00:00,1999-12-10,1999,12,12,DJF,111.76470588236523,4322.2,3.399999999999636,3.8000000000000114
31004_20000104_1200_12,2000-01-04 12:00:00,2000-01-04,2000,1,12,DJF,23.03664921465956,179.04999999999995,19.100000000000023,4.399999999999981
31004_20000114_1200_12,2000-01-14 12:00:00,2000-01-14,2000,1,12,DJF,-24.24242424242282,2146.0,6.600000000000364,-1.5999999999999943
31004_20000205_1200_12,2000-02-05 12:00:00,2000-02-05,2000,2,12,DJF,52.17391304347812,141.79999999999995,4.600000000000023,2.4000000000000057
31004_20000216_1200_12,2000-02-16 12:00:00,2000-02-16,2000,2,12,DJF,-28.571428571428573,2167.55,3.5,-1.0
31004_20000506_1200_12,2000-05-06 12:00:00,2000-05-06,2000,5,12,MAM,49.99999999998579,2199.1000000000004,0.40000000000009095,0.19999999999998863
31004_20000820_1200_12,2000-08-20 12:00:00,2000-08-20,2000,8,12,JJA,-33.73702422145331,98.5,57.799999999999955,-19.5
31004_20001029_1200_12,2000-10-29 12:00:00,2000-10-29,2000,10,12,SON,-16.129032258063805,4384.4,12.400000000000546,-2.0
31004_20001108_1200_12,2000-11-08 12:00:00,2000-11-08,2000,11,12,SON,-28.571428571428573,2167.55,3.5,-1.0
31004_20001203_1200_12,2000-12-03 12:00:00,2000-12-03,2000,12,12,DJF,18.09045226130642,659.45,19.90000000000009,3.5999999999999943
31004_20001205_1200_12,2000-12-05 12:00:00,2000-12-05,2000,12,12,DJF,108.33333333330846,4541.9,2.4000000000005457,2.5999999999999943
31004_20010108_1200_12,2001-01-08 12:00:00,2001-01-08,2001,1,12,DJF,26.388888888889635,4568.0,14.399999999999636,3.8000000000000114
31004_20010110_1200_12,2001-01-10 12:00:00,2001-01-10,2001,1,12,DJF,46.428571428570194,636.5999999999999,5.600000000000136,2.5999999999999943
31004_20010114_1200_12,2001-01-14 12:00:00,2001-01-14,2001,1,12,DJF,-23.80952380952484,4454.4,12.599999999999454,-3.0
31004_20010123_1200_12,2001-01-23 12:00:00,2001-01-23,2001,1,12,DJF,15.384615384617739,2129.95,1.2999999999997272,0.19999999999998863
31004_20010206_1200_12,2001-02-06 12:00:00,2001-02-06,2001,2,12,DJF,23.25581395348985,2011.4499999999998,4.299999999999727,1.0
31004_20010225_1200_12,2001-02-25 12:00:00,2001-02-25,2001,2,12,DJF,95.65217391303543,4511.85,2.300000000000182,2.1999999999999886
31004_20010428_0000_00,2001-04-28 00:00:00,2001-04-28,2001,4,00,MAM,-19.60784313725525,2152.8500000000004,5.099999999999909,-1.0
31004_20010527_1200_12,2001-05-27 12:00:00,2001-05-27,2001,5,12,MAM,33.333333333333336,2188.8,3.0,1.0
31004_20010716_0000_00,2001-07-16 00:00:00,2001-07-16,2001,7,00,JJA,-28.57142857143443,2352.65,0.6999999999998181,-0.19999999999998908
31004_20010721_1200_12,2001-07-21 12:00:00,2001-07-21,2001,7,12,JJA,-15.000000000000568,2342.4,4.0,-0.6000000000000227
31004_20010914_1200_12,2001-09-14 12:00:00,2001-09-14,2001,9,12,SON,-28.57142857142509,180.25,0.7000000000000455,-0.19999999999998863
31004_20010927_1200_12,2001-09-27 12:00:00,2001-09-27,2001,9,12,SON,-30.50847457627278,4727.95,5.899999999999636,-1.799999999999983
31004_20011001_1200_12,2001-10-01 12:00:00,2001-10-01,2001,10,12,SON,-19.14893617021336,4786.3,9.399999999999636,-1.7999999999999865
31004_20011004_1200_12,2001-10-04 12:00:00,2001-10-04,2001,10,12,SON,26.923076923076795,2254.2,10.400000000000091,2.8000000000000114
31004_20011024_0000_00,2001-10-24 00:00:00,2001-10-24,2001,10,00,SON,-31.16883116883198,4596.950000000001,7.699999999999818,-2.4000000000000057
31004_20011027_1200_12,2001-10-27 12:00:00,2001-10-27,2001,10,12,SON,15.909090909091306,4589.6,17.599999999999454,2.799999999999983
31004_20011105_1200_12,2001-11-05 12:00:00,2001-11-05,2001,11,12,SON,-88.00000000000068,4629.55,2.5,-2.200000000000017
31004_20011111_1200_12,2001-11-11 12:00:00,2001-11-11,2001,11,12,SON,16.216216216216218,4549.95,18.5,3.0
31004_20011202_0000_00,2001-12-02 00:00:00,2001-12-02,2001,12,00,DJF,-366.66666666672273,4279.9,1.199999999999818,-4.400000000000006
31004_20011207_0000_00,2001-12-07 00:00:00,2001-12-07,2001,12,00,DJF,32.183908045976814,712.7,17.40000000000009,5.599999999999994
31004_20020110_0000_00,2002-01-10 00:00:00,2002-01-10,2002,1,00,DJF,20.689655172412948,569.5,5.800000000000182,1.1999999999999886
31004_20020125_1200_12,2002-01-25 12:00:00,2002-01-25,2002,1,12,DJF,-17.85714285714242,750.0999999999999,5.600000000000136,-1.0
31004_20020127_0000_00,2002-01-27 00:00:00,2002-01-27,2002,1,00,DJF,85.71428571430896,2098.0,1.3999999999996362,1.2000000000000135
31004_20020220_0000_00,2002-02-20 00:00:00,2002-02-20,2002,2,00,DJF,15.714285714285811,4577.8,14.0,2.2000000000000135
31004_20020306_1200_12,2002-03-06 12:00:00,2002-03-06,2002,3,12,MAM,-100.0,4540.2,1.0,-1.0
31004_20020317_0000_00,2002-03-17 00:00:00,2002-03-17,2002,3,00,MAM,-17.582417582417165,4.5499999999999545,9.100000000000023,-1.599999999999966
31004_20020326_1200_12,2002-03-26 12:00:00,2002-03-26,2002,3,12,MAM,-15.111111111111136,4489.45,22.5,-3.4000000000000057
31004_20020423_1200_12,2002-04-23 12:00:00,2002-04-23,2002,4,12,MAM,66.6666666666597,2205.8500000000004,0.900000000000091,0.5999999999999979
31004_20020709_1200_12,2002-07-09 12:00:00,2002-07-09,2002,7,12,JJA,-15.002508780732539,595.75,199.30000000000018,-29.899999999999977
31004_20021004_1200_12,2002-10-04 12:00:00,2002-10-04,2002,10,12,SON,18.181818181818063,2342.6000000000004,4.400000000000091,0.8000000000000114
31004_20021013_0000_00,2002-10-13 00:00:00,2002-10-13,2002,10,00,SON,-15.000000000000036,4592.8,16.0,-2.4000000000000057
31004_20021022_0000_00,2002-10-22 00:00:00,2002-10-22,2002,10,00,SON,34.7826086956532,136.35000000000002,2.2999999999999545,0.8000000000000078
31004_20021022_0000_00,2002-10-22 00:00:00,2002-10-22,2002,10,00,SON,-21.538461538461625,4627.55,6.5,-1.4000000000000057
31004_20021030_0000_00,2002-10-30 00:00:00,2002-10-30,2002,10,00,SON,-27.586206896551193,2309.8500000000004,2.900000000000091,-0.8000000000000096
31004_20021031_0000_00,2002-10-31 00:00:00,2002-10-31,2002,10,00,SON,50.000000000021316,789.0999999999999,0.3999999999998636,0.20000000000001705
31004_20021208_0000_00,2002-12-08 00:00:00,2002-12-08,2002,12,00,DJF,-17.391304347826154,346.5,9.199999999999932,-1.5999999999999943
31004_20021209_0000_00,2002-12-09 00:00:00,2002-12-09,2002,12,00,DJF,26.993865030674428,2117.25,16.300000000000182,4.399999999999981
31004_20021216_1200_12,2002-12-16 12:00:00,2002-12-16,2002,12,12,DJF,-88.88888888887959,2067.4,1.800000000000182,-1.5999999999999943
31004_20021221_1200_12,2002-12-21 12:00:00,2002-12-21,2002,12,12,DJF,32.758620689654244,4476.5,11.600000000000364,3.8000000000000114
31004_20021224_1200_12,2002-12-24 12:00:00,2002-12-24,2002,12,12,DJF,17.679558011049462,4529.75,18.100000000000364,3.200000000000017
31004_20021226_1200_12,2002-12-26 12:00:00,2002-12-26,2002,12,12,DJF,-444.4444444446241,4460.25,0.8999999999996362,-4.0
31004_20021231_1200_12,2002-12-31 12:00:00,2002-12-31,2002,12,12,DJF,-21.87499999999939,2167.2,6.400000000000091,-1.3999999999999808
31004_20030101_0000_00,2003-01-01 00:00:00,2003-01-01,2003,1,00,DJF,38.709677419356524,2181.95,3.099999999999909,1.200000000000017
31004_20030117_0000_00,2003-01-17 00:00:00,2003-01-17,2003,1,00,DJF,-47.7611940298523,4467.35,6.699999999999818,-3.200000000000017
31004_20030121_0000_00,2003-01-21 00:00:00,2003-01-21,2003,1,00,DJF,61.538461538451614,638.75,1.300000000000182,0.799999999999983
31004_20030313_0000_00,2003-03-13 00:00:00,2003-03-13,2003,3,00,MAM,-16.326530612244827,2260.8500000000004,4.900000000000091,-0.8000000000000114
31004_20030811_0000_00,2003-08-11 00:00:00,2003-08-11,2003,8,00,JJA,15.17857142857208,2242.4,11.199999999999818,1.7000000000000455
31004_20030820_0000_00,2003-08-20 00:00:00,2003-08-20,2003,8,00,JJA,-23.52941176470244,4859.4,3.4000000000005457,-0.8000000000000114
31004_20031003_0000_00,2003-10-03 00:00:00,2003-10-03,2003,10,00,SON,20.93023255813874,4785.3,8.600000000000364,1.8000000000000078
31004_20031101_0000_00,2003-11-01 00:00:00,2003-11-01,2003,11,00,SON,24.99999999999985,2152.6000000000004,2.400000000000091,0.6000000000000192
31004_20031114_0000_00,2003-11-14 00:00:00,2003-11-14,2003,11,00,SON,-33.898305084742624,4577.85,5.900000000000546,-2.0
31004_20031119_0000_00,2003-11-19 00:00:00,2003-11-19,2003,11,00,SON,-61.538461538451614,2118.65,1.300000000000182,-0.799999999999983
31004_20031119_0000_00,2003-11-19 00:00:00,2003-11-19,2003,11,00,SON,-24.299065420559042,4435.25,10.700000000000728,-2.5999999999999943
31004_20031204_0000_00,2003-12-04 00:00:00,2003-12-04,2003,12,00,DJF,40.54054054054254,4434.3,7.399999999999636,3.0
31004_20031205_0000_00,2003-12-05 00:00:00,2003-12-05,2003,12,00,DJF,-17.112299465240746,4461.35,18.699999999999818,-3.1999999999999886
31004_20031227_0000_00,2003-12-27 00:00:00,2003-12-27,2003,12,00,DJF,-17.32283464566821,4404.25,12.700000000000728,-2.1999999999999886
31004_20040112_0000_00,2004-01-12 00:00:00,2004-01-12,2004,1,00,DJF,-33.64485981308463,4455.35,10.699999999999818,-3.5999999999999943
31004_20040201_0000_00,2004-02-01 00:00:00,2004-02-01,2004,2,00,DJF,74.41860465115938,4582.950000000001,4.300000000000182,3.1999999999999886
31004_20040203_0000_00,2004-02-03 00:00:00,2004-02-03,2004,2,00,DJF,22.222222222222438,4508.799999999999,16.199999999999818,3.5999999999999943
31004_20040227_0000_00,2004-02-27 00:00:00,2004-02-27,2004,2,00,DJF,-19.35483870967701,4281.2,18.600000000000364,-3.5999999999999943
31004_20040331_0000_00,2004-03-31 00:00:00,2004-03-31,2004,3,00,MAM,-57.14285714285908,2264.3500000000004,2.099999999999909,-1.1999999999999886
31004_20040712_0000_00,2004-07-12 00:00:00,2004-07-12,2004,7,00,JJA,199.9999999997442,2447.3,0.20000000000027285,0.4000000000000341
31004_20041103_0000_00,2004-11-03 00:00:00,2004-11-03,2004,11,00,SON,100.00000000008616,2234.5,0.1999999999998181,0.1999999999999904
31004_20041110_0000_00,2004-11-10 00:00:00,2004-11-10,2004,11,00,SON,15.873015873016561,2187.45,6.299999999999727,1.0
31004_20041119_0000_00,2004-11-19 00:00:00,2004-11-19,2004,11,00,SON,-57.14285714285424,2178.6000000000004,1.400000000000091,-0.8000000000000114
31004_20041227_0000_00,2004-12-27 00:00:00,2004-12-27,2004,12,00,DJF,44.11764705882235,2113.9,6.800000000000182,3.0
31004_20050112_1200_12,2005-01-12 12:00:00,2005-01-12,2005,1,12,DJF,-19.157088122605764,3862.8500000000004,26.099999999999454,-5.0
31004_20050118_1200_12,2005-01-18 12:00:00,2005-01-18,2005,1,12,DJF,-149.99999999996447,744.2,0.40000000000009095,-0.5999999999999943
31004_20050129_1200_12,2005-01-29 12:00:00,2005-01-29,2005,1,12,DJF,233.33333333319223,2172.0,0.6000000000003638,1.4000000000000021
31004_20050204_1200_12,2005-02-04 12:00:00,2005-02-04,2005,2,12,DJF,15.189873417721515,761.45,7.900000000000091,1.2000000000000135
31004_20050206_0000_00,2005-02-06 00:00:00,2005-02-06,2005,2,00,DJF,-17.486338797814128,4591.65,18.300000000000182,-3.200000000000017
31004_20050303_0000_00,2005-03-03 00:00:00,2005-03-03,2005,3,00,MAM,-109.09090909091837,4589.700000000001,2.199999999999818,-2.4000000000000057
31004_20050420_0000_00,2005-04-20 00:00:00,2005-04-20,2005,4,00,MAM,-27.848101265824283,4746.95,7.899999999999636,-2.200000000000017
31004_20050901_0000_00,2005-09-01 00:00:00,2005-09-01,2005,9,00,SON,-59.86394557823211,4810.15,14.699999999999818,-8.800000000000011
31004_20050930_0000_00,2005-09-30 00:00:00,2005-09-30,2005,9,00,SON,-52.38095238095446,4678.799999999999,4.199999999999818,-2.199999999999992
31004_20051007_1200_12,2005-10-07 12:00:00,2005-10-07,2005,10,12,SON,228.57142857119376,4681.25,0.7000000000007276,1.6000000000000192
31004_20051013_1200_12,2005-10-13 12:00:00,2005-10-13,2005,10,12,SON,115.78947368417685,4541.65,1.9000000000005457,2.199999999999992
31004_20051017_0000_00,2005-10-17 00:00:00,2005-10-17,2005,10,00,SON,39.99999999999755,665.9000000000001,1.0,0.3999999999999755
31004_20051021_1200_12,2005-10-21 12:00:00,2005-10-21,2005,10,12,SON,18.181818181820375,2165.95,3.299999999999727,0.6000000000000227
31004_20051026_0000_00,2005-10-26 00:00:00,2005-10-26,2005,10,00,SON,-133.33333333335307,4690.299999999999,1.199999999999818,-1.5999999999999943
31004_20051111_0000_00,2005-11-11 00:00:00,2005-11-11,2005,11,00,SON,33.33333333333247,703.0999999999999,6.600000000000136,2.1999999999999886
31004_20051112_1200_12,2005-11-12 12:00:00,2005-11-12,2005,11,12,SON,15.081967213114822,748.05,30.5,4.600000000000021
31004_20051113_1200_12,2005-11-13 12:00:00,2005-11-13,2005,11,12,SON,-30.76923076922976,2243.45,3.900000000000091,-1.1999999999999886
31004_20051201_0000_00,2005-12-01 00:00:00,2005-12-01,2005,12,00,DJF,-16.326530612244536,4605.9,9.800000000000182,-1.5999999999999943
31004_20051206_1200_12,2005-12-06 12:00:00,2005-12-06,2005,12,12,DJF,28.57142857142509,187.85000000000002,0.7000000000000455,0.19999999999998863
31004_20051210_1200_12,2005-12-10 12:00:00,2005-12-10,2005,12,12,DJF,-39.50617283950905,4546.65,8.099999999999454,-3.200000000000017
31004_20051219_1200_12,2005-12-19 12:00:00,2005-12-19,2005,12,12,DJF,28.099173553720323,4626.85,12.099999999999454,3.4000000000000057
31004_20051224_1200_12,2005-12-24 12:00:00,2005-12-24,2005,12,12,DJF,23.611111111111747,4568.0,14.399999999999636,3.4000000000000057
31004_20060101_0000_00,2006-01-01 00:00:00,2006-01-01,2006,1,00,DJF,-16.513761467889875,2125.95,10.900000000000091,-1.8000000000000114
31004_20060111_1200_12,2006-01-11 12:00:00,2006-01-11,2006,1,12,DJF,-15.81395348837212,1864.5500000000002,21.5,-3.4000000000000057
31004_20060112_1200_12,2006-01-12 12:00:00,2006-01-12,2006,1,12,DJF,-239.99999999999773,715.6500000000001,0.5,-1.1999999999999886
31004_20060123_0000_00,2006-01-23 00:00:00,2006-01-23,2006,1,00,DJF,-26.666666666666988,2160.3,6.0,-1.6000000000000192
31004_20060123_1200_12,2006-01-23 12:00:00,2006-01-23,2006,1,12,DJF,2999.999999989086,4530.75,0.1000000000003638,3.0
31004_20060211_1200_12,2006-02-11 12:00:00,2006-02-11,2006,2,12,DJF,-40.0,2023.0500000000002,2.5,-1.0
31004_20060215_1200_12,2006-02-15 12:00:00,2006-02-15,2006,2,12,DJF,-18.181818181817743,2043.9,8.800000000000182,-1.5999999999999943
31004_20060305_0000_00,2006-03-05 00:00:00,2006-03-05,2006,3,00,MAM,-19.71830985915443,2055.2,14.200000000000273,-2.799999999999983
31004_20060307_1200_12,2006-03-07 12:00:00,2006-03-07,2006,3,12,MAM,111.11111111115602,2085.75,0.8999999999996362,1.0
31004_20060311_1200_12,2006-03-11 12:00:00,2006-03-11,2006,3,12,MAM,-40.00000000000341,153.25,0.5,-0.20000000000001705
31004_20060314_1200_12,2006-03-14 12:00:00,2006-03-14,2006,3,12,MAM,22.499999999999964,4338.5,16.0,3.5999999999999943
31004_20060329_1200_12,2006-03-29 12:00:00,2006-03-29,2006,3,12,MAM,-18.791946308725368,4463.25,14.899999999999636,-2.8000000000000114
31004_20060330_0000_00,2006-03-30 00:00:00,2006-03-30,2006,3,00,MAM,-16.161616161616244,877.05,9.900000000000091,-1.6000000000000227
31004_20060331_0000_00,2006-03-31 00:00:00,2006-03-31,2006,3,00,MAM,28.888888888888825,4535.2,9.0,2.5999999999999943
31004_20060413_1200_12,2006-04-13 12:00:00,2006-04-13,2006,4,12,MAM,-15.609756097560936,1350.05,20.5,-3.199999999999992
31004_20060501_1200_12,2006-05-01 12:00:00,2006-05-01,2006,5,12,MAM,-16.176470588236068,4664.1,13.599999999999454,-2.200000000000017
31004_20060508_0000_00,2006-05-08 00:00:00,2006-05-08,2006,5,00,MAM,-22.82608695652154,78.29999999999995,9.199999999999932,-2.099999999999966
31004_20060527_1200_12,2006-05-27 12:00:00,2006-05-27,2006,5,12,MAM,-40.298507462687475,3854.7,13.399999999999636,-5.3999999999999755
31004_20060607_0000_00,2006-06-07 00:00:00,2006-06-07,2006,6,00,JJA,-49.999999999992895,2267.9,0.8000000000001819,-0.4000000000000341
31004_20060713_0000_00,2006-07-13 00:00:00,2006-07-13,2006,7,00,JJA,-36.55913978494633,152.04999999999995,9.300000000000068,-3.400000000000034
31004_20060719_1200_12,2006-07-19 12:00:00,2006-07-19,2006,7,12,JJA,-99.99999999997158,786.3000000000002,0.20000000000004547,-0.19999999999998863
31004_20060801_0000_00,2006-08-01 00:00:00,2006-08-01,2006,8,00,JJA,-37.5,2435.2,1.599999999999909,-0.5999999999999659
31004_20060826_0000_00,2006-08-26 00:00:00,2006-08-26,2006,8,00,JJA,-15.929203539822852,2187.25,11.300000000000182,-1.8000000000000114
31004_20061008_0000_00,2006-10-08 00:00:00,2006-10-08,2006,10,00,SON,107.14285714285018,4532.1,2.800000000000182,3.0
31004_20061022_1200_12,2006-10-22 12:00:00,2006-10-22,2006,10,12,SON,17.39130434782647,204.79999999999995,9.199999999999932,1.6000000000000232
31004_20061028_1200_12,2006-10-28 12:00:00,2006-10-28,2006,10,12,SON,32.09876543209761,4504.75,8.100000000000364,2.6000000000000227
31004_20061117_1200_12,2006-11-17 12:00:00,2006-11-17,2006,11,12,SON,-23.076923076923077,4584.3,13.0,-3.0
31004_20061121_0000_00,2006-11-21 00:00:00,2006-11-21,2006,11,00,SON,46.15384615384733,2116.7,2.599999999999909,1.1999999999999886
31004_20061122_0000_00,2006-11-22 00:00:00,2006-11-22,2006,11,00,SON,177.77777777776197,2156.8500000000004,0.900000000000091,1.6000000000000192
31004_20061123_0000_00,2006-11-23 00:00:00,2006-11-23,2006,11,00,SON,-15.38461538461499,759.9000000000001,5.2000000000000455,-0.7999999999999865
31004_20061204_1200_12,2006-12-04 12:00:00,2006-12-04,2006,12,12,DJF,18.000000000000078,1146.2,10.0,1.8000000000000078
31004_20061205_1200_12,2006-12-05 12:00:00,2006-12-05,2006,12,12,DJF,-18.811881188119038,4510.6,20.199999999999818,-3.8000000000000114
31004_20061218_0000_00,2006-12-18 00:00:00,2006-12-18,2006,12,00,DJF,69.84126984126792,2072.15,6.300000000000182,4.400000000000006
31004_20070225_1200_12,2007-02-25 12:00:00,2007-02-25,2007,2,12,DJF,-15.444015444015118,4407.65,25.900000000000546,-4.0
31004_20070318_1200_12,2007-03-18 12:00:00,2007-03-18,2007,3,12,MAM,279.99999999999545,2288.55,0.5,1.3999999999999773
31004_20070324_0000_00,2007-03-24 00:00:00,2007-03-24,2007,3,00,MAM,66.66666666666983,4512.799999999999,4.199999999999818,2.8000000000000114
31004_20070424_1200_12,2007-04-24 12:00:00,2007-04-24,2007,4,12,MAM,-24.999999999998224,2165.7,3.200000000000273,-0.8000000000000114
31004_20070425_0000_00,2007-04-25 00:00:00,2007-04-25,2007,4,00,MAM,-23.913043478260647,159.10000000000002,9.200000000000045,-2.1999999999999904
31004_20071101_1200_12,2007-11-01 12:00:00,2007-11-01,2007,11,12,SON,27.95698924731122,4465.35,9.300000000000182,2.5999999999999943
31004_20071110_1200_12,2007-11-10 12:00:00,2007-11-10,2007,11,12,SON,-18.18181818181849,772.75,1.099999999999909,-0.19999999999998685
31004_20071118_1200_12,2007-11-18 12:00:00,2007-11-18,2007,11,12,SON,21.62162162162128,4347.9,14.800000000000182,3.1999999999999886
31004_20071120_0000_00,2007-11-20 00:00:00,2007-11-20,2007,11,00,SON,66.66666666667298,609.5500000000002,0.2999999999999545,0.19999999999998863
31004_20071128_0000_00,2007-11-28 00:00:00,2007-11-28,2007,11,00,SON,19.148936170213627,2138.0,9.399999999999636,1.8000000000000114
31004_20071217_1200_12,2007-12-17 12:00:00,2007-12-17,2007,12,12,DJF,-21.739130434782503,141.89999999999998,9.200000000000045,-2.0
31004_20071217_1200_12,2007-12-17 12:00:00,2007-12-17,2007,12,12,DJF,-41.304347826086605,151.10000000000002,9.200000000000045,-3.7999999999999865
31004_20071231_0000_00,2007-12-31 00:00:00,2007-12-31,2007,12,00,DJF,-49.122807017545625,4547.85,5.699999999999818,-2.8000000000000114
31004_20080101_1200_12,2008-01-01 12:00:00,2008-01-01,2008,1,12,DJF,-29.411764705881566,2080.6000000000004,3.400000000000091,-1.0
31004_20080106_1200_12,2008-01-06 12:00:00,2008-01-06,2008,1,12,DJF,-39.63963963963839,4264.95,11.100000000000364,-4.400000000000006
31004_20080108_0000_00,2008-01-08 00:00:00,2008-01-08,2008,1,00,DJF,-200.00000000003317,1945.6000000000004,0.599999999999909,-1.200000000000017
31004_20080112_0000_00,2008-01-12 00:00:00,2008-01-12,2008,1,00,DJF,33.84615384615389,4547.2,13.0,4.400000000000006
31004_20080118_1200_12,2008-01-18 12:00:00,2008-01-18,2008,1,12,DJF,16.091954022988485,768.9499999999998,8.700000000000045,1.4000000000000057
31004_20080203_0000_00,2008-02-03 00:00:00,2008-02-03,2008,2,00,DJF,34.48275862068857,718.95,2.900000000000091,1.0
31004_20080226_0000_00,2008-02-26 00:00:00,2008-02-26,2008,2,00,DJF,-23.07692307692165,622.0999999999999,2.6000000000001364,-0.5999999999999943
31004_20080305_1200_12,2008-03-05 12:00:00,2008-03-05,2008,3,12,MAM,26.666666666667055,4.5,9.0,2.400000000000035
31004_20080329_1200_12,2008-03-29 12:00:00,2008-03-29,2008,3,12,MAM,-35.294117647057966,4777.6,6.800000000000182,-2.4000000000000057
31004_20080402_0000_00,2008-04-02 00:00:00,2008-04-02,2008,4,00,MAM,32.58785942492009,2628.1499999999996,93.90000000000009,30.599999999999994
31004_20080622_0000_00,2008-06-22 00:00:00,2008-06-22,2008,6,00,JJA,-32.60869565217375,122.89999999999998,9.200000000000045,-3.0
31004_20080715_1200_12,2008-07-15 12:00:00,2008-07-15,2008,7,12,JJA,-19.354838709676887,2405.95,3.099999999999909,-0.5999999999999659
31004_20080827_1200_12,2008-08-27 12:00:00,2008-08-27,2008,8,12,JJA,-34.67741935483855,3107.6000000000004,12.400000000000091,-4.300000000000011
31004_20081013_0000_00,2008-10-13 00:00:00,2008-10-13,2008,10,00,SON,-19.780219780221053,4536.15,9.099999999999454,-1.8000000000000078
31004_20081013_1200_12,2008-10-13 12:00:00,2008-10-13,2008,10,12,SON,-23.376623376624032,4687.049999999999,7.699999999999818,-1.8000000000000078
31004_20081024_1200_12,2008-10-24 12:00:00,2008-10-24,2008,10,12,SON,-17.857142857143145,2262.6000000000004,5.599999999999909,-1.0
31004_20081127_1200_12,2008-11-27 12:00:00,2008-11-27,2008,11,12,SON,-54.54545454544952,585.8499999999999,1.1000000000001364,-0.6000000000000192
31004_20081127_1200_12,2008-11-27 12:00:00,2008-11-27,2008,11,12,SON,-28.571428571428157,2002.8500000000004,4.900000000000091,-1.4000000000000057
31004_20081130_0000_00,2008-11-30 00:00:00,2008-11-30,2008,11,00,SON,51.063829787235534,4452.950000000001,4.699999999999818,2.3999999999999773
31004_20081218_0000_00,2008-12-18 00:00:00,2008-12-18,2008,12,00,DJF,-15.873015873016561,1996.4499999999998,6.299999999999727,-1.0
31004_20081219_0000_00,2008-12-19 00:00:00,2008-12-19,2008,12,00,DJF,40.00000000000341,670.6500000000001,0.5,0.20000000000001705
31004_20081221_1200_12,2008-12-21 12:00:00,2008-12-21,2008,12,12,DJF,35.18518518518444,1951.9,10.800000000000182,3.799999999999983
31004_20081221_1200_12,2008-12-21 12:00:00,2008-12-21,2008,12,12,DJF,-15.517241379309834,4339.0,23.200000000000728,-3.5999999999999943
31004_20081229_1200_12,2008-12-29 12:00:00,2008-12-29,2008,12,12,DJF,-27.65957446808344,4586.1,9.400000000000546,-2.5999999999999943
31004_20090110_1200_12,2009-01-10 12:00:00,2009-01-10,2009,1,12,DJF,-18.181818181817743,4632.0,17.600000000000364,-3.1999999999999886
31004_20090120_0000_00,2009-01-20 00:00:00,2009-01-20,2009,1,00,DJF,128.00000000000068,4391.85,2.5,3.200000000000017
31004_20090204_1200_12,2009-02-04 12:00:00,2009-02-04,2009,2,12,DJF,24.561403508771832,682.5500000000002,5.7000000000000455,1.4000000000000057
31004_20090205_1200_12,2009-02-05 12:00:00,2009-02-05,2009,2,12,DJF,-19.354838709678607,665.75,3.099999999999909,-0.6000000000000192
31004_20090205_1200_12,2009-02-05 12:00:00,2009-02-05,2009,2,12,DJF,22.388059701493145,4457.3,13.399999999999636,3.0
31004_20090210_1200_12,2009-02-10 12:00:00,2009-02-10,2009,2,12,DJF,16.16161616161695,2044.25,9.899999999999636,1.6000000000000192
31004_20090324_1200_12,2009-03-24 12:00:00,2009-03-24,2009,3,12,MAM,100.00000000001421,2307.6000000000004,0.599999999999909,0.5999999999999943
31004_20090329_0000_00,2009-03-29 00:00:00,2009-03-29,2009,3,00,MAM,-17.64705882352961,2385.7,3.400000000000091,-0.6000000000000227
31004_20090506_0000_00,2009-05-06 00:00:00,2009-05-06,2009,5,00,MAM,-18.18181818181864,4687.049999999999,7.699999999999818,-1.4000000000000021
31004_20090920_0000_00,2009-09-20 00:00:00,2009-09-20,2009,9,00,SON,-89.01098901098904,131.6500000000001,9.100000000000023,-8.100000000000023
31004_20090920_0000_00,2009-09-20 00:00:00,2009-09-20,2009,9,00,SON,-100.00000000000036,4800.5,1.0,-1.0000000000000036
31004_20091008_0000_00,2009-10-08 00:00:00,2009-10-08,2009,10,00,SON,26.31578947368295,4852.9,3.800000000000182,1.0
31004_20091025_0000_00,2009-10-25 00:00:00,2009-10-25,2009,10,00,SON,-66.66666666667358,754.0,0.599999999999909,-0.3999999999999808
31004_20091031_1200_12,2009-10-31 12:00:00,2009-10-31,2009,10,12,SON,-16.66666666666699,4470.5,20.399999999999636,-3.4000000000000057
31004_20091104_1200_12,2009-11-04 12:00:00,2009-11-04,2009,11,12,SON,15.38461538461572,4396.450000000001,11.699999999999818,1.8000000000000114
31004_20091124_0000_00,2009-11-24 00:00:00,2009-11-24,2009,11,00,SON,116.66666666668482,2109.9,1.199999999999818,1.4000000000000057
31004_20091125_1200_12,2009-11-25 12:00:00,2009-11-25,2009,11,12,SON,-33.3333333333313,2131.2,4.200000000000273,-1.4000000000000057
31004_20091126_0000_00,2009-11-26 00:00:00,2009-11-26,2009,11,00,SON,-18.44660194174798,4470.4,20.599999999999454,-3.799999999999983
31004_20091218_0000_00,2009-12-18 00:00:00,2009-12-18,2009,12,00,DJF,-21.70542635658927,772.8499999999999,12.899999999999864,-2.7999999999999865
31004_20091218_1200_12,2009-12-18 12:00:00,2009-12-18,2009,12,12,DJF,-20.00000000000008,2111.9,7.0,-1.4000000000000057
31004_20091220_0000_00,2009-12-20 00:00:00,2009-12-20,2009,12,00,DJF,-88.88888888887801,2108.8500000000004,0.900000000000091,-0.799999999999983
31004_20091226_0000_00,2009-12-26 00:00:00,2009-12-26,2009,12,00,DJF,40.579710144928505,733.8499999999999,6.899999999999864,2.8000000000000114
31004_20091226_0000_00,2009-12-26 00:00:00,2009-12-26,2009,12,00,DJF,-54.545454545447264,2148.2,2.200000000000273,-1.1999999999999886
31004_20100102_1200_12,2010-01-02 12:00:00,2010-01-02,2010,1,12,DJF,-16.759776536312337,4571.85,17.900000000000546,-3.0
31004_20100107_0000_00,2010-01-07 00:00:00,2010-01-07,2010,1,00,DJF,-25.490196078432017,4735.799999999999,10.199999999999818,-2.600000000000019
31004_20100109_1200_12,2010-01-09 12:00:00,2010-01-09,2010,1,12,DJF,-16.666666666665385,794.8000000000002,1.2000000000000455,-0.19999999999999218
31004_20100122_1200_12,2010-01-22 12:00:00,2010-01-22,2010,1,12,DJF,-15.506254425300925,4098.65,423.6999999999998,-65.69999999999999
31004_20100130_1200_12,2010-01-30 12:00:00,2010-01-30,2010,1,12,DJF,64.51612903225522,687.8499999999999,3.1000000000001364,2.0
31004_20100131_1200_12,2010-01-31 12:00:00,2010-01-31,2010,1,12,DJF,32.758620689653995,4476.5,11.600000000000364,3.799999999999983
31004_20100207_0000_00,2010-02-07 00:00:00,2010-02-07,2010,2,00,DJF,16.000000000000156,691.9000000000001,5.0,0.8000000000000078
31004_20100212_1200_12,2010-02-12 12:00:00,2010-02-12,2010,2,12,DJF,110.34482758622035,4362.05,2.899999999999636,3.1999999999999886
31004_20100326_0000_00,2010-03-26 00:00:00,2010-03-26,2010,3,00,MAM,-29.62962962962942,710.0500000000002,2.7000000000000455,-0.8000000000000078
31004_20100410_0000_00,2010-04-10 00:00:00,2010-04-10,2010,4,00,MAM,-18.14159292035391,2073.8,45.20000000000027,-8.200000000000017
31004_20100524_0000_00,2010-05-24 00:00:00,2010-05-24,2010,5,00,MAM,16.666666666666668,742.0999999999999,2.3999999999998636,0.39999999999997726
31004_20100628_0000_00,2010-06-28 00:00:00,2010-06-28,2010,6,00,JJA,-66.66666666662246,2353.25,0.3000000000001819,-0.19999999999998863
31004_20100924_0000_00,2010-09-24 00:00:00,2010-09-24,2010,9,00,SON,-18.367346938776137,2252.2,9.799999999999727,-1.8000000000000114
31004_20100928_0000_00,2010-09-28 00:00:00,2010-09-28,2010,9,00,SON,-15.686274509804145,4815.9,10.199999999999818,-1.5999999999999943
31004_20101003_0000_00,2010-10-03 00:00:00,2010-10-03,2010,10,00,SON,-50.000000000014104,2301.8,0.7999999999997272,-0.3999999999999764
31004_20101007_0000_00,2010-10-07 00:00:00,2010-10-07,2010,10,00,SON,-48.780487804884544,4678.85,4.099999999999454,-2.0
31004_20101028_0000_00,2010-10-28 00:00:00,2010-10-28,2010,10,00,SON,-28.571428571429877,4486.5,8.399999999999636,-2.4000000000000057
31004_20101111_0000_00,2010-11-11 00:00:00,2010-11-11,2010,11,00,SON,-21.818181818181642,4645.3,11.0,-2.399999999999981
31004_20101117_1200_12,2010-11-17 12:00:00,2010-11-17,2010,11,12,SON,-16.666666666666668,651.0999999999999,2.3999999999998636,-0.39999999999997726
31004_20101123_0000_00,2010-11-23 00:00:00,2010-11-23,2010,11,00,SON,-39.344262295079716,4377.55,6.100000000000364,-2.4000000000000057
31004_20101124_1200_12,2010-11-24 12:00:00,2010-11-24,2010,11,12,SON,-47.36842105262952,2134.5,3.800000000000182,-1.8000000000000078
31004_20101202_1200_12,2010-12-02 12:00:00,2010-12-02,2010,12,12,DJF,-300.00000000027,4470.4,0.5999999999994543,-1.799999999999983
31004_20101211_0000_00,2010-12-11 00:00:00,2010-12-11,2010,12,00,DJF,-100.0,667.9000000000001,3.0,-3.0
31004_20101220_0000_00,2010-12-20 00:00:00,2010-12-20,2010,12,00,DJF,83.33333333334596,2002.9,1.199999999999818,1.0
31004_20101224_1200_12,2010-12-24 12:00:00,2010-12-24,2010,12,12,DJF,36.363636363636125,214.95000000000005,1.1000000000000227,0.4000000000000057
31004_20101225_0000_00,2010-12-25 00:00:00,2010-12-25,2010,12,00,DJF,-15.853658536585684,4702.7,16.399999999999636,-2.5999999999999943
31004_20110104_0000_00,2011-01-04 00:00:00,2011-01-04,2011,1,00,DJF,25.641025641026538,736.3499999999999,3.8999999999998636,1.0
31004_20110121_1200_12,2011-01-21 12:00:00,2011-01-21,2011,1,12,DJF,-254.545454545424,784.8499999999999,1.1000000000001364,-2.8000000000000114
31004_20110126_0000_00,2011-01-26 00:00:00,2011-01-26,2011,1,00,DJF,-18.181818181818183,2211.65,5.5,-1.0
31004_20110225_0000_00,2011-02-25 00:00:00,2011-02-25,2011,2,00,DJF,17.142857142857142,4459.35,17.5,3.0
31004_20110225_1200_12,2011-02-25 12:00:00,2011-02-25,2011,2,12,DJF,-46.37681159419907,4397.15,6.900000000000546,-3.1999999999999886
31004_20110323_1200_12,2011-03-23 12:00:00,2011-03-23,2011,3,12,MAM,214.28571428576996,4581.5,1.3999999999996362,3.0
31004_20110326_1200_12,2011-03-26 12:00:00,2011-03-26,2011,3,12,MAM,22.222222222223053,4784.6,7.199999999999818,1.6000000000000192
31004_20110519_0000_00,2011-05-19 00:00:00,2011-05-19,2011,5,00,MAM,18.18181818181776,2192.65,3.300000000000182,0.6000000000000192
31004_20110621_1200_12,2011-06-21 12:00:00,2011-06-21,2011,6,12,JJA,-25.0,751.9000000000001,0.7999999999999545,-0.19999999999998863
31004_20110802_1200_12,2011-08-02 12:00:00,2011-08-02,2011,8,12,JJA,66.50943396226414,31.799999999999955,63.60000000000002,42.30000000000001
31004_20110908_1200_12,2011-09-08 12:00:00,2011-09-08,2011,9,12,SON,66.66666666667118,2209.3500000000004,2.099999999999909,1.400000000000034
31004_20110917_1200_12,2011-09-17 12:00:00,2011-09-17,2011,9,12,SON,75.00000000002132,2264.8,0.7999999999997272,0.5999999999999659
31004_20111012_1200_12,2011-10-12 12:00:00,2011-10-12,2011,10,12,SON,-33.333333333328596,2177.7,1.2000000000002728,-0.4000000000000341
31004_20111107_1200_12,2011-11-07 12:00:00,2011-11-07,2011,11,12,SON,142.85714285717998,2223.65,0.6999999999998181,1.0
31004_20111116_1200_12,2011-11-16 12:00:00,2011-11-16,2011,11,12,SON,18.604651162790827,4609.4,17.199999999999818,3.1999999999999886
31004_20111205_1200_12,2011-12-05 12:00:00,2011-12-05,2011,12,12,DJF,18.82352941176464,773.05,8.5,1.5999999999999943
31004_20111206_0000_00,2011-12-06 00:00:00,2011-12-06,2011,12,00,DJF,19.999999999998863,179.0,1.0,0.19999999999998863
31004_20120105_1200_12,2012-01-05 12:00:00,2012-01-05,2012,1,12,DJF,27.027027027026694,763.5500000000002,3.7000000000000455,1.0
31004_20120112_0000_00,2012-01-12 00:00:00,2012-01-12,2012,1,00,DJF,-52.94117647058705,2043.6000000000004,3.400000000000091,-1.8000000000000078
31004_20120118_0000_00,2012-01-18 00:00:00,2012-01-18,2012,1,00,DJF,-18.181818181818183,713.1500000000001,5.5,-1.0
31004_20120120_0000_00,2012-01-20 00:00:00,2012-01-20,2012,1,00,DJF,28.571428571426615,818.3499999999999,2.1000000000001364,0.5999999999999979
31004_20120130_0000_00,2012-01-30 00:00:00,2012-01-30,2012,1,00,DJF,32.46073298429329,712.75,19.09999999999991,6.199999999999989
31004_20120213_0000_00,2012-02-13 00:00:00,2012-02-13,2012,2,00,DJF,200.00000000006793,2074.7,0.7999999999997272,1.5999999999999979
31004_20120410_0000_00,2012-04-10 00:00:00,2012-04-10,2012,4,00,MAM,22.44897959183649,4485.6,9.800000000000182,2.200000000000017
31004_20120501_0000_00,2012-05-01 00:00:00,2012-05-01,2012,5,00,MAM,18.181818181818183,2211.65,5.5,1.0
31004_20120615_1200_12,2012-06-15 12:00:00,2012-06-15,2012,6,12,JJA,-15.905947441217144,880.75,216.9000000000001,-34.5
31004_20120801_1200_12,2012-08-01 12:00:00,2012-08-01,2012,8,12,JJA,32.000000000000455,2420.15,2.5,0.8000000000000114
31004_20120928_1200_12,2012-09-28 12:00:00,2012-09-28,2012,9,12,SON,16.47058823529389,4805.25,8.5,1.3999999999999808
31004_20121015_1200_12,2012-10-15 12:00:00,2012-10-15,2012,10,12,SON,-400.0,4760.75,0.5,-2.0
31004_20121027_0000_00,2012-10-27 00:00:00,2012-10-27,2012,10,00,SON,-22.222222222221717,779.1999999999998,1.7999999999999545,-0.3999999999999808
31004_20121029_1200_12,2012-10-29 12:00:00,2012-10-29,2012,10,12,SON,-149.99999999996447,4560.0,1.6000000000003638,-2.3999999999999773
31004_20121105_0000_00,2012-11-05 00:00:00,2012-11-05,2012,11,00,SON,76.92307692306616,719.75,1.300000000000182,1.0
31004_20121206_1200_12,2012-12-06 12:00:00,2012-12-06,2012,12,12,DJF,20.0,714.4000000000001,40.0,8.0
31004_20121208_1200_12,2012-12-08 12:00:00,2012-12-08,2012,12,12,DJF,-49.999999999997634,2271.1000000000004,2.400000000000091,-1.1999999999999886
31004_20121210_0000_00,2012-12-10 00:00:00,2012-12-10,2012,12,00,DJF,21.568627450979022,4726.0,10.200000000000728,2.200000000000017
31004_20121211_0000_00,2012-12-11 00:00:00,2012-12-11,2012,12,00,DJF,16.09195402298856,2264.75,8.699999999999818,1.3999999999999755
31004_20121213_1200_12,2012-12-13 12:00:00,2012-12-13,2012,12,12,DJF,19.230769230769063,712.5999999999999,15.600000000000136,3.0
31004_20121229_0000_00,2012-12-29 00:00:00,2012-12-29,2012,12,00,DJF,43.24324324324522,2106.15,3.699999999999818,1.5999999999999943
31004_20121230_0000_00,2012-12-30 00:00:00,2012-12-30,2012,12,00,DJF,-18.461538461538723,684.6500000000001,6.5,-1.200000000000017
31004_20130115_1200_12,2013-01-15 12:00:00,2013-01-15,2013,1,12,DJF,228.57142857148716,4451.3,1.3999999999996362,3.1999999999999886
31004_20130121_0000_00,2013-01-21 00:00:00,2013-01-21,2013,1,00,DJF,22.5000000000001,2175.4,8.0,1.8000000000000078
31004_20130122_0000_00,2013-01-22 00:00:00,2013-01-22,2013,1,00,DJF,21.19205298013314,4418.15,15.099999999999454,3.1999999999999886
31004_20130207_0000_00,2013-02-07 00:00:00,2013-02-07,2013,2,00,DJF,-20.0,780.4000000000001,10.0,-2.0
31004_20130304_0000_00,2013-03-04 00:00:00,2013-03-04,2013,3,00,MAM,22.535211267605842,2046.8500000000004,7.099999999999909,1.5999999999999943
31004_20130315_0000_00,2013-03-15 00:00:00,2013-03-15,2013,3,00,MAM,26.08695652174067,4414.05,6.899999999999636,1.8000000000000114
31004_20130317_0000_00,2013-03-17 00:00:00,2013-03-17,2013,3,00,MAM,37.03703703703953,2000.65,2.699999999999818,1.0
31004_20130327_1200_12,2013-03-27 12:00:00,2013-03-27,2013,3,12,MAM,-159.99999999999943,2181.8,1.0,-1.5999999999999943
31004_20130328_1200_12,2013-03-28 12:00:00,2013-03-28,2013,3,12,MAM,-25.000000000000508,2198.6000000000004,5.599999999999909,-1.4000000000000057
31004_20130329_1200_12,2013-03-29 12:00:00,2013-03-29,2013,3,12,MAM,35.89743589743029,4502.65,3.9000000000005457,1.3999999999999773
31004_20130408_0000_00,2013-04-08 00:00:00,2013-04-08,2013,4,00,MAM,46.42857142857585,4603.6,5.599999999999454,2.5999999999999943
31004_20130426_0000_00,2013-04-26 00:00:00,2013-04-26,2013,4,00,MAM,19.047619047617758,64.54999999999995,2.1000000000000227,0.39999999999997726
31004_20130506_0000_00,2013-05-06 00:00:00,2013-05-06,2013,5,00,MAM,33.33333333333649,2281.7,0.599999999999909,0.19999999999998863
31004_20130914_0000_00,2013-09-14 00:00:00,2013-09-14,2013,9,00,SON,-66.66666666662246,2213.15,0.3000000000001819,-0.19999999999998863
31004_20130928_1200_12,2013-09-28 12:00:00,2013-09-28,2013,9,12,SON,-999.999999996362,2243.25,0.1000000000003638,-1.0
31004_20131107_0000_00,2013-11-07 00:00:00,2013-11-07,2013,11,00,SON,17.14285714285769,726.55,3.5,0.6000000000000192
31004_20131113_1200_12,2013-11-13 12:00:00,2013-11-13,2013,11,12,SON,-18.867924528301238,2097.65,5.300000000000182,-1.0
31004_20131117_0000_00,2013-11-17 00:00:00,2013-11-17,2013,11,00,SON,-23.80952380952226,2201.2,4.200000000000273,-1.0
31004_20131119_1200_12,2013-11-19 12:00:00,2013-11-19,2013,11,12,SON,28.57142857142509,772.6500000000001,0.7000000000000455,0.19999999999998863
31004_20131128_0000_00,2013-11-28 00:00:00,2013-11-28,2013,11,00,SON,-20.45454545454484,4466.299999999999,8.800000000000182,-1.799999999999983
31004_20131202_1200_12,2013-12-02 12:00:00,2013-12-02,2013,12,12,DJF,19.230769230769905,2165.9,5.199999999999818,1.0
31004_20131213_1200_12,2013-12-13 12:00:00,2013-12-13,2013,12,12,DJF,-33.33333333333386,793.2,3.599999999999909,-1.1999999999999886
31004_20131217_0000_00,2013-12-17 00:00:00,2013-12-17,2013,12,00,DJF,15.000000000000613,225.5,4.0,0.6000000000000245
31004_20131217_0000_00,2013-12-17 00:00:00,2013-12-17,2013,12,00,DJF,-18.691588785047045,4825.65,10.699999999999818,-2.0
31004_20131217_1200_12,2013-12-17 12:00:00,2013-12-17,2013,12,12,DJF,25.0,225.5,4.0,1.0
31004_20140110_1200_12,2014-01-10 12:00:00,2014-01-10,2014,1,12,DJF,28.571428571436403,2061.0,1.3999999999996362,0.4000000000000057
31004_20140111_1200_12,2014-01-11 12:00:00,2014-01-11,2014,1,12,DJF,-30.769230769232284,756.0500000000002,1.2999999999999545,-0.4000000000000057
31004_20140116_0000_00,2014-01-16 00:00:00,2014-01-16,2014,1,00,DJF,-120.00000000000384,733.05,0.5,-0.6000000000000192
31004_20140204_0000_00,2014-02-04 00:00:00,2014-02-04,2014,2,00,DJF,16.19433198380549,1970.9499999999998,24.700000000000273,4.0
31004_20140226_1200_12,2014-02-26 12:00:00,2014-02-26,2014,2,12,DJF,600.0000000005435,2115.45,0.09999999999990905,0.5999999999999979
31004_20140301_1200_12,2014-03-01 12:00:00,2014-03-01,2014,3,12,MAM,31.5789473684222,2110.15,5.699999999999818,1.8000000000000078
31004_20140310_1200_12,2014-03-10 12:00:00,2014-03-10,2014,3,12,MAM,19.696969696969926,4657.4,13.199999999999818,2.5999999999999943
31004_20140325_0000_00,2014-03-25 00:00:00,2014-03-25,2014,3,00,MAM,-20.588235294116735,2125.9,6.800000000000182,-1.3999999999999755
31004_20140507_0000_00,2014-05-07 00:00:00,2014-05-07,2014,5,00,MAM,33.33333333332386,803.5999999999999,0.6000000000001364,0.19999999999998863
31004_20140508_0000_00,2014-05-08 00:00:00,2014-05-08,2014,5,00,MAM,25.000000000003553,4902.3,2.399999999999636,0.5999999999999943
31004_20140510_0000_00,2014-05-10 00:00:00,2014-05-10,2014,5,00,MAM,100.00000000008527,2324.5,0.1999999999998181,0.19999999999998863
31004_20140610_1200_12,2014-06-10 12:00:00,2014-06-10,2014,6,12,JJA,20.68965517241393,2460.05,2.900000000000091,0.6000000000000227
31004_20140621_0000_00,2014-06-21 00:00:00,2014-06-21,2014,6,00,JJA,-57.14285714286874,2449.75,0.6999999999998181,-0.39999999999997726
31004_20140623_1200_12,2014-06-23 12:00:00,2014-06-23,2014,6,12,JJA,-15.128688010043902,4582.450000000001,159.30000000000018,-24.099999999999966
31004_20140919_0000_00,2014-09-19 00:00:00,2014-09-19,2014,9,00,SON,54.54545454543341,2316.75,1.1000000000003638,0.5999999999999659
31004_20140922_1200_12,2014-09-22 12:00:00,2014-09-22,2014,9,12,SON,-20.0,4756.0,10.0,-2.0
31004_20140923_0000_00,2014-09-23 00:00:00,2014-09-23,2014,9,00,SON,-24.999999999992895,2276.9,0.8000000000001819,-0.19999999999998863
31004_20141006_1200_12,2014-10-06 12:00:00,2014-10-06,2014,10,12,SON,32.78688524589968,4713.95,6.100000000000364,2.0
31004_20141017_0000_00,2014-10-17 00:00:00,2014-10-17,2014,10,00,SON,17.24137931034564,2148.3,5.799999999999727,1.0
31004_20141020_0000_00,2014-10-20 00:00:00,2014-10-20,2014,10,00,SON,-28.333333333333382,4374.6,12.0,-3.4000000000000057
31004_20141101_1200_12,2014-11-01 12:00:00,2014-11-01,2014,11,12,SON,23.529411764705483,2133.1000000000004,3.400000000000091,0.8000000000000078
31004_20141115_1200_12,2014-11-15 12:00:00,2014-11-15,2014,11,12,SON,66.66666666667298,161.75,0.2999999999999545,0.19999999999998863
31004_20141120_1200_12,2014-11-20 12:00:00,2014-11-20,2014,11,12,SON,-266.6666666665005,2170.25,0.3000000000001819,-0.7999999999999865
31004_20141210_0000_00,2014-12-10 00:00:00,2014-12-10,2014,12,00,DJF,29.2682926829272,725.25,4.099999999999909,1.1999999999999886
31004_20141211_1200_12,2014-12-11 12:00:00,2014-12-11,2014,12,12,DJF,-24.390243902439565,678.45,4.099999999999909,-1.0
31004_20141213_0000_00,2014-12-13 00:00:00,2014-12-13,2014,12,00,DJF,15.49815498154976,13.549999999999955,27.100000000000023,4.199999999999989
31004_20141217_0000_00,2014-12-17 00:00:00,2014-12-17,2014,12,00,DJF,50.0,2075.3,2.0,1.0
31004_20141220_1200_12,2014-12-20 12:00:00,2014-12-20,2014,12,12,DJF,200.00000000017764,4330.7,0.3999999999996362,0.799999999999983
31004_20141222_1200_12,2014-12-22 12:00:00,2014-12-22,2014,12,12,DJF,23.728813559323594,2062.25,5.899999999999636,1.4000000000000057
31004_20141231_0000_00,2014-12-31 00:00:00,2014-12-31,2014,12,00,DJF,599.9999999998721,751.3000000000002,0.20000000000004547,1.200000000000017
31004_20150107_1200_12,2015-01-07 12:00:00,2015-01-07,2015,1,12,DJF,171.4285714286184,2187.65,0.6999999999998181,1.200000000000017
31004_20150303_1200_12,2015-03-03 12:00:00,2015-03-03,2015,3,12,MAM,-600.00000000054,2103.3500000000004,0.09999999999990905,-0.5999999999999943
31004_20150316_1200_12,2015-03-16 12:00:00,2015-03-16,2015,3,12,MAM,-15.217391304348034,4491.5,18.399999999999636,-2.799999999999983
31004_20150409_0000_00,2015-04-09 00:00:00,2015-04-09,2015,4,00,MAM,-38.554216867468895,4496.549999999999,8.300000000000182,-3.1999999999999886
31004_20150531_1200_12,2015-05-31 12:00:00,2015-05-31,2015,5,12,MAM,-47.058823529416635,4719.2,3.399999999999636,-1.5999999999999943
31004_20150807_0000_00,2015-08-07 00:00:00,2015-08-07,2015,8,00,JJA,-17.39130434782565,223.0,9.200000000000045,-1.5999999999999677
31004_20150923_1200_12,2015-09-23 12:00:00,2015-09-23,2015,9,12,SON,15.384615384615199,4834.9,7.800000000000182,1.2000000000000135
31004_20151009_1200_12,2015-10-09 12:00:00,2015-10-09,2015,10,12,SON,-33.333333333333336,834.8,3.0,-1.0
31004_20151011_1200_12,2015-10-11 12:00:00,2015-10-11,2015,10,12,SON,60.000000000000675,2228.3,2.0,1.2000000000000135
31004_20151021_1200_12,2015-10-21 12:00:00,2015-10-21,2015,10,12,SON,-22.76422764227618,4494.549999999999,12.300000000000182,-2.8000000000000114
31004_20151104_0000_00,2015-11-04 00:00:00,2015-11-04,2015,11,00,SON,-39.50617283950869,4506.65,8.099999999999454,-3.1999999999999886
31004_20151110_0000_00,2015-11-10 00:00:00,2015-11-10,2015,11,00,SON,32.78688524589968,4713.95,6.100000000000364,2.0
31004_20151129_1200_12,2015-11-29 12:00:00,2015-11-29,2015,11,12,SON,-15.686274509803447,2128.2,10.200000000000273,-1.5999999999999943
31004_20151205_0000_00,2015-12-05 00:00:00,2015-12-05,2015,12,00,DJF,-37.20930232557969,2110.15,4.300000000000182,-1.5999999999999943
31004_20151206_0000_00,2015-12-06 00:00:00,2015-12-06,2015,12,00,DJF,17.679558011049796,72.34999999999991,18.100000000000023,3.200000000000017
31004_20151208_1200_12,2015-12-08 12:00:00,2015-12-08,2015,12,12,DJF,-57.14285714285424,2141.6000000000004,1.400000000000091,-0.8000000000000114
31004_20151213_1200_12,2015-12-13 12:00:00,2015-12-13,2015,12,12,DJF,-22.22222222222386,4506.65,8.099999999999454,-1.8000000000000114
31004_20151214_0000_00,2015-12-14 00:00:00,2015-12-14,2015,12,00,DJF,-3000.000000016371,4500.65,0.0999999999994543,-3.0
31004_20151223_0000_00,2015-12-23 00:00:00,2015-12-23,2015,12,00,DJF,16.981132075471685,2101.7,10.599999999999909,1.799999999999983
31004_20151226_1200_12,2015-12-26 12:00:00,2015-12-26,2015,12,12,DJF,-99.99999999997335,81.5,0.20000000000004547,-0.19999999999999218
31004_20151227_0000_00,2015-12-27 00:00:00,2015-12-27,2015,12,00,DJF,100.00000000000533,4432.200000000001,3.199999999999818,3.1999999999999886
31004_20151228_0000_00,2015-12-28 00:00:00,2015-12-28,2015,12,00,DJF,54.545454545456366,710.0999999999999,4.399999999999864,2.4000000000000057
31004_20151229_0000_00,2015-12-29 00:00:00,2015-12-29,2015,12,00,DJF,71.42857142856678,744.7,1.400000000000091,1.0
31004_20160105_0000_00,2016-01-05 00:00:00,2016-01-05,2016,1,00,DJF,-97.14285714285731,4418.85,3.5,-3.4000000000000057
31004_20160115_0000_00,2016-01-15 00:00:00,2016-01-15,2016,1,00,DJF,-114.28571428571951,4538.6,4.199999999999818,-4.800000000000011
31004_20160123_1200_12,2016-01-23 12:00:00,2016-01-23,2016,1,12,DJF,22.2222222222213,4668.1,14.400000000000546,3.1999999999999886
31004_20160203_1200_12,2016-02-03 12:00:00,2016-02-03,2016,2,12,DJF,-30.588235294117748,4282.0,17.0,-5.200000000000017
31004_20160212_0000_00,2016-02-12 00:00:00,2016-02-12,2016,2,00,DJF,292.30769230785677,4441.25,1.2999999999992724,3.8000000000000114
31004_20160213_1200_12,2016-02-13 12:00:00,2016-02-13,2016,2,12,DJF,-30.769230769232284,722.7,2.599999999999909,-0.8000000000000114
31004_20160222_0000_00,2016-02-22 00:00:00,2016-02-22,2016,2,00,DJF,18.181818181819942,732.5,2.199999999999818,0.4000000000000057
31004_20160225_0000_00,2016-02-25 00:00:00,2016-02-25,2016,2,00,DJF,87.4999999999929,733.5999999999999,1.6000000000001364,1.4000000000000057
31004_20160320_0000_00,2016-03-20 00:00:00,2016-03-20,2016,3,00,MAM,47.05882352941635,4653.35,5.099999999999454,2.3999999999999773
31004_20160403_0000_00,2016-04-03 00:00:00,2016-04-03,2016,4,00,MAM,-29.166666666665158,2094.9,4.800000000000182,-1.3999999999999808
31004_20160410_0000_00,2016-04-10 00:00:00,2016-04-10,2016,4,00,MAM,-50.00000000000045,798.9000000000001,0.7999999999999545,-0.3999999999999808
31004_20160415_0000_00,2016-04-15 00:00:00,2016-04-15,2016,4,00,MAM,-40.0,4658.4,5.0,-2.0
31004_20160418_1200_12,2016-04-18 12:00:00,2016-04-18,2016,4,12,MAM,-17.218543046357162,4593.25,15.100000000000364,-2.5999999999999943
31004_20160515_0000_00,2016-05-15 00:00:00,2016-05-15,2016,5,00,MAM,-200.00000000048317,4720.75,0.2999999999992724,-0.5999999999999943
31004_20160516_1200_12,2016-05-16 12:00:00,2016-05-16,2016,5,12,MAM,16.326530612244827,2187.8500000000004,4.900000000000091,0.8000000000000114
31004_20160517_0000_00,2016-05-17 00:00:00,2016-05-17,2016,5,00,MAM,-53.33333333333279,2202.65,4.5,-2.3999999999999755
31004_20160622_1200_12,2016-06-22 12:00:00,2016-06-22,2016,6,12,JJA,-16.666666666670316,4831.6,1.199999999999818,-0.2000000000000135
31004_20160701_0000_00,2016-07-01 00:00:00,2016-07-01,2016,7,00,JJA,-34.00000000000034,988.7,10.0,-3.400000000000034
31004_20160907_1200_12,2016-09-07 12:00:00,2016-09-07,2016,9,12,SON,-17.391304347823723,2388.25,2.300000000000182,-0.39999999999997726
31004_20161005_0000_00,2016-10-05 00:00:00,2016-10-05,2016,10,00,SON,-21.428571428569832,2187.9,2.800000000000182,-0.5999999999999943
31004_20161015_0000_00,2016-10-15 00:00:00,2016-10-15,2016,10,00,SON,-129.41176470589554,4619.950000000001,1.699999999999818,-2.1999999999999886
31004_20161023_1200_12,2016-10-23 12:00:00,2016-10-23,2016,10,12,SON,34.48275862069398,2104.75,2.899999999999636,1.0
31004_20161109_1200_12,2016-11-09 12:00:00,2016-11-09,2016,11,12,SON,-15.714285714285836,4553.8,14.0,-2.200000000000017
31004_20161128_0000_00,2016-11-28 00:00:00,2016-11-28,2016,11,00,SON,450.0000000004121,2093.5,0.3999999999996362,1.8000000000000114
31004_20161214_1200_12,2016-12-14 12:00:00,2016-12-14,2016,12,12,DJF,-33.962264150942445,2190.65,5.300000000000182,-1.8000000000000114
31004_20170109_1200_12,2017-01-09 12:00:00,2017-01-09,2017,1,12,DJF,30.50847457627091,4286.4,11.800000000000182,3.6000000000000227
31004_20170110_0000_00,2017-01-10 00:00:00,2017-01-10,2017,1,00,DJF,-199.99999999987685,1973.0,0.6000000000003638,-1.1999999999999886
31004_20170121_0000_00,2017-01-21 00:00:00,2017-01-21,2017,1,00,DJF,-29.032258064517166,4514.5,12.399999999999636,-3.6000000000000227
31004_20170131_0000_00,2017-01-31 00:00:00,2017-01-31,2017,1,00,DJF,105.55555555554442,4282.3,3.600000000000364,3.799999999999983
31004_20170203_1200_12,2017-02-03 12:00:00,2017-02-03,2017,2,12,DJF,32.96703296703165,4555.25,9.100000000000364,3.0
31004_20170221_0000_00,2017-02-21 00:00:00,2017-02-21,2017,2,00,DJF,90.32258064517755,4442.15,3.0999999999994543,2.8000000000000114
31004_20170311_1200_12,2017-03-11 12:00:00,2017-03-11,2017,3,12,MAM,133.33333333332135,2162.8500000000004,0.900000000000091,1.2000000000000135
31004_20170316_1200_12,2017-03-16 12:00:00,2017-03-16,2017,3,12,MAM,17.77777777777799,2251.65,4.5,0.8000000000000096
31004_20170405_1200_12,2017-04-05 12:00:00,2017-04-05,2017,4,12,MAM,-30.769230769230123,4596.9,7.800000000000182,-2.4000000000000057
31004_20170814_1200_12,2017-08-14 12:00:00,2017-08-14,2017,8,12,JJA,-80.00000000000114,2447.0,1.0,-0.8000000000000114
31004_20170827_0000_00,2017-08-27 00:00:00,2017-08-27,2017,8,00,JJA,-108.60215053763451,9.299999999999955,18.600000000000023,-20.200000000000045
31004_20170830_0000_00,2017-08-30 00:00:00,2017-08-30,2017,8,00,JJA,30.303030303037094,4932.75,3.2999999999992724,1.0000000000000036
31004_20171006_0000_00,2017-10-06 00:00:00,2017-10-06,2017,10,00,SON,-28.915662650605015,4656.75,8.299999999999272,-2.4000000000000057
31004_20171019_0000_00,2017-10-19 00:00:00,2017-10-19,2017,10,00,SON,18.867924528301238,2172.75,5.300000000000182,1.0
31004_20171028_0000_00,2017-10-28 00:00:00,2017-10-28,2017,10,00,SON,-199.99999999987685,2167.0,0.6000000000003638,-1.1999999999999886
31004_20171209_0000_00,2017-12-09 00:00:00,2017-12-09,2017,12,00,DJF,15.853658536585463,659.0999999999999,16.399999999999864,2.5999999999999943
31004_20171218_1200_12,2017-12-18 12:00:00,2017-12-18,2017,12,12,DJF,-19.607843137253504,2072.75,5.100000000000364,-1.0
31004_20171223_0000_00,2017-12-23 00:00:00,2017-12-23,2017,12,00,DJF,18.60465116279087,2053.6000000000004,8.599999999999909,1.5999999999999979
31004_20180122_1200_12,2018-01-22 12:00:00,2018-01-22,2018,1,12,DJF,-17.09401709401736,4308.8,23.399999999999636,-4.0
31004_20180125_1200_12,2018-01-25 12:00:00,2018-01-25,2018,1,12,DJF,-76.4705882352919,815.0,3.400000000000091,-2.5999999999999943
31004_20180126_0000_00,2018-01-26 00:00:00,2018-01-26,2018,1,00,DJF,-37.142857142857466,796.8,7.0,-2.6000000000000227
31004_20180204_1200_12,2018-02-04 12:00:00,2018-02-04,2018,2,12,DJF,-15.38461538461696,188.85000000000002,1.2999999999999545,-0.2000000000000135
31004_20180311_1200_12,2018-03-11 12:00:00,2018-03-11,2018,3,12,MAM,22.222222222232705,2059.75,0.8999999999996362,0.2000000000000135
31004_20180325_0000_00,2018-03-25 00:00:00,2018-03-25,2018,3,00,MAM,18.18181818181778,2102.0,8.800000000000182,1.5999999999999979
31004_20180403_1200_12,2018-04-03 12:00:00,2018-04-03,2018,4,12,MAM,52.6315789473659,2167.3500000000004,1.900000000000091,1.0
31004_20180407_1200_12,2018-04-07 12:00:00,2018-04-07,2018,4,12,MAM,2000.000000010914,4650.85,0.0999999999994543,2.0
31004_20180516_1200_12,2018-05-16 12:00:00,2018-05-16,2018,5,12,MAM,37.49999999999123,4712.5,3.2000000000007276,1.1999999999999922
31004_20180610_1200_12,2018-06-10 12:00:00,2018-06-10,2018,6,12,JJA,-16.82242990654175,1570.0500000000002,10.700000000000273,-1.8000000000000131
31004_20180906_0000_00,2018-09-06 00:00:00,2018-09-06,2018,9,00,SON,-24.65753424657642,2177.95,7.299999999999727,-1.8000000000000114
31004_20180924_0000_00,2018-09-24 00:00:00,2018-09-24,2018,9,00,SON,99.99999999997631,2319.8,1.2000000000002728,1.1999999999999886
31004_20181019_0000_00,2018-10-19 00:00:00,2018-10-19,2018,10,00,SON,66.66666666666667,2246.55,1.5,1.0
31004_20181020_0000_00,2018-10-20 00:00:00,2018-10-20,2018,10,00,SON,-29.72972972973142,4727.2,7.399999999999636,-2.200000000000017
31004_20181113_1200_12,2018-11-13 12:00:00,2018-11-13,2018,11,12,SON,30.76923076922996,745.0500000000002,1.2999999999999545,0.3999999999999755
31004_20181118_1200_12,2018-11-18 12:00:00,2018-11-18,2018,11,12,SON,-59.99999999999943,2097.8,1.0,-0.5999999999999943
31004_20181119_1200_12,2018-11-19 12:00:00,2018-11-19,2018,11,12,SON,-15.189873417721515,2059.3500000000004,7.900000000000091,-1.2000000000000135
31004_20181203_0000_00,2018-12-03 00:00:00,2018-12-03,2018,12,00,DJF,20.895522388060304,2060.65,6.699999999999818,1.4000000000000021
31004_20181207_0000_00,2018-12-07 00:00:00,2018-12-07,2018,12,00,DJF,-31.249999999999556,703.9000000000001,3.2000000000000455,-1.0
31004_20181208_0000_00,2018-12-08 00:00:00,2018-12-08,2018,12,00,DJF,17.924528301886674,713.8000000000002,21.200000000000045,3.799999999999983
31004_20181212_0000_00,2018-12-12 00:00:00,2018-12-12,2018,12,00,DJF,-19.512195121951756,4492.5,16.399999999999636,-3.200000000000017
31004_20181220_0000_00,2018-12-20 00:00:00,2018-12-20,2018,12,00,DJF,-400.00000000010556,4470.35,0.6999999999998181,-2.8000000000000114
31004_20181226_1200_12,2018-12-26 12:00:00,2018-12-26,2018,12,12,DJF,-119.99999999999957,2187.05,0.5,-0.5999999999999979
31004_20190120_0000_00,2019-01-20 00:00:00,2019-01-20,2019,1,00,DJF,-19.354838709677185,647.8499999999999,3.1000000000001364,-0.6000000000000192
31004_20190122_1200_12,2019-01-22 12:00:00,2019-01-22,2019,1,12,DJF,18.750000000000224,719.0999999999999,6.399999999999864,1.1999999999999886
31004_20190125_0000_00,2019-01-25 00:00:00,2019-01-25,2019,1,00,DJF,-16.759776536312337,4571.85,17.900000000000546,-3.0
31004_20190125_1200_12,2019-01-25 12:00:00,2019-01-25,2019,1,12,DJF,-46.153846153839396,2203.0,2.600000000000364,-1.1999999999999922
31004_20190126_0000_00,2019-01-26 00:00:00,2019-01-26,2019,1,00,DJF,32.96703296703165,4555.25,9.100000000000364,3.0
31004_20190211_0000_00,2019-02-11 00:00:00,2019-02-11,2019,2,00,DJF,-18.867924528302048,730.9499999999998,5.2999999999999545,-1.0
31004_20190309_1200_12,2019-03-09 12:00:00,2019-03-09,2019,3,12,MAM,-16.574585635359615,4501.65,18.099999999999454,-3.0
31004_20190321_1200_12,2019-03-21 12:00:00,2019-03-21,2019,3,12,MAM,-174.99999999996092,2126.0,0.8000000000001819,-1.4000000000000057
31004_20190331_1200_12,2019-03-31 12:00:00,2019-03-31,2019,3,12,MAM,-100.00000000001481,2221.1000000000004,0.599999999999909,-0.5999999999999979
31004_20190406_0000_00,2019-04-06 00:00:00,2019-04-06,2019,4,00,MAM,-99.99999999985789,2220.3,0.20000000000027285,-0.19999999999998863
31004_20190408_1200_12,2019-04-08 12:00:00,2019-04-08,2019,4,12,MAM,15.384615384615309,4668.049999999999,14.300000000000182,2.200000000000017
31004_20190420_0000_00,2019-04-20 00:00:00,2019-04-20,2019,4,00,MAM,42.10526315790349,2109.25,1.8999999999996362,0.8000000000000131
31004_20190430_0000_00,2019-04-30 00:00:00,2019-04-30,2019,4,00,MAM,-72.72727272727849,4569.700000000001,2.199999999999818,-1.5999999999999943
31004_20190521_0000_00,2019-05-21 00:00:00,2019-05-21,2019,5,00,MAM,28.57142857142509,2250.1000000000004,1.400000000000091,0.39999999999997726
31004_20190703_1200_12,2019-07-03 12:00:00,2019-07-03,2019,7,12,JJA,166.66666666656562,4841.3,0.6000000000003638,1.0
31004_20190827_1200_12,2019-08-27 12:00:00,2019-08-27,2019,8,12,JJA,-43.478260869565005,204.60000000000002,9.200000000000045,-4.0
31004_20190827_1200_12,2019-08-27 12:00:00,2019-08-27,2019,8,12,JJA,58.69565217391385,213.79999999999995,9.199999999999932,5.400000000000034
31004_20190925_0000_00,2019-09-25 00:00:00,2019-09-25,2019,9,00,SON,-200.00000000022825,2276.45,0.09999999999990905,-0.20000000000004636
31004_20190927_1200_12,2019-09-27 12:00:00,2019-09-27,2019,9,12,SON,-35.7142857142857,4221.3,14.0,-4.999999999999998
31004_20191031_1200_12,2019-10-31 12:00:00,2019-10-31,2019,10,12,SON,-35.61643835616342,4637.15,7.300000000000182,-2.5999999999999943
31004_20191117_0000_00,2019-11-17 00:00:00,2019-11-17,2019,11,00,SON,-40.81632653061338,783.8499999999999,4.899999999999864,-2.0
31004_20191118_0000_00,2019-11-18 00:00:00,2019-11-18,2019,11,00,SON,-18.181818181818148,756.1500000000001,7.7000000000000455,-1.4000000000000057
31004_20191123_0000_00,2019-11-23 00:00:00,2019-11-23,2019,11,00,SON,29.4117647058855,4424.0,6.799999999999272,2.0
31004_20191127_0000_00,2019-11-27 00:00:00,2019-11-27,2019,11,00,SON,371.4285714284258,2137.95,0.7000000000002728,2.5999999999999943
31004_20191203_0000_00,2019-12-03 00:00:00,2019-12-03,2019,12,00,DJF,-140.00000000000057,721.9000000000001,1.0,-1.4000000000000057
31004_20191217_0000_00,2019-12-17 00:00:00,2019-12-17,2019,12,00,DJF,24.489795918367612,4367.950000000001,14.699999999999818,3.5999999999999943
31004_20191223_1200_12,2019-12-23 12:00:00,2019-12-23,2019,12,12,DJF,20.000000000000107,2075.3,2.0,0.40000000000000213
31004_20191224_0000_00,2019-12-24 00:00:00,2019-12-24,2019,12,00,DJF,-17.39130434782496,2108.15,2.300000000000182,-0.4000000000000057
31004_20191231_0000_00,2019-12-31 00:00:00,2019-12-31,2019,12,00,DJF,-30.0,684.4000000000001,10.0,-3.0
31004_20200108_0000_00,2020-01-08 00:00:00,2020-01-08,2020,1,00,DJF,-16.296296296296212,4624.05,13.5,-2.1999999999999886
31004_20200128_1200_12,2020-01-28 12:00:00,2020-01-28,2020,1,12,DJF,20.370370370369923,4646.200000000001,10.800000000000182,2.1999999999999886
31004_20200202_1200_12,2020-02-02 12:00:00,2020-02-02,2020,2,12,DJF,-32.727272727272414,2098.65,5.5,-1.799999999999983
31004_20200310_1200_12,2020-03-10 12:00:00,2020-03-10,2020,3,12,MAM,15.82733812949694,4397.55,13.899999999999636,2.200000000000017
31004_20200416_0000_00,2020-04-16 00:00:00,2020-04-16,2020,4,00,MAM,99.99999999998579,774.5,0.40000000000009095,0.4000000000000341
31004_20200417_1200_12,2020-04-17 12:00:00,2020-04-17,2020,4,12,MAM,100.00000000002078,4572.1,2.5999999999994543,2.5999999999999943
31004_20200512_0000_00,2020-05-12 00:00:00,2020-05-12,2020,5,00,MAM,38.46153846153981,2137.7,2.599999999999909,1.0
31004_20200712_0000_00,2020-07-12 00:00:00,2020-07-12,2020,7,00,JJA,-119.99999999999318,2441.75,0.5,-0.5999999999999659
31004_20200727_0000_00,2020-07-27 00:00:00,2020-07-27,2020,7,00,JJA,-66.66666666667298,2395.7,0.599999999999909,-0.39999999999997726
31004_20200821_1200_12,2020-08-21 12:00:00,2020-08-21,2020,8,12,JJA,-33.33333333331123,2322.0,0.6000000000003638,-0.19999999999998863
31004_20200908_0000_00,2020-09-08 00:00:00,2020-09-08,2020,9,00,SON,57.14285714286874,5011.549999999999,0.6999999999998181,0.39999999999997726
31004_20201011_1200_12,2020-10-11 12:00:00,2020-10-11,2020,10,12,SON,15.38461538461511,4668.049999999999,14.300000000000182,2.1999999999999886
31004_20201013_1200_12,2020-10-13 12:00:00,2020-10-13,2020,10,12,SON,40.67796610169752,4583.75,5.899999999999636,2.4000000000000057
31004_20201017_0000_00,2020-10-17 00:00:00,2020-10-17,2020,10,00,SON,-18.604651162790827,4542.1,17.199999999999818,-3.1999999999999886
31004_20201105_0000_00,2020-11-05 00:00:00,2020-11-05,2020,11,00,SON,64.86486486486821,4482.549999999999,3.699999999999818,2.4000000000000057
31004_20201114_1200_12,2020-11-14 12:00:00,2020-11-14,2020,11,12,SON,75.86206896550355,4552.15,2.9000000000005457,2.200000000000017
31004_20201116_0000_00,2020-11-16 00:00:00,2020-11-16,2020,11,00,SON,57.62711864406256,4503.65,5.900000000000546,3.4000000000000057
31004_20201202_1200_12,2020-12-02 12:00:00,2020-12-02,2020,12,12,DJF,130.43478260868534,4511.85,2.300000000000182,3.0
31004_20201208_1200_12,2020-12-08 12:00:00,2020-12-08,2020,12,12,DJF,-422.22222222196433,4380.15,0.9000000000005457,-3.799999999999983
31004_20201216_0000_00,2020-12-16 00:00:00,2020-12-16,2020,12,00,DJF,-31.578947368419243,2079.5,3.800000000000182,-1.1999999999999886
31004_20201220_0000_00,2020-12-20 00:00:00,2020-12-20,2020,12,00,DJF,36.363636363637305,611.95,1.099999999999909,0.39999999999997726
31004_20201231_1200_12,2020-12-31 12:00:00,2020-12-31,2020,12,12,DJF,19.148936170212863,692.5999999999999,9.399999999999864,1.799999999999983
31004_20210101_0000_00,2021-01-01 00:00:00,2021-01-01,2021,1,00,DJF,-22.340425531914615,4451.299999999999,18.800000000000182,-4.199999999999989
31004_20210102_1200_12,2021-01-02 12:00:00,2021-01-02,2021,1,12,DJF,21.276595744680645,699.0500000000002,4.7000000000000455,1.0
31004_20210107_1200_12,2021-01-07 12:00:00,2021-01-07,2021,1,12,DJF,174.99999999996092,2036.5,1.6000000000003638,2.8000000000000114
31004_20210108_1200_12,2021-01-08 12:00:00,2021-01-08,2021,1,12,DJF,39.50617283950905,4384.65,8.099999999999454,3.200000000000017
31004_20210113_0000_00,2021-01-13 00:00:00,2021-01-13,2021,1,00,DJF,16.170212765957373,4292.25,23.5,3.799999999999983
31004_20210114_0000_00,2021-01-14 00:00:00,2021-01-14,2021,1,00,DJF,-140.00000000000057,1996.8000000000002,1.0,-1.4000000000000057
31004_20210126_0000_00,2021-01-26 00:00:00,2021-01-26,2021,1,00,DJF,76.92307692307288,108.95000000000005,1.3000000000000682,1.0
31004_20210130_1200_12,2021-01-30 12:00:00,2021-01-30,2021,1,12,DJF,418.1818181816794,4321.05,1.1000000000003638,4.599999999999994
31004_20210202_1200_12,2021-02-02 12:00:00,2021-02-02,2021,2,12,DJF,-50.0,4305.5,10.0,-5.0
31004_20210205_1200_12,2021-02-05 12:00:00,2021-02-05,2021,2,12,DJF,-108.10810810808685,4398.75,3.7000000000007276,-4.0
31004_20210220_0000_00,2021-02-20 00:00:00,2021-02-20,2021,2,00,DJF,363.63636363624335,4321.05,1.1000000000003638,4.0
31004_20210226_0000_00,2021-02-26 00:00:00,2021-02-26,2021,2,00,DJF,88.88888888890204,2134.2,1.7999999999997272,1.5999999999999943
31004_20210226_0000_00,2021-02-26 00:00:00,2021-02-26,2021,2,00,DJF,22.22222222222222,4467.45,13.5,3.0
31004_20210301_0000_00,2021-03-01 00:00:00,2021-03-01,2021,3,00,MAM,29.629629629632046,2056.65,2.699999999999818,0.8000000000000114
31004_20210304_1200_12,2021-03-04 12:00:00,2021-03-04,2021,3,12,MAM,-25.301204819276656,4332.2,16.600000000000364,-4.200000000000017
31004_20210308_0000_00,2021-03-08 00:00:00,2021-03-08,2021,3,00,MAM,28.57142857144224,603.75,0.6999999999998181,0.2000000000000437
31004_20210402_1200_12,2021-04-02 12:00:00,2021-04-02,2021,4,12,MAM,46.153846153849514,737.0500000000002,1.2999999999999545,0.6000000000000227
31004_20210507_0000_00,2021-05-07 00:00:00,2021-05-07,2021,5,00,MAM,150.0000000001279,2173.5,0.3999999999996362,0.5999999999999659
31004_20210509_0000_00,2021-05-09 00:00:00,2021-05-09,2021,5,00,MAM,-20.25316455696293,4757.05,7.899999999999636,-1.5999999999999979
31004_20210615_1200_12,2021-06-15 12:00:00,2021-06-15,2021,6,12,JJA,-40.000000000009095,4860.85,0.5,-0.20000000000004547
31004_20210709_0000_00,2021-07-09 00:00:00,2021-07-09,2021,7,00,JJA,-18.181818181816773,710.3000000000002,2.2000000000000455,-0.39999999999997726
31004_20211029_0000_00,2021-10-29 00:00:00,2021-10-29,2021,10,00,SON,-23.529411764706357,2227.4,10.199999999999818,-2.4000000000000057
31004_20211104_1200_12,2021-11-04 12:00:00,2021-11-04,2021,11,12,SON,32.83582089552316,4644.15,6.699999999999818,2.199999999999992
31004_20211105_1200_12,2021-11-05 12:00:00,2021-11-05,2021,11,12,SON,-155.55555555554048,2103.8500000000004,0.900000000000091,-1.4000000000000057
31004_20211106_1200_12,2021-11-06 12:00:00,2021-11-06,2021,11,12,SON,22.5563909774433,4567.450000000001,13.300000000000182,3.0
31004_20211125_1200_12,2021-11-25 12:00:00,2021-11-25,2021,11,12,SON,466.6666666663756,719.25,0.3000000000001819,1.3999999999999755
31004_20211128_1200_12,2021-11-28 12:00:00,2021-11-28,2021,11,12,SON,299.99999999993514,2165.6000000000004,0.40000000000009095,1.2000000000000135
31004_20211128_1200_12,2021-11-28 12:00:00,2021-11-28,2021,11,12,SON,-51.16279069767199,4498.549999999999,4.300000000000182,-2.1999999999999886
31004_20211207_1200_12,2021-12-07 12:00:00,2021-12-07,2021,12,12,DJF,18.644067796609786,4486.6,11.800000000000182,2.1999999999999886
31004_20211209_1200_12,2021-12-09 12:00:00,2021-12-09,2021,12,12,DJF,-33.333333333333336,2146.8,3.0,-1.0
31004_20211225_1200_12,2021-12-25 12:00:00,2021-12-25,2021,12,12,DJF,-15.238095238095184,4475.45,10.5,-1.5999999999999943
31004_20220105_1200_12,2022-01-05 12:00:00,2022-01-05,2022,1,12,DJF,44.44444444445161,2128.2,1.7999999999997272,0.8000000000000078
31004_20220128_0000_00,2022-01-28 00:00:00,2022-01-28,2022,1,00,DJF,-46.15384615384733,716.0500000000002,1.2999999999999545,-0.5999999999999943
31004_20220213_0000_00,2022-02-13 00:00:00,2022-02-13,2022,2,00,DJF,185.71428571433356,4591.5,1.3999999999996362,2.5999999999999943
31004_20220302_0000_00,2022-03-02 00:00:00,2022-03-02,2022,3,00,MAM,-41.46341463414273,4396.5,8.200000000000728,-3.4000000000000057
31004_20220307_0000_00,2022-03-07 00:00:00,2022-03-07,2022,3,00,MAM,-1600.0000000014495,2086.3500000000004,0.09999999999990905,-1.5999999999999943
31004_20220325_1200_12,2022-03-25 12:00:00,2022-03-25,2022,3,12,MAM,17.857142857143145,2206.1000000000004,5.599999999999909,1.0
31004_20220401_0000_00,2022-04-01 00:00:00,2022-04-01,2022,4,00,MAM,-48.000000000000114,4658.4,5.0,-2.4000000000000057
31004_20220419_1200_12,2022-04-19 12:00:00,2022-04-19,2022,4,12,MAM,-18.74999999999978,4474.299999999999,12.800000000000182,-2.4000000000000057
31004_20220508_0000_00,2022-05-08 00:00:00,2022-05-08,2022,5,00,MAM,-30.434782608696,59.299999999999955,9.199999999999932,-2.8000000000000114
31004_20220508_0000_00,2022-05-08 00:00:00,2022-05-08,2022,5,00,MAM,-45.65217391304313,96.0,9.200000000000045,-4.199999999999989
31004_20220511_0000_00,2022-05-11 00:00:00,2022-05-11,2022,5,00,MAM,-59.99999999999952,2224.4,2.0,-1.1999999999999904
31004_20220516_1200_12,2022-05-16 12:00:00,2022-05-16,2022,5,12,MAM,16.494845360824993,4645.65,9.699999999999818,1.5999999999999943
31004_20220528_0000_00,2022-05-28 00:00:00,2022-05-28,2022,5,00,MAM,27.27272727272927,4812.1,2.199999999999818,0.5999999999999943
31004_20220702_1200_12,2022-07-02 12:00:00,2022-07-02,2022,7,12,JJA,200.00000000016698,727.25,0.09999999999990905,0.19999999999998508
31004_20220725_1200_12,2022-07-25 12:00:00,2022-07-25,2022,7,12,JJA,21.505376344085864,31.950000000000045,9.300000000000068,2.0
31004_20220726_0000_00,2022-07-26 00:00:00,2022-07-26,2022,7,00,JJA,-66.66666666667298,2425.1000000000004,0.599999999999909,-0.39999999999997726
31004_20220919_1200_12,2022-09-19 12:00:00,2022-09-19,2022,9,12,SON,600.0000000005684,2225.45,0.09999999999990905,0.6000000000000227
31004_20220927_0000_00,2022-09-27 00:00:00,2022-09-27,2022,9,00,SON,23.684210526314807,4664.7,7.600000000000364,1.8000000000000114
31004_20221005_0000_00,2022-10-05 00:00:00,2022-10-05,2022,10,00,SON,-42.85714285714068,2205.0,2.800000000000182,-1.200000000000017
31004_20221011_0000_00,2022-10-11 00:00:00,2022-10-11,2022,10,00,SON,26.865671641789273,2232.05,6.700000000000273,1.7999999999999545
31004_20221031_1200_12,2022-10-31 12:00:00,2022-10-31,2022,10,12,SON,18.181818181816187,2196.2,2.200000000000273,0.4000000000000057
31004_20221115_0000_00,2022-11-15 00:00:00,2022-11-15,2022,11,00,SON,15.441176470588273,13.600000000000023,27.200000000000045,4.200000000000017
31004_20221125_1200_12,2022-11-25 12:00:00,2022-11-25,2022,11,12,SON,15.000000000000007,18.0,36.0,5.400000000000002
31004_20221129_0000_00,2022-11-29 00:00:00,2022-11-29,2022,11,00,SON,-21.05263157894717,721.3000000000002,3.7999999999999545,-0.799999999999983
31004_20221226_0000_00,2022-12-26 00:00:00,2022-12-26,2022,12,00,DJF,259.99999999999943,4711.4,1.0,2.5999999999999943
31004_20221227_1200_12,2022-12-27 12:00:00,2022-12-27,2022,12,12,DJF,17.977528089887652,13.350000000000023,26.700000000000045,4.800000000000011
31004_20230111_0000_00,2023-01-11 00:00:00,2023-01-11,2023,1,00,DJF,17.454545454545503,13.75,27.5,4.800000000000013
31004_20230112_0000_00,2023-01-12 00:00:00,2023-01-12,2023,1,00,DJF,24.309392265193353,36.15000000000009,18.100000000000023,4.400000000000002
31004_20230112_0000_00,2023-01-12 00:00:00,2023-01-12,2023,1,00,DJF,-15.942028985506953,2046.4,13.800000000000182,-2.1999999999999886
31004_20230113_0000_00,2023-01-13 00:00:00,2023-01-13,2023,1,00,DJF,22.47191011236047,4254.95,8.899999999999636,2.0
31004_20230120_0000_00,2023-01-20 00:00:00,2023-01-20,2023,1,00,DJF,118.51851851852608,4241.85,2.699999999999818,3.1999999999999886
31004_20230123_0000_00,2023-01-23 00:00:00,2023-01-23,2023,1,00,DJF,-16.666666666666718,747.9000000000001,19.200000000000045,-3.200000000000017
31004_20230128_1200_12,2023-01-28 12:00:00,2023-01-28,2023,1,12,DJF,20.363636363636342,13.75,27.5,5.599999999999994
31004_20230131_0000_00,2023-01-31 00:00:00,2023-01-31,2023,1,00,DJF,-31.68316831683071,4385.55,10.100000000000364,-3.200000000000017
31004_20230205_1200_12,2023-02-05 12:00:00,2023-02-05,2023,2,12,DJF,31.578947368419243,2008.3500000000004,1.900000000000091,0.5999999999999943
31004_20230207_1200_12,2023-02-07 12:00:00,2023-02-07,2023,2,12,DJF,15.469613259668472,18.100000000000023,36.200000000000045,5.599999999999994
31004_20230209_0000_00,2023-02-09 00:00:00,2023-02-09,2023,2,00,DJF,24.17582417582399,13.549999999999955,9.100000000000023,2.1999999999999886
31004_20230209_1200_12,2023-02-09 12:00:00,2023-02-09,2023,2,12,DJF,-82.7586206896559,62.049999999999955,2.8999999999999773,-2.400000000000002
31004_20230209_1200_12,2023-02-09 12:00:00,2023-02-09,2023,2,12,DJF,131.03448275863752,4422.05,2.899999999999636,3.8000000000000114
31004_20230210_0000_00,2023-02-10 00:00:00,2023-02-10,2023,2,00,DJF,42.42424242424172,37.950000000000045,3.300000000000068,1.4000000000000057
31004_20230211_0000_00,2023-02-11 00:00:00,2023-02-11,2023,2,00,DJF,-99.99999999985967,2080.2,0.20000000000027285,-0.19999999999999218
31004_20230212_0000_00,2023-02-12 00:00:00,2023-02-12,2023,2,00,DJF,-73.46938775509375,4428.15,4.900000000000546,-3.5999999999999943
31004_20230215_1200_12,2023-02-15 12:00:00,2023-02-15,2023,2,12,DJF,15.55555555555562,13.5,27.0,4.200000000000017
31004_20230224_1200_12,2023-02-24 12:00:00,2023-02-24,2023,2,12,DJF,-1199.9999999956515,2139.25,0.1000000000003638,-1.200000000000017
31004_20230310_0000_00,2023-03-10 00:00:00,2023-03-10,2023,3,00,MAM,-58.33333333333129,4558.4,4.800000000000182,-2.800000000000008
31004_20230322_1200_12,2023-03-22 12:00:00,2023-03-22,2023,3,12,MAM,33.33333333332386,761.0999999999999,0.6000000000001364,0.19999999999998863
31004_20230415_1200_12,2023-04-15 12:00:00,2023-04-15,2023,4,12,MAM,-22.222222222218715,2162.8500000000004,0.900000000000091,-0.19999999999998863
31004_20230417_1200_12,2023-04-17 12:00:00,2023-04-17,2023,4,12,MAM,49.999999999998224,4603.200000000001,4.800000000000182,2.4000000000000057
31004_20230507_0000_00,2023-05-07 00:00:00,2023-05-07,2023,5,00,MAM,37.50000000000333,2198.1000000000004,1.599999999999909,0.6000000000000192
31004_20230826_1200_12,2023-08-26 12:00:00,2023-08-26,2023,8,12,JJA,22.22222222222222,22.5,9.0,2.0
31004_20230827_1200_12,2023-08-27 12:00:00,2023-08-27,2023,8,12,JJA,24.44444444444432,40.5,9.0,2.1999999999999886
31004_20230828_1200_12,2023-08-28 12:00:00,2023-08-28,2023,8,12,JJA,16.666666666666668,36.0,18.0,3.0
31004_20230829_1200_12,2023-08-29 12:00:00,2023-08-29,2023,8,12,JJA,22.22222222222222,22.5,9.0,2.0
31004_20230830_1200_12,2023-08-30 12:00:00,2023-08-30,2023,8,12,JJA,37.77777777777752,31.5,9.0,3.3999999999999773
31004_20230831_1200_12,2023-08-31 12:00:00,2023-08-31,2023,8,12,JJA,15.686274509803948,15.299999999999955,30.600000000000023,4.800000000000011
31004_20230902_1200_12,2023-09-02 12:00:00,2023-09-02,2023,9,12,SON,-17.391304347826086,2404.45,11.5,-2.0
31004_20230905_1200_12,2023-09-05 12:00:00,2023-09-05,2023,9,12,SON,16.974169741697278,13.549999999999955,27.100000000000023,4.599999999999966
31004_20230917_1200_12,2023-09-17 12:00:00,2023-09-17,2023,9,12,SON,43.95604395604385,22.65000000000009,9.100000000000023,4.0
31004_20230924_1200_12,2023-09-24 12:00:00,2023-09-24,2023,9,12,SON,15.49815498154976,13.549999999999955,27.100000000000023,4.199999999999989
31004_20230926_1200_12,2023-09-26 12:00:00,2023-09-26,2023,9,12,SON,16.974169741697487,13.549999999999955,27.100000000000023,4.600000000000023
31004_20230930_1200_12,2023-09-30 12:00:00,2023-09-30,2023,9,12,SON,15.469613259668552,27.049999999999955,18.100000000000023,2.8000000000000114
31004_20231002_1200_12,2023-10-02 12:00:00,2023-10-02,2023,10,12,SON,16.84981684981696,31.75,27.299999999999955,4.600000000000023
31004_20231007_1200_12,2023-10-07 12:00:00,2023-10-07,2023,10,12,SON,66.66666666668216,2267.6000000000004,0.599999999999909,0.40000000000003233
31004_20231011_0000_00,2023-10-11 00:00:00,2023-10-11,2023,10,00,SON,-17.054263565890675,3581.3500000000004,12.900000000000546,-2.1999999999999904
31004_20231016_0000_00,2023-10-16 00:00:00,2023-10-16,2023,10,00,SON,21.978021978021925,40.65000000000009,9.100000000000023,2.0
31004_20231016_1200_12,2023-10-16 12:00:00,2023-10-16,2023,10,12,SON,21.978021978021925,4.5499999999999545,9.100000000000023,2.0
31004_20231024_1200_12,2023-10-24 12:00:00,2023-10-24,2023,10,12,SON,25.000000000000444,21.40000000000009,6.399999999999977,1.6000000000000227
31004_20231027_1200_12,2023-10-27 12:00:00,2023-10-27,2023,10,12,SON,-46.15384615383926,4760.35,1.300000000000182,-0.5999999999999943
31004_20231031_0000_00,2023-10-31 00:00:00,2023-10-31,2023,10,00,SON,25.414364640883925,36.15000000000009,18.100000000000023,4.599999999999996
31004_20231107_0000_00,2023-11-07 00:00:00,2023-11-07,2023,11,00,SON,26.66666666666645,4.5,9.0,2.399999999999981
31004_20231107_0000_00,2023-11-07 00:00:00,2023-11-07,2023,11,00,SON,39.560439560439086,40.549999999999955,9.100000000000023,3.599999999999966
31004_20231108_1200_12,2023-11-08 12:00:00,2023-11-08,2023,11,12,SON,33.333333333333336,40.39999999999998,9.0,3.0
31004_20231109_1200_12,2023-11-09 12:00:00,2023-11-09,2023,11,12,SON,28.571428571429987,796.5999999999999,1.3999999999998636,0.3999999999999808
31004_20231113_1200_12,2023-11-13 12:00:00,2023-11-13,2023,11,12,SON,-100.0000000000977,2192.4,0.1999999999998181,-0.2000000000000135
31004_20231114_1200_12,2023-11-14 12:00:00,2023-11-14,2023,11,12,SON,26.66666666666539,712.55,1.5,0.3999999999999808
31004_20231117_0000_00,2023-11-17 00:00:00,2023-11-17,2023,11,00,SON,18.48739495798331,672.3499999999999,11.899999999999864,2.1999999999999886
31004_20231128_0000_00,2023-11-28 00:00:00,2023-11-28,2023,11,00,SON,-48.148148148151286,2086.0,5.399999999999636,-2.5999999999999943
31004_20231129_1200_12,2023-11-29 12:00:00,2023-11-29,2023,11,12,SON,20.454545454545894,2134.8,8.799999999999727,1.799999999999983
31004_20231203_1200_12,2023-12-03 12:00:00,2023-12-03,2023,12,12,DJF,30.434782608695624,32.10000000000002,9.200000000000045,2.8000000000000114
31004_20231205_1200_12,2023-12-05 12:00:00,2023-12-05,2023,12,12,DJF,-34.14634146341489,596.75,28.699999999999818,-9.800000000000011
31004_20231206_1200_12,2023-12-06 12:00:00,2023-12-06,2023,12,12,DJF,-29.629629629626926,2000.0500000000002,2.700000000000273,-0.8000000000000078
31004_20231207_1200_12,2023-12-07 12:00:00,2023-12-07,2023,12,12,DJF,189.99999999999915,591.4000000000001,2.0,3.799999999999983
31004_20231208_0000_00,2023-12-08 00:00:00,2023-12-08,2023,12,00,DJF,94.7368421052625,610.5500000000002,5.7000000000000455,5.400000000000006
31004_20231208_0000_00,2023-12-08 00:00:00,2023-12-08,2023,12,00,DJF,-27.941176470588296,620.2,13.599999999999909,-3.799999999999983
31004_20231211_0000_00,2023-12-11 00:00:00,2023-12-11,2023,12,00,DJF,-43.47826086956178,4439.450000000001,2.300000000000182,-1.0
31004_20231212_1200_12,2023-12-12 12:00:00,2023-12-12,2023,12,12,DJF,15.73033707865179,4.4500000000000455,8.899999999999977,1.4000000000000057
31004_20231213_1200_12,2023-12-13 12:00:00,2023-12-13,2023,12,12,DJF,-60.86956521739877,2110.45,2.299999999999727,-1.4000000000000057
31004_20231214_1200_12,2023-12-14 12:00:00,2023-12-14,2023,12,12,DJF,43.750000000001776,2120.9,3.199999999999818,1.3999999999999773
31004_20231215_1200_12,2023-12-15 12:00:00,2023-12-15,2023,12,12,DJF,-64.86486486486422,730.1500000000001,3.7000000000000455,-2.4000000000000057
31004_20231219_0000_00,2023-12-19 00:00:00,2023-12-19,2023,12,00,DJF,-18.30065359477114,814.5999999999999,30.600000000000136,-5.599999999999994
31004_20231221_1200_12,2023-12-21 12:00:00,2023-12-21,2023,12,12,DJF,25.112107623318412,743.1500000000001,22.299999999999955,5.599999999999994
31004_20231223_1200_12,2023-12-23 12:00:00,2023-12-23,2023,12,12,DJF,22.22222222222222,22.5,9.0,2.0
31004_20231224_0000_00,2023-12-24 00:00:00,2023-12-24,2023,12,00,DJF,26.66666666666673,22.600000000000023,9.0,2.4000000000000057
31004_20231225_1200_12,2023-12-25 12:00:00,2023-12-25,2023,12,12,DJF,-333.33333333338385,2110.6000000000004,0.599999999999909,-2.0
31004_20231228_1200_12,2023-12-28 12:00:00,2023-12-28,2023,12,12,DJF,32.967032967032885,13.549999999999955,9.100000000000023,3.0
31004_20231229_1200_12,2023-12-29 12:00:00,2023-12-29,2023,12,12,DJF,15.55555555555562,4.5,9.0,1.4000000000000057
31004_20231231_0000_00,2023-12-31 00:00:00,2023-12-31,2023,12,00,DJF,16.574585635359096,36.15000000000009,18.100000000000023,3.0
31004_20240102_0000_00,2024-01-02 00:00:00,2024-01-02,2024,1,00,DJF,23.157894736842564,432.54999999999995,9.5,2.2000000000000437
31004_20240106_0000_00,2024-01-06 00:00:00,2024-01-06,2024,1,00,DJF,-22.78481012658216,2086.3500000000004,7.900000000000091,-1.8000000000000114
31004_20240106_1200_12,2024-01-06 12:00:00,2024-01-06,2024,1,12,DJF,15.384615384615609,2063.3500000000004,3.900000000000091,0.6000000000000227
31004_20240108_1200_12,2024-01-08 12:00:00,2024-01-08,2024,1,12,DJF,19.004524886877594,4331.55,22.100000000000364,4.200000000000017
31004_20240109_1200_12,2024-01-09 12:00:00,2024-01-09,2024,1,12,DJF,24.17582417582403,31.950000000000045,9.100000000000023,2.199999999999992
31004_20240110_0000_00,2024-01-10 00:00:00,2024-01-10,2024,1,00,DJF,23.913043478261194,32.200000000000045,9.199999999999932,2.2000000000000135
31004_20240110_0000_00,2024-01-10 00:00:00,2024-01-10,2024,1,00,DJF,17.391304347825958,46.0,18.40000000000009,3.199999999999992
31004_20240112_0000_00,2024-01-12 00:00:00,2024-01-12,2024,1,00,DJF,-22.22222222222152,54.049999999999955,0.8999999999999773,-0.19999999999998863
31004_20240115_1200_12,2024-01-15 12:00:00,2024-01-15,2024,1,12,DJF,-34.883720930231085,4556.5,8.600000000000364,-3.0
31004_20240123_0000_00,2024-01-23 00:00:00,2024-01-23,2024,1,00,DJF,90.90909090909842,2184.8500000000004,1.099999999999909,1.0
31004_20240124_0000_00,2024-01-24 00:00:00,2024-01-24,2024,1,00,DJF,52.63157894736905,756.4000000000001,3.7999999999999545,2.0
31004_20240125_1200_12,2024-01-25 12:00:00,2024-01-25,2024,1,12,DJF,16.759776536312764,35.75,17.90000000000009,3.0
31004_20240126_0000_00,2024-01-26 00:00:00,2024-01-26,2024,1,00,DJF,-20.338983050847634,4551.950000000001,17.699999999999818,-3.5999999999999943
31004_20240128_1200_12,2024-01-28 12:00:00,2024-01-28,2024,1,12,DJF,36.363636363636424,31.0,8.799999999999955,3.1999999999999886
31004_20240130_1200_12,2024-01-30 12:00:00,2024-01-30,2024,1,12,DJF,17.877094972067137,17.84999999999991,17.899999999999977,3.2000000000000135
31004_20240201_0000_00,2024-02-01 00:00:00,2024-02-01,2024,2,00,DJF,168.42105263153147,4541.65,1.9000000000005457,3.200000000000017
31004_20240202_0000_00,2024-02-02 00:00:00,2024-02-02,2024,2,00,DJF,17.10914454277289,782.3499999999999,33.899999999999864,5.7999999999999865
31004_20240204_0000_00,2024-02-04 00:00:00,2024-02-04,2024,2,00,DJF,15.671641791044854,13.399999999999977,26.799999999999955,4.2000000000000135
31004_20240204_1200_12,2024-02-04 12:00:00,2024-02-04,2024,2,12,DJF,29.213483146067425,49.15000000000009,8.899999999999977,2.5999999999999943
31004_20240205_1200_12,2024-02-05 12:00:00,2024-02-05,2024,2,12,DJF,16.2011173184358,17.899999999999977,35.799999999999955,5.800000000000008
31004_20240208_0000_00,2024-02-08 00:00:00,2024-02-08,2024,2,00,DJF,35.164835164834955,40.65000000000009,9.100000000000023,3.1999999999999886
31004_20240209_1200_12,2024-02-09 12:00:00,2024-02-09,2024,2,12,DJF,26.3736263736267,40.75,9.099999999999909,2.4000000000000057
31004_20240210_0000_00,2024-02-10 00:00:00,2024-02-10,2024,2,00,DJF,156.52173913043003,28.450000000000045,2.300000000000068,3.599999999999998
31004_20240210_1200_12,2024-02-10 12:00:00,2024-02-10,2024,2,12,DJF,15.38461538461537,4.5499999999999545,9.100000000000023,1.4000000000000021
31004_20240210_1200_12,2024-02-10 12:00:00,2024-02-10,2024,2,12,DJF,34.78260869565234,13.700000000000045,9.199999999999932,3.199999999999992
31004_20240212_1200_12,2024-02-12 12:00:00,2024-02-12,2024,2,12,DJF,26.08695652173937,4.600000000000023,9.200000000000045,2.400000000000034
31004_20240218_0000_00,2024-02-18 00:00:00,2024-02-18,2024,2,00,DJF,109.67741935483407,687.8499999999999,3.1000000000001364,3.4000000000000057
31004_20240218_0000_00,2024-02-18 00:00:00,2024-02-18,2024,2,00,DJF,-41.37931034482688,2039.9499999999998,2.900000000000091,-1.200000000000017
31004_20240220_1200_12,2024-02-20 12:00:00,2024-02-20,2024,2,12,DJF,15.15151515151536,2043.9,13.199999999999818,2.0
31004_20240223_1200_12,2024-02-23 12:00:00,2024-02-23,2024,2,12,DJF,18.994413407821284,17.84999999999991,17.899999999999977,3.4000000000000057
31004_20240224_1200_12,2024-02-24 12:00:00,2024-02-24,2024,2,12,DJF,18.656716417910406,31.299999999999955,26.800000000000068,5.000000000000002
31004_20240227_0000_00,2024-02-27 00:00:00,2024-02-27,2024,2,00,DJF,26.96629213483128,26.700000000000045,17.800000000000068,4.7999999999999865
31004_20240227_1200_12,2024-02-27 12:00:00,2024-02-27,2024,2,12,DJF,17.22846441947577,48.950000000000045,26.699999999999932,4.600000000000019
31004_20240228_0000_00,2024-02-28 00:00:00,2024-02-28,2024,2,00,DJF,19.10112359550556,35.59999999999991,35.60000000000002,6.799999999999983
31004_20240229_0000_00,2024-02-29 00:00:00,2024-02-29,2024,2,00,DJF,26.966292134831434,44.60000000000002,17.799999999999955,4.799999999999983
31004_20240301_0000_00,2024-03-01 00:00:00,2024-03-01,2024,3,00,MAM,50.54945054945063,31.549999999999955,9.100000000000023,4.600000000000019
31004_20240302_0000_00,2024-03-02 00:00:00,2024-03-02,2024,3,00,MAM,15.476190476190443,16.799999999999955,33.60000000000002,5.199999999999992
31004_20240307_0000_00,2024-03-07 00:00:00,2024-03-07,2024,3,00,MAM,15.49815498154976,31.549999999999955,27.100000000000023,4.199999999999989
31004_20240308_0000_00,2024-03-08 00:00:00,2024-03-08,2024,3,00,MAM,39.999999999999936,22.600000000000023,9.0,3.5999999999999943
31004_20240311_0000_00,2024-03-11 00:00:00,2024-03-11,2024,3,00,MAM,15.469613259668414,9.049999999999955,18.100000000000023,2.7999999999999865
31004_20240315_1200_12,2024-03-15 12:00:00,2024-03-15,2024,3,12,MAM,15.555555555555461,9.0,18.0,2.799999999999983
31004_20240316_1200_12,2024-03-16 12:00:00,2024-03-16,2024,3,12,MAM,20.000000000000107,22.5,9.0,1.8000000000000096
31004_20240317_1200_12,2024-03-17 12:00:00,2024-03-17,2024,3,12,MAM,23.333333333333417,27.0,18.0,4.200000000000015
31004_20240318_0000_00,2024-03-18 00:00:00,2024-03-18,2024,3,00,MAM,19.780219780220104,2151.8500000000004,9.099999999999909,1.8000000000000114
31004_20240318_1200_12,2024-03-18 12:00:00,2024-03-18,2024,3,12,MAM,20.44198895027624,36.10000000000002,36.200000000000045,7.4000000000000075
31004_20240329_0000_00,2024-03-29 00:00:00,2024-03-29,2024,3,00,MAM,-90.90909090905826,2096.75,1.1000000000003638,-0.9999999999999716
31004_20240329_1200_12,2024-03-29 12:00:00,2024-03-29,2024,3,12,MAM,51.724137931032864,4593.700000000001,5.800000000000182,3.0
31004_20240331_1200_12,2024-03-31 12:00:00,2024-03-31,2024,3,12,MAM,32.967032967032885,31.65000000000009,9.100000000000023,3.0
31004_20240401_0000_00,2024-04-01 00:00:00,2024-04-01,2024,4,00,MAM,28.88888888888914,31.700000000000045,9.0,2.6000000000000227
31004_20240401_1200_12,2024-04-01 12:00:00,2024-04-01,2024,4,12,MAM,29.850746268656767,33.90000000000009,13.399999999999977,4.0
31004_20240402_1200_12,2024-04-02 12:00:00,2024-04-02,2024,4,12,MAM,32.967032967032885,22.65000000000009,9.100000000000023,3.0
31004_20240412_1200_12,2024-04-12 12:00:00,2024-04-12,2024,4,12,MAM,-23.529411764707156,695.5500000000002,1.7000000000000455,-0.40000000000003233
31004_20240413_0000_00,2024-04-13 00:00:00,2024-04-13,2024,4,00,MAM,62.50000000000355,2202.2,1.599999999999909,1.0
31004_20240417_0000_00,2024-04-17 00:00:00,2024-04-17,2024,4,00,MAM,49.999999999989235,4712.5,3.2000000000007276,1.6000000000000192
31004_20240526_0000_00,2024-05-26 00:00:00,2024-05-26,2024,5,00,MAM,-15.384615384615307,49.75,9.099999999999909,-1.399999999999979
31004_20240616_0000_00,2024-06-16 00:00:00,2024-06-16,2024,6,00,JJA,26.01626016260115,2985.15,12.300000000000182,3.1999999999999886
31004_20240618_0000_00,2024-06-18 00:00:00,2024-06-18,2024,6,00,JJA,-26.66666666666515,2259.65,1.5,-0.39999999999997726
31004_20240622_0000_00,2024-06-22 00:00:00,2024-06-22,2024,6,00,JJA,200.00000000022737,2404.45,0.09999999999990905,0.20000000000004547
31004_20240623_1200_12,2024-06-23 12:00:00,2024-06-23,2024,6,12,JJA,17.58241758241779,49.950000000000045,9.100000000000023,1.6000000000000227
31004_20240710_1200_12,2024-07-10 12:00:00,2024-07-10,2024,7,12,JJA,37.5,2375.2,1.599999999999909,0.5999999999999659
31004_20240718_1200_12,2024-07-18 12:00:00,2024-07-18,2024,7,12,JJA,22.222222222225028,2318.95,0.900000000000091,0.20000000000004547
31004_20240721_1200_12,2024-07-21 12:00:00,2024-07-21,2024,7,12,JJA,-28.571428571428086,4.5499999999999545,9.100000000000023,-2.5999999999999623
31004_20240721_1200_12,2024-07-21 12:00:00,2024-07-21,2024,7,12,JJA,20.60606060606045,17.350000000000023,16.5,3.3999999999999737
31004_20240723_0000_00,2024-07-23 00:00:00,2024-07-23,2024,7,00,JJA,-20.408163265306374,4788.450000000001,14.699999999999818,-3.0
31004_20240729_1200_12,2024-07-29 12:00:00,2024-07-29,2024,7,12,JJA,-29.787234042553383,291.5999999999999,9.399999999999977,-2.8000000000000114
31004_20240807_1200_12,2024-08-07 12:00:00,2024-08-07,2024,8,12,JJA,19.889502762431057,18.15000000000009,18.100000000000023,3.6000000000000263
31004_20240818_1200_12,2024-08-18 12:00:00,2024-08-18,2024,8,12,JJA,15.555555555555934,13.5,9.0,1.400000000000034
31004_20240823_1200_12,2024-08-23 12:00:00,2024-08-23,2024,8,12,JJA,22.22222222222222,22.600000000000023,9.0,2.0
31004_20240831_0000_00,2024-08-31 00:00:00,2024-08-31,2024,8,00,JJA,-25.0,2267.6000000000004,5.599999999999909,-1.3999999999999773
31004_20240903_1200_12,2024-09-03 12:00:00,2024-09-03,2024,9,12,SON,21.9780219780222,41.25,9.099999999999909,2.0
31004_20240908_1200_12,2024-09-08 12:00:00,2024-09-08,2024,9,12,SON,28.57142857142875,4.5499999999999545,9.100000000000023,2.6000000000000227
31004_20240916_0000_00,2024-09-16 00:00:00,2024-09-16,2024,9,00,SON,33.333333333333336,723.5999999999999,0.6000000000001364,0.20000000000004547
31004_20240925_0000_00,2024-09-25 00:00:00,2024-09-25,2024,9,00,SON,19.78021978021923,22.549999999999955,9.100000000000023,1.7999999999999545
31004_20241004_0000_00,2024-10-04 00:00:00,2024-10-04,2024,10,00,SON,-15.238095238095184,4725.65,10.5,-1.5999999999999943
31004_20241008_1200_12,2024-10-08 12:00:00,2024-10-08,2024,10,12,SON,-120.00000000000135,4740.4,1.0,-1.2000000000000135
31004_20241022_0000_00,2024-10-22 00:00:00,2024-10-22,2024,10,00,SON,-35.71428571428339,4638.0,5.600000000000364,-2.0
31004_20241030_1200_12,2024-10-30 12:00:00,2024-10-30,2024,10,12,SON,24.17582417582399,49.65000000000009,9.100000000000023,2.1999999999999886
31004_20241101_0000_00,2024-11-01 00:00:00,2024-11-01,2024,11,00,SON,18.42105263157814,4688.5,15.200000000000728,2.8000000000000114
31004_20241103_1200_12,2024-11-03 12:00:00,2024-11-03,2024,11,12,SON,-29.508196721309492,2196.25,6.100000000000364,-1.7999999999999865
31004_20241106_0000_00,2024-11-06 00:00:00,2024-11-06,2024,11,00,SON,15.555555555555513,40.5,27.0,4.199999999999989
31004_20241106_1200_12,2024-11-06 12:00:00,2024-11-06,2024,11,12,SON,200.0000000002256,746.45,0.09999999999990905,0.2000000000000437
31004_20241111_1200_12,2024-11-11 12:00:00,2024-11-11,2024,11,12,SON,-22.222222222221323,54.049999999999955,0.8999999999999773,-0.19999999999998685
31004_20241112_0000_00,2024-11-12 00:00:00,2024-11-12,2024,11,00,SON,123.076923076914,36.950000000000045,1.3000000000000682,1.599999999999966
31004_20241112_1200_12,2024-11-12 12:00:00,2024-11-12,2024,11,12,SON,42.857142857145305,18.90000000000009,1.3999999999999773,0.6000000000000245
31004_20241112_1200_12,2024-11-12 12:00:00,2024-11-12,2024,11,12,SON,-25.531914893615298,2125.95,4.700000000000273,-1.1999999999999886
31004_20241116_0000_00,2024-11-16 00:00:00,2024-11-16,2024,11,00,SON,33.14917127071819,45.049999999999955,18.100000000000023,6.0
31004_20241122_1200_12,2024-11-22 12:00:00,2024-11-22,2024,11,12,SON,19.565217391304618,213.29999999999995,9.199999999999932,1.8000000000000114
31004_20241126_0000_00,2024-11-26 00:00:00,2024-11-26,2024,11,00,SON,26.66666666666673,31.299999999999955,9.0,2.4000000000000057
31004_20241126_0000_00,2024-11-26 00:00:00,2024-11-26,2024,11,00,SON,-230.76923076923885,768.9499999999998,1.2999999999999545,-3.0
31004_20241128_1200_12,2024-11-28 12:00:00,2024-11-28,2024,11,12,SON,26.3736263736267,50.25,9.099999999999909,2.4000000000000057
31004_20241202_0000_00,2024-12-02 00:00:00,2024-12-02,2024,12,00,DJF,21.145374449339215,708.0500000000002,22.700000000000045,4.800000000000011
31004_20241207_1200_12,2024-12-07 12:00:00,2024-12-07,2024,12,12,DJF,15.686274509803772,4548.35,15.300000000000182,2.4000000000000057
31004_20241217_1200_12,2024-12-17 12:00:00,2024-12-17,2024,12,12,DJF,-16.666666666667556,4696.1,9.599999999999454,-1.5999999999999943
31004_20241222_0000_00,2024-12-22 00:00:00,2024-12-22,2024,12,00,DJF,25.0,744.4000000000001,4.0,1.0
31004_20241222_0000_00,2024-12-22 00:00:00,2024-12-22,2024,12,00,DJF,-21.19205298013203,4603.25,15.100000000000364,-3.2000000000000135
31004_20241222_1200_12,2024-12-22 12:00:00,2024-12-22,2024,12,12,DJF,25.263157894736903,660.95,9.5,2.4000000000000057
31004_20241229_0000_00,2024-12-29 00:00:00,2024-12-29,2024,12,00,DJF,15.476190476190483,19.0,16.799999999999955,2.5999999999999943
31004_20241229_0000_00,2024-12-29 00:00:00,2024-12-29,2024,12,00,DJF,17.486338797814213,45.700000000000045,36.60000000000002,6.400000000000006
31004_20241229_1200_12,2024-12-29 12:00:00,2024-12-29,2024,12,12,DJF,16.058394160583976,13.700000000000045,27.399999999999977,4.400000000000006
31004_20241229_1200_12,2024-12-29 12:00:00,2024-12-29,2024,12,12,DJF,23.913043478261233,50.299999999999955,9.199999999999932,2.200000000000017
31004_20241230_0000_00,2024-12-30 00:00:00,2024-12-30,2024,12,00,DJF,17.582417582417477,31.950000000000045,9.100000000000023,1.5999999999999943
31004_20250101_1200_12,2025-01-01 12:00:00,2025-01-01,2025,1,12,DJF,33.33333333333311,637.3000000000002,4.2000000000000455,1.4000000000000057
31004_20250103_0000_00,2025-01-03 00:00:00,2025-01-03,2025,1,00,DJF,64.70588235294777,4322.2,3.399999999999636,2.1999999999999886
31004_20250103_1200_12,2025-01-03 12:00:00,2025-01-03,2025,1,12,DJF,26.66666666666673,35.89999999999998,18.0,4.800000000000011
31004_20250104_1200_12,2025-01-04 12:00:00,2025-01-04,2025,1,12,DJF,57.14285714285666,110.39999999999998,4.2000000000000455,2.4000000000000057
31004_20250104_1200_12,2025-01-04 12:00:00,2025-01-04,2025,1,12,DJF,18.181818181815217,733.8499999999999,1.1000000000001364,0.19999999999999218
31004_20250110_0000_00,2025-01-10 00:00:00,2025-01-10,2025,1,00,DJF,17.41573033707868,17.799999999999955,35.60000000000002,6.200000000000015
31004_20250110_1200_12,2025-01-10 12:00:00,2025-01-10,2025,1,12,DJF,15.67164179104476,13.399999999999977,26.799999999999955,4.199999999999989
31004_20250121_0000_00,2025-01-21 00:00:00,2025-01-21,2025,1,00,DJF,-29.999999999998295,693.4000000000001,2.0,-0.5999999999999659
31004_20250122_0000_00,2025-01-22 00:00:00,2025-01-22,2025,1,00,DJF,-16.766467065868515,4582.450000000001,16.699999999999818,-2.8000000000000114
31004_20250126_0000_00,2025-01-26 00:00:00,2025-01-26,2025,1,00,DJF,17.977528089887624,31.049999999999955,8.899999999999977,1.5999999999999943
31004_20250127_0000_00,2025-01-27 00:00:00,2025-01-27,2025,1,00,DJF,33.70786516853941,35.5,17.799999999999955,6.0
31004_20250130_0000_00,2025-01-30 00:00:00,2025-01-30,2025,1,00,DJF,-32.835820895522765,797.0999999999999,13.399999999999864,-4.400000000000006
31004_20250201_0000_00,2025-02-01 00:00:00,2025-02-01,2025,2,00,DJF,-23.076923076924757,750.7,2.599999999999909,-0.6000000000000227
31004_20250202_0000_00,2025-02-02 00:00:00,2025-02-02,2025,2,00,DJF,-63.63636363636802,740.5,2.199999999999818,-1.3999999999999808
31004_20250205_0000_00,2025-02-05 00:00:00,2025-02-05,2025,2,00,DJF,20.994475138121572,36.200000000000045,36.19999999999993,7.599999999999994
31004_20250205_1200_12,2025-02-05 12:00:00,2025-02-05,2025,2,12,DJF,38.20224719101091,40.25,8.900000000000091,3.4000000000000057
31004_20250207_1200_12,2025-02-07 12:00:00,2025-02-07,2025,2,12,DJF,20.224719101123455,39.84999999999991,8.899999999999977,1.799999999999983
31004_20250208_0000_00,2025-02-08 00:00:00,2025-02-08,2025,2,00,DJF,16.949152542372836,26.649999999999977,17.700000000000045,3.0
31004_20250208_1200_12,2025-02-08 12:00:00,2025-02-08,2025,2,12,DJF,31.11111111111124,13.399999999999977,9.0,2.8000000000000114
31004_20250209_0000_00,2025-02-09 00:00:00,2025-02-09,2025,2,00,DJF,15.000000000000007,35.89999999999998,36.0,5.400000000000002
31004_20250209_1200_12,2025-02-09 12:00:00,2025-02-09,2025,2,12,DJF,17.630853994490327,54.25,36.299999999999955,6.399999999999981
31004_20250211_0000_00,2025-02-11 00:00:00,2025-02-11,2025,2,00,DJF,52.941176470594236,2097.0,3.399999999999636,1.8000000000000114
31004_20250211_1200_12,2025-02-11 12:00:00,2025-02-11,2025,2,12,DJF,17.54385964912284,32.90000000000009,11.399999999999977,2.0
31004_20250212_0000_00,2025-02-12 00:00:00,2025-02-12,2025,2,00,DJF,28.571428571428438,22.84999999999991,9.100000000000023,2.5999999999999943
31004_20250212_1200_12,2025-02-12 12:00:00,2025-02-12,2025,2,12,DJF,28.26086956521754,32.200000000000045,9.199999999999932,2.5999999999999943
31004_20250215_0000_00,2025-02-15 00:00:00,2025-02-15,2025,2,00,DJF,20.312500000000224,30.0,12.799999999999955,2.600000000000019
31004_20250220_1200_12,2025-02-20 12:00:00,2025-02-20,2025,2,12,DJF,23.595505617977683,26.600000000000023,17.799999999999955,4.200000000000017
31004_20250222_0000_00,2025-02-22 00:00:00,2025-02-22,2025,2,00,DJF,-37.837837837837526,195.35000000000002,3.7000000000000455,-1.4000000000000057
31004_20250302_0000_00,2025-03-02 00:00:00,2025-03-02,2025,3,00,MAM,31.1111111111112,22.399999999999977,9.0,2.800000000000008
31004_20250303_0000_00,2025-03-03 00:00:00,2025-03-03,2025,3,00,MAM,24.444444444444358,22.5,9.0,2.199999999999992
31004_20250304_1200_12,2025-03-04 12:00:00,2025-03-04,2025,3,12,MAM,20.07434944237922,31.34999999999991,26.899999999999977,5.400000000000006
31004_20250305_0000_00,2025-03-05 00:00:00,2025-03-05,2025,3,00,MAM,15.671641791044706,31.299999999999955,26.800000000000068,4.199999999999992
31004_20250306_0000_00,2025-03-06 00:00:00,2025-03-06,2025,3,00,MAM,48.71794871794773,4524.6,7.800000000000182,3.8000000000000114
31004_20250306_1200_12,2025-03-06 12:00:00,2025-03-06,2025,3,12,MAM,19.498607242339844,26.950000000000045,35.89999999999998,7.0
31004_20250309_1200_12,2025-03-09 12:00:00,2025-03-09,2025,3,12,MAM,17.391304347824505,28.450000000000045,2.300000000000068,0.3999999999999755
31004_20250311_1200_12,2025-03-11 12:00:00,2025-03-11,2025,3,12,MAM,35.555555555555465,49.39999999999998,9.0,3.199999999999992
31004_20250312_0000_00,2025-03-12 00:00:00,2025-03-12,2025,3,00,MAM,18.88888888888892,35.89999999999998,18.0,3.4000000000000057
31004_20250312_1200_12,2025-03-12 12:00:00,2025-03-12,2025,3,12,MAM,22.47191011235961,31.34999999999991,8.899999999999977,2.0
31004_20250313_0000_00,2025-03-13 00:00:00,2025-03-13,2025,3,00,MAM,16.80672268907561,35.75,35.700000000000045,6.0
31004_20250316_1200_12,2025-03-16 12:00:00,2025-03-16,2025,3,12,MAM,22.22222222222222,31.5,9.0,2.0
31004_20250327_1200_12,2025-03-27 12:00:00,2025-03-27,2025,3,12,MAM,37.36263736263702,40.549999999999955,9.100000000000023,3.3999999999999773
31004_20250328_1200_12,2025-03-28 12:00:00,2025-03-28,2025,3,12,MAM,24.44444444444432,58.60000000000002,9.0,2.1999999999999886
31004_20250329_0000_00,2025-03-29 00:00:00,2025-03-29,2025,3,00,MAM,26.66666666666673,31.600000000000023,9.0,2.4000000000000057
31004_20250329_1200_12,2025-03-29 12:00:00,2025-03-29,2025,3,12,MAM,69.56521739130335,28.450000000000045,2.300000000000068,1.6000000000000245
31004_20250404_1200_12,2025-04-04 12:00:00,2025-04-04,2025,4,12,MAM,17.67955801104964,9.049999999999955,18.100000000000023,3.1999999999999886
31004_20250408_1200_12,2025-04-08 12:00:00,2025-04-08,2025,4,12,MAM,-28.260869565217497,4.600000000000023,9.200000000000045,-2.6000000000000227
31004_20250408_1200_12,2025-04-08 12:00:00,2025-04-08,2025,4,12,MAM,41.7582417582423,13.75,9.099999999999909,3.8000000000000114
31004_20250412_1200_12,2025-04-12 12:00:00,2025-04-12,2025,4,12,MAM,20.58823529411758,31.700000000000045,27.199999999999932,5.599999999999968
31004_20250415_1200_12,2025-04-15 12:00:00,2025-04-15,2025,4,12,MAM,-17.582417582417797,4.5499999999999545,9.100000000000023,-1.6000000000000236
31004_20250415_1200_12,2025-04-15 12:00:00,2025-04-15,2025,4,12,MAM,144.0000000000009,10.350000000000023,2.5,3.6000000000000227
31004_20250501_0000_00,2025-05-01 00:00:00,2025-05-01,2025,5,00,MAM,-18.181818181818496,37.950000000000045,3.300000000000068,-0.6000000000000227
31004_20250509_1200_12,2025-05-09 12:00:00,2025-05-09,2025,5,12,MAM,-21.42857142856996,4759.6,2.800000000000182,-0.5999999999999979
31004_20250518_0000_00,2025-05-18 00:00:00,2025-05-18,2025,5,00,MAM,-17.8571428571446,4658.1,5.599999999999454,-1.0
31004_20250519_1200_12,2025-05-19 12:00:00,2025-05-19,2025,5,12,MAM,55.99999999999916,2154.15,2.5,1.399999999999979
31004_20250521_1200_12,2025-05-21 12:00:00,2025-05-21,2025,5,12,MAM,114.2857142857451,4881.450000000001,0.6999999999998181,0.8000000000000078
31004_20250607_1200_12,2025-06-07 12:00:00,2025-06-07,2025,6,12,JJA,22.222222222225028,2289.8500000000004,0.900000000000091,0.20000000000004547
31004_20250610_1200_12,2025-06-10 12:00:00,2025-06-10,2025,6,12,JJA,35.294117647058826,13.350000000000023,8.5,3.0
31004_20250910_1200_12,2025-09-10 12:00:00,2025-09-10,2025,9,12,SON,18.803418803418726,38.90000000000009,23.399999999999977,4.399999999999977
31004_20250914_1200_12,2025-09-14 12:00:00,2025-09-14,2025,9,12,SON,19.298245614035025,23.90000000000009,11.399999999999977,2.1999999999999886
31004_20250916_0000_00,2025-09-16 00:00:00,2025-09-16,2025,9,00,SON,-18.918918918919587,4747.2,7.399999999999636,-1.3999999999999808
31004_20250924_1200_12,2025-09-24 12:00:00,2025-09-24,2025,9,12,SON,20.879120879121018,27.200000000000045,18.199999999999932,3.8000000000000114
31004_20250928_1200_12,2025-09-28 12:00:00,2025-09-28,2025,9,12,SON,-28.571428571424963,2217.6000000000004,1.400000000000091,-0.3999999999999755
31004_20251001_0000_00,2025-10-01 00:00:00,2025-10-01,2025,10,00,SON,16.54135338345855,3878.9500000000007,13.300000000000182,2.200000000000017
31004_20251010_1200_12,2025-10-10 12:00:00,2025-10-10,2025,10,12,SON,21.348314606741564,26.799999999999955,17.800000000000068,3.800000000000013
31004_20251014_1200_12,2025-10-14 12:00:00,2025-10-14,2025,10,12,SON,27.184466019417073,1489.35,10.300000000000182,2.800000000000008
31004_20251016_1200_12,2025-10-16 12:00:00,2025-10-16,2025,10,12,SON,19.417475728155015,1503.15,10.300000000000182,2.0000000000000018
31004_20251017_0000_00,2025-10-17 00:00:00,2025-10-17,2025,10,00,SON,333.33333333364595,2319.55,0.29999999999972715,1.0000000000000284
31004_20251021_1200_12,2025-10-21 12:00:00,2025-10-21,2025,10,12,SON,19.35483870967872,2320.95,3.099999999999909,0.6000000000000227
31004_20251027_1200_12,2025-10-27 12:00:00,2025-10-27,2025,10,12,SON,43.95604395604414,31.549999999999955,9.100000000000023,4.000000000000027
31004_20251104_0000_00,2025-11-04 00:00:00,2025-11-04,2025,11,00,SON,15.384615384615419,52.549999999999955,3.8999999999999773,0.5999999999999979
31004_20251109_1200_12,2025-11-09 12:00:00,2025-11-09,2025,11,12,SON,-47.05882352941747,2089.15,1.699999999999818,-0.8000000000000114
31004_20251111_0000_00,2025-11-11 00:00:00,2025-11-11,2025,11,00,SON,15.384615384615326,31.75,9.099999999999909,1.3999999999999808
31004_20251111_0000_00,2025-11-11 00:00:00,2025-11-11,2025,11,00,SON,22.22222222222228,44.39999999999998,16.200000000000045,3.600000000000019
31004_20251113_0000_00,2025-11-13 00:00:00,2025-11-13,2025,11,00,SON,19.889502762430666,4509.75,18.100000000000364,3.6000000000000227
31004_20251114_0000_00,2025-11-14 00:00:00,2025-11-14,2025,11,00,SON,15.486725663716799,40.60000000000002,45.200000000000045,7.0
31004_20251114_1200_12,2025-11-14 12:00:00,2025-11-14,2025,11,12,SON,21.111111111111036,36.0,18.0,3.7999999999999865
31004_20251114_1200_12,2025-11-14 12:00:00,2025-11-14,2025,11,12,SON,19.889502762430883,54.049999999999955,18.100000000000023,3.5999999999999943
31004_20251115_0000_00,2025-11-15 00:00:00,2025-11-15,2025,11,00,SON,23.703703703703724,40.39999999999998,27.0,6.400000000000006
31004_20251115_1200_12,2025-11-15 12:00:00,2025-11-15,2025,11,12,SON,16.417910447761173,40.200000000000045,26.800000000000068,4.400000000000006
31004_20251121_0000_00,2025-11-21 00:00:00,2025-11-21,2025,11,00,SON,50.0,2041.3000000000002,2.0,1.0
31004_20251127_1200_12,2025-11-27 12:00:00,2025-11-27,2025,11,12,SON,15.331010452961698,35.299999999999955,57.39999999999998,8.800000000000011
31004_20251128_0000_00,2025-11-28 00:00:00,2025-11-28,2025,11,00,SON,21.9780219780222,41.25,9.099999999999909,2.0
31004_20251128_1200_12,2025-11-28 12:00:00,2025-11-28,2025,11,12,SON,19.780219780219856,22.84999999999991,9.100000000000023,1.8000000000000114
31004_20251129_0000_00,2025-11-29 00:00:00,2025-11-29,2025,11,00,SON,40.0,639.8,5.0,2.0
31004_20251201_0000_00,2025-12-01 00:00:00,2025-12-01,2025,12,00,DJF,35.05154639175329,840.25,9.699999999999818,3.4000000000000057
31004_20251203_0000_00,2025-12-03 00:00:00,2025-12-03,2025,12,00,DJF,-33.33333333333396,697.2,3.599999999999909,-1.1999999999999922
31004_20251203_1200_12,2025-12-03 12:00:00,2025-12-03,2025,12,12,DJF,133.33333333330492,36.450000000000045,0.3000000000000682,0.4000000000000057
31004_20251204_0000_00,2025-12-04 00:00:00,2025-12-04,2025,12,00,DJF,28.8288288288304,4446.15,11.099999999999454,3.200000000000017
31004_20251209_0000_00,2025-12-09 00:00:00,2025-12-09,2025,12,00,DJF,24.44444444444432,4.5,9.0,2.1999999999999886
31004_20251209_1200_12,2025-12-09 12:00:00,2025-12-09,2025,12,12,DJF,-17.777777777777715,4.5,9.0,-1.5999999999999943
31004_20251211_1200_12,2025-12-11 12:00:00,2025-12-11,2025,12,12,DJF,-17.777777777777754,4.5,9.0,-1.5999999999999979
31004_20251211_1200_12,2025-12-11 12:00:00,2025-12-11,2025,12,12,DJF,16.483516483516443,18.100000000000023,18.200000000000045,3.0
31004_20251212_1200_12,2025-12-12 12:00:00,2025-12-12,2025,12,12,DJF,20.40816326530764,2067.75,4.899999999999636,1.0
31004_20251213_0000_00,2025-12-13 00:00:00,2025-12-13,2025,12,00,DJF,22.222222222221596,689.0999999999999,3.6000000000001364,0.8000000000000078
31004_20251214_1200_12,2025-12-14 12:00:00,2025-12-14,2025,12,12,DJF,17.777777777777715,4.5,9.0,1.5999999999999943
31004_20251215_0000_00,2025-12-15 00:00:00,2025-12-15,2025,12,00,DJF,38.26086956521744,4326.25,11.5,4.400000000000006
31004_20251215_1200_12,2025-12-15 12:00:00,2025-12-15,2025,12,12,DJF,19.99999999999981,31.399999999999977,9.0,1.799999999999983
31004_20251216_0000_00,2025-12-16 00:00:00,2025-12-16,2025,12,00,DJF,20.224719101123455,13.450000000000045,8.899999999999977,1.799999999999983
31004_20251216_0000_00,2025-12-16 00:00:00,2025-12-16,2025,12,00,DJF,15.000000000000016,35.89999999999998,36.0,5.400000000000006
31004_20251216_1200_12,2025-12-16 12:00:00,2025-12-16,2025,12,12,DJF,20.07434944237922,13.450000000000045,26.899999999999977,5.400000000000006
31004_20251217_0000_00,2025-12-17 00:00:00,2025-12-17,2025,12,00,DJF,26.66666666666673,4.5,9.0,2.4000000000000057
31004_20251218_0000_00,2025-12-18 00:00:00,2025-12-18,2025,12,00,DJF,22.656249999999925,12.799999999999955,25.600000000000023,5.7999999999999865
31004_20251218_0000_00,2025-12-18 00:00:00,2025-12-18,2025,12,00,DJF,-18.421052631579197,643.2,7.599999999999909,-1.4000000000000021
31004_20251218_1200_12,2025-12-18 12:00:00,2025-12-18,2025,12,12,DJF,-41.75824175824178,13.650000000000091,9.100000000000023,-3.8000000000000114
31004_20251218_1200_12,2025-12-18 12:00:00,2025-12-18,2025,12,12,DJF,30.35714285714294,29.40000000000009,22.399999999999977,6.800000000000011
31004_20251220_0000_00,2025-12-20 00:00:00,2025-12-20,2025,12,00,DJF,-19.99999999999981,4.5,9.0,-1.799999999999983
31004_20251222_0000_00,2025-12-22 00:00:00,2025-12-22,2025,12,00,DJF,28.30188679245277,5.2999999999999545,10.600000000000023,3.0
31004_20251222_0000_00,2025-12-22 00:00:00,2025-12-22,2025,12,00,DJF,-15.929203539822852,4349.3,22.600000000000364,-3.6000000000000227
31004_20251225_1200_12,2025-12-25 12:00:00,2025-12-25,2025,12,12,DJF,20.224719101123455,4.4500000000000455,8.899999999999977,1.799999999999983
31004_20251226_0000_00,2025-12-26 00:00:00,2025-12-26,2025,12,00,DJF,17.164179104477583,26.799999999999955,53.60000000000002,9.199999999999989
31004_20251226_0000_00,2025-12-26 00:00:00,2025-12-26,2025,12,00,DJF,-133.33333333333545,54.049999999999955,0.8999999999999773,-1.1999999999999886
31004_20251226_1200_12,2025-12-26 12:00:00,2025-12-26,2025,12,12,DJF,32.55813953488344,4.2999999999999545,8.600000000000023,2.799999999999983
31004_20251227_1200_12,2025-12-27 12:00:00,2025-12-27,2025,12,12,DJF,19.565217391304618,13.799999999999955,9.199999999999932,1.8000000000000114
31004_20251228_1200_12,2025-12-28 12:00:00,2025-12-28,2025,12,12,DJF,15.38461538461537,4.5499999999999545,9.100000000000023,1.4000000000000021
31004_20251230_0000_00,2025-12-30 00:00:00,2025-12-30,2025,12,00,DJF,77.2727272727258,742.2,4.400000000000091,3.4000000000000057
31004_20260111_0000_00,2026-01-11 00:00:00,2026-01-11,2026,1,00,DJF,15.249266862170128,37.65000000000009,34.10000000000002,5.200000000000017
31004_20260114_1200_12,2026-01-14 12:00:00,2026-01-14,2026,1,12,DJF,-5800.000000005287,680.45,0.09999999999990905,-5.800000000000011
31004_20260115_0000_00,2026-01-15 00:00:00,2026-01-15,2026,1,00,DJF,-23.478260869565243,722.9000000000001,23.0,-5.400000000000006
31004_20260115_1200_12,2026-01-15 12:00:00,2026-01-15,2026,1,12,DJF,-15.028901734104053,760.9499999999998,17.299999999999955,-2.5999999999999943
31004_20260116_1200_12,2026-01-16 12:00:00,2026-01-16,2026,1,12,DJF,41.988950276243415,748.25,18.09999999999991,7.600000000000019
31004_20260120_0000_00,2026-01-20 00:00:00,2026-01-20,2026,1,00,DJF,-85.71428571428997,2238.3500000000004,2.099999999999909,-1.8000000000000114
31004_20260130_0000_00,2026-01-30 00:00:00,2026-01-30,2026,1,00,DJF,26.75159235668775,195.64999999999998,15.700000000000045,4.199999999999989
31004_20260205_1200_12,2026-02-05 12:00:00,2026-02-05,2026,2,12,DJF,97.43589743590114,767.3499999999999,3.8999999999998636,3.8000000000000114
31004_20260206_0000_00,2026-02-06 00:00:00,2026-02-06,2026,2,00,DJF,20.111731843575285,26.75,17.90000000000009,3.5999999999999943
31004_20260207_0000_00,2026-02-07 00:00:00,2026-02-07,2026,2,00,DJF,-32.25806451612998,2107.95,3.099999999999909,-1.0
31004_20260212_1200_12,2026-02-12 12:00:00,2026-02-12,2026,2,12,DJF,-17.687074829932154,4726.450000000001,14.699999999999818,-2.5999999999999943
31004_20260213_0000_00,2026-02-13 00:00:00,2026-02-13,2026,2,00,DJF,20.54794520547942,7.2999999999999545,14.600000000000023,3.0
31004_20260213_1200_12,2026-02-13 12:00:00,2026-02-13,2026,2,12,DJF,18.133333333333297,36.85000000000002,37.5,6.7999999999999865
31004_20260214_0000_00,2026-02-14 00:00:00,2026-02-14,2026,2,00,DJF,-91.42857142857191,4559.05,3.5,-3.200000000000017
31004_20260218_1200_12,2026-02-18 12:00:00,2026-02-18,2026,2,12,DJF,19.20903954802283,4329.35,17.699999999999818,3.4000000000000057
31004_20260221_0000_00,2026-02-21 00:00:00,2026-02-21,2026,2,00,DJF,-117.9487179487013,4378.65,3.9000000000005457,-4.599999999999994
31004_20260302_1200_12,2026-03-02 12:00:00,2026-03-02,2026,3,12,MAM,19.154929577464742,17.75,35.5,6.799999999999983
31004_20260303_0000_00,2026-03-03 00:00:00,2026-03-03,2026,3,00,MAM,19.354838709677164,4595.450000000001,9.300000000000182,1.8000000000000114
31004_20260305_0000_00,2026-03-05 00:00:00,2026-03-05,2026,3,00,MAM,22.22222222222222,40.39999999999998,9.0,2.0
31004_20260306_0000_00,2026-03-06 00:00:00,2026-03-06,2026,3,00,MAM,24.44444444444432,58.299999999999955,9.0,2.1999999999999886
31004_20260306_1200_12,2026-03-06 12:00:00,2026-03-06,2026,3,12,MAM,17.777777777777864,27.0,18.0,3.2000000000000153
31004_20260307_0000_00,2026-03-07 00:00:00,2026-03-07,2026,3,00,MAM,-96.55172413791227,4569.35,2.9000000000005457,-2.799999999999983
31004_20260309_0000_00,2026-03-09 00:00:00,2026-03-09,2026,3,00,MAM,15.000000000000016,35.89999999999998,36.0,5.400000000000006
31004_20260309_1200_12,2026-03-09 12:00:00,2026-03-09,2026,3,12,MAM,16.888888888888822,22.5,45.0,7.5999999999999694
31004_20260310_0000_00,2026-03-10 00:00:00,2026-03-10,2026,3,00,MAM,17.037037037036924,13.5,27.0,4.5999999999999694
31004_20260314_0000_00,2026-03-14 00:00:00,2026-03-14,2026,3,00,MAM,-323.076923076877,4590.15,1.300000000000182,-4.199999999999989
31004_20260319_1200_12,2026-03-19 12:00:00,2026-03-19,2026,3,12,MAM,19.88950276243102,9.049999999999955,18.100000000000023,3.600000000000019
31004_20260327_0000_00,2026-03-27 00:00:00,2026-03-27,2026,3,00,MAM,-19.565217391304376,644.8000000000002,9.200000000000045,-1.8000000000000114
31004_20260328_1200_12,2026-03-28 12:00:00,2026-03-28,2026,3,12,MAM,-118.1818181818277,4579.700000000001,2.199999999999818,-2.5999999999999943
31004_20260401_1200_12,2026-04-01 12:00:00,2026-04-01,2026,4,12,MAM,-22.22222222222252,4514.85,11.699999999999818,-2.5999999999999943
31004_20260405_1200_12,2026-04-05 12:00:00,2026-04-05,2026,4,12,MAM,-22.22222222222167,2198.25,6.300000000000182,-1.4000000000000057
31004_20260407_0000_00,2026-04-07 00:00:00,2026-04-07,2026,4,00,MAM,-17.449664429530756,4718.55,14.899999999999636,-2.600000000000019
31004_20260423_0000_00,2026-04-23 00:00:00,2026-04-23,2026,4,00,MAM,200.0,2223.05,0.5,1.0
31004_20260423_1200_12,2026-04-23 12:00:00,2026-04-23,2026,4,12,MAM,-21.568627450980664,4715.799999999999,10.199999999999818,-2.1999999999999886
31004_20260430_0000_00,2026-04-30 00:00:00,2026-04-30,2026,4,00,MAM,-249.99999999994316,2191.2,0.40000000000009095,-1.0
31004_20260507_0000_00,2026-05-07 00:00:00,2026-05-07,2026,5,00,MAM,-133.33333333324492,740.25,0.3000000000001819,-0.39999999999997726
31004_20260515_1200_12,2026-05-15 12:00:00,2026-05-15,2026,5,12,MAM,66.66666666665539,4741.95,2.100000000000364,1.4000000000000057
31004_20260527_0000_00,2026-05-27 00:00:00,2026-05-27,2026,5,00,MAM,26.66666666666539,2251.55,1.5,0.3999999999999808
31004_20260621_1200_12,2026-06-21 12:00:00,2026-06-21,2026,6,12,JJA,-17.543859649123366,2450.25,5.699999999999818,-1.0
31004_20260714_1200_12,2026-07-14 12:00:00,2026-07-14,2026,7,12,JJA,-17.391304347825592,4.600000000000023,9.200000000000045,-1.5999999999999623
